--------- beginning of main
03-21 20:44:37.323   625  2778 W libperfmgr: Failed to write to node: /dev/stune/top-app/schedtune.boost with value: 10, fd: -1
03-21 20:44:37.323   625  2778 W libperfmgr: Failed to write to node: /proc/sys/kernel/sched_boost with value: 0, fd: -1
03-21 20:44:37.823   625  2778 W libperfmgr: Failed to write to node: /dev/stune/top-app/schedtune.boost with value: 10, fd: -1
03-21 20:44:37.823   625  2778 W libperfmgr: Failed to write to node: /proc/sys/kernel/sched_boost with value: 0, fd: -1
03-21 20:44:38.323   625  2778 W libperfmgr: Failed to write to node: /dev/stune/top-app/schedtune.boost with value: 10, fd: -1
03-21 20:44:38.323   625  2778 W libperfmgr: Failed to write to node: /proc/sys/kernel/sched_boost with value: 0, fd: -1
03-21 20:44:38.823   625  2778 W libperfmgr: Failed to write to node: /dev/stune/top-app/schedtune.boost with value: 10, fd: -1
03-21 20:44:38.823   625  2778 W libperfmgr: Failed to write to node: /proc/sys/kernel/sched_boost with value: 0, fd: -1
03-21 20:44:38.876 24797 24797 I ReactNativeJNI: Error occurred, shutting down websocket connection: WebSocket exception unexpected end of stream on http://localhost:8081/...
03-21 20:44:39.169   844 25324 I resolv  : GetAddrInfoHandler::run: {102 102 102 983142 10399 0}
03-21 20:44:39.170   844 25325 I resolv  : res_nmkquery: (QUERY, IN, A)
03-21 20:44:39.180   844 25325 I resolv  : res_nsend: used send_dg 43 terrno: 0
03-21 20:44:39.180   844 25325 I resolv  : doQuery: rcode=0, ancount=1, return value=43
03-21 20:44:39.324   625  2778 W libperfmgr: Failed to write to node: /dev/stune/top-app/schedtune.boost with value: 10, fd: -1
03-21 20:44:39.324   625  2778 W libperfmgr: Failed to write to node: /proc/sys/kernel/sched_boost with value: 0, fd: -1
03-21 20:44:39.811   852  1094 I hwcomposer: [DRMDEV] (0) failed to waitNextVsync: -1  
03-21 20:44:39.821   852  1094 I hwcomposer: [DRMDEV] (0) failed to waitNextVsync: -1  
03-21 20:44:39.824   625  2778 W libperfmgr: Failed to write to node: /dev/stune/top-app/schedtune.boost with value: 10, fd: -1
03-21 20:44:39.824   625  2778 W libperfmgr: Failed to write to node: /proc/sys/kernel/sched_boost with value: 0, fd: -1
03-21 20:44:39.832   852  1094 I hwcomposer: [DRMDEV] (0) failed to waitNextVsync: -1  
03-21 20:44:39.832   852   992 I hwcomposer: [HWCDisplay] [Display_0 (type:1)] fps:0.229052,dur:8731.65,max:8574.49,min:157.16  
03-21 20:44:39.978   852  1054 I hwcomposer: [HWC] (0)fire a callback of refresh to SF[4]  
03-21 20:44:39.983   625  2778 W libperfmgr: Failed to write to node: /dev/stune/top-app/schedtune.boost with value: 10, fd: -1
03-21 20:44:39.983   625  2778 W libperfmgr: Failed to write to node: /proc/sys/kernel/sched_boost with value: 0, fd: -1
03-21 20:44:40.059   625  2778 W libperfmgr: Failed to write to node: /dev/stune/top-app/schedtune.boost with value: 10, fd: -1
03-21 20:44:40.059   625  2778 W libperfmgr: Failed to write to node: /proc/sys/kernel/sched_boost with value: 0, fd: -1
03-21 20:44:40.102   881  2016 I WifiHAL : feature_set=0x8488141a
03-21 20:44:40.103  1587  1927 I HalDevMgr: bestIfaceCreationProposal is null, requestIface=STA, existingIface=[name=wlan0 type=STA]
03-21 20:44:40.560   625  2778 W libperfmgr: Failed to write to node: /dev/stune/top-app/schedtune.boost with value: 10, fd: -1
03-21 20:44:40.560   625  2778 W libperfmgr: Failed to write to node: /proc/sys/kernel/sched_boost with value: 0, fd: -1
03-21 20:44:40.892 24797 24797 I ReactNativeJNI: Error occurred, shutting down websocket connection: WebSocket exception unexpected end of stream on http://localhost:8081/...
03-21 20:44:41.060   625  2778 W libperfmgr: Failed to write to node: /dev/stune/top-app/schedtune.boost with value: 10, fd: -1
03-21 20:44:41.060   625  2778 W libperfmgr: Failed to write to node: /proc/sys/kernel/sched_boost with value: 0, fd: -1
03-21 20:44:41.193   844 25326 I resolv  : GetAddrInfoHandler::run: {102 102 102 983142 10399 0}
03-21 20:44:41.194   844 25327 I resolv  : res_nmkquery: (QUERY, IN, A)
03-21 20:44:41.201   844 25327 I resolv  : res_nsend: used send_dg 43 terrno: 0
03-21 20:44:41.201   844 25327 I resolv  : doQuery: rcode=0, ancount=1, return value=43
03-21 20:44:41.329 25328 25328 W libbinder.BackendUnifiedServiceManager: Thread Pool max thread count is 0. Cannot cache binder as linkToDeath cannot be implemented. serviceName: deviceidle
03-21 20:44:41.356 25330 25330 W libbinder.BackendUnifiedServiceManager: Thread Pool max thread count is 0. Cannot cache binder as linkToDeath cannot be implemented. serviceName: battery
03-21 20:44:41.373 25332 25332 W libbinder.BackendUnifiedServiceManager: Thread Pool max thread count is 0. Cannot cache binder as linkToDeath cannot be implemented. serviceName: deviceidle
03-21 20:44:41.403 25335 25335 W libbinder.BackendUnifiedServiceManager: Thread Pool max thread count is 0. Cannot cache binder as linkToDeath cannot be implemented. serviceName: activity
03-21 20:44:41.457 25344 25344 W libbinder.BackendUnifiedServiceManager: Thread Pool max thread count is 0. Cannot cache binder as linkToDeath cannot be implemented. serviceName: battery
03-21 20:44:41.560   625  2778 W libperfmgr: Failed to write to node: /dev/stune/top-app/schedtune.boost with value: 10, fd: -1
03-21 20:44:41.560   625  2778 W libperfmgr: Failed to write to node: /proc/sys/kernel/sched_boost with value: 0, fd: -1
--------- beginning of system
03-21 20:44:41.807  1587  2667 W ActivityTaskManager: callingPackage for (uid=2000, pid=25355) has no WPC
03-21 20:44:41.815   852  1094 I hwcomposer: [DRMDEV] (0) failed to waitNextVsync: -1  
03-21 20:44:41.815  1587  2667 I ActivityTaskManager: START u0 {flg=0x10000000 xflg=0x5 cmp=com.rnat/.MainActivity} with LAUNCH_SINGLE_TASK from uid 2000 (com.android.shell) (BAL_ALLOW_PERMISSION) result code=3
03-21 20:44:41.819   877   877 I Accelerometer: batch: handle:0, flag:0,samplingPeriodNs:80000000 maxBatchReportLatencyNs:2000000000
03-21 20:44:41.821   852  1094 I hwcomposer: [DRMDEV] (0) failed to waitNextVsync: -1  
03-21 20:44:41.832   852  1094 I hwcomposer: [DRMDEV] (0) failed to waitNextVsync: -1  
03-21 20:44:41.838   625  2778 W libperfmgr: Failed to write to node: /dev/stune/top-app/schedtune.boost with value: 50, fd: -1
03-21 20:44:41.838   625  2778 W libperfmgr: Failed to write to node: /proc/sys/kernel/sched_boost with value: 2, fd: -1
03-21 20:44:41.838 24797 24797 W unknown:ReactInstanceManager: Instance detached from instance manager
03-21 20:44:41.840   877   877 I Accelerometer: batch: handle:0, flag:0,samplingPeriodNs:66667000 maxBatchReportLatencyNs:0
03-21 20:44:41.840   852   992 I hwcomposer: [HWCDisplay] [Display_0 (type:1)] fps:0.995849,dur:2008.34,max:1852.32,min:156.02  
03-21 20:44:41.841   877   877 I Accelerometer: flush, flushCnt:1
03-21 20:44:41.844   877   924 I Accelerometer: flush complete, flushCnt:0
03-21 20:44:41.849   914   988 E surfaceflinger: == MALI DEBUG ===eglp_winsys_populate_image_templates ==12288
03-21 20:44:41.855 24797 25358 W unknown:ReconnectingWebSocket: Couldn't connect to "ws://localhost:8081/message?device=23030RAC7Y%20-%2016%20-%20API%2036&app=com.rnat&clientid=BridgeDevSupportManager", will silently retry
03-21 20:44:41.857  1587  1910 I ImeTracker: com.rnat:d2acc10c: onRequestHide at ORIGIN_SERVER reason HIDE_UNSPECIFIED_WINDOW fromUser false
03-21 20:44:41.858 24797 24797 I ImeTracker: com.rnat:d2acc10c: onCancelled at PHASE_CLIENT_ALREADY_HIDDEN
03-21 20:44:41.858  3073  3073 I GoogleInputMethodService: GoogleInputMethodService.onFinishInput():2114 
03-21 20:44:41.859  3073  3073 I Module  : DeviceLockedStatusModuleProvider$Module.updateDeviceLockedStatus():103 repeatCheckTimes = 0, locked = false
03-21 20:44:41.859  1587  2667 I ImeTracker: system_server:aaeb17f9: onRequestHide at ORIGIN_SERVER reason IME_REQUESTED_CHANGED_LISTENER fromUser false
03-21 20:44:41.860  3073  3073 I GoogleInputMethodService: GoogleInputMethodService.onStartInput():1385 onStartInput(EditorInfo{EditorInfo{packageName=com.rnat, inputType=0, inputTypeString=NULL, enableLearning=false, autoCorrection=false, autoComplete=false, imeOptions=0, privateImeOptions=null, actionName=UNSPECIFIED, actionLabel=null, initialSelStart=-1, initialSelEnd=-1, initialCapsMode=0, label=null, fieldId=0, fieldName=null, extras=null, hintText=null, hintLocales=[]}}, false)
03-21 20:44:41.860  3073  3073 I AndroidIME: LatinIMEBase.updateInputViewCoverNavigation():314 Update input view padding, extendsTouchBelowSpace=true, bottom inset=126
03-21 20:44:41.860  1587  1655 I ImeTracker: system_server:aaeb17f9: onCancelled at PHASE_SERVER_SHOULD_HIDE
03-21 20:44:41.861  3073  3073 I Module  : DeviceLockedStatusModuleProvider$Module.updateDeviceLockedStatus():103 repeatCheckTimes = 1, locked = false
03-21 20:44:41.861  1587  2667 W PackageConfigPersister: App-specific configuration not found for packageName: com.rnat and userId: 0
03-21 20:44:41.874   852  1055 W hwcomposer: [DRMDEV] paramIsSame(), id 1034, w 1080/1080, h 2400/2400, pitch 1088/1088, format 0x2/0x1, secure 0/0  
03-21 20:44:41.988   625  2778 W libperfmgr: Failed to write to node: /dev/stune/top-app/schedtune.boost with value: 10, fd: -1
03-21 20:44:41.988   625  2778 W libperfmgr: Failed to write to node: /proc/sys/kernel/sched_boost with value: 0, fd: -1
03-21 20:44:41.990   852  1054 I hwcomposer: [HWC] (0)fire a callback of refresh to SF[4]  
03-21 20:44:42.005   625  2778 W libperfmgr: Failed to write to node: /dev/stune/top-app/schedtune.boost with value: 10, fd: -1
03-21 20:44:42.005   625  2778 W libperfmgr: Failed to write to node: /proc/sys/kernel/sched_boost with value: 0, fd: -1
03-21 20:44:42.071   625  2778 W libperfmgr: Failed to write to node: /dev/stune/top-app/schedtune.boost with value: 10, fd: -1
03-21 20:44:42.071   625  2778 W libperfmgr: Failed to write to node: /proc/sys/kernel/sched_boost with value: 0, fd: -1
03-21 20:44:42.572   625  2778 W libperfmgr: Failed to write to node: /dev/stune/top-app/schedtune.boost with value: 10, fd: -1
03-21 20:44:42.572   625  2778 W libperfmgr: Failed to write to node: /proc/sys/kernel/sched_boost with value: 0, fd: -1
03-21 20:44:42.903 24797 24797 I ReactNativeJNI: Error occurred, shutting down websocket connection: WebSocket exception unexpected end of stream on http://localhost:8081/...
03-21 20:44:43.072   625  2778 W libperfmgr: Failed to write to node: /dev/stune/top-app/schedtune.boost with value: 10, fd: -1
03-21 20:44:43.072   625  2778 W libperfmgr: Failed to write to node: /proc/sys/kernel/sched_boost with value: 0, fd: -1
03-21 20:44:43.117   844   878 I netd    : networkAddUidRangesParcel(NativeUidRangeConfig{netId: 102, uidRanges: [UidRangeParcel{start: 0, stop: 2147483647}], subPriority: 998}) <0.43ms>
03-21 20:44:43.117   881  2016 I WifiHAL : feature_set=0x8488141a
03-21 20:44:43.117   844   878 I netd    : networkRemoveUidRangesParcel(NativeUidRangeConfig{netId: 102, uidRanges: [UidRangeParcel{start: 0, stop: 2147483647}], subPriority: 998}) <0.36ms>
03-21 20:44:43.119  1587  1927 I HalDevMgr: bestIfaceCreationProposal is null, requestIface=STA, existingIface=[name=wlan0 type=STA]
03-21 20:44:43.127   852  1094 I hwcomposer: [DRMDEV] (0) failed to waitNextVsync: -1  
03-21 20:44:43.132   852  1094 I hwcomposer: [DRMDEV] (0) failed to waitNextVsync: -1  
03-21 20:44:43.143  2458  8905 I NullBinder: NullBinder for android.net.action.RECOMMEND_NETWORKS triggering remote TransactionTooLargeException due to Service without Chimera impl, calling uid: 1000, calling pid: 0
03-21 20:44:43.143  2458  8905 W libbinder.Binder: Large reply transaction of 1056768 bytes, interface descriptor , code 1, flags 17
03-21 20:44:43.143   852  1094 I hwcomposer: [DRMDEV] (0) failed to waitNextVsync: -1  
03-21 20:44:43.151   852   992 I hwcomposer: [HWCDisplay] [Display_0 (type:1)] fps:6.867653,dur:1310.49,max:1141.19,min:11.04  
03-21 20:44:43.290   852  1054 I hwcomposer: [HWC] (0)fire a callback of refresh to SF[4]  
03-21 20:44:43.304   625  2778 W libperfmgr: Failed to write to node: /dev/stune/top-app/schedtune.boost with value: 10, fd: -1
03-21 20:44:43.304   625  2778 W libperfmgr: Failed to write to node: /proc/sys/kernel/sched_boost with value: 0, fd: -1
03-21 20:44:43.371   625  2778 W libperfmgr: Failed to write to node: /dev/stune/top-app/schedtune.boost with value: 10, fd: -1
03-21 20:44:43.371   625  2778 W libperfmgr: Failed to write to node: /proc/sys/kernel/sched_boost with value: 0, fd: -1
03-21 20:44:43.631  2458 24325 I NearbySharing: Network state changed: NetworkState(isRestricted=false, isOnline=true, isCongested=false, isMetered=false, isWifiConnected=true)
03-21 20:44:43.860   844 25359 I resolv  : GetAddrInfoHandler::run: {102 102 102 983142 10399 0}
03-21 20:44:43.862   844 25360 I resolv  : res_nmkquery: (QUERY, IN, A)
03-21 20:44:43.871   625  2778 W libperfmgr: Failed to write to node: /dev/stune/top-app/schedtune.boost with value: 10, fd: -1
03-21 20:44:43.872   625  2778 W libperfmgr: Failed to write to node: /proc/sys/kernel/sched_boost with value: 0, fd: -1
03-21 20:44:43.909   844 25360 I resolv  : res_nsend: used send_dg 43 terrno: 0
03-21 20:44:43.909   844 25360 I resolv  : doQuery: rcode=0, ancount=1, return value=43
03-21 20:44:44.372   625  2778 W libperfmgr: Failed to write to node: /dev/stune/top-app/schedtune.boost with value: 10, fd: -1
03-21 20:44:44.372   625  2778 W libperfmgr: Failed to write to node: /proc/sys/kernel/sched_boost with value: 0, fd: -1
03-21 20:44:44.872   625  2778 W libperfmgr: Failed to write to node: /dev/stune/top-app/schedtune.boost with value: 10, fd: -1
03-21 20:44:44.872   625  2778 W libperfmgr: Failed to write to node: /proc/sys/kernel/sched_boost with value: 0, fd: -1
03-21 20:44:44.913 24797 24797 I ReactNativeJNI: Error occurred, shutting down websocket connection: WebSocket exception unexpected end of stream on http://localhost:8081/...
03-21 20:44:45.372   625  2778 W libperfmgr: Failed to write to node: /dev/stune/top-app/schedtune.boost with value: 10, fd: -1
03-21 20:44:45.372   625  2778 W libperfmgr: Failed to write to node: /proc/sys/kernel/sched_boost with value: 0, fd: -1
03-21 20:44:45.873   625  2778 W libperfmgr: Failed to write to node: /dev/stune/top-app/schedtune.boost with value: 10, fd: -1
03-21 20:44:45.873   625  2778 W libperfmgr: Failed to write to node: /proc/sys/kernel/sched_boost with value: 0, fd: -1
03-21 20:44:45.919   844 25361 I resolv  : GetAddrInfoHandler::run: {102 102 102 983142 10399 0}
03-21 20:44:45.920   844 25362 I resolv  : res_nmkquery: (QUERY, IN, A)
03-21 20:44:45.964   844 25362 I resolv  : res_nsend: used send_dg 43 terrno: 0
03-21 20:44:45.964   844 25362 I resolv  : doQuery: rcode=0, ancount=1, return value=43
03-21 20:44:46.126   881  2016 I WifiHAL : feature_set=0x8488141a
03-21 20:44:46.127  1587  1927 I HalDevMgr: bestIfaceCreationProposal is null, requestIface=STA, existingIface=[name=wlan0 type=STA]
03-21 20:44:46.373   625  2778 W libperfmgr: Failed to write to node: /dev/stune/top-app/schedtune.boost with value: 10, fd: -1
03-21 20:44:46.373   625  2778 W libperfmgr: Failed to write to node: /proc/sys/kernel/sched_boost with value: 0, fd: -1
03-21 20:44:46.873   625  2778 W libperfmgr: Failed to write to node: /dev/stune/top-app/schedtune.boost with value: 10, fd: -1
03-21 20:44:46.873   625  2778 W libperfmgr: Failed to write to node: /proc/sys/kernel/sched_boost with value: 0, fd: -1
03-21 20:44:46.924 24797 24797 I ReactNativeJNI: Error occurred, shutting down websocket connection: WebSocket exception unexpected end of stream on http://localhost:8081/...
03-21 20:44:47.314   852  1094 I hwcomposer: [DRMDEV] (0) failed to waitNextVsync: -1  
03-21 20:44:47.321   852  1094 I hwcomposer: [DRMDEV] (0) failed to waitNextVsync: -1  
03-21 20:44:47.332   852  1094 I hwcomposer: [DRMDEV] (0) failed to waitNextVsync: -1  
03-21 20:44:47.339   852   992 I hwcomposer: [HWCDisplay] [Display_0 (type:1)] fps:0.477497,dur:4188.51,max:4030.21,min:158.30  
03-21 20:44:47.373   625  2778 W libperfmgr: Failed to write to node: /dev/stune/top-app/schedtune.boost with value: 10, fd: -1
03-21 20:44:47.373   625  2778 W libperfmgr: Failed to write to node: /proc/sys/kernel/sched_boost with value: 0, fd: -1
03-21 20:44:47.474   852  1054 I hwcomposer: [HWC] (0)fire a callback of refresh to SF[4]  
03-21 20:44:47.480   625  2778 W libperfmgr: Failed to write to node: /dev/stune/top-app/schedtune.boost with value: 10, fd: -1
03-21 20:44:47.480   625  2778 W libperfmgr: Failed to write to node: /proc/sys/kernel/sched_boost with value: 0, fd: -1
03-21 20:44:47.555   625  2778 W libperfmgr: Failed to write to node: /dev/stune/top-app/schedtune.boost with value: 10, fd: -1
03-21 20:44:47.555   625  2778 W libperfmgr: Failed to write to node: /proc/sys/kernel/sched_boost with value: 0, fd: -1
03-21 20:44:47.673 25363 25363 W libbinder.BackendUnifiedServiceManager: Thread Pool max thread count is 0. Cannot cache binder as linkToDeath cannot be implemented. serviceName: deviceidle
03-21 20:44:47.701 25365 25365 W libbinder.BackendUnifiedServiceManager: Thread Pool max thread count is 0. Cannot cache binder as linkToDeath cannot be implemented. serviceName: battery
03-21 20:44:47.719 25367 25367 W libbinder.BackendUnifiedServiceManager: Thread Pool max thread count is 0. Cannot cache binder as linkToDeath cannot be implemented. serviceName: deviceidle
03-21 20:44:47.750 25370 25370 W libbinder.BackendUnifiedServiceManager: Thread Pool max thread count is 0. Cannot cache binder as linkToDeath cannot be implemented. serviceName: activity
03-21 20:44:47.808 25379 25379 W libbinder.BackendUnifiedServiceManager: Thread Pool max thread count is 0. Cannot cache binder as linkToDeath cannot be implemented. serviceName: battery
03-21 20:44:47.975   844 25388 I resolv  : GetAddrInfoHandler::run: {102 102 102 983142 10399 0}
03-21 20:44:47.976   844 25389 I resolv  : res_nmkquery: (QUERY, IN, A)
03-21 20:44:47.984   844 25389 I resolv  : res_nsend: used send_dg 43 terrno: 0
03-21 20:44:47.984   844 25389 I resolv  : doQuery: rcode=0, ancount=1, return value=43
03-21 20:44:48.056   625  2778 W libperfmgr: Failed to write to node: /dev/stune/top-app/schedtune.boost with value: 10, fd: -1
03-21 20:44:48.056   625  2778 W libperfmgr: Failed to write to node: /proc/sys/kernel/sched_boost with value: 0, fd: -1
03-21 20:44:48.556   625  2778 W libperfmgr: Failed to write to node: /dev/stune/top-app/schedtune.boost with value: 10, fd: -1
03-21 20:44:48.556   625  2778 W libperfmgr: Failed to write to node: /proc/sys/kernel/sched_boost with value: 0, fd: -1
03-21 20:44:48.934 24797 24797 I ReactNativeJNI: Error occurred, shutting down websocket connection: WebSocket exception unexpected end of stream on http://localhost:8081/...
03-21 20:44:48.953   852  1094 I hwcomposer: [DRMDEV] (0) failed to waitNextVsync: -1  
03-21 20:44:48.954  1587  1708 I DisplayPowerController[0]: BrightnessEvent: brt=8.54597E-4(5.0%), nits=3.4861262, lux=-1.0, reason=manual [ dim ], strat=FallbackBrightnessStrategy, state=ON, stateReason=DEFAULT_POLICY, policy=DIM, flags=, initBrt=1.0, rcmdBrt=NaN, preBrt=NaN, preLux=0.0, wasShortTermModelActive=false, autoBrightness=false (default), unclampedBrt=1.0, hbmMax=1.0, hbmMode=sunlight, thrmMax=1.0, rbcStrength=50, powerFactor=1.0, physDisp=Built-in Screen(local:4627039422300187648), logicalId=0, slowChange=false, rampSpeed=0.70472443
03-21 20:44:48.954   852  1094 I hwcomposer: [DRMDEV] (0) failed to waitNextVsync: -1  
03-21 20:44:49.056   625  2778 W libperfmgr: Failed to write to node: /dev/stune/top-app/schedtune.boost with value: 10, fd: -1
03-21 20:44:49.056   625  2778 W libperfmgr: Failed to write to node: /proc/sys/kernel/sched_boost with value: 0, fd: -1
03-21 20:44:49.141   881  2016 I WifiHAL : feature_set=0x8488141a
03-21 20:44:49.142  1587  1927 I HalDevMgr: bestIfaceCreationProposal is null, requestIface=STA, existingIface=[name=wlan0 type=STA]
03-21 20:44:49.556   625  2778 W libperfmgr: Failed to write to node: /dev/stune/top-app/schedtune.boost with value: 10, fd: -1
03-21 20:44:49.556   625  2778 W libperfmgr: Failed to write to node: /proc/sys/kernel/sched_boost with value: 0, fd: -1
03-21 20:44:49.994   844 25390 I resolv  : GetAddrInfoHandler::run: {102 102 102 983142 10399 0}
03-21 20:44:49.995   844 25391 I resolv  : res_nmkquery: (QUERY, IN, A)
03-21 20:44:50.057   625  2778 W libperfmgr: Failed to write to node: /dev/stune/top-app/schedtune.boost with value: 10, fd: -1
03-21 20:44:50.057   625  2778 W libperfmgr: Failed to write to node: /proc/sys/kernel/sched_boost with value: 0, fd: -1
03-21 20:44:50.076   844 25391 I resolv  : res_nsend: used send_dg 43 terrno: 0
03-21 20:44:50.076   844 25391 I resolv  : doQuery: rcode=0, ancount=1, return value=43
03-21 20:44:50.557   625  2778 W libperfmgr: Failed to write to node: /dev/stune/top-app/schedtune.boost with value: 10, fd: -1
03-21 20:44:50.557   625  2778 W libperfmgr: Failed to write to node: /proc/sys/kernel/sched_boost with value: 0, fd: -1
03-21 20:44:50.944 24797 24797 I ReactNativeJNI: Error occurred, shutting down websocket connection: WebSocket exception unexpected end of stream on http://localhost:8081/...
03-21 20:44:51.057   625  2778 W libperfmgr: Failed to write to node: /dev/stune/top-app/schedtune.boost with value: 10, fd: -1
03-21 20:44:51.057   625  2778 W libperfmgr: Failed to write to node: /proc/sys/kernel/sched_boost with value: 0, fd: -1
03-21 20:44:51.558   625  2778 W libperfmgr: Failed to write to node: /dev/stune/top-app/schedtune.boost with value: 10, fd: -1
03-21 20:44:51.558   625  2778 W libperfmgr: Failed to write to node: /proc/sys/kernel/sched_boost with value: 0, fd: -1
03-21 20:44:52.058   625  2778 W libperfmgr: Failed to write to node: /dev/stune/top-app/schedtune.boost with value: 10, fd: -1
03-21 20:44:52.058   625  2778 W libperfmgr: Failed to write to node: /proc/sys/kernel/sched_boost with value: 0, fd: -1
03-21 20:44:52.085   844 25392 I resolv  : GetAddrInfoHandler::run: {102 102 102 983142 10399 0}
03-21 20:44:52.086   844 25393 I resolv  : res_nmkquery: (QUERY, IN, A)
03-21 20:44:52.100   844 25393 I resolv  : res_nsend: used send_dg 43 terrno: 0
03-21 20:44:52.100   844 25393 I resolv  : doQuery: rcode=0, ancount=1, return value=43
03-21 20:44:52.148   881  2016 I WifiHAL : feature_set=0x8488141a
03-21 20:44:52.148  1587  1927 I HalDevMgr: bestIfaceCreationProposal is null, requestIface=STA, existingIface=[name=wlan0 type=STA]
03-21 20:44:52.558   625  2778 W libperfmgr: Failed to write to node: /dev/stune/top-app/schedtune.boost with value: 10, fd: -1
03-21 20:44:52.558   625  2778 W libperfmgr: Failed to write to node: /proc/sys/kernel/sched_boost with value: 0, fd: -1
03-21 20:44:52.955 24797 24797 I ReactNativeJNI: Error occurred, shutting down websocket connection: WebSocket exception unexpected end of stream on http://localhost:8081/...
03-21 20:44:53.058   625  2778 W libperfmgr: Failed to write to node: /dev/stune/top-app/schedtune.boost with value: 10, fd: -1
03-21 20:44:53.058   625  2778 W libperfmgr: Failed to write to node: /proc/sys/kernel/sched_boost with value: 0, fd: -1
03-21 20:44:53.559   625  2778 W libperfmgr: Failed to write to node: /dev/stune/top-app/schedtune.boost with value: 10, fd: -1
03-21 20:44:53.559   625  2778 W libperfmgr: Failed to write to node: /proc/sys/kernel/sched_boost with value: 0, fd: -1
03-21 20:44:54.026 25394 25394 W libbinder.BackendUnifiedServiceManager: Thread Pool max thread count is 0. Cannot cache binder as linkToDeath cannot be implemented. serviceName: deviceidle
03-21 20:44:54.043 25396 25396 W libbinder.BackendUnifiedServiceManager: Thread Pool max thread count is 0. Cannot cache binder as linkToDeath cannot be implemented. serviceName: battery
03-21 20:44:54.058 25398 25398 W libbinder.BackendUnifiedServiceManager: Thread Pool max thread count is 0. Cannot cache binder as linkToDeath cannot be implemented. serviceName: deviceidle
03-21 20:44:54.059   625  2778 W libperfmgr: Failed to write to node: /dev/stune/top-app/schedtune.boost with value: 10, fd: -1
03-21 20:44:54.059   625  2778 W libperfmgr: Failed to write to node: /proc/sys/kernel/sched_boost with value: 0, fd: -1
03-21 20:44:54.081 25401 25401 W libbinder.BackendUnifiedServiceManager: Thread Pool max thread count is 0. Cannot cache binder as linkToDeath cannot be implemented. serviceName: activity
03-21 20:44:54.116   844 25411 I resolv  : GetAddrInfoHandler::run: {102 102 102 983142 10399 0}
03-21 20:44:54.117   844 25412 I resolv  : res_nmkquery: (QUERY, IN, A)
03-21 20:44:54.127   844 25412 I resolv  : res_nsend: used send_dg 43 terrno: 0
03-21 20:44:54.128   844 25412 I resolv  : doQuery: rcode=0, ancount=1, return value=43
03-21 20:44:54.137 25410 25410 W libbinder.BackendUnifiedServiceManager: Thread Pool max thread count is 0. Cannot cache binder as linkToDeath cannot be implemented. serviceName: battery
03-21 20:44:54.559   625  2778 W libperfmgr: Failed to write to node: /dev/stune/top-app/schedtune.boost with value: 10, fd: -1
03-21 20:44:54.559   625  2778 W libperfmgr: Failed to write to node: /proc/sys/kernel/sched_boost with value: 0, fd: -1
03-21 20:44:54.954  1587  1708 I PowerGroup: Napping power group (groupId=0, uid=1000)...
03-21 20:44:54.954  1587  1708 I PowerGroup: dreamManagerAttemptedDozing status changed to false for group 0
03-21 20:44:54.954  1587  1708 I PowerManagerService: Nap time (uid 1000)...
03-21 20:44:54.954  1587  1708 I PowerGroup: Powering off display group due to timeout (groupId= 0, uid= 1000, millisSinceLastUserActivity=30004, lastUserActivityEvent=touch)...
03-21 20:44:54.955  1587  1708 I PowerManagerService: Going to sleep due to timeout (uid 1000, screenOffTimeout=30000, activityTimeoutWM=-1, maxDimRatio=0.20000005, maxDimDur=7000)...
03-21 20:44:54.959   852  1094 I hwcomposer: [DRMDEV] (0) failed to waitNextVsync: -1  
03-21 20:44:54.959  3073  3073 I GoogleInputMethodService: GoogleInputMethodService.onFinishInput():2114 
03-21 20:44:54.961  3073  3073 I Module  : DeviceLockedStatusModuleProvider$Module.updateDeviceLockedStatus():103 repeatCheckTimes = 0, locked = false
03-21 20:44:54.961   914   988 E surfaceflinger: == MALI DEBUG ===eglp_winsys_populate_image_templates ==12288
03-21 20:44:54.965   844   878 I netd    : tetherGetStats() -> {[]} <1.44ms>
03-21 20:44:54.965   852  1094 I hwcomposer: [DRMDEV] (0) failed to waitNextVsync: -1  
03-21 20:44:54.968 24797 24797 I ReactNativeJNI: Error occurred, shutting down websocket connection: WebSocket exception unexpected end of stream on http://localhost:8081/...
03-21 20:44:54.973  1587  1708 I DisplayPowerController[0]: BrightnessEvent: brt=1.0(100.0%), nits=700.0, lux=-1.0, reason=manual, strat=FallbackBrightnessStrategy, state=ON, stateReason=DEFAULT_POLICY, policy=OFF, flags=, initBrt=8.54597E-4, rcmdBrt=NaN, preBrt=NaN, preLux=0.0, wasShortTermModelActive=false, autoBrightness=false (default), unclampedBrt=1.0, hbmMax=1.0, hbmMode=sunlight, thrmMax=1.0, rbcStrength=50, powerFactor=1.0, physDisp=Built-in Screen(local:4627039422300187648), logicalId=0, slowChange=false, rampSpeed=0.0
03-21 20:44:54.976  1151  1151 I [GF_HAL][gf_hal]: [gf_hal_authenticate] group_id=0
03-21 20:44:54.976   852  1094 I hwcomposer: [DRMDEV] (0) failed to waitNextVsync: -1  
03-21 20:44:54.976  2034  2034 I KeyguardTransitionRepository: STARTED transition: TransitionStep(from=GONE, to=DOZING, value=0.0, transitionState=STARTED, ownerName=FromGoneTransitionInteractor(Sleep transition triggered))
03-21 20:44:54.977   579   579 I [mTEE]  :  come into the TZ_VFS_OPEN function
03-21 20:44:54.978   579   579 I [mTEE]  :  come into the TZ_VFS_OPEN function
03-21 20:44:54.979   579   579 I [mTEE]  :  come into the TZ_VFS_OPEN function
03-21 20:44:54.979   579   579 I [mTEE]  :  come into the TZ_VFS_OPEN function
03-21 20:44:54.982   852   992 I hwcomposer: [HWCDisplay] [Display_0 (type:1)] fps:0.261688,dur:7642.70,max:7496.50,min:146.21  
03-21 20:44:54.983   579   579 I [mTEE]  :  come into the TZ_VFS_OPEN function
03-21 20:44:54.984   579   579 I [mTEE]  :  come into the TZ_VFS_OPEN function
03-21 20:44:54.987   579   579 I [mTEE]  :  come into the TZ_VFS_OPEN function
03-21 20:44:54.988   579   579 I [mTEE]  :  come into the TZ_VFS_OPEN function
03-21 20:44:54.989   579   579 I [mTEE]  :  come into the TZ_VFS_OPEN function
03-21 20:44:54.990   579   579 I [mTEE]  :  come into the TZ_VFS_OPEN function
03-21 20:44:54.994   579   579 I [mTEE]  :  come into the TZ_VFS_OPEN function
03-21 20:44:54.995   579   579 I [mTEE]  :  come into the TZ_VFS_OPEN function
03-21 20:44:54.999   579   579 I [mTEE]  :  come into the TZ_VFS_OPEN function
03-21 20:44:54.999   579   579 I [mTEE]  :  come into the TZ_VFS_OPEN function
03-21 20:44:55.001   579   579 I [mTEE]  :  come into the TZ_VFS_OPEN function
03-21 20:44:55.001   579   579 I [mTEE]  :  come into the TZ_VFS_OPEN function
03-21 20:44:55.004   579   579 I [mTEE]  :  come into the TZ_VFS_OPEN function
03-21 20:44:55.005   579   579 I [mTEE]  :  come into the TZ_VFS_OPEN function
03-21 20:44:55.008   579   579 I [mTEE]  :  come into the TZ_VFS_OPEN function
03-21 20:44:55.008   579   579 I [mTEE]  :  come into the TZ_VFS_OPEN function
03-21 20:44:55.009   579   579 I [mTEE]  :  come into the TZ_VFS_OPEN function
03-21 20:44:55.009   579   579 I [mTEE]  :  come into the TZ_VFS_OPEN function
03-21 20:44:55.012   579   579 I [mTEE]  :  come into the TZ_VFS_OPEN function
03-21 20:44:55.013   579   579 I [mTEE]  :  come into the TZ_VFS_OPEN function
03-21 20:44:55.021   579   579 I [mTEE]  :  come into the TZ_VFS_OPEN function
03-21 20:44:55.022   579   579 I [mTEE]  :  come into the TZ_VFS_OPEN function
03-21 20:44:55.023   579   579 I [mTEE]  :  come into the TZ_VFS_OPEN function
03-21 20:44:55.024   579   579 I [mTEE]  :  come into the TZ_VFS_OPEN function
03-21 20:44:55.027   579   579 I [mTEE]  :  come into the TZ_VFS_OPEN function
03-21 20:44:55.028   579   579 I [mTEE]  :  come into the TZ_VFS_OPEN function
03-21 20:44:55.029   579   579 I [mTEE]  :  come into the TZ_VFS_OPEN function
03-21 20:44:55.030   579   579 I [mTEE]  :  come into the TZ_VFS_OPEN function
03-21 20:44:55.031   579   579 I [mTEE]  :  come into the TZ_VFS_OPEN function
03-21 20:44:55.031   579   579 I [mTEE]  :  come into the TZ_VFS_OPEN function
03-21 20:44:55.034   579   579 I [mTEE]  :  come into the TZ_VFS_OPEN function
03-21 20:44:55.035   579   579 I [mTEE]  :  come into the TZ_VFS_OPEN function
03-21 20:44:55.038   579   579 I [mTEE]  :  come into the TZ_VFS_OPEN function
03-21 20:44:55.039   579   579 I [mTEE]  :  come into the TZ_VFS_OPEN function
03-21 20:44:55.039   579   579 I [mTEE]  :  come into the TZ_VFS_OPEN function
03-21 20:44:55.040   579   579 I [mTEE]  :  come into the TZ_VFS_OPEN function
03-21 20:44:55.041   579   579 I [mTEE]  :  come into the TZ_VFS_OPEN function
03-21 20:44:55.041   579   579 I [mTEE]  :  come into the TZ_VFS_OPEN function
03-21 20:44:55.042   579   579 I [mTEE]  :  come into the TZ_VFS_OPEN function
03-21 20:44:55.042   579   579 I [mTEE]  :  come into the TZ_VFS_OPEN function
03-21 20:44:55.043   579   579 I [mTEE]  :  come into the TZ_VFS_OPEN function
03-21 20:44:55.044   579   579 I [mTEE]  :  come into the TZ_VFS_OPEN function
03-21 20:44:55.044   579   579 I [mTEE]  :  come into the TZ_VFS_OPEN function
03-21 20:44:55.045   579   579 I [mTEE]  :  come into the TZ_VFS_OPEN function
03-21 20:44:55.046   579   579 I [mTEE]  :  come into the TZ_VFS_OPEN function
03-21 20:44:55.046   579   579 I [mTEE]  :  come into the TZ_VFS_OPEN function
03-21 20:44:55.047   579   579 I [mTEE]  :  come into the TZ_VFS_OPEN function
03-21 20:44:55.048   579   579 I [mTEE]  :  come into the TZ_VFS_OPEN function
03-21 20:44:55.049   579   579 I [mTEE]  :  come into the TZ_VFS_OPEN function
03-21 20:44:55.050   579   579 I [mTEE]  :  come into the TZ_VFS_OPEN function
03-21 20:44:55.051   579   579 I [mTEE]  :  come into the TZ_VFS_OPEN function
03-21 20:44:55.051   579   579 I [mTEE]  :  come into the TZ_VFS_OPEN function
03-21 20:44:55.052   579   579 I [mTEE]  :  come into the TZ_VFS_OPEN function
03-21 20:44:55.053   579   579 I [mTEE]  :  come into the TZ_VFS_OPEN function
03-21 20:44:55.054   579   579 I [mTEE]  :  come into the TZ_VFS_OPEN function
03-21 20:44:55.054   579   579 I [mTEE]  :  come into the TZ_VFS_OPEN function
03-21 20:44:55.055   579   579 I [mTEE]  :  come into the TZ_VFS_OPEN function
03-21 20:44:55.056   579   579 I [mTEE]  :  come into the TZ_VFS_OPEN function
03-21 20:44:55.057   579   579 I [mTEE]  :  come into the TZ_VFS_OPEN function
03-21 20:44:55.058   579   579 I [mTEE]  :  come into the TZ_VFS_OPEN function
03-21 20:44:55.059   579   579 I [mTEE]  :  come into the TZ_VFS_OPEN function
03-21 20:44:55.059   625  2778 W libperfmgr: Failed to write to node: /dev/stune/top-app/schedtune.boost with value: 10, fd: -1
03-21 20:44:55.059   625  2778 W libperfmgr: Failed to write to node: /proc/sys/kernel/sched_boost with value: 0, fd: -1
03-21 20:44:55.060   579   579 I [mTEE]  :  come into the TZ_VFS_OPEN function
03-21 20:44:55.061   579   579 I [mTEE]  :  come into the TZ_VFS_OPEN function
03-21 20:44:55.061   579   579 I [mTEE]  :  come into the TZ_VFS_OPEN function
03-21 20:44:55.063   579   579 I [mTEE]  :  come into the TZ_VFS_OPEN function
03-21 20:44:55.064   579   579 I [mTEE]  :  come into the TZ_VFS_OPEN function
03-21 20:44:55.065   579   579 I [mTEE]  :  come into the TZ_VFS_OPEN function
03-21 20:44:55.066   579   579 I [mTEE]  :  come into the TZ_VFS_OPEN function
03-21 20:44:55.069   579   579 I [mTEE]  :  come into the TZ_VFS_OPEN function
03-21 20:44:55.070   579   579 I [mTEE]  :  come into the TZ_VFS_OPEN function
03-21 20:44:55.086   579   579 I [mTEE]  :  come into the TZ_VFS_OPEN function
03-21 20:44:55.087   579   579 I [mTEE]  :  come into the TZ_VFS_OPEN function
03-21 20:44:55.088   579   579 I [mTEE]  :  come into the TZ_VFS_OPEN function
03-21 20:44:55.089   579   579 I [mTEE]  :  come into the TZ_VFS_OPEN function
03-21 20:44:55.092   579   579 I [mTEE]  :  come into the TZ_VFS_OPEN function
03-21 20:44:55.093   579   579 I [mTEE]  :  come into the TZ_VFS_OPEN function
03-21 20:44:55.096   579   579 I [mTEE]  :  come into the TZ_VFS_OPEN function
03-21 20:44:55.097   579   579 I [mTEE]  :  come into the TZ_VFS_OPEN function
03-21 20:44:55.098   579   579 I [mTEE]  :  come into the TZ_VFS_OPEN function
03-21 20:44:55.099   579   579 I [mTEE]  :  come into the TZ_VFS_OPEN function
03-21 20:44:55.102   579   579 I [mTEE]  :  come into the TZ_VFS_OPEN function
03-21 20:44:55.103   579   579 I [mTEE]  :  come into the TZ_VFS_OPEN function
03-21 20:44:55.107   579   579 I [mTEE]  :  come into the TZ_VFS_OPEN function
03-21 20:44:55.107   579   579 I [mTEE]  :  come into the TZ_VFS_OPEN function
03-21 20:44:55.108   579   579 I [mTEE]  :  come into the TZ_VFS_OPEN function
03-21 20:44:55.109   579   579 I [mTEE]  :  come into the TZ_VFS_OPEN function
03-21 20:44:55.113   579   579 I [mTEE]  :  come into the TZ_VFS_OPEN function
03-21 20:44:55.114   579   579 I [mTEE]  :  come into the TZ_VFS_OPEN function
03-21 20:44:55.130   579   579 I [mTEE]  :  come into the TZ_VFS_OPEN function
03-21 20:44:55.131   579   579 I [mTEE]  :  come into the TZ_VFS_OPEN function
03-21 20:44:55.132   579   579 I [mTEE]  :  come into the TZ_VFS_OPEN function
03-21 20:44:55.133   579   579 I [mTEE]  :  come into the TZ_VFS_OPEN function
03-21 20:44:55.134   579   579 I [mTEE]  :  come into the TZ_VFS_OPEN function
03-21 20:44:55.135   579   579 I [mTEE]  :  come into the TZ_VFS_OPEN function
03-21 20:44:55.136   579   579 I [mTEE]  :  come into the TZ_VFS_OPEN function
03-21 20:44:55.137   579   579 I [mTEE]  :  come into the TZ_VFS_OPEN function
03-21 20:44:55.138   579   579 I [mTEE]  :  come into the TZ_VFS_OPEN function
03-21 20:44:55.139   579   579 I [mTEE]  :  come into the TZ_VFS_OPEN function
03-21 20:44:55.140   579   579 I [mTEE]  :  come into the TZ_VFS_OPEN function
03-21 20:44:55.141   579   579 I [mTEE]  :  come into the TZ_VFS_OPEN function
03-21 20:44:55.142   579   579 I [mTEE]  :  come into the TZ_VFS_OPEN function
03-21 20:44:55.142   579   579 I [mTEE]  :  come into the TZ_VFS_OPEN function
03-21 20:44:55.143   579   579 I [mTEE]  :  come into the TZ_VFS_OPEN function
03-21 20:44:55.144   579   579 I [mTEE]  :  come into the TZ_VFS_OPEN function
03-21 20:44:55.145   579   579 I [mTEE]  :  come into the TZ_VFS_OPEN function
03-21 20:44:55.146   579   579 I [mTEE]  :  come into the TZ_VFS_OPEN function
03-21 20:44:55.147   579   579 I [mTEE]  :  come into the TZ_VFS_OPEN function
03-21 20:44:55.148   579   579 I [mTEE]  :  come into the TZ_VFS_OPEN function
03-21 20:44:55.149   579   579 I [mTEE]  :  come into the TZ_VFS_OPEN function
03-21 20:44:55.150   579   579 I [mTEE]  :  come into the TZ_VFS_OPEN function
03-21 20:44:55.151   579   579 I [mTEE]  :  come into the TZ_VFS_OPEN function
03-21 20:44:55.152   579   579 I [mTEE]  :  come into the TZ_VFS_OPEN function
03-21 20:44:55.153   579   579 I [mTEE]  :  come into the TZ_VFS_OPEN function
03-21 20:44:55.154   579   579 I [mTEE]  :  come into the TZ_VFS_OPEN function
03-21 20:44:55.155   579   579 I [mTEE]  :  come into the TZ_VFS_OPEN function
03-21 20:44:55.156   579   579 I [mTEE]  :  come into the TZ_VFS_OPEN function
03-21 20:44:55.157   579   579 I [mTEE]  :  come into the TZ_VFS_OPEN function
03-21 20:44:55.158   579   579 I [mTEE]  :  come into the TZ_VFS_OPEN function
03-21 20:44:55.159   579   579 I [mTEE]  :  come into the TZ_VFS_OPEN function
03-21 20:44:55.160   579   579 I [mTEE]  :  come into the TZ_VFS_OPEN function
03-21 20:44:55.162   881  2016 I WifiHAL : feature_set=0x8488141a
03-21 20:44:55.164  1587  1927 I HalDevMgr: bestIfaceCreationProposal is null, requestIface=STA, existingIface=[name=wlan0 type=STA]
03-21 20:44:55.174  1151  1151 E [GF_HAL][gf_hal_milan]: [hal_milan_invoke_command] err=GF_SUCCESS, errno=0. reset g_hal_over_current_count to 0!
03-21 20:44:55.183  1587  1708 I DisplayPowerController[0]: Blocking screen off
03-21 20:44:55.184  1032  1082 E flp     : mnld_screen_monitor_thread: Screen off
03-21 20:44:55.186  1587  1708 I PowerGroup: dreamManagerAttemptedDozing status changed to true for group 0
03-21 20:44:55.187  1587  1708 I DreamManagerService: Entering dreamland.
03-21 20:44:55.187  1587  1708 I PowerManagerService: Dozing...
03-21 20:44:55.187  1587  1708 I DisplayPowerController[0]: Unblocked screen off after 4 ms
03-21 20:44:55.187   877   877 I Situation: enable: handle:26, en:0 
03-21 20:44:55.188  1587  1680 W libprocessgroup: SetCgroup::ExecuteForProcess: failed to open /dev/stune/background/cgroup.procs: No such file or directory
03-21 20:44:55.189  1587  1708 I DisplayBrightnessStrategySelector: Changing the DisplayBrightnessStrategy from FallbackBrightnessStrategy to ScreenOffBrightnessStrategy for display 0
03-21 20:44:55.189  1587  1708 I DisplayPowerController[0]: BrightnessEvent: brt=0.0(0.0%), nits=2.7194705, lux=-1.0, reason=screen_off, strat=ScreenOffBrightnessStrategy, state=OFF, stateReason=DEFAULT_POLICY, policy=OFF, flags=, initBrt=1.0, rcmdBrt=NaN, preBrt=NaN, preLux=0.0, wasShortTermModelActive=false, autoBrightness=false (default), unclampedBrt=-1.0, hbmMax=1.0, hbmMode=sunlight, thrmMax=1.0, rbcStrength=50, powerFactor=1.0, physDisp=Built-in Screen(local:4627039422300187648), logicalId=0, slowChange=false, rampSpeed=0.0
03-21 20:44:55.191  1587  1652 I DreamController: Starting dream: name=ComponentInfo{com.android.systemui/com.android.systemui.doze.DozeService}, isPreviewMode=false, canDoze=true, userId=0, reason='power manager request'
03-21 20:44:55.191  1587  1655 I DisplayDeviceRepository: Display device changed state: "Built-in Screen", OFF
03-21 20:44:55.192   852  1055 W hwcomposer: [DRMDEV] paramIsSame(), id 912, w 1080/1080, h 93/93, pitch 1088/1088, format 0x1/0x2, secure 0/0  
03-21 20:44:55.192   877   877 I Accelerometer: batch: handle:0, flag:0,samplingPeriodNs:80000000 maxBatchReportLatencyNs:2000000000
03-21 20:44:55.193   914   914 W SurfaceFlinger: setPhysicalDisplayPowerMode: Failed to disable uclamp.min: Invalid argument
03-21 20:44:55.193  1587  1655 I InputManager-JNI: Viewport [0] to add: local:4627039422300187648, isActive: false
03-21 20:44:55.193   852   992 I hwcomposer: [HWCDisplay] [XMFP]: Display(0) SetPowerMode(0) fp_parallel:0  
03-21 20:44:55.195  1587  1903 I InputReader: Reconfiguring input devices, changes=DISPLAY_INFO
03-21 20:44:55.195  1587  1903 I InputReader: Disabling fts_ts (device 4) because the associated viewport is not active
03-21 20:44:55.195  1587  1903 I InputReader: Device reconfigured: id=4, name='fts_ts', size 1080x2400, orientation Rotation0, mode DISABLED, display id 0
03-21 20:44:55.199  1587  1653 W SurfaceControl: Invalid layer stack -1
03-21 20:44:55.199  1587  1653 I DisplayDevice: [0] Layerstack set to -1 for local:4627039422300187648
03-21 20:44:55.199  2034  2159 I PluginActionManager[com.android.systemui.action.PLUGIN_DOZE]: Found 0 plugins
03-21 20:44:55.202  2458 24325 I NearbySharing: Screen is locked
03-21 20:44:55.202  2458 24325 I NearbySharing: Stopping scanning because the screen is locked.
03-21 20:44:55.204  2458 24325 I NearbySharing: Stopping Fast Init advertisement because Bluetooth is off.
03-21 20:44:55.204  2458 24325 I NearbySharing: Stopping advertising because Bluetooth is disabled.
03-21 20:44:55.204  2458 24325 I NearbySharing: Stopping FastInitiation scanning because the screen is locked.
03-21 20:44:55.205  2458 24325 I NearbySharing: Fast Initiation Scanning has stopped
03-21 20:44:55.205  2458 24325 I NearbySharing: Dismissing HUN as there's no device nearby.
03-21 20:44:55.206  2034  2034 E NotifRow: Magnetic state changed from IDLE to IDLE on a null swiped listener, or the logging key of the listener is null
03-21 20:44:55.215  1587  1680 W libprocessgroup: SetCgroup::ExecuteForProcess: failed to open /dev/stune/top-app/cgroup.procs: No such file or directory
03-21 20:44:55.218   877   877 E SensorManager: Correct handle(24) mindelay: 200000000 old: 1000000
03-21 20:44:55.218   877   877 I Situation: batch: handle:24, flag:0,samplingPeriodNs:200000000 maxBatchReportLatencyNs:0
03-21 20:44:55.218  1587  1708 I DisplayPowerController[0]: BrightnessEvent: brt=0.0(0.0%), nits=2.7194705, lux=-1.0, reason=screen_off, strat=ScreenOffBrightnessStrategy, state=OFF, stateReason=UNKNOWN, policy=DOZE, flags=, initBrt=0.0, rcmdBrt=NaN, preBrt=NaN, preLux=0.0, wasShortTermModelActive=false, autoBrightness=false (default), unclampedBrt=-1.0, hbmMax=1.0, hbmMode=sunlight, thrmMax=1.0, rbcStrength=50, powerFactor=1.0, physDisp=Built-in Screen(local:4627039422300187648), logicalId=0, slowChange=false, rampSpeed=0.0
03-21 20:44:55.219   877   877 I Situation: enable: handle:24, en:1 
03-21 20:44:55.225  3073  3073 I PkDeviceHelper: PkDeviceHelper.refreshDevices():87 refreshing devices
03-21 20:44:55.256  2034  2034 W View    : requestLayout() improperly called by com.android.keyguard.CarrierText{69a8c9b V.ED..... ......ID 47,0-503,93 #7f0b0456 app:id/keyguard_carrier_text} during layout: running second layout pass
03-21 20:44:55.256  2034  2034 W View    : requestLayout() improperly called by qqs_header_constraint->qs_header_constraint (pos:0.0 Dpos/Dt:0.0 during layout: running second layout pass
03-21 20:44:55.256  2034  2034 W View    : requestLayout() improperly called by com.android.systemui.statusbar.policy.CustomClockViewStub{ed02b07 V.E...... ......I. 47,0-52,93 #7f0b027e app:id/custom_clock} during layout: running second layout pass
03-21 20:44:55.256  2034  2034 W View    : requestLayout() improperly called by com.android.systemui.statusbar.policy.Clock{a28a434 VFED..C.. ......ID 47,0-129,93 #7f0b020c app:id/clock} during layout: running second layout pass
03-21 20:44:55.256  2034  2034 W View    : requestLayout() improperly called by com.android.systemui.statusbar.policy.VariableDateView{98df25d V.ED..... ......ID 150,15-150,78 #7f0b028b app:id/date} during layout: running second layout pass
03-21 20:44:55.256  2034  2034 W View    : requestLayout() improperly called by com.android.systemui.shade.carrier.ShadeCarrierGroup{236b7d2 V.E...... ......ID 674,0-1038,93 #7f0b01df app:id/carrier_group} during layout: running second layout pass
03-21 20:44:55.256  2034  2034 W View    : requestLayout() improperly called by android.widget.FrameLayout{bba70a3 V.E...... ......ID 762,15-1027,78 #7f0b07f6 app:id/shade_header_system_icons} during layout: running second layout pass
03-21 20:44:55.256  2034  2034 W View    : requestLayout() improperly called by android.widget.FrameLayout{dc5cfa0 V.E...... ......I. 1027,0-1027,93 #7f0b06ce app:id/privacy_container} during layout: running second layout pass
03-21 20:44:55.256  2034  2034 W View    : requestLayout() improperly called by com.android.systemui.util.AutoMarqueeTextView{1874838 V.ED..... ..S...ID 0,0-135,55 #7f0b0576 app:id/mobile_carrier_text} during layout: running second layout pass
03-21 20:44:55.267   914   988 E surfaceflinger: == MALI DEBUG ===eglp_winsys_populate_image_templates ==12288
03-21 20:44:55.343  2034  2110 E QuickAccessWalletKeyguardQuickAffordanceConfig: Wallet card retrieval error, message: "null"
03-21 20:44:55.344  2034  2110 E QuickAccessWalletKeyguardQuickAffordanceConfig: Wallet card retrieval error, message: "null"
03-21 20:44:55.345  2034  2110 E QuickAccessWalletKeyguardQuickAffordanceConfig: Wallet card retrieval error, message: "null"
03-21 20:44:55.401   877   924 W AString : ctor got NULL, using empty string instead
03-21 20:44:55.401   877   924 I Gyroscope: write temp cali: [376, 1914, 2476, -61041, -30220, -151303]
03-21 20:44:55.459  1587  1652 I UsbPortManager: USB HAL AIDL version: USB_HAL_V2_0
03-21 20:44:55.471  1151  1333 I [GF_HAL][gf_hal]: [gf_hal_screen_off]
03-21 20:44:55.472  1587  1997 I LocalDisplayAdapter: SF.setDisplayPowerMode took 282ms
03-21 20:44:55.474  1151  1333 E [GF_HAL][gf_hal_milan]: [hal_milan_invoke_command] err=GF_SUCCESS, errno=0. reset g_hal_over_current_count to 0!
03-21 20:44:55.475   625  2778 W libperfmgr: Failed to write to node: /dev/stune/top-app/schedtune.boost with value: 10, fd: -1
03-21 20:44:55.475   625  2778 W libperfmgr: Failed to write to node: /proc/sys/kernel/sched_boost with value: 0, fd: -1
03-21 20:44:55.503  2034  2034 I KeyguardTransitionRepository: FINISHED transition: TransitionStep(from=GONE, to=DOZING, value=1.0, transitionState=FINISHED, ownerName=FromGoneTransitionInteractor(Sleep transition triggered))
03-21 20:44:55.522   888  2646 W StNfcHal: ! i2cWrite!!, errno is 'I/O error'
03-21 20:44:55.525  1587  1587 I PowerManagerService: onFlip(): Face up.
03-21 20:44:55.526   877   877 I Accelerometer: enable: handle:0, en:0
03-21 20:44:55.527   888  2646 W StNfcHal: Idle data: 2nd byte is 0x40
03-21 20:44:55.527   888  2646 W StNfcHal: , reading next 2 bytes
03-21 20:44:55.531   888  2646 W StNfcHal: Idle data: 2nd byte is 0x40
03-21 20:44:55.531   888  2646 W StNfcHal: , reading next 2 bytes
03-21 20:44:55.536  2203  2203 W libnfc_nci: nativeNfcTag_doDisconnect: tag already deactivated
03-21 20:44:55.544  2034  2034 W TypefaceCache: MISS: CacheKey(res=, fvar='wght' 200, 'wdth' 85, 'ROND' 100, 'slnt' 0); Total: 26
03-21 20:44:55.559  3073 25423 I DeviceStatusMonitor: DeviceStatusMonitor.handleBroadcast():138 onReceive() : Action = android.intent.action.SCREEN_OFF
03-21 20:44:55.559  3073 25423 I DeviceStatusMonitor: DeviceStatusMonitor.updateCountryInfo():154 updateCountryInfo(), notifyAnyway = false
03-21 20:44:55.562  3073  3073 I Module  : DeviceLockedStatusModuleProvider$Module.updateDeviceLockedStatus():103 repeatCheckTimes = 0, locked = false
03-21 20:44:55.564  3073  3073 I InputBundle: InputBundle.consumeEvent():1037 Skip consuming an event as imeStatus is INACTIVE
03-21 20:44:55.567  1587  3202 W AppOps  : Noting op not finished: uid 10300 pkg com.google.android.gms code 113 startTime of in progress event=1774113928726
03-21 20:44:55.588   914   914 I SurfaceFlinger: Display 4627039422300187648 policy changed
03-21 20:44:55.588   914   914 I SurfaceFlinger: Previous: {defaultModeId=1, allowGroupSwitching=false, primaryRanges={physical=[90.00 Hz, 90.00 Hz], render=[90.00 Hz, 90.00 Hz]}, appRequestRanges={physical=[90.00 Hz, 90.00 Hz], render=[90.00 Hz, 90.00 Hz]} idleScreenConfig=nullptr}
03-21 20:44:55.588   914   914 I SurfaceFlinger: Current:  DisplayManagerPolicy{defaultModeId=1, allowGroupSwitching=false, primaryRanges={physical=[90.00 Hz, 90.00 Hz], render=[90.00 Hz, 90.00 Hz]}, appRequestRanges={physical=[0.00 Hz, 90.00 Hz], render=[0.00 Hz, 90.00 Hz]} idleScreenConfig=nullptr}
03-21 20:44:55.588   914   914 I SurfaceFlinger: 0 mode changes were performed under the previous policy
03-21 20:44:55.624  1587  1972 I MR2ServiceImpl: Updating composite discovery preference | preference: RouteDiscoveryRequest{ preferredFeatures={}, activeScan=false }, active routers: []
03-21 20:44:55.643  2458  2458 I Dtdi    : [RouteScanController] stopScan: stopping route scanning [CONTEXT service_id=312 ]
03-21 20:44:55.644  2458  2458 I Dtdi    : [RouteScanController] stopScan: no active scanning sessions exist [CONTEXT service_id=312 ]
03-21 20:44:55.649   914   914 I SurfaceFlinger: Display 4627039422300187648 policy changed
03-21 20:44:55.649   914   914 I SurfaceFlinger: Previous: {defaultModeId=1, allowGroupSwitching=false, primaryRanges={physical=[90.00 Hz, 90.00 Hz], render=[90.00 Hz, 90.00 Hz]}, appRequestRanges={physical=[0.00 Hz, 90.00 Hz], render=[0.00 Hz, 90.00 Hz]} idleScreenConfig=nullptr}
03-21 20:44:55.649   914   914 I SurfaceFlinger: Current:  DisplayManagerPolicy{defaultModeId=0, allowGroupSwitching=false, primaryRanges={physical=[0.00 Hz, 90.00 Hz], render=[0.00 Hz, 60.00 Hz]}, appRequestRanges={physical=[0.00 Hz, 90.00 Hz], render=[0.00 Hz, 60.00 Hz]} idleScreenConfig=nullptr}
03-21 20:44:55.649   914   914 I SurfaceFlinger: 0 mode changes were performed under the previous policy
03-21 20:44:55.655   852   992 I hwcomposer: [HWC] (0) displaySetActiveConfig config:0  
03-21 20:44:55.667  1587  1655 I DisplayDeviceRepository: Display device changed render timings: "Built-in Screen", renderFrameRate=60.0, presentationDeadlineNanos=16666667, appVsyncOffsetNanos=1000000, frameRateOverrides=[]
03-21 20:44:55.689  1587  1927 E SupplicantStaIfaceHalAidlImpl: ISupplicantStaIface.setSuspendModeEnabled failed with service specific exception: 
03-21 20:44:55.689  1587  1927 E SupplicantStaIfaceHalAidlImpl: android.os.ServiceSpecificException:  (code 1)
03-21 20:44:55.689  1587  1927 E SupplicantStaIfaceHalAidlImpl: 	at android.os.Parcel.createExceptionOrNull(Parcel.java:3387)
03-21 20:44:55.689  1587  1927 E SupplicantStaIfaceHalAidlImpl: 	at android.os.Parcel.createException(Parcel.java:3357)
03-21 20:44:55.689  1587  1927 E SupplicantStaIfaceHalAidlImpl: 	at android.os.Parcel.readException(Parcel.java:3340)
03-21 20:44:55.689  1587  1927 E SupplicantStaIfaceHalAidlImpl: 	at android.os.Parcel.readException(Parcel.java:3282)
03-21 20:44:55.689  1587  1927 E SupplicantStaIfaceHalAidlImpl: 	at com.android.wifi.x.android.hardware.wifi.supplicant.ISupplicantStaIface$Stub$Proxy.setSuspendModeEnabled(ISupplicantStaIface.java:2962)
03-21 20:44:55.689  1587  1927 E SupplicantStaIfaceHalAidlImpl: 	at com.android.server.wifi.SupplicantStaIfaceHalAidlImpl.setSuspendModeEnabled(SupplicantStaIfaceHalAidlImpl.java:2094)
03-21 20:44:55.689  1587  1927 E SupplicantStaIfaceHalAidlImpl: 	at com.android.server.wifi.SupplicantStaIfaceHal.setSuspendModeEnabled(SupplicantStaIfaceHal.java:1722)
03-21 20:44:55.689  1587  1927 E SupplicantStaIfaceHalAidlImpl: 	at com.android.server.wifi.WifiNative.setSuspendOptimizations(WifiNative.java:2831)
03-21 20:44:55.689  1587  1927 E SupplicantStaIfaceHalAidlImpl: 	at com.android.server.wifi.ClientModeImpl.setSuspendOptimizationsNative(ClientModeImpl.java:2759)
03-21 20:44:55.689  1587  1927 E SupplicantStaIfaceHalAidlImpl: 	at com.android.server.wifi.ClientModeImpl.-$$Nest$msetSuspendOptimizationsNative(ClientModeImpl.java:0)
03-21 20:44:55.689  1587  1927 E SupplicantStaIfaceHalAidlImpl: 	at com.android.server.wifi.ClientModeImpl$ConnectableState.processMessageImpl(ClientModeImpl.java:5048)
03-21 20:44:55.689  1587  1927 E SupplicantStaIfaceHalAidlImpl: 	at com.android.server.wifi.RunnerState.processMessage(RunnerState.java:82)
03-21 20:44:55.689  1587  1927 E SupplicantStaIfaceHalAidlImpl: 	at com.android.wifi.x.com.android.internal.util.StateMachine$SmHandler.processMsg(StateMachine.java:1007)
03-21 20:44:55.689  1587  1927 E SupplicantStaIfaceHalAidlImpl: 	at com.android.wifi.x.com.android.internal.util.StateMachine$SmHandler.handleMessage(StateMachine.java:820)
03-21 20:44:55.689  1587  1927 E SupplicantStaIfaceHalAidlImpl: 	at android.os.Handler.dispatchMessage(Handler.java:132)
03-21 20:44:55.689  1587  1927 E SupplicantStaIfaceHalAidlImpl: 	at android.os.Looper.dispatchMessage(Looper.java:333)
03-21 20:44:55.689  1587  1927 E SupplicantStaIfaceHalAidlImpl: 	at android.os.Looper.loopOnce(Looper.java:263)
03-21 20:44:55.689  1587  1927 E SupplicantStaIfaceHalAidlImpl: 	at android.os.Looper.loop(Looper.java:367)
03-21 20:44:55.689  1587  1927 E SupplicantStaIfaceHalAidlImpl: 	at android.os.HandlerThread.run(HandlerThread.java:139)
03-21 20:44:55.976   625  2778 W libperfmgr: Failed to write to node: /dev/stune/top-app/schedtune.boost with value: 10, fd: -1
03-21 20:44:55.976   625  2778 W libperfmgr: Failed to write to node: /proc/sys/kernel/sched_boost with value: 0, fd: -1
03-21 20:44:56.188  1587  7856 W Transition: Transition already started id=242 state=2
03-21 20:44:56.476   625  2778 W libperfmgr: Failed to write to node: /dev/stune/top-app/schedtune.boost with value: 10, fd: -1
03-21 20:44:56.476   625  2778 W libperfmgr: Failed to write to node: /proc/sys/kernel/sched_boost with value: 0, fd: -1
03-21 20:44:56.569  1587  7856 W AppOps  : Noting op not finished: uid 10300 pkg com.google.android.gms code 113 startTime of in progress event=1774113928726
03-21 20:44:56.577   877   924 E Situation: processEvent, handle:24, flush_action:0
03-21 20:44:56.578   877  1861 E android.hardware.sensors-service.xiaomi-multihal: Decrementing wakelock ref count by 1 when count is 0
03-21 20:44:56.585  1587  7856 I PowerGroup: Waking up power group from Dozing (groupId=0, uid=10325, reason=WAKE_REASON_LIFT, details=com.android.systemui:NODOZE pickup)...
03-21 20:44:56.585  1587  7856 I PowerGroup: dreamManagerAttemptedDozing status changed to false for group 0
03-21 20:44:56.586  1587  7856 I PowerManagerService: Waking up from Dozing (uid=10325, reason=WAKE_REASON_LIFT, details=com.android.systemui:NODOZE pickup)...
03-21 20:44:56.589  1587  1708 I DisplayPowerController[0]: Blocking screen on until initial contents have been drawn.
03-21 20:44:56.590  1587  1708 I DisplayPowerController: Window Manager Policy screenTurningOn complete
03-21 20:44:56.590  1587  1708 I DisplayBrightnessStrategySelector: Changing the DisplayBrightnessStrategy from ScreenOffBrightnessStrategy to FallbackBrightnessStrategy for display 0
03-21 20:44:56.592  1587  1708 I DisplayPowerController[0]: BrightnessEvent: brt=1.0(100.0%), nits=700.0, lux=-1.0, reason=manual, strat=FallbackBrightnessStrategy, state=ON, stateReason=DEFAULT_POLICY, policy=BRIGHT, flags=, initBrt=0.0, rcmdBrt=NaN, preBrt=NaN, preLux=0.0, wasShortTermModelActive=false, autoBrightness=false (default), unclampedBrt=1.0, hbmMax=1.0, hbmMode=sunlight, thrmMax=1.0, rbcStrength=50, powerFactor=1.0, physDisp=Built-in Screen(local:4627039422300187648), logicalId=0, slowChange=false, rampSpeed=0.0
03-21 20:44:56.593   877   877 E SensorManager: Correct handle(24) mindelay: 200000000 old: 1000000
03-21 20:44:56.601   852   992 I hwcomposer: [HWCDisplay] [XMFP]: Display(0) SetPowerMode(2) fp_parallel:0  
03-21 20:44:56.602  1151  1151 I [GF_HAL][gf_hal]: [gf_hal_cancel]
03-21 20:44:56.602  1151  1151 E [GF_HAL][gf_hal_milan]: [hal_milan_cancel] set g_is_down_detected=0
03-21 20:44:56.602  1587  1655 I DisplayDeviceRepository: Display device changed state: "Built-in Screen", ON
03-21 20:44:56.602   625  2778 W libperfmgr: Failed to write to node: /dev/stune/top-app/schedtune.boost with value: 10, fd: -1
03-21 20:44:56.602   625  2778 W libperfmgr: Failed to write to node: /proc/sys/kernel/sched_boost with value: 0, fd: -1
03-21 20:44:56.603  1587  1655 I InputManager-JNI: Viewport [0] to add: local:4627039422300187648, isActive: true
03-21 20:44:56.605  1587  1903 I InputReader: Reconfiguring input devices, changes=DISPLAY_INFO
03-21 20:44:56.605  1587  1903 I InputReader: Device reconfigured: id=4, name='fts_ts', size 1080x2400, orientation Rotation0, mode DIRECT, display id 0
03-21 20:44:56.605  1587  1657 I DisplayDevice: [0] Layerstack set to 0 for local:4627039422300187648
03-21 20:44:56.609  2034  2034 E NotifRow: Magnetic state changed from IDLE to IDLE on a null swiped listener, or the logging key of the listener is null
03-21 20:44:56.614  1587  1680 W libprocessgroup: SetCgroup::ExecuteForProcess: failed to open /dev/stune/top-app/cgroup.procs: No such file or directory
03-21 20:44:56.624   877   877 I Accelerometer: batch: handle:0, flag:0,samplingPeriodNs:66667000 maxBatchReportLatencyNs:0
03-21 20:44:56.625  1151  1151 E [GF_HAL][gf_hal_milan]: [hal_milan_invoke_command] err=GF_SUCCESS, errno=0. reset g_hal_over_current_count to 0!
03-21 20:44:56.625  1151  1151 E [GF_HAL][gf_hal_common]: [gf_hal_notify_error_info] err code : 5.
03-21 20:44:56.625   877   877 I Accelerometer: enable: handle:0, en:1
03-21 20:44:56.627  3073 25428 I DeviceStatusMonitor: DeviceStatusMonitor.handleBroadcast():138 onReceive() : Action = android.intent.action.SCREEN_ON
03-21 20:44:56.627  3073 25428 I DeviceStatusMonitor: DeviceStatusMonitor.updateCountryInfo():154 updateCountryInfo(), notifyAnyway = false
03-21 20:44:56.629  2034  2034 E NotifRow: Magnetic state changed from IDLE to IDLE on a null swiped listener, or the logging key of the listener is null
03-21 20:44:56.630  1587  1973 I AuthenticationPolicyService: AuthenticationStateListener#onAuthenticationError
03-21 20:44:56.630  1587  1973 W BiometricFrameworkStatsLogger: found a negative latency : -1
03-21 20:44:56.631  1587  1973 I AuthenticationPolicyService: AuthenticationStateListener#onAuthenticationError
03-21 20:44:56.631  2458 24325 I NearbySharing: Screen is unlocked
03-21 20:44:56.631  2458 24325 I NearbySharing: Uwb feature is off.
03-21 20:44:56.631  2458 24325 I NearbySharing: Uwb feature is off.
03-21 20:44:56.631  2458 24325 I NearbySharing: Stopping scanning because Bluetooth is disabled.
03-21 20:44:56.631  1587  1921 E AuthSessionCoordinator: Error unable to find auth operation : authEndedFor(userId=0 ,biometricStrength=15, sensorId=0, requestId=68, wasSuccessful=false)
03-21 20:44:56.632  2458 24325 I NearbySharing: Stopping Fast Init advertisement because Bluetooth is off.
03-21 20:44:56.632  2458 24325 I NearbySharing: Stopping advertising because Bluetooth is disabled.
03-21 20:44:56.634   888  2646 W StNfcHal: Idle data: 2nd byte is 0x40
03-21 20:44:56.634   888  2646 W StNfcHal: , reading next 2 bytes
03-21 20:44:56.639  1587  1973 E BiometricScheduler: [Finishing] {[77] com.android.server.biometrics.sensors.fingerprint.aidl.FingerprintAuthenticationClient, proto=3, owner=com.android.systemui, cookie=0, requestId=68, userId=0} but current operation is null, success: false, possible lifecycle bug in clientMonitor implementation?
03-21 20:44:56.640   877   877 I Accelerometer: flush, flushCnt:1
03-21 20:44:56.641   844 25431 I resolv  : GetAddrInfoHandler::run: {102 102 102 983142 10399 0}
03-21 20:44:56.642   844 25432 I resolv  : res_nmkquery: (QUERY, IN, A)
03-21 20:44:56.644  2458 24325 I NearbySharing: Fast Initiation Scanning has stopped
03-21 20:44:56.644  2034  2159 I PluginActionManager[com.android.systemui.action.PLUGIN_NOTIFICATION_MENU_ROW]: Found 0 plugins
03-21 20:44:56.644  2458 24325 I NearbySharing: Stopping FastInitiation scanning because Bluetooth is disabled.
03-21 20:44:56.644  2458 24325 I NearbySharing: Dismissing HUN as there's no device nearby.
03-21 20:44:56.645   877   924 I Accelerometer: flush complete, flushCnt:0
03-21 20:44:56.647   844 25432 I resolv  : res_nsend: used send_dg 43 terrno: 0
03-21 20:44:56.648   844 25432 I resolv  : doQuery: rcode=0, ancount=1, return value=43
03-21 20:44:56.648   888  2646 W StNfcHal: Idle data: 2nd byte is 0x40
03-21 20:44:56.648   888  2646 W StNfcHal: , reading next 2 bytes
03-21 20:44:56.649   914   988 E surfaceflinger: == MALI DEBUG ===eglp_winsys_populate_image_templates ==12288
03-21 20:44:56.649  2034  2159 I PluginActionManager[com.android.systemui.action.PLUGIN_NOTIFICATION_MENU_ROW]: Found 0 plugins
03-21 20:44:56.650  1587  1972 I MR2ServiceImpl: Updating composite discovery preference | preference: RouteDiscoveryRequest{ preferredFeatures={}, activeScan=false }, active routers: []
03-21 20:44:56.659 24797 25429 W unknown:ReconnectingWebSocket: Couldn't connect to "ws://localhost:8081/message?device=23030RAC7Y%20-%2016%20-%20API%2036&app=com.rnat&clientid=BridgeDevSupportManager", will silently retry
03-21 20:44:56.664   844   878 I netd    : networkAddUidRangesParcel(NativeUidRangeConfig{netId: 102, uidRanges: [UidRangeParcel{start: 0, stop: 2147483647}], subPriority: 998}) <0.26ms>
03-21 20:44:56.665  1587  1927 E SupplicantStaIfaceHalAidlImpl: ISupplicantStaIface.setSuspendModeEnabled failed with service specific exception: 
03-21 20:44:56.665  1587  1927 E SupplicantStaIfaceHalAidlImpl: android.os.ServiceSpecificException:  (code 1)
03-21 20:44:56.665  1587  1927 E SupplicantStaIfaceHalAidlImpl: 	at android.os.Parcel.createExceptionOrNull(Parcel.java:3387)
03-21 20:44:56.665  1587  1927 E SupplicantStaIfaceHalAidlImpl: 	at android.os.Parcel.createException(Parcel.java:3357)
03-21 20:44:56.665  1587  1927 E SupplicantStaIfaceHalAidlImpl: 	at android.os.Parcel.readException(Parcel.java:3340)
03-21 20:44:56.665  1587  1927 E SupplicantStaIfaceHalAidlImpl: 	at android.os.Parcel.readException(Parcel.java:3282)
03-21 20:44:56.665  1587  1927 E SupplicantStaIfaceHalAidlImpl: 	at com.android.wifi.x.android.hardware.wifi.supplicant.ISupplicantStaIface$Stub$Proxy.setSuspendModeEnabled(ISupplicantStaIface.java:2962)
03-21 20:44:56.665  1587  1927 E SupplicantStaIfaceHalAidlImpl: 	at com.android.server.wifi.SupplicantStaIfaceHalAidlImpl.setSuspendModeEnabled(SupplicantStaIfaceHalAidlImpl.java:2094)
03-21 20:44:56.665  1587  1927 E SupplicantStaIfaceHalAidlImpl: 	at com.android.server.wifi.SupplicantStaIfaceHal.setSuspendModeEnabled(SupplicantStaIfaceHal.java:1722)
03-21 20:44:56.665  1587  1927 E SupplicantStaIfaceHalAidlImpl: 	at com.android.server.wifi.WifiNative.setSuspendOptimizations(WifiNative.java:2831)
03-21 20:44:56.665  1587  1927 E SupplicantStaIfaceHalAidlImpl: 	at com.android.server.wifi.ClientModeImpl.setSuspendOptimizationsNative(ClientModeImpl.java:2763)
03-21 20:44:56.665  1587  1927 E SupplicantStaIfaceHalAidlImpl: 	at com.android.server.wifi.ClientModeImpl.-$$Nest$msetSuspendOptimizationsNative(ClientModeImpl.java:0)
03-21 20:44:56.665  1587  1927 E SupplicantStaIfaceHalAidlImpl: 	at com.android.server.wifi.ClientModeImpl$ConnectableState.processMessageImpl(ClientModeImpl.java:5053)
03-21 20:44:56.665  1587  1927 E SupplicantStaIfaceHalAidlImpl: 	at com.android.server.wifi.RunnerState.processMessage(RunnerState.java:82)
03-21 20:44:56.665  1587  1927 E SupplicantStaIfaceHalAidlImpl: 	at com.android.wifi.x.com.android.internal.util.StateMachine$SmHandler.processMsg(StateMachine.java:1007)
03-21 20:44:56.665  1587  1927 E SupplicantStaIfaceHalAidlImpl: 	at com.android.wifi.x.com.android.internal.util.StateMachine$SmHandler.handleMessage(StateMachine.java:820)
03-21 20:44:56.665  1587  1927 E SupplicantStaIfaceHalAidlImpl: 	at android.os.Handler.dispatchMessage(Handler.java:132)
03-21 20:44:56.665  1587  1927 E SupplicantStaIfaceHalAidlImpl: 	at android.os.Looper.dispatchMessage(Looper.java:333)
03-21 20:44:56.665  1587  1927 E SupplicantStaIfaceHalAidlImpl: 	at android.os.Looper.loopOnce(Looper.java:263)
03-21 20:44:56.665  1587  1927 E SupplicantStaIfaceHalAidlImpl: 	at android.os.Looper.loop(Looper.java:367)
03-21 20:44:56.665  1587  1927 E SupplicantStaIfaceHalAidlImpl: 	at android.os.HandlerThread.run(HandlerThread.java:139)
03-21 20:44:56.665   844   878 I netd    : networkRemoveUidRangesParcel(NativeUidRangeConfig{netId: 102, uidRanges: [UidRangeParcel{start: 0, stop: 2147483647}], subPriority: 998}) <0.21ms>
03-21 20:44:56.675  2458  2471 I NullBinder: NullBinder for android.net.action.RECOMMEND_NETWORKS triggering remote TransactionTooLargeException due to Service without Chimera impl, calling uid: 1000, calling pid: 0
03-21 20:44:56.675  2458  2471 W libbinder.Binder: Large reply transaction of 1056768 bytes, interface descriptor , code 1, flags 17
03-21 20:44:56.686  2034  2034 I KeyguardTransitionRepository: STARTED transition: TransitionStep(from=DOZING, to=GONE, value=0.0, transitionState=STARTED, ownerName=FromDozingTransitionInteractor(canDismissLockscreen()))
03-21 20:44:56.707   914   988 E surfaceflinger: == MALI DEBUG ===eglp_winsys_populate_image_templates ==12288
03-21 20:44:56.709  1587  1708 I DisplayPowerController[0]: Unblocked screen on after 120 ms
03-21 20:44:56.710   877   877 I Situation: batch: handle:26, flag:0,samplingPeriodNs:66667000 maxBatchReportLatencyNs:0
03-21 20:44:56.712   877   877 I Situation: enable: handle:26, en:1 
03-21 20:44:56.823   877   924 E Situation: processEvent, handle:26, flush_action:0
03-21 20:44:56.824   625  2778 W libperfmgr: Failed to write to node: /dev/stune/top-app/schedtune.boost with value: 50, fd: -1
03-21 20:44:56.824   625  2778 W libperfmgr: Failed to write to node: /proc/sys/kernel/sched_boost with value: 2, fd: -1
03-21 20:44:56.831  1151  1333 I [GF_HAL][gf_hal]: [gf_hal_screen_on]
03-21 20:44:56.832  1587  1997 I LocalDisplayAdapter: SF.setDisplayPowerMode took 231ms
03-21 20:44:56.832  1151  1333 E [GF_HAL][gf_hal_milan]: [hal_milan_invoke_command] err=GF_SUCCESS, errno=0. reset g_hal_over_current_count to 0!
03-21 20:44:56.833  1587  1708 W PowerManagerService: Screen on took 249 ms
03-21 20:44:56.834  1587  1708 I DreamManagerService: Gently waking up from dream.
03-21 20:44:56.834  1032  1082 E flp     : mnld_screen_monitor_thread: Screen on
03-21 20:44:56.834  1032  1082 E flp     : mnld_screen_monitor_thread: Wake Monitor Restart
03-21 20:44:56.835  1587  8904 I DreamManagerService: Leaving dreamland.
03-21 20:44:56.836  1587  1652 I DreamController: Stopping dream: name=ComponentInfo{com.android.systemui/com.android.systemui.doze.DozeService}, isPreviewMode=false, canDoze=true, userId=0, reason='finished self'(from 'power manager request')
03-21 20:44:56.839   852   992 I hwcomposer: [HWCDisplay] [Display_0 (type:1)] fps:10.231172,dur:1857.07,max:1647.79,min:11.03  
03-21 20:44:56.840   914   914 I SurfaceFlinger: Display 4627039422300187648 policy changed
03-21 20:44:56.840   914   914 I SurfaceFlinger: Previous: {defaultModeId=0, allowGroupSwitching=false, primaryRanges={physical=[0.00 Hz, 90.00 Hz], render=[0.00 Hz, 60.00 Hz]}, appRequestRanges={physical=[0.00 Hz, 90.00 Hz], render=[0.00 Hz, 60.00 Hz]} idleScreenConfig=nullptr}
03-21 20:44:56.840   914   914 I SurfaceFlinger: Current:  DisplayManagerPolicy{defaultModeId=1, allowGroupSwitching=false, primaryRanges={physical=[90.00 Hz, 90.00 Hz], render=[90.00 Hz, 90.00 Hz]}, appRequestRanges={physical=[0.00 Hz, 90.00 Hz], render=[0.00 Hz, 90.00 Hz]} idleScreenConfig=nullptr}
03-21 20:44:56.840   914   914 I SurfaceFlinger: 1 mode changes were performed under the previous policy
03-21 20:44:56.840   852  1055 W hwcomposer: [DRMDEV] paramIsSame(), id 912, w 1080/1080, h 93/93, pitch 1088/1088, format 0x2/0x1, secure 0/0  
03-21 20:44:56.843  3073  3073 I PkDeviceHelper: PkDeviceHelper.refreshDevices():87 refreshing devices
03-21 20:44:56.844  1587  1910 I ImeTracker: com.rnat:25a828ac: onRequestHide at ORIGIN_SERVER reason HIDE_SAME_WINDOW_FOCUSED_WITHOUT_EDITOR fromUser false
03-21 20:44:56.844   852   992 I hwcomposer: [HWC] (0) displaySetActiveConfig config:1  
03-21 20:44:56.845 24797 24797 I ImeTracker: com.rnat:25a828ac: onCancelled at PHASE_CLIENT_ALREADY_HIDDEN
03-21 20:44:56.845   877   877 I Situation: enable: handle:24, en:0 
03-21 20:44:56.845  3073  3073 I GoogleInputMethodService: GoogleInputMethodService.onStartInput():1385 onStartInput(EditorInfo{EditorInfo{packageName=com.rnat, inputType=0, inputTypeString=NULL, enableLearning=false, autoCorrection=false, autoComplete=false, imeOptions=0, privateImeOptions=null, actionName=UNSPECIFIED, actionLabel=null, initialSelStart=-1, initialSelEnd=-1, initialCapsMode=0, label=null, fieldId=0, fieldName=null, extras=null, hintText=null, hintLocales=[]}}, false)
03-21 20:44:56.846  3073  3073 I AndroidIME: LatinIMEBase.updateInputViewCoverNavigation():314 Update input view padding, extendsTouchBelowSpace=true, bottom inset=126
03-21 20:44:56.846  3073  3073 I Module  : DeviceLockedStatusModuleProvider$Module.updateDeviceLockedStatus():103 repeatCheckTimes = 1, locked = false
03-21 20:44:56.848  1587  2667 W PackageConfigPersister: App-specific configuration not found for packageName: com.rnat and userId: 0
03-21 20:44:56.876  1587  1655 I DisplayDeviceRepository: Display device changed render timings: "Built-in Screen", renderFrameRate=90.0, presentationDeadlineNanos=17111111, appVsyncOffsetNanos=1000000, frameRateOverrides=[]
03-21 20:44:56.879  1587  1652 I UsbPortManager: USB HAL AIDL version: USB_HAL_V2_0
03-21 20:44:56.948  2034  2034 I KeyguardTransitionRepository: FINISHED transition: TransitionStep(from=DOZING, to=GONE, value=1.0, transitionState=FINISHED, ownerName=FromDozingTransitionInteractor(canDismissLockscreen()))
03-21 20:44:56.974 24797 24797 I ReactNativeJNI: Error occurred, shutting down websocket connection: WebSocket exception unexpected end of stream on http://localhost:8081/...
03-21 20:44:56.975   625  2778 W libperfmgr: Failed to write to node: /dev/stune/top-app/schedtune.boost with value: 10, fd: -1
03-21 20:44:56.975   625  2778 W libperfmgr: Failed to write to node: /proc/sys/kernel/sched_boost with value: 0, fd: -1
03-21 20:44:57.171  2458 24323 I NearbySharing: Network state changed: NetworkState(isRestricted=false, isOnline=true, isCongested=false, isMetered=false, isWifiConnected=true)
03-21 20:44:57.183  1151  1333 E [GF_HAL][gf_hal_milan]: [hal_milan_invoke_command] err=GF_SUCCESS, errno=0. reset g_hal_over_current_count to 0!
03-21 20:44:57.183  1151  1333 I [GF_HAL][gf_hal_milan]: [irq_pre_process] irq_type=[GF_IRQ_FINGER_DOWN_MASK], irq_type=0x0002
03-21 20:44:57.183  1151  1333 W libc    : Access denied finding property "sys.fp.miui.token"
03-21 20:44:57.180  1151  1151 W android.hardwar: type=1400 audit(0.0:1406): avc:  denied  { read } for  name="u:object_r:system_prop:s0" dev="tmpfs" ino=9216 scontext=u:r:hal_fingerprint_default:s0 tcontext=u:object_r:system_prop:s0 tclass=file permissive=0
03-21 20:44:57.475   625  2778 W libperfmgr: Failed to write to node: /dev/stune/top-app/schedtune.boost with value: 10, fd: -1
03-21 20:44:57.475   625  2778 W libperfmgr: Failed to write to node: /proc/sys/kernel/sched_boost with value: 0, fd: -1
03-21 20:44:57.642   852  1054 I hwcomposer: [HWC] (0)fire a callback of refresh to SF[4]  
03-21 20:44:57.656   625  2778 W libperfmgr: Failed to write to node: /dev/stune/top-app/schedtune.boost with value: 10, fd: -1
03-21 20:44:57.656   625  2778 W libperfmgr: Failed to write to node: /proc/sys/kernel/sched_boost with value: 0, fd: -1
03-21 20:44:57.723   625  2778 W libperfmgr: Failed to write to node: /dev/stune/top-app/schedtune.boost with value: 10, fd: -1
03-21 20:44:57.723   625  2778 W libperfmgr: Failed to write to node: /proc/sys/kernel/sched_boost with value: 0, fd: -1
03-21 20:44:57.927  1151  1333 E [GF_HAL][gf_hal_milan]: [hal_milan_invoke_command] err=GF_SUCCESS, errno=0. reset g_hal_over_current_count to 0!
03-21 20:44:57.927  1151  1333 I [GF_HAL][gf_hal_milan]: [irq_pre_process] irq_type=[GF_IRQ_FINGER_UP_MASK], irq_type=0x0004
03-21 20:44:57.927  1151  1333 W libc    : Access denied finding property "sys.fp.miui.token"
03-21 20:44:57.924  1151  1151 W android.hardwar: type=1400 audit(0.0:1407): avc:  denied  { read } for  name="u:object_r:system_prop:s0" dev="tmpfs" ino=9216 scontext=u:r:hal_fingerprint_default:s0 tcontext=u:object_r:system_prop:s0 tclass=file permissive=0
03-21 20:44:58.054  1151  1333 E [GF_HAL][gf_hal_milan]: [hal_milan_invoke_command] err=GF_SUCCESS, errno=0. reset g_hal_over_current_count to 0!
03-21 20:44:58.054  1151  1333 I [GF_HAL][gf_hal_milan]: [irq_pre_process] irq_type=[GF_IRQ_FINGER_DOWN_MASK], irq_type=0x0002
03-21 20:44:58.054  1151  1333 W libc    : Access denied finding property "sys.fp.miui.token"
03-21 20:44:58.052  1151  1151 W android.hardwar: type=1400 audit(0.0:1408): avc:  denied  { read } for  name="u:object_r:system_prop:s0" dev="tmpfs" ino=9216 scontext=u:r:hal_fingerprint_default:s0 tcontext=u:object_r:system_prop:s0 tclass=file permissive=0
03-21 20:44:58.223   625  2778 W libperfmgr: Failed to write to node: /dev/stune/top-app/schedtune.boost with value: 10, fd: -1
03-21 20:44:58.223   625  2778 W libperfmgr: Failed to write to node: /proc/sys/kernel/sched_boost with value: 0, fd: -1
03-21 20:44:58.280  1151  1333 E [GF_HAL][gf_hal_milan]: [hal_milan_invoke_command] err=GF_SUCCESS, errno=0. reset g_hal_over_current_count to 0!
03-21 20:44:58.280  1151  1333 I [GF_HAL][gf_hal_milan]: [irq_pre_process] irq_type=[GF_IRQ_FINGER_UP_MASK], irq_type=0x0004
03-21 20:44:58.280  1151  1333 W libc    : Access denied finding property "sys.fp.miui.token"
03-21 20:44:58.276  1151  1151 W android.hardwar: type=1400 audit(0.0:1409): avc:  denied  { read } for  name="u:object_r:system_prop:s0" dev="tmpfs" ino=9216 scontext=u:r:hal_fingerprint_default:s0 tcontext=u:object_r:system_prop:s0 tclass=file permissive=0
03-21 20:44:58.366  1151  1333 E [GF_HAL][gf_hal_milan]: [hal_milan_invoke_command] err=GF_SUCCESS, errno=0. reset g_hal_over_current_count to 0!
03-21 20:44:58.366  1151  1333 I [GF_HAL][gf_hal_milan]: [irq_pre_process] irq_type=[GF_IRQ_FINGER_DOWN_MASK], irq_type=0x0002
03-21 20:44:58.366  1151  1333 W libc    : Access denied finding property "sys.fp.miui.token"
03-21 20:44:58.364  1151  1151 W android.hardwar: type=1400 audit(0.0:1410): avc:  denied  { read } for  name="u:object_r:system_prop:s0" dev="tmpfs" ino=9216 scontext=u:r:hal_fingerprint_default:s0 tcontext=u:object_r:system_prop:s0 tclass=file permissive=0
03-21 20:44:58.513  1151  1333 E [GF_HAL][gf_hal_milan]: [hal_milan_invoke_command] err=GF_SUCCESS, errno=0. reset g_hal_over_current_count to 0!
03-21 20:44:58.513  1151  1333 I [GF_HAL][gf_hal_milan]: [irq_pre_process] irq_type=[GF_IRQ_FINGER_UP_MASK], irq_type=0x0004
03-21 20:44:58.513  1151  1333 W libc    : Access denied finding property "sys.fp.miui.token"
03-21 20:44:58.508  1151  1151 W android.hardwar: type=1400 audit(0.0:1411): avc:  denied  { read } for  name="u:object_r:system_prop:s0" dev="tmpfs" ino=9216 scontext=u:r:hal_fingerprint_default:s0 tcontext=u:object_r:system_prop:s0 tclass=file permissive=0
03-21 20:44:58.579  1151  1333 E [GF_HAL][gf_hal_milan]: [hal_milan_invoke_command] err=GF_SUCCESS, errno=0. reset g_hal_over_current_count to 0!
03-21 20:44:58.579  1151  1333 I [GF_HAL][gf_hal_milan]: [irq_pre_process] irq_type=[GF_IRQ_FINGER_DOWN_MASK], irq_type=0x0002
03-21 20:44:58.579  1151  1333 W libc    : Access denied finding property "sys.fp.miui.token"
03-21 20:44:58.666   844 25437 I resolv  : GetAddrInfoHandler::run: {102 102 102 983142 10399 0}
03-21 20:44:58.666   844 25438 I resolv  : res_nmkquery: (QUERY, IN, A)
03-21 20:44:58.671   844 25438 I resolv  : res_nsend: used send_dg 43 terrno: 0
03-21 20:44:58.671   844 25438 I resolv  : doQuery: rcode=0, ancount=1, return value=43
03-21 20:44:58.724   625  2778 W libperfmgr: Failed to write to node: /dev/stune/top-app/schedtune.boost with value: 10, fd: -1
03-21 20:44:58.724   625  2778 W libperfmgr: Failed to write to node: /proc/sys/kernel/sched_boost with value: 0, fd: -1
03-21 20:44:58.745  1151  1333 E [GF_HAL][gf_hal_milan]: [hal_milan_invoke_command] err=GF_SUCCESS, errno=0. reset g_hal_over_current_count to 0!
03-21 20:44:58.745  1151  1333 I [GF_HAL][gf_hal_milan]: [irq_pre_process] irq_type=[GF_IRQ_FINGER_UP_MASK], irq_type=0x0004
03-21 20:44:58.745  1151  1333 W libc    : Access denied finding property "sys.fp.miui.token"
03-21 20:44:58.985 24797 24797 I ReactNativeJNI: Error occurred, shutting down websocket connection: WebSocket exception unexpected end of stream on http://localhost:8081/...
03-21 20:44:59.224   625  2778 W libperfmgr: Failed to write to node: /dev/stune/top-app/schedtune.boost with value: 10, fd: -1
03-21 20:44:59.224   625  2778 W libperfmgr: Failed to write to node: /proc/sys/kernel/sched_boost with value: 0, fd: -1
03-21 20:44:59.672   881  2016 I WifiHAL : feature_set=0x8488141a
03-21 20:44:59.674  1587  1927 I HalDevMgr: bestIfaceCreationProposal is null, requestIface=STA, existingIface=[name=wlan0 type=STA]
03-21 20:44:59.724   625  2778 W libperfmgr: Failed to write to node: /dev/stune/top-app/schedtune.boost with value: 10, fd: -1
03-21 20:44:59.724   625  2778 W libperfmgr: Failed to write to node: /proc/sys/kernel/sched_boost with value: 0, fd: -1
03-21 20:45:00.005   852  1094 I hwcomposer: [DRMDEV] (0) failed to waitNextVsync: -1  
03-21 20:45:00.010   852  1094 I hwcomposer: [DRMDEV] (0) failed to waitNextVsync: -1  
03-21 20:45:00.021   852  1094 I hwcomposer: [DRMDEV] (0) failed to waitNextVsync: -1  
03-21 20:45:00.032   852  1094 I hwcomposer: [DRMDEV] (0) failed to waitNextVsync: -1  
03-21 20:45:00.043   852  1094 I hwcomposer: [DRMDEV] (0) failed to waitNextVsync: -1  
03-21 20:45:00.054   852  1094 I hwcomposer: [DRMDEV] (0) failed to waitNextVsync: -1  
03-21 20:45:00.065   852  1094 I hwcomposer: [DRMDEV] (0) failed to waitNextVsync: -1  
03-21 20:45:00.076   852   992 I hwcomposer: [HWCDisplay] [Display_0 (type:1)] fps:5.869466,dur:3237.09,max:2415.11,min:7.58  
03-21 20:45:00.134   852  1054 I hwcomposer: [HWC] (0)fire a callback of refresh to SF[4]  
03-21 20:45:00.141   625  2778 W libperfmgr: Failed to write to node: /dev/stune/top-app/schedtune.boost with value: 10, fd: -1
03-21 20:45:00.141   625  2778 W libperfmgr: Failed to write to node: /proc/sys/kernel/sched_boost with value: 0, fd: -1
03-21 20:45:00.215   625  2778 W libperfmgr: Failed to write to node: /dev/stune/top-app/schedtune.boost with value: 10, fd: -1
03-21 20:45:00.215   625  2778 W libperfmgr: Failed to write to node: /proc/sys/kernel/sched_boost with value: 0, fd: -1
03-21 20:45:00.354 25439 25439 W libbinder.BackendUnifiedServiceManager: Thread Pool max thread count is 0. Cannot cache binder as linkToDeath cannot be implemented. serviceName: deviceidle
03-21 20:45:00.381 25441 25441 W libbinder.BackendUnifiedServiceManager: Thread Pool max thread count is 0. Cannot cache binder as linkToDeath cannot be implemented. serviceName: battery
03-21 20:45:00.409 25443 25443 W libbinder.BackendUnifiedServiceManager: Thread Pool max thread count is 0. Cannot cache binder as linkToDeath cannot be implemented. serviceName: deviceidle
03-21 20:45:00.437 25446 25446 W libbinder.BackendUnifiedServiceManager: Thread Pool max thread count is 0. Cannot cache binder as linkToDeath cannot be implemented. serviceName: activity
03-21 20:45:00.494 25455 25455 W libbinder.BackendUnifiedServiceManager: Thread Pool max thread count is 0. Cannot cache binder as linkToDeath cannot be implemented. serviceName: battery
03-21 20:45:00.684   844 25464 I resolv  : GetAddrInfoHandler::run: {102 102 102 983142 10399 0}
03-21 20:45:00.685   844 25465 I resolv  : res_nmkquery: (QUERY, IN, A)
03-21 20:45:00.689   844 25465 I resolv  : res_nsend: used send_dg 43 terrno: 0
03-21 20:45:00.689   844 25465 I resolv  : doQuery: rcode=0, ancount=1, return value=43
03-21 20:45:00.716   625  2778 W libperfmgr: Failed to write to node: /dev/stune/top-app/schedtune.boost with value: 10, fd: -1
03-21 20:45:00.716   625  2778 W libperfmgr: Failed to write to node: /proc/sys/kernel/sched_boost with value: 0, fd: -1
03-21 20:45:00.994 24797 24797 I ReactNativeJNI: Error occurred, shutting down websocket connection: WebSocket exception unexpected end of stream on http://localhost:8081/...
03-21 20:45:01.216   625  2778 W libperfmgr: Failed to write to node: /dev/stune/top-app/schedtune.boost with value: 10, fd: -1
03-21 20:45:01.216   625  2778 W libperfmgr: Failed to write to node: /proc/sys/kernel/sched_boost with value: 0, fd: -1
03-21 20:45:01.717   625  2778 W libperfmgr: Failed to write to node: /dev/stune/top-app/schedtune.boost with value: 10, fd: -1
03-21 20:45:01.717   625  2778 W libperfmgr: Failed to write to node: /proc/sys/kernel/sched_boost with value: 0, fd: -1
03-21 20:45:02.217   625  2778 W libperfmgr: Failed to write to node: /dev/stune/top-app/schedtune.boost with value: 10, fd: -1
03-21 20:45:02.217   625  2778 W libperfmgr: Failed to write to node: /proc/sys/kernel/sched_boost with value: 0, fd: -1
03-21 20:45:02.676   852  1094 I hwcomposer: [DRMDEV] (0) failed to waitNextVsync: -1  
03-21 20:45:02.678   844   878 I netd    : networkAddUidRangesParcel(NativeUidRangeConfig{netId: 105, uidRanges: [UidRangeParcel{start: 0, stop: 2147483647}], subPriority: 999}) <0.54ms>
03-21 20:45:02.679   844   878 I netd    : networkRemoveUidRangesParcel(NativeUidRangeConfig{netId: 105, uidRanges: [UidRangeParcel{start: 0, stop: 2147483647}], subPriority: 999}) <0.21ms>
03-21 20:45:02.682   881  2016 I WifiHAL : feature_set=0x8488141a
03-21 20:45:02.683  1587  1927 I HalDevMgr: bestIfaceCreationProposal is null, requestIface=STA, existingIface=[name=wlan0 type=STA]
03-21 20:45:02.688   852  1094 I hwcomposer: [DRMDEV] (0) failed to waitNextVsync: -1  
03-21 20:45:02.699   852  1094 I hwcomposer: [DRMDEV] (0) failed to waitNextVsync: -1  
03-21 20:45:02.700   844 25466 I resolv  : GetAddrInfoHandler::run: {102 102 102 983142 10399 0}
03-21 20:45:02.701   844 25467 I resolv  : res_nmkquery: (QUERY, IN, A)
03-21 20:45:02.702   852   992 I hwcomposer: [HWCDisplay] [Display_0 (type:1)] fps:0.761837,dur:2625.24,max:2555.39,min:69.84  
03-21 20:45:02.708   844 25467 I resolv  : res_nsend: used send_dg 43 terrno: 0
03-21 20:45:02.708   844 25467 I resolv  : doQuery: rcode=0, ancount=1, return value=43
03-21 20:45:02.717   625  2778 W libperfmgr: Failed to write to node: /dev/stune/top-app/schedtune.boost with value: 10, fd: -1
03-21 20:45:02.718   625  2778 W libperfmgr: Failed to write to node: /proc/sys/kernel/sched_boost with value: 0, fd: -1
03-21 20:45:02.838   852  1054 I hwcomposer: [HWC] (0)fire a callback of refresh to SF[4]  
03-21 20:45:02.844   625  2778 W libperfmgr: Failed to write to node: /dev/stune/top-app/schedtune.boost with value: 10, fd: -1
03-21 20:45:02.844   625  2778 W libperfmgr: Failed to write to node: /proc/sys/kernel/sched_boost with value: 0, fd: -1
03-21 20:45:02.920   625  2778 W libperfmgr: Failed to write to node: /dev/stune/top-app/schedtune.boost with value: 10, fd: -1
03-21 20:45:02.920   625  2778 W libperfmgr: Failed to write to node: /proc/sys/kernel/sched_boost with value: 0, fd: -1
03-21 20:45:03.004 24797 24797 I ReactNativeJNI: Error occurred, shutting down websocket connection: WebSocket exception unexpected end of stream on http://localhost:8081/...
03-21 20:45:03.183  2458 24323 I NearbySharing: Network state changed: NetworkState(isRestricted=false, isOnline=true, isCongested=false, isMetered=false, isWifiConnected=true)
03-21 20:45:03.420   625  2778 W libperfmgr: Failed to write to node: /dev/stune/top-app/schedtune.boost with value: 10, fd: -1
03-21 20:45:03.420   625  2778 W libperfmgr: Failed to write to node: /proc/sys/kernel/sched_boost with value: 0, fd: -1
03-21 20:45:03.921   625  2778 W libperfmgr: Failed to write to node: /dev/stune/top-app/schedtune.boost with value: 10, fd: -1
03-21 20:45:03.921   625  2778 W libperfmgr: Failed to write to node: /proc/sys/kernel/sched_boost with value: 0, fd: -1
03-21 20:45:04.202   852  1094 I hwcomposer: [DRMDEV] (0) failed to waitNextVsync: -1  
03-21 20:45:04.210   852  1094 I hwcomposer: [DRMDEV] (0) failed to waitNextVsync: -1  
03-21 20:45:04.212   852   992 I hwcomposer: [HWCDisplay] [Display_0 (type:1)] fps:1.324280,dur:1510.25,max:1363.46,min:146.79  
03-21 20:45:04.274   914   988 E surfaceflinger: == MALI DEBUG ===eglp_winsys_populate_image_templates ==12288
03-21 20:45:04.285   914   988 E surfaceflinger: == MALI DEBUG ===eglp_winsys_populate_image_templates ==12288
03-21 20:45:04.286   625  2778 W libperfmgr: Failed to write to node: /dev/stune/top-app/schedtune.boost with value: 50, fd: -1
03-21 20:45:04.286   625  2778 W libperfmgr: Failed to write to node: /proc/sys/kernel/sched_boost with value: 2, fd: -1
03-21 20:45:04.293   914   988 E surfaceflinger: == MALI DEBUG ===eglp_winsys_populate_image_templates ==12288
03-21 20:45:04.328   914   988 E surfaceflinger: == MALI DEBUG ===eglp_winsys_populate_image_templates ==12288
03-21 20:45:04.438   852  1054 I hwcomposer: [HWC] (0)fire a callback of refresh to SF[4]  
03-21 20:45:04.441   625  2778 W libperfmgr: Failed to write to node: /dev/stune/top-app/schedtune.boost with value: 50, fd: -1
03-21 20:45:04.441   625  2778 W libperfmgr: Failed to write to node: /proc/sys/kernel/sched_boost with value: 2, fd: -1
03-21 20:45:04.446   625  2778 W libperfmgr: Failed to write to node: /dev/stune/top-app/schedtune.boost with value: 10, fd: -1
03-21 20:45:04.446   625  2778 W libperfmgr: Failed to write to node: /proc/sys/kernel/sched_boost with value: 0, fd: -1
03-21 20:45:04.519   625  2778 W libperfmgr: Failed to write to node: /dev/stune/top-app/schedtune.boost with value: 10, fd: -1
03-21 20:45:04.519   625  2778 W libperfmgr: Failed to write to node: /proc/sys/kernel/sched_boost with value: 0, fd: -1
03-21 20:45:04.719   844 25469 I resolv  : GetAddrInfoHandler::run: {102 102 102 983142 10399 0}
03-21 20:45:04.720   844 25470 I resolv  : res_nmkquery: (QUERY, IN, A)
03-21 20:45:04.726   844 25470 I resolv  : res_nsend: used send_dg 43 terrno: 0
03-21 20:45:04.726   844 25470 I resolv  : doQuery: rcode=0, ancount=1, return value=43
03-21 20:45:05.014 24797 24797 I ReactNativeJNI: Error occurred, shutting down websocket connection: WebSocket exception unexpected end of stream on http://localhost:8081/...
03-21 20:45:05.020   625  2778 W libperfmgr: Failed to write to node: /dev/stune/top-app/schedtune.boost with value: 10, fd: -1
03-21 20:45:05.020   625  2778 W libperfmgr: Failed to write to node: /proc/sys/kernel/sched_boost with value: 0, fd: -1
03-21 20:45:05.080 24797 25471 E unknown:ReactNative: Unable to download JS bundle
03-21 20:45:05.080 24797 25471 E unknown:ReactNative: com.facebook.react.common.DebugServerException: Could not connect to development server.
03-21 20:45:05.080 24797 25471 E unknown:ReactNative: 
03-21 20:45:05.080 24797 25471 E unknown:ReactNative: Try the following to fix the issue:
03-21 20:45:05.080 24797 25471 E unknown:ReactNative: \u2022 Ensure that Metro is running
03-21 20:45:05.080 24797 25471 E unknown:ReactNative: \u2022 Ensure that your device/emulator is connected to your machine and has USB debugging enabled - run 'adb devices' to see a list of connected devices
03-21 20:45:05.080 24797 25471 E unknown:ReactNative: \u2022 Ensure Airplane Mode is disabled
03-21 20:45:05.080 24797 25471 E unknown:ReactNative: \u2022 If you're on a physical device connected to the same machine, run 'adb reverse tcp:8081 tcp:8081 to forward requests from your device
03-21 20:45:05.080 24797 25471 E unknown:ReactNative: \u2022 If your device is on the same Wi-Fi network, set 'Debug server host & port for device' in 'Dev settings' to your machine's IP address and the port of the local dev server - e.g. 10.0.1.1:8081
03-21 20:45:05.080 24797 25471 E unknown:ReactNative: 
03-21 20:45:05.080 24797 25471 E unknown:ReactNative: URL: http://localhost:8081/index.bundle?platform=android&dev=true&lazy=true&minify=false&app=com.rnat&modulesOnly=false&runModule=true&excludeSource=true&sourcePaths=url-server
03-21 20:45:05.080 24797 25471 E unknown:ReactNative: 	at com.facebook.react.common.DebugServerException$Companion.makeGeneric(DebugServerException.kt:72)
03-21 20:45:05.080 24797 25471 E unknown:ReactNative: 	at com.facebook.react.common.DebugServerException.makeGeneric(Unknown Source:2)
03-21 20:45:05.080 24797 25471 E unknown:ReactNative: 	at com.facebook.react.devsupport.BundleDownloader$1.onFailure(BundleDownloader.java:126)
03-21 20:45:05.080 24797 25471 E unknown:ReactNative: 	at okhttp3.internal.connection.RealCall$AsyncCall.run(RealCall.kt:525)
03-21 20:45:05.080 24797 25471 E unknown:ReactNative: 	at java.util.concurrent.ThreadPoolExecutor.runWorker(ThreadPoolExecutor.java:1154)
03-21 20:45:05.080 24797 25471 E unknown:ReactNative: 	at java.util.concurrent.ThreadPoolExecutor$Worker.run(ThreadPoolExecutor.java:652)
03-21 20:45:05.080 24797 25471 E unknown:ReactNative: 	at java.lang.Thread.run(Thread.java:1563)
03-21 20:45:05.080 24797 25471 E unknown:ReactNative: Caused by: java.io.IOException: unexpected end of stream on http://localhost:8081/...
03-21 20:45:05.080 24797 25471 E unknown:ReactNative: 	at okhttp3.internal.http1.Http1ExchangeCodec.readResponseHeaders(Http1ExchangeCodec.kt:210)
03-21 20:45:05.080 24797 25471 E unknown:ReactNative: 	at okhttp3.internal.connection.Exchange.readResponseHeaders(Exchange.kt:110)
03-21 20:45:05.080 24797 25471 E unknown:ReactNative: 	at okhttp3.internal.http.CallServerInterceptor.intercept(CallServerInterceptor.kt:93)
03-21 20:45:05.080 24797 25471 E unknown:ReactNative: 	at okhttp3.internal.http.RealInterceptorChain.proceed(RealInterceptorChain.kt:109)
03-21 20:45:05.080 24797 25471 E unknown:ReactNative: 	at okhttp3.internal.connection.ConnectInterceptor.intercept(ConnectInterceptor.kt:34)
03-21 20:45:05.080 24797 25471 E unknown:ReactNative: 	at okhttp3.internal.http.RealInterceptorChain.proceed(RealInterceptorChain.kt:109)
03-21 20:45:05.080 24797 25471 E unknown:ReactNative: 	at okhttp3.internal.cache.CacheInterceptor.intercept(CacheInterceptor.kt:95)
03-21 20:45:05.080 24797 25471 E unknown:ReactNative: 	at okhttp3.internal.http.RealInterceptorChain.proceed(RealInterceptorChain.kt:109)
03-21 20:45:05.080 24797 25471 E unknown:ReactNative: 	at okhttp3.internal.http.BridgeInterceptor.intercept(BridgeInterceptor.kt:83)
03-21 20:45:05.080 24797 25471 E unknown:ReactNative: 	at okhttp3.internal.http.RealInterceptorChain.proceed(RealInterceptorChain.kt:109)
03-21 20:45:05.080 24797 25471 E unknown:ReactNative: 	at okhttp3.internal.http.RetryAndFollowUpInterceptor.intercept(RetryAndFollowUpInterceptor.kt:76)
03-21 20:45:05.080 24797 25471 E unknown:ReactNative: 	at okhttp3.internal.http.RealInterceptorChain.proceed(RealInterceptorChain.kt:109)
03-21 20:45:05.080 24797 25471 E unknown:ReactNative: 	at okhttp3.internal.connection.RealCall.getResponseWithInterceptorChain$okhttp(RealCall.kt:201)
03-21 20:45:05.080 24797 25471 E unknown:ReactNative: 	at okhttp3.internal.connection.RealCall$AsyncCall.run(RealCall.kt:517)
03-21 20:45:05.080 24797 25471 E unknown:ReactNative: 	... 3 more
03-21 20:45:05.080 24797 25471 E unknown:ReactNative: Caused by: java.io.EOFException: \n not found: limit=0 content=…
03-21 20:45:05.080 24797 25471 E unknown:ReactNative: 	at okio.RealBufferedSource.readUtf8LineStrict(RealBufferedSource.kt:335)
03-21 20:45:05.080 24797 25471 E unknown:ReactNative: 	at okhttp3.internal.http1.HeadersReader.readLine(HeadersReader.kt:29)
03-21 20:45:05.080 24797 25471 E unknown:ReactNative: 	at okhttp3.internal.http1.Http1ExchangeCodec.readResponseHeaders(Http1ExchangeCodec.kt:180)
03-21 20:45:05.080 24797 25471 E unknown:ReactNative: 	... 16 more
03-21 20:45:05.080 24797 24797 W InputEventReceiver: Attempted to finish an input event but the input event receiver has already been disposed.
03-21 20:45:05.085   625  2778 W libperfmgr: Failed to write to node: /dev/stune/top-app/schedtune.boost with value: 50, fd: -1
03-21 20:45:05.085   625  2778 W libperfmgr: Failed to write to node: /proc/sys/kernel/sched_boost with value: 2, fd: -1
03-21 20:45:05.103   914   988 E surfaceflinger: == MALI DEBUG ===eglp_winsys_populate_image_templates ==12288
03-21 20:45:05.108 24797 24797 E unknown:ReactNative: Exception in native call
03-21 20:45:05.108 24797 24797 E unknown:ReactNative: com.facebook.react.common.DebugServerException: Could not connect to development server.
03-21 20:45:05.108 24797 24797 E unknown:ReactNative: 
03-21 20:45:05.108 24797 24797 E unknown:ReactNative: Try the following to fix the issue:
03-21 20:45:05.108 24797 24797 E unknown:ReactNative: \u2022 Ensure that Metro is running
03-21 20:45:05.108 24797 24797 E unknown:ReactNative: \u2022 Ensure that your device/emulator is connected to your machine and has USB debugging enabled - run 'adb devices' to see a list of connected devices
03-21 20:45:05.108 24797 24797 E unknown:ReactNative: \u2022 Ensure Airplane Mode is disabled
03-21 20:45:05.108 24797 24797 E unknown:ReactNative: \u2022 If you're on a physical device connected to the same machine, run 'adb reverse tcp:8081 tcp:8081 to forward requests from your device
03-21 20:45:05.108 24797 24797 E unknown:ReactNative: \u2022 If your device is on the same Wi-Fi network, set 'Debug server host & port for device' in 'Dev settings' to your machine's IP address and the port of the local dev server - e.g. 10.0.1.1:8081
03-21 20:45:05.108 24797 24797 E unknown:ReactNative: 
03-21 20:45:05.108 24797 24797 E unknown:ReactNative: URL: http://localhost:8081/index.bundle?platform=android&dev=true&lazy=true&minify=false&app=com.rnat&modulesOnly=false&runModule=true&excludeSource=true&sourcePaths=url-server
03-21 20:45:05.108 24797 24797 E unknown:ReactNative: 	at com.facebook.react.common.DebugServerException$Companion.makeGeneric(DebugServerException.kt:72)
03-21 20:45:05.108 24797 24797 E unknown:ReactNative: 	at com.facebook.react.common.DebugServerException.makeGeneric(Unknown Source:2)
03-21 20:45:05.108 24797 24797 E unknown:ReactNative: 	at com.facebook.react.devsupport.BundleDownloader$1.onFailure(BundleDownloader.java:126)
03-21 20:45:05.108 24797 24797 E unknown:ReactNative: 	at okhttp3.internal.connection.RealCall$AsyncCall.run(RealCall.kt:525)
03-21 20:45:05.108 24797 24797 E unknown:ReactNative: 	at java.util.concurrent.ThreadPoolExecutor.runWorker(ThreadPoolExecutor.java:1154)
03-21 20:45:05.108 24797 24797 E unknown:ReactNative: 	at java.util.concurrent.ThreadPoolExecutor$Worker.run(ThreadPoolExecutor.java:652)
03-21 20:45:05.108 24797 24797 E unknown:ReactNative: 	at java.lang.Thread.run(Thread.java:1563)
03-21 20:45:05.108 24797 24797 E unknown:ReactNative: Caused by: java.io.IOException: unexpected end of stream on http://localhost:8081/...
03-21 20:45:05.108 24797 24797 E unknown:ReactNative: 	at okhttp3.internal.http1.Http1ExchangeCodec.readResponseHeaders(Http1ExchangeCodec.kt:210)
03-21 20:45:05.108 24797 24797 E unknown:ReactNative: 	at okhttp3.internal.connection.Exchange.readResponseHeaders(Exchange.kt:110)
03-21 20:45:05.108 24797 24797 E unknown:ReactNative: 	at okhttp3.internal.http.CallServerInterceptor.intercept(CallServerInterceptor.kt:93)
03-21 20:45:05.108 24797 24797 E unknown:ReactNative: 	at okhttp3.internal.http.RealInterceptorChain.proceed(RealInterceptorChain.kt:109)
03-21 20:45:05.108 24797 24797 E unknown:ReactNative: 	at okhttp3.internal.connection.ConnectInterceptor.intercept(ConnectInterceptor.kt:34)
03-21 20:45:05.108 24797 24797 E unknown:ReactNative: 	at okhttp3.internal.http.RealInterceptorChain.proceed(RealInterceptorChain.kt:109)
03-21 20:45:05.108 24797 24797 E unknown:ReactNative: 	at okhttp3.internal.cache.CacheInterceptor.intercept(CacheInterceptor.kt:95)
03-21 20:45:05.108 24797 24797 E unknown:ReactNative: 	at okhttp3.internal.http.RealInterceptorChain.proceed(RealInterceptorChain.kt:109)
03-21 20:45:05.108 24797 24797 E unknown:ReactNative: 	at okhttp3.internal.http.BridgeInterceptor.intercept(BridgeInterceptor.kt:83)
03-21 20:45:05.108 24797 24797 E unknown:ReactNative: 	at okhttp3.internal.http.RealInterceptorChain.proceed(RealInterceptorChain.kt:109)
03-21 20:45:05.108 24797 24797 E unknown:ReactNative: 	at okhttp3.internal.http.RetryAndFollowUpInterceptor.intercept(RetryAndFollowUpInterceptor.kt:76)
03-21 20:45:05.108 24797 24797 E unknown:ReactNative: 	at okhttp3.internal.http.RealInterceptorChain.proceed(RealInterceptorChain.kt:109)
03-21 20:45:05.108 24797 24797 E unknown:ReactNative: 	at okhttp3.internal.connection.RealCall.getResponseWithInterceptorChain$okhttp(RealCall.kt:201)
03-21 20:45:05.108 24797 24797 E unknown:ReactNative: 	at okhttp3.internal.connection.RealCall$AsyncCall.run(RealCall.kt:517)
03-21 20:45:05.108 24797 24797 E unknown:ReactNative: 	... 3 more
03-21 20:45:05.108 24797 24797 E unknown:ReactNative: Caused by: java.io.EOFException: \n not found: limit=0 content=…
03-21 20:45:05.108 24797 24797 E unknown:ReactNative: 	at okio.RealBufferedSource.readUtf8LineStrict(RealBufferedSource.kt:335)
03-21 20:45:05.108 24797 24797 E unknown:ReactNative: 	at okhttp3.internal.http1.HeadersReader.readLine(HeadersReader.kt:29)
03-21 20:45:05.108 24797 24797 E unknown:ReactNative: 	at okhttp3.internal.http1.Http1ExchangeCodec.readResponseHeaders(Http1ExchangeCodec.kt:180)
03-21 20:45:05.108 24797 24797 E unknown:ReactNative: 	... 16 more
03-21 20:45:05.110  1587  1910 I ImeTracker: com.rnat:caf7e95e: onRequestHide at ORIGIN_SERVER reason HIDE_SAME_WINDOW_FOCUSED_WITHOUT_EDITOR fromUser false
03-21 20:45:05.111  3073  3073 I GoogleInputMethodService: GoogleInputMethodService.onFinishInput():2114 
03-21 20:45:05.112  3073  3073 I Module  : DeviceLockedStatusModuleProvider$Module.updateDeviceLockedStatus():103 repeatCheckTimes = 0, locked = false
03-21 20:45:05.112  3073  3073 I GoogleInputMethodService: GoogleInputMethodService.onStartInput():1385 onStartInput(EditorInfo{EditorInfo{packageName=com.rnat, inputType=0, inputTypeString=NULL, enableLearning=false, autoCorrection=false, autoComplete=false, imeOptions=0, privateImeOptions=null, actionName=UNSPECIFIED, actionLabel=null, initialSelStart=-1, initialSelEnd=-1, initialCapsMode=0, label=null, fieldId=0, fieldName=null, extras=null, hintText=null, hintLocales=[]}}, false)
03-21 20:45:05.112  3073  3073 I AndroidIME: LatinIMEBase.updateInputViewCoverNavigation():314 Update input view padding, extendsTouchBelowSpace=true, bottom inset=126
03-21 20:45:05.113  3073  3073 I Module  : DeviceLockedStatusModuleProvider$Module.updateDeviceLockedStatus():103 repeatCheckTimes = 1, locked = false
03-21 20:45:05.113  1587  8904 W PackageConfigPersister: App-specific configuration not found for packageName: com.rnat and userId: 0
03-21 20:45:05.134 24797 24797 I ImeTracker: com.rnat:caf7e95e: onCancelled at PHASE_CLIENT_ALREADY_HIDDEN
03-21 20:45:05.189   914   988 E surfaceflinger: == MALI DEBUG ===eglp_winsys_populate_image_templates ==12288
03-21 20:45:05.192   914   988 E surfaceflinger: == MALI DEBUG ===eglp_winsys_populate_image_templates ==12288
03-21 20:45:05.222   852   992 I hwcomposer: [HWCDisplay] [Display_0 (type:1)] fps:23.756283,dur:1010.26,max:643.59,min:11.06  
03-21 20:45:05.225  1587  1910 I ImeTracker: com.rnat:10d2d0ff: onRequestHide at ORIGIN_SERVER reason HIDE_UNSPECIFIED_WINDOW fromUser false
03-21 20:45:05.225 24797 24797 I ImeTracker: com.rnat:10d2d0ff: onCancelled at PHASE_CLIENT_ALREADY_HIDDEN
03-21 20:45:05.226  3073  3073 I GoogleInputMethodService: GoogleInputMethodService.onFinishInput():2114 
03-21 20:45:05.226  3073  3073 I Module  : DeviceLockedStatusModuleProvider$Module.updateDeviceLockedStatus():103 repeatCheckTimes = 0, locked = false
03-21 20:45:05.226  3073  3073 I GoogleInputMethodService: GoogleInputMethodService.onStartInput():1385 onStartInput(EditorInfo{EditorInfo{packageName=com.rnat, inputType=0, inputTypeString=NULL, enableLearning=false, autoCorrection=false, autoComplete=false, imeOptions=0, privateImeOptions=null, actionName=UNSPECIFIED, actionLabel=null, initialSelStart=-1, initialSelEnd=-1, initialCapsMode=0, label=null, fieldId=0, fieldName=null, extras=null, hintText=null, hintLocales=[]}}, false)
03-21 20:45:05.226  3073  3073 I AndroidIME: LatinIMEBase.updateInputViewCoverNavigation():314 Update input view padding, extendsTouchBelowSpace=true, bottom inset=126
03-21 20:45:05.227  3073  3073 I Module  : DeviceLockedStatusModuleProvider$Module.updateDeviceLockedStatus():103 repeatCheckTimes = 1, locked = false
03-21 20:45:05.227  1587  3202 I ImeTracker: system_server:cdbfe9f3: onRequestHide at ORIGIN_SERVER reason IME_REQUESTED_CHANGED_LISTENER fromUser false
03-21 20:45:05.227  1587  1655 I ImeTracker: system_server:cdbfe9f3: onCancelled at PHASE_SERVER_SHOULD_HIDE
03-21 20:45:05.227  1587  3034 W PackageConfigPersister: App-specific configuration not found for packageName: com.rnat and userId: 0
03-21 20:45:05.239   914   988 E surfaceflinger: == MALI DEBUG ===eglp_winsys_populate_image_templates ==12288
03-21 20:45:05.267   852  1055 W hwcomposer: [DRMDEV] paramIsSame(), id 1043, w 1080/1080, h 2400/2400, pitch 1088/1088, format 0x1/0x2, secure 0/0  
03-21 20:45:05.346   625  2778 W libperfmgr: Failed to write to node: /dev/stune/top-app/schedtune.boost with value: 10, fd: -1
03-21 20:45:05.346   625  2778 W libperfmgr: Failed to write to node: /proc/sys/kernel/sched_boost with value: 0, fd: -1
03-21 20:45:05.350   852  1054 I hwcomposer: [HWC] (0)fire a callback of refresh to SF[4]  
03-21 20:45:05.364   625  2778 W libperfmgr: Failed to write to node: /dev/stune/top-app/schedtune.boost with value: 10, fd: -1
03-21 20:45:05.364   625  2778 W libperfmgr: Failed to write to node: /proc/sys/kernel/sched_boost with value: 0, fd: -1
03-21 20:45:05.431   625  2778 W libperfmgr: Failed to write to node: /dev/stune/top-app/schedtune.boost with value: 10, fd: -1
03-21 20:45:05.431   625  2778 W libperfmgr: Failed to write to node: /proc/sys/kernel/sched_boost with value: 0, fd: -1
03-21 20:45:05.690   881  2016 I WifiHAL : feature_set=0x8488141a
03-21 20:45:05.691  1587  1927 I HalDevMgr: bestIfaceCreationProposal is null, requestIface=STA, existingIface=[name=wlan0 type=STA]
03-21 20:45:05.931   625  2778 W libperfmgr: Failed to write to node: /dev/stune/top-app/schedtune.boost with value: 10, fd: -1
03-21 20:45:05.931   625  2778 W libperfmgr: Failed to write to node: /proc/sys/kernel/sched_boost with value: 0, fd: -1
03-21 20:45:06.057   852  1094 I hwcomposer: [DRMDEV] (0) failed to waitNextVsync: -1  
03-21 20:45:06.065   852  1094 I hwcomposer: [DRMDEV] (0) failed to waitNextVsync: -1  
03-21 20:45:06.076   852  1094 I hwcomposer: [DRMDEV] (0) failed to waitNextVsync: -1  
03-21 20:45:06.082   914   988 E surfaceflinger: == MALI DEBUG ===eglp_winsys_populate_image_templates ==12288
03-21 20:45:06.088   852  1094 I hwcomposer: [DRMDEV] (0) failed to waitNextVsync: -1  
03-21 20:45:06.126   625  2778 W libperfmgr: Failed to write to node: /dev/stune/top-app/schedtune.boost with value: 50, fd: -1
03-21 20:45:06.126   625  2778 W libperfmgr: Failed to write to node: /proc/sys/kernel/sched_boost with value: 2, fd: -1
03-21 20:45:06.233   852   992 I hwcomposer: [HWCDisplay] [Display_0 (type:1)] fps:18.798721,dur:1010.71,max:717.57,min:10.93  
03-21 20:45:06.376   625  2778 W libperfmgr: Failed to write to node: /dev/stune/top-app/schedtune.boost with value: 10, fd: -1
03-21 20:45:06.376   625  2778 W libperfmgr: Failed to write to node: /proc/sys/kernel/sched_boost with value: 0, fd: -1
03-21 20:45:06.415   625  2778 W libperfmgr: Failed to write to node: /dev/stune/top-app/schedtune.boost with value: 50, fd: -1
03-21 20:45:06.415   625  2778 W libperfmgr: Failed to write to node: /proc/sys/kernel/sched_boost with value: 2, fd: -1
03-21 20:45:06.656  2458 24323 I NearbyPresence: (REDACTED) %s verified [==] new request %s equals to the old request
03-21 20:45:06.665   625  2778 W libperfmgr: Failed to write to node: /dev/stune/top-app/schedtune.boost with value: 10, fd: -1
03-21 20:45:06.665   625  2778 W libperfmgr: Failed to write to node: /proc/sys/kernel/sched_boost with value: 0, fd: -1
03-21 20:45:06.717 25474 25474 W libbinder.BackendUnifiedServiceManager: Thread Pool max thread count is 0. Cannot cache binder as linkToDeath cannot be implemented. serviceName: deviceidle
03-21 20:45:06.735 25476 25476 W libbinder.BackendUnifiedServiceManager: Thread Pool max thread count is 0. Cannot cache binder as linkToDeath cannot be implemented. serviceName: battery
03-21 20:45:06.740   844 25479 I resolv  : GetAddrInfoHandler::run: {102 102 102 983142 10399 0}
03-21 20:45:06.741   844 25480 I resolv  : res_nmkquery: (QUERY, IN, A)
03-21 20:45:06.745   844 25480 I resolv  : res_nsend: used send_dg 43 terrno: 0
03-21 20:45:06.745   844 25480 I resolv  : doQuery: rcode=0, ancount=1, return value=43
03-21 20:45:06.763 25478 25478 W libbinder.BackendUnifiedServiceManager: Thread Pool max thread count is 0. Cannot cache binder as linkToDeath cannot be implemented. serviceName: deviceidle
03-21 20:45:06.791 25483 25483 W libbinder.BackendUnifiedServiceManager: Thread Pool max thread count is 0. Cannot cache binder as linkToDeath cannot be implemented. serviceName: activity
03-21 20:45:06.845   625  2778 W libperfmgr: Failed to write to node: /dev/stune/top-app/schedtune.boost with value: 50, fd: -1
03-21 20:45:06.846   625  2778 W libperfmgr: Failed to write to node: /proc/sys/kernel/sched_boost with value: 2, fd: -1
03-21 20:45:06.849 24797 24811 E com.rnat: mali-debug: still pending callback,wait...
03-21 20:45:06.852 25492 25492 W libbinder.BackendUnifiedServiceManager: Thread Pool max thread count is 0. Cannot cache binder as linkToDeath cannot be implemented. serviceName: battery
03-21 20:45:06.855 24797 24797 W InputEventReceiver: Failed to send outbound event on channel '3a23e13 com.rnat/com.rnat.MainActivity'.  status=DEAD_OBJECT(-32)
03-21 20:45:06.855 24797 24797 W InputEventReceiver: channel '3a23e13 com.rnat/com.rnat.MainActivity' ~ Could not send 0 outbound event(s), status:DEAD_OBJECT
03-21 20:45:06.866 24797 25471 E unknown:ReactNative: Unable to download JS bundle
03-21 20:45:06.866 24797 25471 E unknown:ReactNative: com.facebook.react.common.DebugServerException: Could not connect to development server.
03-21 20:45:06.866 24797 25471 E unknown:ReactNative: 
03-21 20:45:06.866 24797 25471 E unknown:ReactNative: Try the following to fix the issue:
03-21 20:45:06.866 24797 25471 E unknown:ReactNative: \u2022 Ensure that Metro is running
03-21 20:45:06.866 24797 25471 E unknown:ReactNative: \u2022 Ensure that your device/emulator is connected to your machine and has USB debugging enabled - run 'adb devices' to see a list of connected devices
03-21 20:45:06.866 24797 25471 E unknown:ReactNative: \u2022 Ensure Airplane Mode is disabled
03-21 20:45:06.866 24797 25471 E unknown:ReactNative: \u2022 If you're on a physical device connected to the same machine, run 'adb reverse tcp:8081 tcp:8081 to forward requests from your device
03-21 20:45:06.866 24797 25471 E unknown:ReactNative: \u2022 If your device is on the same Wi-Fi network, set 'Debug server host & port for device' in 'Dev settings' to your machine's IP address and the port of the local dev server - e.g. 10.0.1.1:8081
03-21 20:45:06.866 24797 25471 E unknown:ReactNative: 
03-21 20:45:06.866 24797 25471 E unknown:ReactNative: URL: http://localhost:8081/index.bundle?platform=android&dev=true&lazy=true&minify=false&app=com.rnat&modulesOnly=false&runModule=true&excludeSource=true&sourcePaths=url-server
03-21 20:45:06.866 24797 25471 E unknown:ReactNative: 	at com.facebook.react.common.DebugServerException$Companion.makeGeneric(DebugServerException.kt:72)
03-21 20:45:06.866 24797 25471 E unknown:ReactNative: 	at com.facebook.react.common.DebugServerException.makeGeneric(Unknown Source:2)
03-21 20:45:06.866 24797 25471 E unknown:ReactNative: 	at com.facebook.react.devsupport.BundleDownloader$1.onFailure(BundleDownloader.java:126)
03-21 20:45:06.866 24797 25471 E unknown:ReactNative: 	at okhttp3.internal.connection.RealCall$AsyncCall.run(RealCall.kt:525)
03-21 20:45:06.866 24797 25471 E unknown:ReactNative: 	at java.util.concurrent.ThreadPoolExecutor.runWorker(ThreadPoolExecutor.java:1154)
03-21 20:45:06.866 24797 25471 E unknown:ReactNative: 	at java.util.concurrent.ThreadPoolExecutor$Worker.run(ThreadPoolExecutor.java:652)
03-21 20:45:06.866 24797 25471 E unknown:ReactNative: 	at java.lang.Thread.run(Thread.java:1563)
03-21 20:45:06.866 24797 25471 E unknown:ReactNative: Caused by: java.io.IOException: unexpected end of stream on http://localhost:8081/...
03-21 20:45:06.866 24797 25471 E unknown:ReactNative: 	at okhttp3.internal.http1.Http1ExchangeCodec.readResponseHeaders(Http1ExchangeCodec.kt:210)
03-21 20:45:06.866 24797 25471 E unknown:ReactNative: 	at okhttp3.internal.connection.Exchange.readResponseHeaders(Exchange.kt:110)
03-21 20:45:06.866 24797 25471 E unknown:ReactNative: 	at okhttp3.internal.http.CallServerInterceptor.intercept(CallServerInterceptor.kt:93)
03-21 20:45:06.866 24797 25471 E unknown:ReactNative: 	at okhttp3.internal.http.RealInterceptorChain.proceed(RealInterceptorChain.kt:109)
03-21 20:45:06.866 24797 25471 E unknown:ReactNative: 	at okhttp3.internal.connection.ConnectInterceptor.intercept(ConnectInterceptor.kt:34)
03-21 20:45:06.866 24797 25471 E unknown:ReactNative: 	at okhttp3.internal.http.RealInterceptorChain.proceed(RealInterceptorChain.kt:109)
03-21 20:45:06.866 24797 25471 E unknown:ReactNative: 	at okhttp3.internal.cache.CacheInterceptor.intercept(CacheInterceptor.kt:95)
03-21 20:45:06.866 24797 25471 E unknown:ReactNative: 	at okhttp3.internal.http.RealInterceptorChain.proceed(RealInterceptorChain.kt:109)
03-21 20:45:06.866 24797 25471 E unknown:ReactNative: 	at okhttp3.internal.http.BridgeInterceptor.intercept(BridgeInterceptor.kt:83)
03-21 20:45:06.866 24797 25471 E unknown:ReactNative: 	at okhttp3.internal.http.RealInterceptorChain.proceed(RealInterceptorChain.kt:109)
03-21 20:45:06.866 24797 25471 E unknown:ReactNative: 	at okhttp3.internal.http.RetryAndFollowUpInterceptor.intercept(RetryAndFollowUpInterceptor.kt:76)
03-21 20:45:06.866 24797 25471 E unknown:ReactNative: 	at okhttp3.internal.http.RealInterceptorChain.proceed(RealInterceptorChain.kt:109)
03-21 20:45:06.866 24797 25471 E unknown:ReactNative: 	at okhttp3.internal.connection.RealCall.getResponseWithInterceptorChain$okhttp(RealCall.kt:201)
03-21 20:45:06.866 24797 25471 E unknown:ReactNative: 	at okhttp3.internal.connection.RealCall$AsyncCall.run(RealCall.kt:517)
03-21 20:45:06.866 24797 25471 E unknown:ReactNative: 	... 3 more
03-21 20:45:06.866 24797 25471 E unknown:ReactNative: Caused by: java.io.EOFException: \n not found: limit=0 content=…
03-21 20:45:06.866 24797 25471 E unknown:ReactNative: 	at okio.RealBufferedSource.readUtf8LineStrict(RealBufferedSource.kt:335)
03-21 20:45:06.866 24797 25471 E unknown:ReactNative: 	at okhttp3.internal.http1.HeadersReader.readLine(HeadersReader.kt:29)
03-21 20:45:06.866 24797 25471 E unknown:ReactNative: 	at okhttp3.internal.http1.Http1ExchangeCodec.readResponseHeaders(Http1ExchangeCodec.kt:180)
03-21 20:45:06.866 24797 25471 E unknown:ReactNative: 	... 16 more
03-21 20:45:06.877 24797 24797 E unknown:ReactNative: Exception in native call
03-21 20:45:06.877 24797 24797 E unknown:ReactNative: com.facebook.react.common.DebugServerException: Could not connect to development server.
03-21 20:45:06.877 24797 24797 E unknown:ReactNative: 
03-21 20:45:06.877 24797 24797 E unknown:ReactNative: Try the following to fix the issue:
03-21 20:45:06.877 24797 24797 E unknown:ReactNative: \u2022 Ensure that Metro is running
03-21 20:45:06.877 24797 24797 E unknown:ReactNative: \u2022 Ensure that your device/emulator is connected to your machine and has USB debugging enabled - run 'adb devices' to see a list of connected devices
03-21 20:45:06.877 24797 24797 E unknown:ReactNative: \u2022 Ensure Airplane Mode is disabled
03-21 20:45:06.877 24797 24797 E unknown:ReactNative: \u2022 If you're on a physical device connected to the same machine, run 'adb reverse tcp:8081 tcp:8081 to forward requests from your device
03-21 20:45:06.877 24797 24797 E unknown:ReactNative: \u2022 If your device is on the same Wi-Fi network, set 'Debug server host & port for device' in 'Dev settings' to your machine's IP address and the port of the local dev server - e.g. 10.0.1.1:8081
03-21 20:45:06.877 24797 24797 E unknown:ReactNative: 
03-21 20:45:06.877 24797 24797 E unknown:ReactNative: URL: http://localhost:8081/index.bundle?platform=android&dev=true&lazy=true&minify=false&app=com.rnat&modulesOnly=false&runModule=true&excludeSource=true&sourcePaths=url-server
03-21 20:45:06.877 24797 24797 E unknown:ReactNative: 	at com.facebook.react.common.DebugServerException$Companion.makeGeneric(DebugServerException.kt:72)
03-21 20:45:06.877 24797 24797 E unknown:ReactNative: 	at com.facebook.react.common.DebugServerException.makeGeneric(Unknown Source:2)
03-21 20:45:06.877 24797 24797 E unknown:ReactNative: 	at com.facebook.react.devsupport.BundleDownloader$1.onFailure(BundleDownloader.java:126)
03-21 20:45:06.877 24797 24797 E unknown:ReactNative: 	at okhttp3.internal.connection.RealCall$AsyncCall.run(RealCall.kt:525)
03-21 20:45:06.877 24797 24797 E unknown:ReactNative: 	at java.util.concurrent.ThreadPoolExecutor.runWorker(ThreadPoolExecutor.java:1154)
03-21 20:45:06.877 24797 24797 E unknown:ReactNative: 	at java.util.concurrent.ThreadPoolExecutor$Worker.run(ThreadPoolExecutor.java:652)
03-21 20:45:06.877 24797 24797 E unknown:ReactNative: 	at java.lang.Thread.run(Thread.java:1563)
03-21 20:45:06.877 24797 24797 E unknown:ReactNative: Caused by: java.io.IOException: unexpected end of stream on http://localhost:8081/...
03-21 20:45:06.877 24797 24797 E unknown:ReactNative: 	at okhttp3.internal.http1.Http1ExchangeCodec.readResponseHeaders(Http1ExchangeCodec.kt:210)
03-21 20:45:06.877 24797 24797 E unknown:ReactNative: 	at okhttp3.internal.connection.Exchange.readResponseHeaders(Exchange.kt:110)
03-21 20:45:06.877 24797 24797 E unknown:ReactNative: 	at okhttp3.internal.http.CallServerInterceptor.intercept(CallServerInterceptor.kt:93)
03-21 20:45:06.877 24797 24797 E unknown:ReactNative: 	at okhttp3.internal.http.RealInterceptorChain.proceed(RealInterceptorChain.kt:109)
03-21 20:45:06.877 24797 24797 E unknown:ReactNative: 	at okhttp3.internal.connection.ConnectInterceptor.intercept(ConnectInterceptor.kt:34)
03-21 20:45:06.877 24797 24797 E unknown:ReactNative: 	at okhttp3.internal.http.RealInterceptorChain.proceed(RealInterceptorChain.kt:109)
03-21 20:45:06.877 24797 24797 E unknown:ReactNative: 	at okhttp3.internal.cache.CacheInterceptor.intercept(CacheInterceptor.kt:95)
03-21 20:45:06.877 24797 24797 E unknown:ReactNative: 	at okhttp3.internal.http.RealInterceptorChain.proceed(RealInterceptorChain.kt:109)
03-21 20:45:06.877 24797 24797 E unknown:ReactNative: 	at okhttp3.internal.http.BridgeInterceptor.intercept(BridgeInterceptor.kt:83)
03-21 20:45:06.877 24797 24797 E unknown:ReactNative: 	at okhttp3.internal.http.RealInterceptorChain.proceed(RealInterceptorChain.kt:109)
03-21 20:45:06.877 24797 24797 E unknown:ReactNative: 	at okhttp3.internal.http.RetryAndFollowUpInterceptor.intercept(RetryAndFollowUpInterceptor.kt:76)
03-21 20:45:06.877 24797 24797 E unknown:ReactNative: 	at okhttp3.internal.http.RealInterceptorChain.proceed(RealInterceptorChain.kt:109)
03-21 20:45:06.877 24797 24797 E unknown:ReactNative: 	at okhttp3.internal.connection.RealCall.getResponseWithInterceptorChain$okhttp(RealCall.kt:201)
03-21 20:45:06.877 24797 24797 E unknown:ReactNative: 	at okhttp3.internal.connection.RealCall$AsyncCall.run(RealCall.kt:517)
03-21 20:45:06.877 24797 24797 E unknown:ReactNative: 	... 3 more
03-21 20:45:06.877 24797 24797 E unknown:ReactNative: Caused by: java.io.EOFException: \n not found: limit=0 content=…
03-21 20:45:06.877 24797 24797 E unknown:ReactNative: 	at okio.RealBufferedSource.readUtf8LineStrict(RealBufferedSource.kt:335)
03-21 20:45:06.877 24797 24797 E unknown:ReactNative: 	at okhttp3.internal.http1.HeadersReader.readLine(HeadersReader.kt:29)
03-21 20:45:06.877 24797 24797 E unknown:ReactNative: 	at okhttp3.internal.http1.Http1ExchangeCodec.readResponseHeaders(Http1ExchangeCodec.kt:180)
03-21 20:45:06.877 24797 24797 E unknown:ReactNative: 	... 16 more
03-21 20:45:06.889   852  1055 W hwcomposer: [DRMDEV] paramIsSame(), id 1043, w 1080/1080, h 2400/2400, pitch 1088/1088, format 0x2/0x1, secure 0/0  
03-21 20:45:06.919  1587  1657 I ImeTracker: system_server:ecdc6af8: onRequestHide at ORIGIN_SERVER reason IME_REQUESTED_CHANGED_LISTENER fromUser false
03-21 20:45:06.919  1587  1655 I ImeTracker: system_server:ecdc6af8: onCancelled at PHASE_SERVER_SHOULD_HIDE
03-21 20:45:06.952   914   988 E surfaceflinger: == MALI DEBUG ===eglp_winsys_populate_image_templates ==12288
03-21 20:45:06.957   914   988 E surfaceflinger: == MALI DEBUG ===eglp_winsys_populate_image_templates ==12288
03-21 20:45:06.991  1587  1910 I ImeTracker: com.rnat:d0b136be: onRequestHide at ORIGIN_SERVER reason HIDE_UNSPECIFIED_WINDOW fromUser false
03-21 20:45:06.991 24797 24797 I ImeTracker: com.rnat:d0b136be: onCancelled at PHASE_CLIENT_ALREADY_HIDDEN
03-21 20:45:06.992  3073  3073 I GoogleInputMethodService: GoogleInputMethodService.onFinishInput():2114 
03-21 20:45:06.993  3073  3073 I Module  : DeviceLockedStatusModuleProvider$Module.updateDeviceLockedStatus():103 repeatCheckTimes = 0, locked = false
03-21 20:45:06.993  1587  3034 I ImeTracker: system_server:e6b8b606: onRequestHide at ORIGIN_SERVER reason IME_REQUESTED_CHANGED_LISTENER fromUser false
03-21 20:45:06.993  1587  1655 I ImeTracker: system_server:e6b8b606: onCancelled at PHASE_SERVER_SHOULD_HIDE
03-21 20:45:06.994  3073  3073 I GoogleInputMethodService: GoogleInputMethodService.onStartInput():1385 onStartInput(EditorInfo{EditorInfo{packageName=com.rnat, inputType=0, inputTypeString=NULL, enableLearning=false, autoCorrection=false, autoComplete=false, imeOptions=0, privateImeOptions=null, actionName=UNSPECIFIED, actionLabel=null, initialSelStart=-1, initialSelEnd=-1, initialCapsMode=0, label=null, fieldId=0, fieldName=null, extras=null, hintText=null, hintLocales=[]}}, false)
03-21 20:45:06.994  3073  3073 I AndroidIME: LatinIMEBase.updateInputViewCoverNavigation():314 Update input view padding, extendsTouchBelowSpace=true, bottom inset=126
03-21 20:45:06.995  3073  3073 I Module  : DeviceLockedStatusModuleProvider$Module.updateDeviceLockedStatus():103 repeatCheckTimes = 1, locked = false
03-21 20:45:06.995  1587  3034 W PackageConfigPersister: App-specific configuration not found for packageName: com.rnat and userId: 0
03-21 20:45:07.005   914   988 E surfaceflinger: == MALI DEBUG ===eglp_winsys_populate_image_templates ==12288
03-21 20:45:07.024 24797 24797 I ReactNativeJNI: Error occurred, shutting down websocket connection: WebSocket exception unexpected end of stream on http://localhost:8081/...
03-21 20:45:07.033   852  1055 W hwcomposer: [DRMDEV] paramIsSame(), id 1045, w 1080/1080, h 2400/2400, pitch 1088/1088, format 0x1/0x2, secure 0/0  
03-21 20:45:07.112   625  2778 W libperfmgr: Failed to write to node: /dev/stune/top-app/schedtune.boost with value: 10, fd: -1
03-21 20:45:07.112   625  2778 W libperfmgr: Failed to write to node: /proc/sys/kernel/sched_boost with value: 0, fd: -1
03-21 20:45:07.114   852  1054 I hwcomposer: [HWC] (0)fire a callback of refresh to SF[4]  
03-21 20:45:07.119   625  2778 W libperfmgr: Failed to write to node: /dev/stune/top-app/schedtune.boost with value: 10, fd: -1
03-21 20:45:07.119   625  2778 W libperfmgr: Failed to write to node: /proc/sys/kernel/sched_boost with value: 0, fd: -1
03-21 20:45:07.195   625  2778 W libperfmgr: Failed to write to node: /dev/stune/top-app/schedtune.boost with value: 10, fd: -1
03-21 20:45:07.196   625  2778 W libperfmgr: Failed to write to node: /proc/sys/kernel/sched_boost with value: 0, fd: -1
03-21 20:45:07.357   914   988 E surfaceflinger: == MALI DEBUG ===eglp_winsys_populate_image_templates ==12288
03-21 20:45:07.361  2437  2437 E PagedView: validateNewPage: failed to find a page > mMinScrollX
03-21 20:45:07.361  2437  2437 E PagedView: validateNewPage: failed to find a page > mMinScrollX
03-21 20:45:07.366   852   992 I hwcomposer: [HWCDisplay] [Display_0 (type:1)] fps:67.070007,dur:1133.14,max:241.21,min:10.95  
03-21 20:45:07.367  2437  2437 I NavHandleLongPressHandler: Contextual Search invocation: touch finished with reason: touch action up
03-21 20:45:07.370   625  2778 W libperfmgr: Failed to write to node: /dev/stune/top-app/schedtune.boost with value: 50, fd: -1
03-21 20:45:07.371   625  2778 W libperfmgr: Failed to write to node: /proc/sys/kernel/sched_boost with value: 1, fd: -1
03-21 20:45:07.371  2437  2437 E PagedView: validateNewPage: failed to find a page > mMinScrollX
03-21 20:45:07.371  1587  1680 W libprocessgroup: SetCgroup::ExecuteForProcess: failed to open /dev/stune/top-app/cgroup.procs: No such file or directory
03-21 20:45:07.371  2437  2437 E PagedView: validateNewPage: failed to find a page > mMinScrollX
03-21 20:45:07.376   844   878 I netd    : tetherGetStats() -> {[]} <3.00ms>
03-21 20:45:07.384   625  2778 W libperfmgr: Failed to write to node: /dev/stune/top-app/schedtune.boost with value: 50, fd: -1
03-21 20:45:07.384 24797 25471 E unknown:ReactNative: Unable to download JS bundle
03-21 20:45:07.384 24797 25471 E unknown:ReactNative: com.facebook.react.common.DebugServerException: Could not connect to development server.
03-21 20:45:07.384 24797 25471 E unknown:ReactNative: 
03-21 20:45:07.384 24797 25471 E unknown:ReactNative: Try the following to fix the issue:
03-21 20:45:07.384 24797 25471 E unknown:ReactNative: \u2022 Ensure that Metro is running
03-21 20:45:07.384 24797 25471 E unknown:ReactNative: \u2022 Ensure that your device/emulator is connected to your machine and has USB debugging enabled - run 'adb devices' to see a list of connected devices
03-21 20:45:07.384 24797 25471 E unknown:ReactNative: \u2022 Ensure Airplane Mode is disabled
03-21 20:45:07.384 24797 25471 E unknown:ReactNative: \u2022 If you're on a physical device connected to the same machine, run 'adb reverse tcp:8081 tcp:8081 to forward requests from your device
03-21 20:45:07.384 24797 25471 E unknown:ReactNative: \u2022 If your device is on the same Wi-Fi network, set 'Debug server host & port for device' in 'Dev settings' to your machine's IP address and the port of the local dev server - e.g. 10.0.1.1:8081
03-21 20:45:07.384 24797 25471 E unknown:ReactNative: 
03-21 20:45:07.384 24797 25471 E unknown:ReactNative: URL: http://localhost:8081/index.bundle?platform=android&dev=true&lazy=true&minify=false&app=com.rnat&modulesOnly=false&runModule=true&excludeSource=true&sourcePaths=url-server
03-21 20:45:07.384 24797 25471 E unknown:ReactNative: 	at com.facebook.react.common.DebugServerException$Companion.makeGeneric(DebugServerException.kt:72)
03-21 20:45:07.384 24797 25471 E unknown:ReactNative: 	at com.facebook.react.common.DebugServerException.makeGeneric(Unknown Source:2)
03-21 20:45:07.384 24797 25471 E unknown:ReactNative: 	at com.facebook.react.devsupport.BundleDownloader$1.onFailure(BundleDownloader.java:126)
03-21 20:45:07.384 24797 25471 E unknown:ReactNative: 	at okhttp3.internal.connection.RealCall$AsyncCall.run(RealCall.kt:525)
03-21 20:45:07.384 24797 25471 E unknown:ReactNative: 	at java.util.concurrent.ThreadPoolExecutor.runWorker(ThreadPoolExecutor.java:1154)
03-21 20:45:07.384 24797 25471 E unknown:ReactNative: 	at java.util.concurrent.ThreadPoolExecutor$Worker.run(ThreadPoolExecutor.java:652)
03-21 20:45:07.384 24797 25471 E unknown:ReactNative: 	at java.lang.Thread.run(Thread.java:1563)
03-21 20:45:07.384 24797 25471 E unknown:ReactNative: Caused by: java.io.IOException: unexpected end of stream on http://localhost:8081/...
03-21 20:45:07.384 24797 25471 E unknown:ReactNative: 	at okhttp3.internal.http1.Http1ExchangeCodec.readResponseHeaders(Http1ExchangeCodec.kt:210)
03-21 20:45:07.384 24797 25471 E unknown:ReactNative: 	at okhttp3.internal.connection.Exchange.readResponseHeaders(Exchange.kt:110)
03-21 20:45:07.384 24797 25471 E unknown:ReactNative: 	at okhttp3.internal.http.CallServerInterceptor.intercept(CallServerInterceptor.kt:93)
03-21 20:45:07.384 24797 25471 E unknown:ReactNative: 	at okhttp3.internal.http.RealInterceptorChain.proceed(RealInterceptorChain.kt:109)
03-21 20:45:07.384 24797 25471 E unknown:ReactNative: 	at okhttp3.internal.connection.ConnectInterceptor.intercept(ConnectInterceptor.kt:34)
03-21 20:45:07.384 24797 25471 E unknown:ReactNative: 	at okhttp3.internal.http.RealInterceptorChain.proceed(RealInterceptorChain.kt:109)
03-21 20:45:07.384 24797 25471 E unknown:ReactNative: 	at okhttp3.internal.cache.CacheInterceptor.intercept(CacheInterceptor.kt:95)
03-21 20:45:07.384 24797 25471 E unknown:ReactNative: 	at okhttp3.internal.http.RealInterceptorChain.proceed(RealInterceptorChain.kt:109)
03-21 20:45:07.384 24797 25471 E unknown:ReactNative: 	at okhttp3.internal.http.BridgeInterceptor.intercept(BridgeInterceptor.kt:83)
03-21 20:45:07.384 24797 25471 E unknown:ReactNative: 	at okhttp3.internal.http.RealInterceptorChain.proceed(RealInterceptorChain.kt:109)
03-21 20:45:07.384 24797 25471 E unknown:ReactNative: 	at okhttp3.internal.http.RetryAndFollowUpInterceptor.intercept(RetryAndFollowUpInterceptor.kt:76)
03-21 20:45:07.384 24797 25471 E unknown:ReactNative: 	at okhttp3.internal.http.RealInterceptorChain.proceed(RealInterceptorChain.kt:109)
03-21 20:45:07.384 24797 25471 E unknown:ReactNative: 	at okhttp3.internal.connection.RealCall.getResponseWithInterceptorChain$okhttp(RealCall.kt:201)
03-21 20:45:07.384 24797 25471 E unknown:ReactNative: 	at okhttp3.internal.connection.RealCall$AsyncCall.run(RealCall.kt:517)
03-21 20:45:07.384 24797 25471 E unknown:ReactNative: 	... 3 more
03-21 20:45:07.384 24797 25471 E unknown:ReactNative: Caused by: java.io.EOFException: \n not found: limit=0 content=…
03-21 20:45:07.384 24797 25471 E unknown:ReactNative: 	at okio.RealBufferedSource.readUtf8LineStrict(RealBufferedSource.kt:335)
03-21 20:45:07.384 24797 25471 E unknown:ReactNative: 	at okhttp3.internal.http1.HeadersReader.readLine(HeadersReader.kt:29)
03-21 20:45:07.384 24797 25471 E unknown:ReactNative: 	at okhttp3.internal.http1.Http1ExchangeCodec.readResponseHeaders(Http1ExchangeCodec.kt:180)
03-21 20:45:07.384 24797 25471 E unknown:ReactNative: 	... 16 more
03-21 20:45:07.384   625  2778 W libperfmgr: Failed to write to node: /proc/sys/kernel/sched_boost with value: 2, fd: -1
03-21 20:45:07.391 24797 24797 E unknown:ReactNative: Exception in native call
03-21 20:45:07.391 24797 24797 E unknown:ReactNative: com.facebook.react.common.DebugServerException: Could not connect to development server.
03-21 20:45:07.391 24797 24797 E unknown:ReactNative: 
03-21 20:45:07.391 24797 24797 E unknown:ReactNative: Try the following to fix the issue:
03-21 20:45:07.391 24797 24797 E unknown:ReactNative: \u2022 Ensure that Metro is running
03-21 20:45:07.391 24797 24797 E unknown:ReactNative: \u2022 Ensure that your device/emulator is connected to your machine and has USB debugging enabled - run 'adb devices' to see a list of connected devices
03-21 20:45:07.391 24797 24797 E unknown:ReactNative: \u2022 Ensure Airplane Mode is disabled
03-21 20:45:07.391 24797 24797 E unknown:ReactNative: \u2022 If you're on a physical device connected to the same machine, run 'adb reverse tcp:8081 tcp:8081 to forward requests from your device
03-21 20:45:07.391 24797 24797 E unknown:ReactNative: \u2022 If your device is on the same Wi-Fi network, set 'Debug server host & port for device' in 'Dev settings' to your machine's IP address and the port of the local dev server - e.g. 10.0.1.1:8081
03-21 20:45:07.391 24797 24797 E unknown:ReactNative: 
03-21 20:45:07.391 24797 24797 E unknown:ReactNative: URL: http://localhost:8081/index.bundle?platform=android&dev=true&lazy=true&minify=false&app=com.rnat&modulesOnly=false&runModule=true&excludeSource=true&sourcePaths=url-server
03-21 20:45:07.391 24797 24797 E unknown:ReactNative: 	at com.facebook.react.common.DebugServerException$Companion.makeGeneric(DebugServerException.kt:72)
03-21 20:45:07.391 24797 24797 E unknown:ReactNative: 	at com.facebook.react.common.DebugServerException.makeGeneric(Unknown Source:2)
03-21 20:45:07.391 24797 24797 E unknown:ReactNative: 	at com.facebook.react.devsupport.BundleDownloader$1.onFailure(BundleDownloader.java:126)
03-21 20:45:07.391 24797 24797 E unknown:ReactNative: 	at okhttp3.internal.connection.RealCall$AsyncCall.run(RealCall.kt:525)
03-21 20:45:07.391 24797 24797 E unknown:ReactNative: 	at java.util.concurrent.ThreadPoolExecutor.runWorker(ThreadPoolExecutor.java:1154)
03-21 20:45:07.391 24797 24797 E unknown:ReactNative: 	at java.util.concurrent.ThreadPoolExecutor$Worker.run(ThreadPoolExecutor.java:652)
03-21 20:45:07.391 24797 24797 E unknown:ReactNative: 	at java.lang.Thread.run(Thread.java:1563)
03-21 20:45:07.391 24797 24797 E unknown:ReactNative: Caused by: java.io.IOException: unexpected end of stream on http://localhost:8081/...
03-21 20:45:07.391 24797 24797 E unknown:ReactNative: 	at okhttp3.internal.http1.Http1ExchangeCodec.readResponseHeaders(Http1ExchangeCodec.kt:210)
03-21 20:45:07.391 24797 24797 E unknown:ReactNative: 	at okhttp3.internal.connection.Exchange.readResponseHeaders(Exchange.kt:110)
03-21 20:45:07.391 24797 24797 E unknown:ReactNative: 	at okhttp3.internal.http.CallServerInterceptor.intercept(CallServerInterceptor.kt:93)
03-21 20:45:07.391 24797 24797 E unknown:ReactNative: 	at okhttp3.internal.http.RealInterceptorChain.proceed(RealInterceptorChain.kt:109)
03-21 20:45:07.391 24797 24797 E unknown:ReactNative: 	at okhttp3.internal.connection.ConnectInterceptor.intercept(ConnectInterceptor.kt:34)
03-21 20:45:07.391 24797 24797 E unknown:ReactNative: 	at okhttp3.internal.http.RealInterceptorChain.proceed(RealInterceptorChain.kt:109)
03-21 20:45:07.391 24797 24797 E unknown:ReactNative: 	at okhttp3.internal.cache.CacheInterceptor.intercept(CacheInterceptor.kt:95)
03-21 20:45:07.391 24797 24797 E unknown:ReactNative: 	at okhttp3.internal.http.RealInterceptorChain.proceed(RealInterceptorChain.kt:109)
03-21 20:45:07.391 24797 24797 E unknown:ReactNative: 	at okhttp3.internal.http.BridgeInterceptor.intercept(BridgeInterceptor.kt:83)
03-21 20:45:07.391 24797 24797 E unknown:ReactNative: 	at okhttp3.internal.http.RealInterceptorChain.proceed(RealInterceptorChain.kt:109)
03-21 20:45:07.391 24797 24797 E unknown:ReactNative: 	at okhttp3.internal.http.RetryAndFollowUpInterceptor.intercept(RetryAndFollowUpInterceptor.kt:76)
03-21 20:45:07.391 24797 24797 E unknown:ReactNative: 	at okhttp3.internal.http.RealInterceptorChain.proceed(RealInterceptorChain.kt:109)
03-21 20:45:07.391 24797 24797 E unknown:ReactNative: 	at okhttp3.internal.connection.RealCall.getResponseWithInterceptorChain$okhttp(RealCall.kt:201)
03-21 20:45:07.391 24797 24797 E unknown:ReactNative: 	at okhttp3.internal.connection.RealCall$AsyncCall.run(RealCall.kt:517)
03-21 20:45:07.391 24797 24797 E unknown:ReactNative: 	... 3 more
03-21 20:45:07.391 24797 24797 E unknown:ReactNative: Caused by: java.io.EOFException: \n not found: limit=0 content=…
03-21 20:45:07.391 24797 24797 E unknown:ReactNative: 	at okio.RealBufferedSource.readUtf8LineStrict(RealBufferedSource.kt:335)
03-21 20:45:07.391 24797 24797 E unknown:ReactNative: 	at okhttp3.internal.http1.HeadersReader.readLine(HeadersReader.kt:29)
03-21 20:45:07.391 24797 24797 E unknown:ReactNative: 	at okhttp3.internal.http1.Http1ExchangeCodec.readResponseHeaders(Http1ExchangeCodec.kt:180)
03-21 20:45:07.391 24797 24797 E unknown:ReactNative: 	... 16 more
03-21 20:45:07.407   914   988 E surfaceflinger: == MALI DEBUG ===eglp_winsys_populate_image_templates ==12288
03-21 20:45:07.408  1587  1680 W libprocessgroup: SetCgroup::ExecuteForProcess: failed to open /dev/stune/top-app/cgroup.procs: No such file or directory
03-21 20:45:07.410 23839 23839 I bsws    : onStart
03-21 20:45:07.410 23839 23839 I bsws    : onResume
03-21 20:45:07.411   852  1055 W hwcomposer: [DRMDEV] paramIsSame(), id 1045, w 1080/1080, h 2400/2400, pitch 1088/1088, format 0x2/0x1, secure 0/0  
03-21 20:45:07.416   914   988 E surfaceflinger: == MALI DEBUG ===eglp_winsys_populate_image_templates ==12288
03-21 20:45:07.427  1587  1680 W libprocessgroup: SetCgroup::ExecuteForProcess: failed to open /dev/stune/top-app/cgroup.procs: No such file or directory
03-21 20:45:07.440  1587  1657 I ImeTracker: system_server:4af1cac2: onRequestHide at ORIGIN_SERVER reason IME_REQUESTED_CHANGED_LISTENER fromUser false
03-21 20:45:07.440  1587  1655 I ImeTracker: system_server:4af1cac2: onCancelled at PHASE_SERVER_SHOULD_HIDE
03-21 20:45:07.476   914   988 E surfaceflinger: == MALI DEBUG ===eglp_winsys_populate_image_templates ==12288
03-21 20:45:07.481   914   988 E surfaceflinger: == MALI DEBUG ===eglp_winsys_populate_image_templates ==12288
03-21 20:45:07.488  2437  2437 W SplitSelectStateCtor: Missing session instanceIds
03-21 20:45:07.489   625  2778 W libperfmgr: Failed to write to node: /dev/stune/top-app/schedtune.boost with value: 50, fd: -1
03-21 20:45:07.489   625  2778 W libperfmgr: Failed to write to node: /proc/sys/kernel/sched_boost with value: 2, fd: -1
03-21 20:45:07.504  2437  2437 I AutofillManager: onInvisibleForAutofill(): expiringResponse
03-21 20:45:07.513  1587  1910 I ImeTracker: com.rnat:f6b8fb7c: onRequestHide at ORIGIN_SERVER reason HIDE_UNSPECIFIED_WINDOW fromUser false
03-21 20:45:07.513 24797 24797 I ImeTracker: com.rnat:f6b8fb7c: onCancelled at PHASE_CLIENT_ALREADY_HIDDEN
03-21 20:45:07.514  3073  3073 I GoogleInputMethodService: GoogleInputMethodService.onFinishInput():2114 
03-21 20:45:07.514  3073  3073 I Module  : DeviceLockedStatusModuleProvider$Module.updateDeviceLockedStatus():103 repeatCheckTimes = 0, locked = false
03-21 20:45:07.514  3073  3073 I GoogleInputMethodService: GoogleInputMethodService.onStartInput():1385 onStartInput(EditorInfo{EditorInfo{packageName=com.rnat, inputType=0, inputTypeString=NULL, enableLearning=false, autoCorrection=false, autoComplete=false, imeOptions=0, privateImeOptions=null, actionName=UNSPECIFIED, actionLabel=null, initialSelStart=-1, initialSelEnd=-1, initialCapsMode=0, label=null, fieldId=0, fieldName=null, extras=null, hintText=null, hintLocales=[]}}, false)
03-21 20:45:07.514  3073  3073 I AndroidIME: LatinIMEBase.updateInputViewCoverNavigation():314 Update input view padding, extendsTouchBelowSpace=true, bottom inset=126
03-21 20:45:07.515  1587  3034 I ImeTracker: system_server:e38d4be5: onRequestHide at ORIGIN_SERVER reason IME_REQUESTED_CHANGED_LISTENER fromUser false
03-21 20:45:07.515  3073  3073 I Module  : DeviceLockedStatusModuleProvider$Module.updateDeviceLockedStatus():103 repeatCheckTimes = 1, locked = false
03-21 20:45:07.515  1587  1655 I ImeTracker: system_server:e38d4be5: onCancelled at PHASE_SERVER_SHOULD_HIDE
03-21 20:45:07.515  1587  3034 W PackageConfigPersister: App-specific configuration not found for packageName: com.rnat and userId: 0
03-21 20:45:07.527   914   988 E surfaceflinger: == MALI DEBUG ===eglp_winsys_populate_image_templates ==12288
03-21 20:45:07.555   852  1055 W hwcomposer: [DRMDEV] paramIsSame(), id 1048, w 1080/1080, h 2400/2400, pitch 1088/1088, format 0x1/0x2, secure 0/0  
03-21 20:45:07.588  2437  2437 I droid.launcher3: Explicit concurrent mark compact GC freed 1814KB AllocSpace bytes, 0(0B) LOS objects, 49% free, 12MB/24MB, paused 533us,1.554ms total 83.086ms
03-21 20:45:07.588 23839 23839 I bsws    : onPause
03-21 20:45:07.589  1587  1680 W libprocessgroup: SetCgroup::ExecuteForProcess: failed to open /dev/stune/background/cgroup.procs: No such file or directory
03-21 20:45:07.589  2437  2446 W System  : A resource failed to call release. 
03-21 20:45:07.589  2437  2446 W System  : A resource failed to call release. 
03-21 20:45:07.589 23839 23839 I bsws    : onStop
03-21 20:45:07.590  2437  2446 W System  : A resource failed to call release. 
03-21 20:45:07.590  2437  2446 W System  : A resource failed to call release. 
03-21 20:45:07.634   625  2778 W libperfmgr: Failed to write to node: /dev/stune/top-app/schedtune.boost with value: 10, fd: -1
03-21 20:45:07.634   625  2778 W libperfmgr: Failed to write to node: /proc/sys/kernel/sched_boost with value: 0, fd: -1
03-21 20:45:07.670   852  1054 I hwcomposer: [HWC] (0)fire a callback of refresh to SF[4]  
03-21 20:45:07.676   625  2778 W libperfmgr: Failed to write to node: /dev/stune/top-app/schedtune.boost with value: 10, fd: -1
03-21 20:45:07.676   625  2778 W libperfmgr: Failed to write to node: /proc/sys/kernel/sched_boost with value: 0, fd: -1
03-21 20:45:07.751   625  2778 W libperfmgr: Failed to write to node: /dev/stune/top-app/schedtune.boost with value: 10, fd: -1
03-21 20:45:07.751   625  2778 W libperfmgr: Failed to write to node: /proc/sys/kernel/sched_boost with value: 0, fd: -1
03-21 20:45:07.871  2437  2437 E PagedView: validateNewPage: failed to find a page > mMinScrollX
03-21 20:45:07.871  2437  2437 E PagedView: validateNewPage: failed to find a page > mMinScrollX
03-21 20:45:07.876   625  2778 W libperfmgr: Failed to write to node: /dev/stune/top-app/schedtune.boost with value: 50, fd: -1
03-21 20:45:07.876   625  2778 W libperfmgr: Failed to write to node: /proc/sys/kernel/sched_boost with value: 1, fd: -1
03-21 20:45:07.876  1587  1680 W libprocessgroup: SetCgroup::ExecuteForProcess: failed to open /dev/stune/top-app/cgroup.procs: No such file or directory
03-21 20:45:07.877   914   988 E surfaceflinger: == MALI DEBUG ===eglp_winsys_populate_image_templates ==12288
03-21 20:45:07.893  2437  2437 I TasksRepository: requestTaskData: 800
03-21 20:45:07.893  2437  2437 I TasksRepository: requestTaskData: 799
03-21 20:45:07.893  2437  2437 I TasksRepository: requestTaskData: 797
03-21 20:45:07.894  2437  2437 I NavHandleLongPressHandler: Contextual Search invocation: touch finished with reason: touch action up
03-21 20:45:07.896  2437  2437 E PagedView: validateNewPage: failed to find a page > mMinScrollX
03-21 20:45:07.896  2437  2437 E PagedView: validateNewPage: failed to find a page > mMinScrollX
03-21 20:45:07.906   625  2778 W libperfmgr: Failed to write to node: /dev/stune/top-app/schedtune.boost with value: 50, fd: -1
03-21 20:45:07.906   625  2778 W libperfmgr: Failed to write to node: /proc/sys/kernel/sched_boost with value: 2, fd: -1
03-21 20:45:07.906 24797 25471 E unknown:ReactNative: Unable to download JS bundle
03-21 20:45:07.906 24797 25471 E unknown:ReactNative: com.facebook.react.common.DebugServerException: Could not connect to development server.
03-21 20:45:07.906 24797 25471 E unknown:ReactNative: 
03-21 20:45:07.906 24797 25471 E unknown:ReactNative: Try the following to fix the issue:
03-21 20:45:07.906 24797 25471 E unknown:ReactNative: \u2022 Ensure that Metro is running
03-21 20:45:07.906 24797 25471 E unknown:ReactNative: \u2022 Ensure that your device/emulator is connected to your machine and has USB debugging enabled - run 'adb devices' to see a list of connected devices
03-21 20:45:07.906 24797 25471 E unknown:ReactNative: \u2022 Ensure Airplane Mode is disabled
03-21 20:45:07.906 24797 25471 E unknown:ReactNative: \u2022 If you're on a physical device connected to the same machine, run 'adb reverse tcp:8081 tcp:8081 to forward requests from your device
03-21 20:45:07.906 24797 25471 E unknown:ReactNative: \u2022 If your device is on the same Wi-Fi network, set 'Debug server host & port for device' in 'Dev settings' to your machine's IP address and the port of the local dev server - e.g. 10.0.1.1:8081
03-21 20:45:07.906 24797 25471 E unknown:ReactNative: 
03-21 20:45:07.906 24797 25471 E unknown:ReactNative: URL: http://localhost:8081/index.bundle?platform=android&dev=true&lazy=true&minify=false&app=com.rnat&modulesOnly=false&runModule=true&excludeSource=true&sourcePaths=url-server
03-21 20:45:07.906 24797 25471 E unknown:ReactNative: 	at com.facebook.react.common.DebugServerException$Companion.makeGeneric(DebugServerException.kt:72)
03-21 20:45:07.906 24797 25471 E unknown:ReactNative: 	at com.facebook.react.common.DebugServerException.makeGeneric(Unknown Source:2)
03-21 20:45:07.906 24797 25471 E unknown:ReactNative: 	at com.facebook.react.devsupport.BundleDownloader$1.onFailure(BundleDownloader.java:126)
03-21 20:45:07.906 24797 25471 E unknown:ReactNative: 	at okhttp3.internal.connection.RealCall$AsyncCall.run(RealCall.kt:525)
03-21 20:45:07.906 24797 25471 E unknown:ReactNative: 	at java.util.concurrent.ThreadPoolExecutor.runWorker(ThreadPoolExecutor.java:1154)
03-21 20:45:07.906 24797 25471 E unknown:ReactNative: 	at java.util.concurrent.ThreadPoolExecutor$Worker.run(ThreadPoolExecutor.java:652)
03-21 20:45:07.906 24797 25471 E unknown:ReactNative: 	at java.lang.Thread.run(Thread.java:1563)
03-21 20:45:07.906 24797 25471 E unknown:ReactNative: Caused by: java.io.IOException: unexpected end of stream on http://localhost:8081/...
03-21 20:45:07.906 24797 25471 E unknown:ReactNative: 	at okhttp3.internal.http1.Http1ExchangeCodec.readResponseHeaders(Http1ExchangeCodec.kt:210)
03-21 20:45:07.906 24797 25471 E unknown:ReactNative: 	at okhttp3.internal.connection.Exchange.readResponseHeaders(Exchange.kt:110)
03-21 20:45:07.906 24797 25471 E unknown:ReactNative: 	at okhttp3.internal.http.CallServerInterceptor.intercept(CallServerInterceptor.kt:93)
03-21 20:45:07.906 24797 25471 E unknown:ReactNative: 	at okhttp3.internal.http.RealInterceptorChain.proceed(RealInterceptorChain.kt:109)
03-21 20:45:07.906 24797 25471 E unknown:ReactNative: 	at okhttp3.internal.connection.ConnectInterceptor.intercept(ConnectInterceptor.kt:34)
03-21 20:45:07.906 24797 25471 E unknown:ReactNative: 	at okhttp3.internal.http.RealInterceptorChain.proceed(RealInterceptorChain.kt:109)
03-21 20:45:07.906 24797 25471 E unknown:ReactNative: 	at okhttp3.internal.cache.CacheInterceptor.intercept(CacheInterceptor.kt:95)
03-21 20:45:07.906 24797 25471 E unknown:ReactNative: 	at okhttp3.internal.http.RealInterceptorChain.proceed(RealInterceptorChain.kt:109)
03-21 20:45:07.906 24797 25471 E unknown:ReactNative: 	at okhttp3.internal.http.BridgeInterceptor.intercept(BridgeInterceptor.kt:83)
03-21 20:45:07.906 24797 25471 E unknown:ReactNative: 	at okhttp3.internal.http.RealInterceptorChain.proceed(RealInterceptorChain.kt:109)
03-21 20:45:07.906 24797 25471 E unknown:ReactNative: 	at okhttp3.internal.http.RetryAndFollowUpInterceptor.intercept(RetryAndFollowUpInterceptor.kt:76)
03-21 20:45:07.906 24797 25471 E unknown:ReactNative: 	at okhttp3.internal.http.RealInterceptorChain.proceed(RealInterceptorChain.kt:109)
03-21 20:45:07.906 24797 25471 E unknown:ReactNative: 	at okhttp3.internal.connection.RealCall.getResponseWithInterceptorChain$okhttp(RealCall.kt:201)
03-21 20:45:07.906 24797 25471 E unknown:ReactNative: 	at okhttp3.internal.connection.RealCall$AsyncCall.run(RealCall.kt:517)
03-21 20:45:07.906 24797 25471 E unknown:ReactNative: 	... 3 more
03-21 20:45:07.906 24797 25471 E unknown:ReactNative: Caused by: java.io.EOFException: \n not found: limit=0 content=…
03-21 20:45:07.906 24797 25471 E unknown:ReactNative: 	at okio.RealBufferedSource.readUtf8LineStrict(RealBufferedSource.kt:335)
03-21 20:45:07.906 24797 25471 E unknown:ReactNative: 	at okhttp3.internal.http1.HeadersReader.readLine(HeadersReader.kt:29)
03-21 20:45:07.906 24797 25471 E unknown:ReactNative: 	at okhttp3.internal.http1.Http1ExchangeCodec.readResponseHeaders(Http1ExchangeCodec.kt:180)
03-21 20:45:07.906 24797 25471 E unknown:ReactNative: 	... 16 more
03-21 20:45:07.917   914   988 E surfaceflinger: == MALI DEBUG ===eglp_winsys_populate_image_templates ==12288
03-21 20:45:07.918   914   988 E surfaceflinger: == MALI DEBUG ===eglp_winsys_populate_image_templates ==12288
03-21 20:45:07.919  1587  1680 W libprocessgroup: SetCgroup::ExecuteForProcess: failed to open /dev/stune/top-app/cgroup.procs: No such file or directory
03-21 20:45:07.922 23839 23839 I bsws    : onStart
03-21 20:45:07.924 23839 23839 I bsws    : onResume
03-21 20:45:07.926   914   988 E surfaceflinger: == MALI DEBUG ===eglp_winsys_populate_image_templates ==12288
03-21 20:45:07.929  1587  2574 W WindowManager: Failed looking up window session=Session{fa1ae92 24797:u0a10399} callers=com.android.server.wm.WindowManagerService.windowForClient:6806 com.android.server.wm.WindowManagerService.finishDrawingWindow:3045 com.android.server.wm.Session.finishDrawing:334 
03-21 20:45:07.930 24797 24797 E unknown:ReactNative: Exception in native call
03-21 20:45:07.930 24797 24797 E unknown:ReactNative: com.facebook.react.common.DebugServerException: Could not connect to development server.
03-21 20:45:07.930 24797 24797 E unknown:ReactNative: 
03-21 20:45:07.930 24797 24797 E unknown:ReactNative: Try the following to fix the issue:
03-21 20:45:07.930 24797 24797 E unknown:ReactNative: \u2022 Ensure that Metro is running
03-21 20:45:07.930 24797 24797 E unknown:ReactNative: \u2022 Ensure that your device/emulator is connected to your machine and has USB debugging enabled - run 'adb devices' to see a list of connected devices
03-21 20:45:07.930 24797 24797 E unknown:ReactNative: \u2022 Ensure Airplane Mode is disabled
03-21 20:45:07.930 24797 24797 E unknown:ReactNative: \u2022 If you're on a physical device connected to the same machine, run 'adb reverse tcp:8081 tcp:8081 to forward requests from your device
03-21 20:45:07.930 24797 24797 E unknown:ReactNative: \u2022 If your device is on the same Wi-Fi network, set 'Debug server host & port for device' in 'Dev settings' to your machine's IP address and the port of the local dev server - e.g. 10.0.1.1:8081
03-21 20:45:07.930 24797 24797 E unknown:ReactNative: 
03-21 20:45:07.930 24797 24797 E unknown:ReactNative: URL: http://localhost:8081/index.bundle?platform=android&dev=true&lazy=true&minify=false&app=com.rnat&modulesOnly=false&runModule=true&excludeSource=true&sourcePaths=url-server
03-21 20:45:07.930 24797 24797 E unknown:ReactNative: 	at com.facebook.react.common.DebugServerException$Companion.makeGeneric(DebugServerException.kt:72)
03-21 20:45:07.930 24797 24797 E unknown:ReactNative: 	at com.facebook.react.common.DebugServerException.makeGeneric(Unknown Source:2)
03-21 20:45:07.930 24797 24797 E unknown:ReactNative: 	at com.facebook.react.devsupport.BundleDownloader$1.onFailure(BundleDownloader.java:126)
03-21 20:45:07.930 24797 24797 E unknown:ReactNative: 	at okhttp3.internal.connection.RealCall$AsyncCall.run(RealCall.kt:525)
03-21 20:45:07.930 24797 24797 E unknown:ReactNative: 	at java.util.concurrent.ThreadPoolExecutor.runWorker(ThreadPoolExecutor.java:1154)
03-21 20:45:07.930 24797 24797 E unknown:ReactNative: 	at java.util.concurrent.ThreadPoolExecutor$Worker.run(ThreadPoolExecutor.java:652)
03-21 20:45:07.930 24797 24797 E unknown:ReactNative: 	at java.lang.Thread.run(Thread.java:1563)
03-21 20:45:07.930 24797 24797 E unknown:ReactNative: Caused by: java.io.IOException: unexpected end of stream on http://localhost:8081/...
03-21 20:45:07.930 24797 24797 E unknown:ReactNative: 	at okhttp3.internal.http1.Http1ExchangeCodec.readResponseHeaders(Http1ExchangeCodec.kt:210)
03-21 20:45:07.930 24797 24797 E unknown:ReactNative: 	at okhttp3.internal.connection.Exchange.readResponseHeaders(Exchange.kt:110)
03-21 20:45:07.930 24797 24797 E unknown:ReactNative: 	at okhttp3.internal.http.CallServerInterceptor.intercept(CallServerInterceptor.kt:93)
03-21 20:45:07.930 24797 24797 E unknown:ReactNative: 	at okhttp3.internal.http.RealInterceptorChain.proceed(RealInterceptorChain.kt:109)
03-21 20:45:07.930 24797 24797 E unknown:ReactNative: 	at okhttp3.internal.connection.ConnectInterceptor.intercept(ConnectInterceptor.kt:34)
03-21 20:45:07.930 24797 24797 E unknown:ReactNative: 	at okhttp3.internal.http.RealInterceptorChain.proceed(RealInterceptorChain.kt:109)
03-21 20:45:07.930 24797 24797 E unknown:ReactNative: 	at okhttp3.internal.cache.CacheInterceptor.intercept(CacheInterceptor.kt:95)
03-21 20:45:07.930 24797 24797 E unknown:ReactNative: 	at okhttp3.internal.http.RealInterceptorChain.proceed(RealInterceptorChain.kt:109)
03-21 20:45:07.930 24797 24797 E unknown:ReactNative: 	at okhttp3.internal.http.BridgeInterceptor.intercept(BridgeInterceptor.kt:83)
03-21 20:45:07.930 24797 24797 E unknown:ReactNative: 	at okhttp3.internal.http.RealInterceptorChain.proceed(RealInterceptorChain.kt:109)
03-21 20:45:07.930 24797 24797 E unknown:ReactNative: 	at okhttp3.internal.http.RetryAndFollowUpInterceptor.intercept(RetryAndFollowUpInterceptor.kt:76)
03-21 20:45:07.930 24797 24797 E unknown:ReactNative: 	at okhttp3.internal.http.RealInterceptorChain.proceed(RealInterceptorChain.kt:109)
03-21 20:45:07.930 24797 24797 E unknown:ReactNative: 	at okhttp3.internal.connection.RealCall.getResponseWithInterceptorChain$okhttp(RealCall.kt:201)
03-21 20:45:07.930 24797 24797 E unknown:ReactNative: 	at okhttp3.internal.connection.RealCall$AsyncCall.run(RealCall.kt:517)
03-21 20:45:07.930 24797 24797 E unknown:ReactNative: 	... 3 more
03-21 20:45:07.930 24797 24797 E unknown:ReactNative: Caused by: java.io.EOFException: \n not found: limit=0 content=…
03-21 20:45:07.930 24797 24797 E unknown:ReactNative: 	at okio.RealBufferedSource.readUtf8LineStrict(RealBufferedSource.kt:335)
03-21 20:45:07.930 24797 24797 E unknown:ReactNative: 	at okhttp3.internal.http1.HeadersReader.readLine(HeadersReader.kt:29)
03-21 20:45:07.930 24797 24797 E unknown:ReactNative: 	at okhttp3.internal.http1.Http1ExchangeCodec.readResponseHeaders(Http1ExchangeCodec.kt:180)
03-21 20:45:07.930 24797 24797 E unknown:ReactNative: 	... 16 more
03-21 20:45:07.933   852  1055 W hwcomposer: [DRMDEV] paramIsSame(), id 1048, w 1080/1080, h 2400/2400, pitch 1088/1088, format 0x2/0x1, secure 0/0  
03-21 20:45:07.936  1587  8904 W Transition: #%d: Condition met too late, already in state=2: {start WCT appliedIGNORED}
03-21 20:45:07.936  1587  2574 W WindowManager: Failed looking up window session=Session{fa1ae92 24797:u0a10399} callers=com.android.server.wm.WindowManagerService.windowForClient:6806 com.android.server.wm.Session.setOnBackInvokedCallbackInfo:990 android.view.IWindowSession$Stub.onTransact:1084 
03-21 20:45:07.937  1587  2574 I WindowManager: setOnBackInvokedCallback(): No window state for package:com.rnat
03-21 20:45:07.939  1587  1680 W libprocessgroup: SetCgroup::ExecuteForProcess: failed to open /dev/stune/top-app/cgroup.procs: No such file or directory
03-21 20:45:07.946  2437  2437 W SplitSelectStateCtor: Missing session instanceIds
03-21 20:45:07.947   625  2778 W libperfmgr: Failed to write to node: /dev/stune/top-app/schedtune.boost with value: 50, fd: -1
03-21 20:45:07.947   625  2778 W libperfmgr: Failed to write to node: /proc/sys/kernel/sched_boost with value: 2, fd: -1
03-21 20:45:07.965  1587  1657 I ImeTracker: system_server:ec07d846: onRequestHide at ORIGIN_SERVER reason IME_REQUESTED_CHANGED_LISTENER fromUser false
03-21 20:45:07.965  1587  1655 I ImeTracker: system_server:ec07d846: onCancelled at PHASE_SERVER_SHOULD_HIDE
03-21 20:45:07.965  2437  2437 I AutofillManager: onInvisibleForAutofill(): expiringResponse
03-21 20:45:08.013   914   988 E surfaceflinger: == MALI DEBUG ===eglp_winsys_populate_image_templates ==12288
03-21 20:45:08.017   914   988 E surfaceflinger: == MALI DEBUG ===eglp_winsys_populate_image_templates ==12288
03-21 20:45:08.040  2437  2437 I droid.launcher3: Explicit concurrent mark compact GC freed 1513KB AllocSpace bytes, 0(0B) LOS objects, 49% free, 12MB/24MB, paused 525us,1.232ms total 72.910ms
03-21 20:45:08.041  1587  1680 W libprocessgroup: SetCgroup::ExecuteForProcess: failed to open /dev/stune/background/cgroup.procs: No such file or directory
03-21 20:45:08.042 23839 23839 I bsws    : onPause
03-21 20:45:08.042 23839 23839 I bsws    : onStop
03-21 20:45:08.045  2437  2446 W System  : A resource failed to call release. 
03-21 20:45:08.045  2437  2446 W System  : A resource failed to call release. 
03-21 20:45:08.045  2437  2446 W System  : A resource failed to call release. 
03-21 20:45:08.045  2437  2446 W System  : A resource failed to call release. 
03-21 20:45:08.046  1587  1910 I ImeTracker: com.rnat:5d4227f2: onRequestHide at ORIGIN_SERVER reason HIDE_UNSPECIFIED_WINDOW fromUser false
03-21 20:45:08.047 24797 24797 I ImeTracker: com.rnat:5d4227f2: onCancelled at PHASE_CLIENT_ALREADY_HIDDEN
03-21 20:45:08.047  3073  3073 I GoogleInputMethodService: GoogleInputMethodService.onFinishInput():2114 
03-21 20:45:08.048  3073  3073 I Module  : DeviceLockedStatusModuleProvider$Module.updateDeviceLockedStatus():103 repeatCheckTimes = 0, locked = false
03-21 20:45:08.048  3073  3073 I GoogleInputMethodService: GoogleInputMethodService.onStartInput():1385 onStartInput(EditorInfo{EditorInfo{packageName=com.rnat, inputType=0, inputTypeString=NULL, enableLearning=false, autoCorrection=false, autoComplete=false, imeOptions=0, privateImeOptions=null, actionName=UNSPECIFIED, actionLabel=null, initialSelStart=-1, initialSelEnd=-1, initialCapsMode=0, label=null, fieldId=0, fieldName=null, extras=null, hintText=null, hintLocales=[]}}, false)
03-21 20:45:08.048  3073  3073 I AndroidIME: LatinIMEBase.updateInputViewCoverNavigation():314 Update input view padding, extendsTouchBelowSpace=true, bottom inset=126
03-21 20:45:08.048  1587  3034 I ImeTracker: system_server:59033b31: onRequestHide at ORIGIN_SERVER reason IME_REQUESTED_CHANGED_LISTENER fromUser false
03-21 20:45:08.048  3073  3073 I Module  : DeviceLockedStatusModuleProvider$Module.updateDeviceLockedStatus():103 repeatCheckTimes = 1, locked = false
03-21 20:45:08.049  1587  1655 I ImeTracker: system_server:59033b31: onCancelled at PHASE_SERVER_SHOULD_HIDE
03-21 20:45:08.049  1587  3034 W PackageConfigPersister: App-specific configuration not found for packageName: com.rnat and userId: 0
03-21 20:45:08.061   914   988 E surfaceflinger: == MALI DEBUG ===eglp_winsys_populate_image_templates ==12288
03-21 20:45:08.088   852  1055 W hwcomposer: [DRMDEV] paramIsSame(), id 1051, w 1080/1080, h 2400/2400, pitch 1088/1088, format 0x1/0x2, secure 0/0  
03-21 20:45:08.167   625  2778 W libperfmgr: Failed to write to node: /dev/stune/top-app/schedtune.boost with value: 10, fd: -1
03-21 20:45:08.167   625  2778 W libperfmgr: Failed to write to node: /proc/sys/kernel/sched_boost with value: 0, fd: -1
03-21 20:45:08.170   852  1054 I hwcomposer: [HWC] (0)fire a callback of refresh to SF[4]  
03-21 20:45:08.175   625  2778 W libperfmgr: Failed to write to node: /dev/stune/top-app/schedtune.boost with value: 10, fd: -1
03-21 20:45:08.175   625  2778 W libperfmgr: Failed to write to node: /proc/sys/kernel/sched_boost with value: 0, fd: -1
03-21 20:45:08.251   625  2778 W libperfmgr: Failed to write to node: /dev/stune/top-app/schedtune.boost with value: 10, fd: -1
03-21 20:45:08.251   625  2778 W libperfmgr: Failed to write to node: /proc/sys/kernel/sched_boost with value: 0, fd: -1
03-21 20:45:08.703   881  2016 I WifiHAL : feature_set=0x8488141a
03-21 20:45:08.704  1587  1927 I HalDevMgr: bestIfaceCreationProposal is null, requestIface=STA, existingIface=[name=wlan0 type=STA]
03-21 20:45:08.752   625  2778 W libperfmgr: Failed to write to node: /dev/stune/top-app/schedtune.boost with value: 10, fd: -1
03-21 20:45:08.752   625  2778 W libperfmgr: Failed to write to node: /proc/sys/kernel/sched_boost with value: 0, fd: -1
03-21 20:45:08.758   844 25507 I resolv  : GetAddrInfoHandler::run: {102 102 102 983142 10399 0}
03-21 20:45:08.759   844 25508 I resolv  : res_nmkquery: (QUERY, IN, A)
03-21 20:45:08.769   844 25508 I resolv  : res_nsend: used send_dg 43 terrno: 0
03-21 20:45:08.770   844 25508 I resolv  : doQuery: rcode=0, ancount=1, return value=43
03-21 20:45:08.947   852  1094 I hwcomposer: [DRMDEV] (0) failed to waitNextVsync: -1  
03-21 20:45:08.954   852  1094 I hwcomposer: [DRMDEV] (0) failed to waitNextVsync: -1  
03-21 20:45:08.965   852  1094 I hwcomposer: [DRMDEV] (0) failed to waitNextVsync: -1  
03-21 20:45:08.976   852  1094 I hwcomposer: [DRMDEV] (0) failed to waitNextVsync: -1  
03-21 20:45:08.987   852  1094 I hwcomposer: [DRMDEV] (0) failed to waitNextVsync: -1  
03-21 20:45:08.998   852  1094 I hwcomposer: [DRMDEV] (0) failed to waitNextVsync: -1  
03-21 20:45:09.009   852  1094 I hwcomposer: [DRMDEV] (0) failed to waitNextVsync: -1  
03-21 20:45:09.039 24797 24797 I ReactNativeJNI: Error occurred, shutting down websocket connection: WebSocket exception unexpected end of stream on http://localhost:8081/...
03-21 20:45:09.252   625  2778 W libperfmgr: Failed to write to node: /dev/stune/top-app/schedtune.boost with value: 10, fd: -1
03-21 20:45:09.252   625  2778 W libperfmgr: Failed to write to node: /proc/sys/kernel/sched_boost with value: 0, fd: -1
03-21 20:45:09.579   914   988 E surfaceflinger: == MALI DEBUG ===eglp_winsys_populate_image_templates ==12288
03-21 20:45:09.587   852   992 I hwcomposer: [HWCDisplay] [Display_0 (type:1)] fps:19.356119,dur:2221.52,max:1406.88,min:10.84  
03-21 20:45:09.753   625  2778 W libperfmgr: Failed to write to node: /dev/stune/top-app/schedtune.boost with value: 10, fd: -1
03-21 20:45:09.753   625  2778 W libperfmgr: Failed to write to node: /proc/sys/kernel/sched_boost with value: 0, fd: -1
03-21 20:45:09.902   852  1054 I hwcomposer: [HWC] (0)fire a callback of refresh to SF[4]  
03-21 20:45:09.908   625  2778 W libperfmgr: Failed to write to node: /dev/stune/top-app/schedtune.boost with value: 10, fd: -1
03-21 20:45:09.908   625  2778 W libperfmgr: Failed to write to node: /proc/sys/kernel/sched_boost with value: 0, fd: -1
03-21 20:45:09.983   625  2778 W libperfmgr: Failed to write to node: /dev/stune/top-app/schedtune.boost with value: 10, fd: -1
03-21 20:45:09.984   625  2778 W libperfmgr: Failed to write to node: /proc/sys/kernel/sched_boost with value: 0, fd: -1
03-21 20:45:10.484   625  2778 W libperfmgr: Failed to write to node: /dev/stune/top-app/schedtune.boost with value: 10, fd: -1
03-21 20:45:10.484   625  2778 W libperfmgr: Failed to write to node: /proc/sys/kernel/sched_boost with value: 0, fd: -1
03-21 20:45:10.780   844 25509 I resolv  : GetAddrInfoHandler::run: {102 102 102 983142 10399 0}
03-21 20:45:10.781   844 25510 I resolv  : res_nmkquery: (QUERY, IN, A)
03-21 20:45:10.851   844 25510 I resolv  : res_nsend: used send_dg 43 terrno: 0
03-21 20:45:10.852   844 25510 I resolv  : doQuery: rcode=0, ancount=1, return value=43
03-21 20:45:10.984   625  2778 W libperfmgr: Failed to write to node: /dev/stune/top-app/schedtune.boost with value: 10, fd: -1
03-21 20:45:10.984   625  2778 W libperfmgr: Failed to write to node: /proc/sys/kernel/sched_boost with value: 0, fd: -1
03-21 20:45:11.054 24797 24797 I ReactNativeJNI: Error occurred, shutting down websocket connection: WebSocket exception unexpected end of stream on http://localhost:8081/...
03-21 20:45:11.485   625  2778 W libperfmgr: Failed to write to node: /dev/stune/top-app/schedtune.boost with value: 10, fd: -1
03-21 20:45:11.485   625  2778 W libperfmgr: Failed to write to node: /proc/sys/kernel/sched_boost with value: 0, fd: -1
03-21 20:45:11.717   881  2016 I WifiHAL : feature_set=0x8488141a
03-21 20:45:11.717  1587  1927 I HalDevMgr: bestIfaceCreationProposal is null, requestIface=STA, existingIface=[name=wlan0 type=STA]
03-21 20:45:11.985   625  2778 W libperfmgr: Failed to write to node: /dev/stune/top-app/schedtune.boost with value: 10, fd: -1
03-21 20:45:11.985   625  2778 W libperfmgr: Failed to write to node: /proc/sys/kernel/sched_boost with value: 0, fd: -1
03-21 20:45:12.485   625  2778 W libperfmgr: Failed to write to node: /dev/stune/top-app/schedtune.boost with value: 10, fd: -1
03-21 20:45:12.485   625  2778 W libperfmgr: Failed to write to node: /proc/sys/kernel/sched_boost with value: 0, fd: -1
03-21 20:45:12.861   844 25511 I resolv  : GetAddrInfoHandler::run: {102 102 102 983142 10399 0}
03-21 20:45:12.862   844 25512 I resolv  : res_nmkquery: (QUERY, IN, A)
03-21 20:45:12.871   844 25512 I resolv  : res_nsend: used send_dg 43 terrno: 0
03-21 20:45:12.871   844 25512 I resolv  : doQuery: rcode=0, ancount=1, return value=43
03-21 20:45:12.986   625  2778 W libperfmgr: Failed to write to node: /dev/stune/top-app/schedtune.boost with value: 10, fd: -1
03-21 20:45:12.986   625  2778 W libperfmgr: Failed to write to node: /proc/sys/kernel/sched_boost with value: 0, fd: -1
03-21 20:45:13.048 25513 25513 W libbinder.BackendUnifiedServiceManager: Thread Pool max thread count is 0. Cannot cache binder as linkToDeath cannot be implemented. serviceName: deviceidle
03-21 20:45:13.062 24797 24797 I ReactNativeJNI: Error occurred, shutting down websocket connection: WebSocket exception unexpected end of stream on http://localhost:8081/...
03-21 20:45:13.077 25515 25515 W libbinder.BackendUnifiedServiceManager: Thread Pool max thread count is 0. Cannot cache binder as linkToDeath cannot be implemented. serviceName: battery
03-21 20:45:13.094 25517 25517 W libbinder.BackendUnifiedServiceManager: Thread Pool max thread count is 0. Cannot cache binder as linkToDeath cannot be implemented. serviceName: deviceidle
03-21 20:45:13.124 25520 25520 W libbinder.BackendUnifiedServiceManager: Thread Pool max thread count is 0. Cannot cache binder as linkToDeath cannot be implemented. serviceName: activity
03-21 20:45:13.188 25529 25529 W libbinder.BackendUnifiedServiceManager: Thread Pool max thread count is 0. Cannot cache binder as linkToDeath cannot be implemented. serviceName: battery
03-21 20:45:13.486   625  2778 W libperfmgr: Failed to write to node: /dev/stune/top-app/schedtune.boost with value: 10, fd: -1
03-21 20:45:13.486   625  2778 W libperfmgr: Failed to write to node: /proc/sys/kernel/sched_boost with value: 0, fd: -1
03-21 20:45:13.986   625  2778 W libperfmgr: Failed to write to node: /dev/stune/top-app/schedtune.boost with value: 10, fd: -1
03-21 20:45:13.986   625  2778 W libperfmgr: Failed to write to node: /proc/sys/kernel/sched_boost with value: 0, fd: -1
03-21 20:45:14.486   625  2778 W libperfmgr: Failed to write to node: /dev/stune/top-app/schedtune.boost with value: 10, fd: -1
03-21 20:45:14.486   625  2778 W libperfmgr: Failed to write to node: /proc/sys/kernel/sched_boost with value: 0, fd: -1
03-21 20:45:14.725   881  2016 I WifiHAL : feature_set=0x8488141a
03-21 20:45:14.726  1587  1927 I HalDevMgr: bestIfaceCreationProposal is null, requestIface=STA, existingIface=[name=wlan0 type=STA]
03-21 20:45:14.882   844 25538 I resolv  : GetAddrInfoHandler::run: {102 102 102 983142 10399 0}
03-21 20:45:14.883   844 25539 I resolv  : res_nmkquery: (QUERY, IN, A)
03-21 20:45:14.949   844 25539 I resolv  : res_nsend: used send_dg 43 terrno: 0
03-21 20:45:14.949   844 25539 I resolv  : doQuery: rcode=0, ancount=1, return value=43
03-21 20:45:14.987   625  2778 W libperfmgr: Failed to write to node: /dev/stune/top-app/schedtune.boost with value: 10, fd: -1
03-21 20:45:14.987   625  2778 W libperfmgr: Failed to write to node: /proc/sys/kernel/sched_boost with value: 0, fd: -1
03-21 20:45:15.072 24797 24797 I ReactNativeJNI: Error occurred, shutting down websocket connection: WebSocket exception unexpected end of stream on http://localhost:8081/...
03-21 20:45:15.487   625  2778 W libperfmgr: Failed to write to node: /dev/stune/top-app/schedtune.boost with value: 10, fd: -1
03-21 20:45:15.487   625  2778 W libperfmgr: Failed to write to node: /proc/sys/kernel/sched_boost with value: 0, fd: -1
03-21 20:45:15.987   625  2778 W libperfmgr: Failed to write to node: /dev/stune/top-app/schedtune.boost with value: 10, fd: -1
03-21 20:45:15.987   625  2778 W libperfmgr: Failed to write to node: /proc/sys/kernel/sched_boost with value: 0, fd: -1
03-21 20:45:16.488   625  2778 W libperfmgr: Failed to write to node: /dev/stune/top-app/schedtune.boost with value: 10, fd: -1
03-21 20:45:16.488   625  2778 W libperfmgr: Failed to write to node: /proc/sys/kernel/sched_boost with value: 0, fd: -1
03-21 20:45:16.959   844 25540 I resolv  : GetAddrInfoHandler::run: {102 102 102 983142 10399 0}
03-21 20:45:16.959   844 25541 I resolv  : res_nmkquery: (QUERY, IN, A)
03-21 20:45:16.970   844 25541 I resolv  : res_nsend: used send_dg 43 terrno: 0
03-21 20:45:16.971   844 25541 I resolv  : doQuery: rcode=0, ancount=1, return value=43
03-21 20:45:16.988   625  2778 W libperfmgr: Failed to write to node: /dev/stune/top-app/schedtune.boost with value: 10, fd: -1
03-21 20:45:16.988   625  2778 W libperfmgr: Failed to write to node: /proc/sys/kernel/sched_boost with value: 0, fd: -1
03-21 20:45:17.087 24797 24797 I ReactNativeJNI: Error occurred, shutting down websocket connection: WebSocket exception unexpected end of stream on http://localhost:8081/...
03-21 20:45:17.489   625  2778 W libperfmgr: Failed to write to node: /dev/stune/top-app/schedtune.boost with value: 10, fd: -1
03-21 20:45:17.489   625  2778 W libperfmgr: Failed to write to node: /proc/sys/kernel/sched_boost with value: 0, fd: -1
03-21 20:45:17.737   881  2016 I WifiHAL : feature_set=0x8488141a
03-21 20:45:17.738  1587  1927 I HalDevMgr: bestIfaceCreationProposal is null, requestIface=STA, existingIface=[name=wlan0 type=STA]
03-21 20:45:17.890   877   924 E Situation: processEvent, handle:26, flush_action:0
03-21 20:45:17.891   625  2778 W libperfmgr: Failed to write to node: /dev/stune/top-app/schedtune.boost with value: 50, fd: -1
03-21 20:45:17.891   625  2778 W libperfmgr: Failed to write to node: /proc/sys/kernel/sched_boost with value: 2, fd: -1
03-21 20:45:17.892  2437  2437 I RotationButtonController: onRotationProposal(rotation=1)
03-21 20:45:17.896   852  1094 I hwcomposer: [DRMDEV] (0) failed to waitNextVsync: -1  
03-21 20:45:17.898   852  1094 I hwcomposer: [DRMDEV] (0) failed to waitNextVsync: -1  
03-21 20:45:17.909   852   992 I hwcomposer: [HWCDisplay] [Display_0 (type:1)] fps:3.004088,dur:8321.99,max:7996.24,min:11.01  
03-21 20:45:17.910   852  1094 I hwcomposer: [DRMDEV] (0) failed to waitNextVsync: -1  
03-21 20:45:17.913   914   988 E surfaceflinger: == MALI DEBUG ===eglp_winsys_populate_image_templates ==12288
03-21 20:45:17.914   914   988 E surfaceflinger: == MALI DEBUG ===eglp_winsys_populate_image_templates ==12288
03-21 20:45:17.929   914   988 E surfaceflinger: == MALI DEBUG ===eglp_winsys_populate_image_templates ==12288
03-21 20:45:17.939   914   988 E surfaceflinger: == MALI DEBUG ===eglp_winsys_populate_image_templates ==12288
03-21 20:45:18.041   625  2778 W libperfmgr: Failed to write to node: /dev/stune/top-app/schedtune.boost with value: 10, fd: -1
03-21 20:45:18.041   625  2778 W libperfmgr: Failed to write to node: /proc/sys/kernel/sched_boost with value: 0, fd: -1
03-21 20:45:18.541   625  2778 W libperfmgr: Failed to write to node: /dev/stune/top-app/schedtune.boost with value: 10, fd: -1
03-21 20:45:18.542   625  2778 W libperfmgr: Failed to write to node: /proc/sys/kernel/sched_boost with value: 0, fd: -1
03-21 20:45:18.918   852   992 I hwcomposer: [HWCDisplay] [Display_0 (type:1)] fps:90.242905,dur:1008.39,max:11.27,min:8.50  
03-21 20:45:18.980   844 25543 I resolv  : GetAddrInfoHandler::run: {102 102 102 983142 10399 0}
03-21 20:45:18.981   844 25544 I resolv  : res_nmkquery: (QUERY, IN, A)
03-21 20:45:19.042   625  2778 W libperfmgr: Failed to write to node: /dev/stune/top-app/schedtune.boost with value: 10, fd: -1
03-21 20:45:19.042   625  2778 W libperfmgr: Failed to write to node: /proc/sys/kernel/sched_boost with value: 0, fd: -1
03-21 20:45:19.085   844 25544 I resolv  : res_nsend: used send_dg 43 terrno: 0
03-21 20:45:19.086   844 25544 I resolv  : doQuery: rcode=0, ancount=1, return value=43
03-21 20:45:19.101 24797 24797 I ReactNativeJNI: Error occurred, shutting down websocket connection: WebSocket exception unexpected end of stream on http://localhost:8081/...
03-21 20:45:19.416 25545 25545 W libbinder.BackendUnifiedServiceManager: Thread Pool max thread count is 0. Cannot cache binder as linkToDeath cannot be implemented. serviceName: deviceidle
03-21 20:45:19.444 25547 25547 W libbinder.BackendUnifiedServiceManager: Thread Pool max thread count is 0. Cannot cache binder as linkToDeath cannot be implemented. serviceName: battery
03-21 20:45:19.469 25549 25549 W libbinder.BackendUnifiedServiceManager: Thread Pool max thread count is 0. Cannot cache binder as linkToDeath cannot be implemented. serviceName: deviceidle
03-21 20:45:19.498 25552 25552 W libbinder.BackendUnifiedServiceManager: Thread Pool max thread count is 0. Cannot cache binder as linkToDeath cannot be implemented. serviceName: activity
03-21 20:45:19.542   625  2778 W libperfmgr: Failed to write to node: /dev/stune/top-app/schedtune.boost with value: 10, fd: -1
03-21 20:45:19.542   625  2778 W libperfmgr: Failed to write to node: /proc/sys/kernel/sched_boost with value: 0, fd: -1
03-21 20:45:19.560 25561 25561 W libbinder.BackendUnifiedServiceManager: Thread Pool max thread count is 0. Cannot cache binder as linkToDeath cannot be implemented. serviceName: battery
03-21 20:45:19.929   852   992 I hwcomposer: [HWCDisplay] [Display_0 (type:1)] fps:90.027756,dur:1010.80,max:11.28,min:10.95  
03-21 20:45:20.042   625  2778 W libperfmgr: Failed to write to node: /dev/stune/top-app/schedtune.boost with value: 10, fd: -1
03-21 20:45:20.042   625  2778 W libperfmgr: Failed to write to node: /proc/sys/kernel/sched_boost with value: 0, fd: -1
03-21 20:45:20.543   625  2778 W libperfmgr: Failed to write to node: /dev/stune/top-app/schedtune.boost with value: 10, fd: -1
03-21 20:45:20.543   625  2778 W libperfmgr: Failed to write to node: /proc/sys/kernel/sched_boost with value: 0, fd: -1
03-21 20:45:20.600   844   878 I netd    : networkAddUidRangesParcel(NativeUidRangeConfig{netId: 105, uidRanges: [UidRangeParcel{start: 0, stop: 2147483647}], subPriority: 999}) <0.56ms>
03-21 20:45:20.601   844   878 I netd    : networkRemoveUidRangesParcel(NativeUidRangeConfig{netId: 105, uidRanges: [UidRangeParcel{start: 0, stop: 2147483647}], subPriority: 999}) <0.24ms>
03-21 20:45:20.746   881  2016 I WifiHAL : feature_set=0x8488141a
03-21 20:45:20.747  1587  1927 I HalDevMgr: bestIfaceCreationProposal is null, requestIface=STA, existingIface=[name=wlan0 type=STA]
03-21 20:45:20.939   852   992 I hwcomposer: [HWCDisplay] [Display_0 (type:1)] fps:90.024910,dur:1010.83,max:11.23,min:10.99  
03-21 20:45:21.043   625  2778 W libperfmgr: Failed to write to node: /dev/stune/top-app/schedtune.boost with value: 10, fd: -1
03-21 20:45:21.043   625  2778 W libperfmgr: Failed to write to node: /proc/sys/kernel/sched_boost with value: 0, fd: -1
03-21 20:45:21.100   844 25570 I resolv  : GetAddrInfoHandler::run: {102 102 102 983142 10399 0}
03-21 20:45:21.101   844 25571 I resolv  : res_nmkquery: (QUERY, IN, A)
03-21 20:45:21.106  2458 24323 I NearbySharing: Network state changed: NetworkState(isRestricted=false, isOnline=true, isCongested=false, isMetered=false, isWifiConnected=true)
03-21 20:45:21.106   844 25572 I resolv  : GetAddrInfoHandler::run: {102 102 102 983142 10399 0}
03-21 20:45:21.107   844 25573 I resolv  : res_nmkquery: (QUERY, IN, A)
03-21 20:45:21.107   844 25573 I resolv  : resolv_cache_lookup: Waiting for previous request
03-21 20:45:21.110   844 25571 I resolv  : res_nsend: used send_dg 43 terrno: 0
03-21 20:45:21.111   844 25571 I resolv  : doQuery: rcode=0, ancount=1, return value=43
03-21 20:45:21.121   844 25573 I resolv  : res_nsend: used send_dg 43 terrno: 0
03-21 20:45:21.122   844 25573 I resolv  : doQuery: rcode=0, ancount=1, return value=43
03-21 20:45:21.128 24797 24797 I ReactNativeJNI: Error occurred, shutting down websocket connection: WebSocket exception unexpected end of stream on http://localhost:8081/...
03-21 20:45:21.543   625  2778 W libperfmgr: Failed to write to node: /dev/stune/top-app/schedtune.boost with value: 10, fd: -1
03-21 20:45:21.543   625  2778 W libperfmgr: Failed to write to node: /proc/sys/kernel/sched_boost with value: 0, fd: -1
03-21 20:45:21.950   852   992 I hwcomposer: [HWCDisplay] [Display_0 (type:1)] fps:90.027802,dur:1010.80,max:11.33,min:10.94  
03-21 20:45:22.043   625  2778 W libperfmgr: Failed to write to node: /dev/stune/top-app/schedtune.boost with value: 10, fd: -1
03-21 20:45:22.043   625  2778 W libperfmgr: Failed to write to node: /proc/sys/kernel/sched_boost with value: 0, fd: -1
03-21 20:45:22.346   852  1054 I hwcomposer: [HWC] (0)fire a callback of refresh to SF[4]  
03-21 20:45:22.360   625  2778 W libperfmgr: Failed to write to node: /dev/stune/top-app/schedtune.boost with value: 10, fd: -1
03-21 20:45:22.360   625  2778 W libperfmgr: Failed to write to node: /proc/sys/kernel/sched_boost with value: 0, fd: -1
03-21 20:45:22.427   625  2778 W libperfmgr: Failed to write to node: /dev/stune/top-app/schedtune.boost with value: 10, fd: -1
03-21 20:45:22.427   625  2778 W libperfmgr: Failed to write to node: /proc/sys/kernel/sched_boost with value: 0, fd: -1
03-21 20:45:22.927   625  2778 W libperfmgr: Failed to write to node: /dev/stune/top-app/schedtune.boost with value: 10, fd: -1
03-21 20:45:22.927   625  2778 W libperfmgr: Failed to write to node: /proc/sys/kernel/sched_boost with value: 0, fd: -1
03-21 20:45:22.961   852   992 I hwcomposer: [HWCDisplay] [Display_0 (type:1)] fps:33.637848,dur:1010.77,max:573.25,min:10.99  
03-21 20:45:23.054   852  1054 I hwcomposer: [HWC] (0)fire a callback of refresh to SF[4]  
03-21 20:45:23.059   625  2778 W libperfmgr: Failed to write to node: /dev/stune/top-app/schedtune.boost with value: 10, fd: -1
03-21 20:45:23.059   625  2778 W libperfmgr: Failed to write to node: /proc/sys/kernel/sched_boost with value: 0, fd: -1
03-21 20:45:23.133   844 25574 I resolv  : GetAddrInfoHandler::run: {102 102 102 983142 10399 0}
03-21 20:45:23.134   844 25575 I resolv  : res_nmkquery: (QUERY, IN, A)
03-21 20:45:23.135   625  2778 W libperfmgr: Failed to write to node: /dev/stune/top-app/schedtune.boost with value: 10, fd: -1
03-21 20:45:23.135   625  2778 W libperfmgr: Failed to write to node: /proc/sys/kernel/sched_boost with value: 0, fd: -1
03-21 20:45:23.145   844 25575 I resolv  : res_nsend: used send_dg 43 terrno: 0
03-21 20:45:23.145   844 25575 I resolv  : doQuery: rcode=0, ancount=1, return value=43
03-21 20:45:23.150 24797 24797 I ReactNativeJNI: Error occurred, shutting down websocket connection: WebSocket exception unexpected end of stream on http://localhost:8081/...
03-21 20:45:23.635   625  2778 W libperfmgr: Failed to write to node: /dev/stune/top-app/schedtune.boost with value: 10, fd: -1
03-21 20:45:23.635   625  2778 W libperfmgr: Failed to write to node: /proc/sys/kernel/sched_boost with value: 0, fd: -1
03-21 20:45:23.760   881  2016 I WifiHAL : feature_set=0x8488141a
03-21 20:45:23.761  1587  1927 I HalDevMgr: bestIfaceCreationProposal is null, requestIface=STA, existingIface=[name=wlan0 type=STA]
03-21 20:45:24.136   625  2778 W libperfmgr: Failed to write to node: /dev/stune/top-app/schedtune.boost with value: 10, fd: -1
03-21 20:45:24.136   625  2778 W libperfmgr: Failed to write to node: /proc/sys/kernel/sched_boost with value: 0, fd: -1
03-21 20:45:24.636   625  2778 W libperfmgr: Failed to write to node: /dev/stune/top-app/schedtune.boost with value: 10, fd: -1
03-21 20:45:24.636   625  2778 W libperfmgr: Failed to write to node: /proc/sys/kernel/sched_boost with value: 0, fd: -1
03-21 20:45:25.136   625  2778 W libperfmgr: Failed to write to node: /dev/stune/top-app/schedtune.boost with value: 10, fd: -1
03-21 20:45:25.136   625  2778 W libperfmgr: Failed to write to node: /proc/sys/kernel/sched_boost with value: 0, fd: -1
03-21 20:45:25.155   844 25576 I resolv  : GetAddrInfoHandler::run: {102 102 102 983142 10399 0}
03-21 20:45:25.156   844 25577 I resolv  : res_nmkquery: (QUERY, IN, A)
03-21 20:45:25.166   844 25577 I resolv  : res_nsend: used send_dg 43 terrno: 0
03-21 20:45:25.166   844 25577 I resolv  : doQuery: rcode=0, ancount=1, return value=43
03-21 20:45:25.173 24797 24797 I ReactNativeJNI: Error occurred, shutting down websocket connection: WebSocket exception unexpected end of stream on http://localhost:8081/...
03-21 20:45:25.636   625  2778 W libperfmgr: Failed to write to node: /dev/stune/top-app/schedtune.boost with value: 10, fd: -1
03-21 20:45:25.636   625  2778 W libperfmgr: Failed to write to node: /proc/sys/kernel/sched_boost with value: 0, fd: -1
03-21 20:45:25.787 25578 25578 W libbinder.BackendUnifiedServiceManager: Thread Pool max thread count is 0. Cannot cache binder as linkToDeath cannot be implemented. serviceName: deviceidle
03-21 20:45:25.803 25580 25580 W libbinder.BackendUnifiedServiceManager: Thread Pool max thread count is 0. Cannot cache binder as linkToDeath cannot be implemented. serviceName: battery
03-21 20:45:25.831 25582 25582 W libbinder.BackendUnifiedServiceManager: Thread Pool max thread count is 0. Cannot cache binder as linkToDeath cannot be implemented. serviceName: deviceidle
03-21 20:45:25.859 25585 25585 W libbinder.BackendUnifiedServiceManager: Thread Pool max thread count is 0. Cannot cache binder as linkToDeath cannot be implemented. serviceName: activity
03-21 20:45:25.908 25594 25594 W libbinder.BackendUnifiedServiceManager: Thread Pool max thread count is 0. Cannot cache binder as linkToDeath cannot be implemented. serviceName: battery
03-21 20:45:26.137   625  2778 W libperfmgr: Failed to write to node: /dev/stune/top-app/schedtune.boost with value: 10, fd: -1
03-21 20:45:26.137   625  2778 W libperfmgr: Failed to write to node: /proc/sys/kernel/sched_boost with value: 0, fd: -1
03-21 20:45:26.599   852  1094 I hwcomposer: [DRMDEV] (0) failed to waitNextVsync: -1  
03-21 20:45:26.610   852  1094 I hwcomposer: [DRMDEV] (0) failed to waitNextVsync: -1  
03-21 20:45:26.621   852  1094 I hwcomposer: [DRMDEV] (0) failed to waitNextVsync: -1  
03-21 20:45:26.632   852  1094 I hwcomposer: [DRMDEV] (0) failed to waitNextVsync: -1  
03-21 20:45:26.637   625  2778 W libperfmgr: Failed to write to node: /dev/stune/top-app/schedtune.boost with value: 10, fd: -1
03-21 20:45:26.637   625  2778 W libperfmgr: Failed to write to node: /proc/sys/kernel/sched_boost with value: 0, fd: -1
03-21 20:45:26.643   852  1094 I hwcomposer: [DRMDEV] (0) failed to waitNextVsync: -1  
03-21 20:45:26.654   852  1094 I hwcomposer: [DRMDEV] (0) failed to waitNextVsync: -1  
03-21 20:45:26.665   852  1094 I hwcomposer: [DRMDEV] (0) failed to waitNextVsync: -1  
03-21 20:45:26.772   844   878 I netd    : networkAddUidRangesParcel(NativeUidRangeConfig{netId: 102, uidRanges: [UidRangeParcel{start: 0, stop: 2147483647}], subPriority: 998}) <0.43ms>
03-21 20:45:26.773   844   878 I netd    : networkRemoveUidRangesParcel(NativeUidRangeConfig{netId: 102, uidRanges: [UidRangeParcel{start: 0, stop: 2147483647}], subPriority: 998}) <0.38ms>
03-21 20:45:26.774   881  2016 I WifiHAL : feature_set=0x8488141a
03-21 20:45:26.775  1587  1927 I HalDevMgr: bestIfaceCreationProposal is null, requestIface=STA, existingIface=[name=wlan0 type=STA]
03-21 20:45:26.784  2458  8908 I NullBinder: NullBinder for android.net.action.RECOMMEND_NETWORKS triggering remote TransactionTooLargeException due to Service without Chimera impl, calling uid: 1000, calling pid: 0
03-21 20:45:26.784  2458  8908 W libbinder.Binder: Large reply transaction of 1056768 bytes, interface descriptor , code 1, flags 17
03-21 20:45:26.810   852   992 I hwcomposer: [HWCDisplay] [Display_0 (type:1)] fps:1.299150,dur:3848.67,max:3745.54,min:11.11  
03-21 20:45:26.870   852  1054 I hwcomposer: [HWC] (0)fire a callback of refresh to SF[4]  
03-21 20:45:26.874   625  2778 W libperfmgr: Failed to write to node: /dev/stune/top-app/schedtune.boost with value: 10, fd: -1
03-21 20:45:26.874   625  2778 W libperfmgr: Failed to write to node: /proc/sys/kernel/sched_boost with value: 0, fd: -1
03-21 20:45:26.951   625  2778 W libperfmgr: Failed to write to node: /dev/stune/top-app/schedtune.boost with value: 10, fd: -1
03-21 20:45:26.951   625  2778 W libperfmgr: Failed to write to node: /proc/sys/kernel/sched_boost with value: 0, fd: -1
03-21 20:45:27.182   844 25603 I resolv  : GetAddrInfoHandler::run: {102 102 102 983142 10399 0}
03-21 20:45:27.183   844 25604 I resolv  : res_nmkquery: (QUERY, IN, A)
03-21 20:45:27.192   844 25604 I resolv  : res_nsend: used send_dg 43 terrno: 0
03-21 20:45:27.193   844 25604 I resolv  : doQuery: rcode=0, ancount=1, return value=43
03-21 20:45:27.197 24797 24797 I ReactNativeJNI: Error occurred, shutting down websocket connection: WebSocket exception unexpected end of stream on http://localhost:8081/...
03-21 20:45:27.285  2458 24323 I NearbySharing: Network state changed: NetworkState(isRestricted=false, isOnline=true, isCongested=false, isMetered=false, isWifiConnected=true)
03-21 20:45:27.452   625  2778 W libperfmgr: Failed to write to node: /dev/stune/top-app/schedtune.boost with value: 10, fd: -1
03-21 20:45:27.452   625  2778 W libperfmgr: Failed to write to node: /proc/sys/kernel/sched_boost with value: 0, fd: -1
03-21 20:45:27.952   625  2778 W libperfmgr: Failed to write to node: /dev/stune/top-app/schedtune.boost with value: 10, fd: -1
03-21 20:45:27.952   625  2778 W libperfmgr: Failed to write to node: /proc/sys/kernel/sched_boost with value: 0, fd: -1
03-21 20:45:28.452   625  2778 W libperfmgr: Failed to write to node: /dev/stune/top-app/schedtune.boost with value: 10, fd: -1
03-21 20:45:28.452   625  2778 W libperfmgr: Failed to write to node: /proc/sys/kernel/sched_boost with value: 0, fd: -1
03-21 20:45:28.952   625  2778 W libperfmgr: Failed to write to node: /dev/stune/top-app/schedtune.boost with value: 10, fd: -1
03-21 20:45:28.953   625  2778 W libperfmgr: Failed to write to node: /proc/sys/kernel/sched_boost with value: 0, fd: -1
03-21 20:45:29.203   844 25605 I resolv  : GetAddrInfoHandler::run: {102 102 102 983142 10399 0}
03-21 20:45:29.204   844 25606 I resolv  : res_nmkquery: (QUERY, IN, A)
03-21 20:45:29.214   844 25606 I resolv  : res_nsend: used send_dg 43 terrno: 0
03-21 20:45:29.214   844 25606 I resolv  : doQuery: rcode=0, ancount=1, return value=43
03-21 20:45:29.219 24797 24797 I ReactNativeJNI: Error occurred, shutting down websocket connection: WebSocket exception unexpected end of stream on http://localhost:8081/...
03-21 20:45:29.453   625  2778 W libperfmgr: Failed to write to node: /dev/stune/top-app/schedtune.boost with value: 10, fd: -1
03-21 20:45:29.453   625  2778 W libperfmgr: Failed to write to node: /proc/sys/kernel/sched_boost with value: 0, fd: -1
03-21 20:45:29.781   881  2016 I WifiHAL : feature_set=0x8488141a
03-21 20:45:29.782  1587  1927 I HalDevMgr: bestIfaceCreationProposal is null, requestIface=STA, existingIface=[name=wlan0 type=STA]
03-21 20:45:29.953   625  2778 W libperfmgr: Failed to write to node: /dev/stune/top-app/schedtune.boost with value: 10, fd: -1
03-21 20:45:29.953   625  2778 W libperfmgr: Failed to write to node: /proc/sys/kernel/sched_boost with value: 0, fd: -1
03-21 20:45:30.453   625  2778 W libperfmgr: Failed to write to node: /dev/stune/top-app/schedtune.boost with value: 10, fd: -1
03-21 20:45:30.453   625  2778 W libperfmgr: Failed to write to node: /proc/sys/kernel/sched_boost with value: 0, fd: -1
03-21 20:45:30.954   625  2778 W libperfmgr: Failed to write to node: /dev/stune/top-app/schedtune.boost with value: 10, fd: -1
03-21 20:45:30.954   625  2778 W libperfmgr: Failed to write to node: /proc/sys/kernel/sched_boost with value: 0, fd: -1
03-21 20:45:31.224   844 25607 I resolv  : GetAddrInfoHandler::run: {102 102 102 983142 10399 0}
03-21 20:45:31.225   844 25608 I resolv  : res_nmkquery: (QUERY, IN, A)
03-21 20:45:31.237   844 25608 I resolv  : res_nsend: used send_dg 43 terrno: 0
03-21 20:45:31.238   844 25608 I resolv  : doQuery: rcode=0, ancount=1, return value=43
03-21 20:45:31.242 24797 24797 I ReactNativeJNI: Error occurred, shutting down websocket connection: WebSocket exception unexpected end of stream on http://localhost:8081/...
03-21 20:45:31.454   625  2778 W libperfmgr: Failed to write to node: /dev/stune/top-app/schedtune.boost with value: 10, fd: -1
03-21 20:45:31.454   625  2778 W libperfmgr: Failed to write to node: /proc/sys/kernel/sched_boost with value: 0, fd: -1
03-21 20:45:31.848   852  1094 I hwcomposer: [DRMDEV] (0) failed to waitNextVsync: -1  
03-21 20:45:31.848  1587  1708 I DisplayPowerController[0]: BrightnessEvent: brt=8.54597E-4(5.0%), nits=3.4861262, lux=-1.0, reason=manual [ dim ], strat=FallbackBrightnessStrategy, state=ON, stateReason=DEFAULT_POLICY, policy=DIM, flags=, initBrt=1.0, rcmdBrt=NaN, preBrt=NaN, preLux=0.0, wasShortTermModelActive=false, autoBrightness=false (default), unclampedBrt=1.0, hbmMax=1.0, hbmMode=sunlight, thrmMax=1.0, rbcStrength=50, powerFactor=1.0, physDisp=Built-in Screen(local:4627039422300187648), logicalId=0, slowChange=false, rampSpeed=0.70472443
03-21 20:45:31.954   625  2778 W libperfmgr: Failed to write to node: /dev/stune/top-app/schedtune.boost with value: 10, fd: -1
03-21 20:45:31.954   625  2778 W libperfmgr: Failed to write to node: /proc/sys/kernel/sched_boost with value: 0, fd: -1
03-21 20:45:32.137 25609 25609 W libbinder.BackendUnifiedServiceManager: Thread Pool max thread count is 0. Cannot cache binder as linkToDeath cannot be implemented. serviceName: deviceidle
03-21 20:45:32.154 25611 25611 W libbinder.BackendUnifiedServiceManager: Thread Pool max thread count is 0. Cannot cache binder as linkToDeath cannot be implemented. serviceName: battery
03-21 20:45:32.169 25613 25613 W libbinder.BackendUnifiedServiceManager: Thread Pool max thread count is 0. Cannot cache binder as linkToDeath cannot be implemented. serviceName: deviceidle
03-21 20:45:32.195 25616 25616 W libbinder.BackendUnifiedServiceManager: Thread Pool max thread count is 0. Cannot cache binder as linkToDeath cannot be implemented. serviceName: activity
03-21 20:45:32.254 25625 25625 W libbinder.BackendUnifiedServiceManager: Thread Pool max thread count is 0. Cannot cache binder as linkToDeath cannot be implemented. serviceName: battery
03-21 20:45:32.454   625  2778 W libperfmgr: Failed to write to node: /dev/stune/top-app/schedtune.boost with value: 10, fd: -1
03-21 20:45:32.455   625  2778 W libperfmgr: Failed to write to node: /proc/sys/kernel/sched_boost with value: 0, fd: -1
03-21 20:45:32.792   881  2016 I WifiHAL : feature_set=0x8488141a
03-21 20:45:32.793  1587  1927 I HalDevMgr: bestIfaceCreationProposal is null, requestIface=STA, existingIface=[name=wlan0 type=STA]
03-21 20:45:32.955   625  2778 W libperfmgr: Failed to write to node: /dev/stune/top-app/schedtune.boost with value: 10, fd: -1
03-21 20:45:32.955   625  2778 W libperfmgr: Failed to write to node: /proc/sys/kernel/sched_boost with value: 0, fd: -1
03-21 20:45:33.247   844 25634 I resolv  : GetAddrInfoHandler::run: {102 102 102 983142 10399 0}
03-21 20:45:33.248   844 25635 I resolv  : res_nmkquery: (QUERY, IN, A)
03-21 20:45:33.257   844 25635 I resolv  : res_nsend: used send_dg 43 terrno: 0
03-21 20:45:33.257   844 25635 I resolv  : doQuery: rcode=0, ancount=1, return value=43
03-21 20:45:33.263 24797 24797 I ReactNativeJNI: Error occurred, shutting down websocket connection: WebSocket exception unexpected end of stream on http://localhost:8081/...
03-21 20:45:33.455   625  2778 W libperfmgr: Failed to write to node: /dev/stune/top-app/schedtune.boost with value: 10, fd: -1
03-21 20:45:33.455   625  2778 W libperfmgr: Failed to write to node: /proc/sys/kernel/sched_boost with value: 0, fd: -1
03-21 20:45:33.955   625  2778 W libperfmgr: Failed to write to node: /dev/stune/top-app/schedtune.boost with value: 10, fd: -1
03-21 20:45:33.955   625  2778 W libperfmgr: Failed to write to node: /proc/sys/kernel/sched_boost with value: 0, fd: -1
03-21 20:45:34.456   625  2778 W libperfmgr: Failed to write to node: /dev/stune/top-app/schedtune.boost with value: 10, fd: -1
03-21 20:45:34.456   625  2778 W libperfmgr: Failed to write to node: /proc/sys/kernel/sched_boost with value: 0, fd: -1
03-21 20:45:34.956   625  2778 W libperfmgr: Failed to write to node: /dev/stune/top-app/schedtune.boost with value: 10, fd: -1
03-21 20:45:34.956   625  2778 W libperfmgr: Failed to write to node: /proc/sys/kernel/sched_boost with value: 0, fd: -1
03-21 20:45:35.269   844 25636 I resolv  : GetAddrInfoHandler::run: {102 102 102 983142 10399 0}
03-21 20:45:35.270   844 25637 I resolv  : res_nmkquery: (QUERY, IN, A)
03-21 20:45:35.282   844 25637 I resolv  : res_nsend: used send_dg 43 terrno: 0
03-21 20:45:35.283   844 25637 I resolv  : doQuery: rcode=0, ancount=1, return value=43
03-21 20:45:35.288 24797 24797 I ReactNativeJNI: Error occurred, shutting down websocket connection: WebSocket exception unexpected end of stream on http://localhost:8081/...
03-21 20:45:35.456   625  2778 W libperfmgr: Failed to write to node: /dev/stune/top-app/schedtune.boost with value: 10, fd: -1
03-21 20:45:35.456   625  2778 W libperfmgr: Failed to write to node: /proc/sys/kernel/sched_boost with value: 0, fd: -1
03-21 20:45:35.807   844   878 I netd    : networkAddUidRangesParcel(NativeUidRangeConfig{netId: 102, uidRanges: [UidRangeParcel{start: 0, stop: 2147483647}], subPriority: 998}) <0.43ms>
03-21 20:45:35.807   844   878 I netd    : networkRemoveUidRangesParcel(NativeUidRangeConfig{netId: 102, uidRanges: [UidRangeParcel{start: 0, stop: 2147483647}], subPriority: 998}) <0.37ms>
03-21 20:45:35.807   881  2016 I WifiHAL : feature_set=0x8488141a
03-21 20:45:35.808  1587  1927 I HalDevMgr: bestIfaceCreationProposal is null, requestIface=STA, existingIface=[name=wlan0 type=STA]
03-21 20:45:35.817   852  1094 I hwcomposer: [DRMDEV] (0) failed to waitNextVsync: -1  
03-21 20:45:35.819  2458  8908 I NullBinder: NullBinder for android.net.action.RECOMMEND_NETWORKS triggering remote TransactionTooLargeException due to Service without Chimera impl, calling uid: 1000, calling pid: 0
03-21 20:45:35.819  2458  8908 W libbinder.Binder: Large reply transaction of 1056768 bytes, interface descriptor , code 1, flags 17
03-21 20:45:35.821   852  1094 I hwcomposer: [DRMDEV] (0) failed to waitNextVsync: -1  
03-21 20:45:35.832   852  1094 I hwcomposer: [DRMDEV] (0) failed to waitNextVsync: -1  
03-21 20:45:35.843   852  1094 I hwcomposer: [DRMDEV] (0) failed to waitNextVsync: -1  
03-21 20:45:35.843   852   992 I hwcomposer: [HWCDisplay] [Display_0 (type:1)] fps:0.221403,dur:9033.32,max:8963.68,min:69.63  
03-21 20:45:35.956   625  2778 W libperfmgr: Failed to write to node: /dev/stune/top-app/schedtune.boost with value: 10, fd: -1
03-21 20:45:35.956   625  2778 W libperfmgr: Failed to write to node: /proc/sys/kernel/sched_boost with value: 0, fd: -1
03-21 20:45:35.982   852  1054 I hwcomposer: [HWC] (0)fire a callback of refresh to SF[4]  
03-21 20:45:35.988   625  2778 W libperfmgr: Failed to write to node: /dev/stune/top-app/schedtune.boost with value: 10, fd: -1
03-21 20:45:35.989   625  2778 W libperfmgr: Failed to write to node: /proc/sys/kernel/sched_boost with value: 0, fd: -1
03-21 20:45:36.063   625  2778 W libperfmgr: Failed to write to node: /dev/stune/top-app/schedtune.boost with value: 10, fd: -1
03-21 20:45:36.064   625  2778 W libperfmgr: Failed to write to node: /proc/sys/kernel/sched_boost with value: 0, fd: -1
03-21 20:45:36.323  2458 24323 I NearbySharing: Network state changed: NetworkState(isRestricted=false, isOnline=true, isCongested=false, isMetered=false, isWifiConnected=true)
03-21 20:45:36.564   625  2778 W libperfmgr: Failed to write to node: /dev/stune/top-app/schedtune.boost with value: 10, fd: -1
03-21 20:45:36.564   625  2778 W libperfmgr: Failed to write to node: /proc/sys/kernel/sched_boost with value: 0, fd: -1
03-21 20:45:37.065   625  2778 W libperfmgr: Failed to write to node: /dev/stune/top-app/schedtune.boost with value: 10, fd: -1
03-21 20:45:37.065   625  2778 W libperfmgr: Failed to write to node: /proc/sys/kernel/sched_boost with value: 0, fd: -1
03-21 20:45:37.294   844 25638 I resolv  : GetAddrInfoHandler::run: {102 102 102 983142 10399 0}
03-21 20:45:37.295   844 25639 I resolv  : res_nmkquery: (QUERY, IN, A)
03-21 20:45:37.303   844 25639 I resolv  : res_nsend: used send_dg 43 terrno: 0
03-21 20:45:37.303   844 25639 I resolv  : doQuery: rcode=0, ancount=1, return value=43
03-21 20:45:37.308 24797 24797 I ReactNativeJNI: Error occurred, shutting down websocket connection: WebSocket exception unexpected end of stream on http://localhost:8081/...
03-21 20:45:37.565   625  2778 W libperfmgr: Failed to write to node: /dev/stune/top-app/schedtune.boost with value: 10, fd: -1
03-21 20:45:37.565   625  2778 W libperfmgr: Failed to write to node: /proc/sys/kernel/sched_boost with value: 0, fd: -1
03-21 20:45:37.584   852  1094 I hwcomposer: [DRMDEV] (0) failed to waitNextVsync: -1  
03-21 20:45:37.588   852  1094 I hwcomposer: [DRMDEV] (0) failed to waitNextVsync: -1  
03-21 20:45:37.599   852  1094 I hwcomposer: [DRMDEV] (0) failed to waitNextVsync: -1  
03-21 20:45:37.610   852  1094 I hwcomposer: [DRMDEV] (0) failed to waitNextVsync: -1  
03-21 20:45:37.621   852  1094 I hwcomposer: [DRMDEV] (0) failed to waitNextVsync: -1  
03-21 20:45:37.632   852  1094 I hwcomposer: [DRMDEV] (0) failed to waitNextVsync: -1  
03-21 20:45:37.643   852  1094 I hwcomposer: [DRMDEV] (0) failed to waitNextVsync: -1  
03-21 20:45:37.846  1587  1708 I PowerGroup: Napping power group (groupId=0, uid=1000)...
03-21 20:45:37.847  1587  1708 I PowerGroup: dreamManagerAttemptedDozing status changed to false for group 0
03-21 20:45:37.847  1587  1708 I PowerManagerService: Nap time (uid 1000)...
03-21 20:45:37.847  1587  1708 I PowerGroup: Powering off display group due to timeout (groupId= 0, uid= 1000, millisSinceLastUserActivity=30000, lastUserActivityEvent=touch)...
03-21 20:45:37.847  1587  1708 I PowerManagerService: Going to sleep due to timeout (uid 1000, screenOffTimeout=30000, activityTimeoutWM=-1, maxDimRatio=0.20000005, maxDimDur=7000)...
03-21 20:45:37.851  3073  3073 I GoogleInputMethodService: GoogleInputMethodService.onFinishInput():2114 
03-21 20:45:37.852  3073  3073 I Module  : DeviceLockedStatusModuleProvider$Module.updateDeviceLockedStatus():103 repeatCheckTimes = 0, locked = false
03-21 20:45:37.853   914   988 E surfaceflinger: == MALI DEBUG ===eglp_winsys_populate_image_templates ==12288
03-21 20:45:37.862  1587  1708 I DisplayPowerController[0]: BrightnessEvent: brt=1.0(100.0%), nits=700.0, lux=-1.0, reason=manual, strat=FallbackBrightnessStrategy, state=ON, stateReason=DEFAULT_POLICY, policy=OFF, flags=, initBrt=8.54597E-4, rcmdBrt=NaN, preBrt=NaN, preLux=0.0, wasShortTermModelActive=false, autoBrightness=false (default), unclampedBrt=1.0, hbmMax=1.0, hbmMode=sunlight, thrmMax=1.0, rbcStrength=50, powerFactor=1.0, physDisp=Built-in Screen(local:4627039422300187648), logicalId=0, slowChange=false, rampSpeed=0.0
03-21 20:45:37.862   844   878 I netd    : tetherGetStats() -> {[]} <1.79ms>
03-21 20:45:37.864  1151  1151 I [GF_HAL][gf_hal]: [gf_hal_authenticate] group_id=0
03-21 20:45:37.865  2034  2034 I KeyguardTransitionRepository: STARTED transition: TransitionStep(from=GONE, to=DOZING, value=0.0, transitionState=STARTED, ownerName=FromGoneTransitionInteractor(Sleep transition triggered))
03-21 20:45:37.876   852   992 I hwcomposer: [HWCDisplay] [Display_0 (type:1)] fps:0.983597,dur:2033.35,max:1882.81,min:150.55  
03-21 20:45:37.879  1151  1151 E [GF_HAL][gf_hal_milan]: [hal_milan_invoke_command] err=GF_SUCCESS, errno=0. reset g_hal_over_current_count to 0!
03-21 20:45:38.066   625  2778 W libperfmgr: Failed to write to node: /dev/stune/top-app/schedtune.boost with value: 10, fd: -1
03-21 20:45:38.066   625  2778 W libperfmgr: Failed to write to node: /proc/sys/kernel/sched_boost with value: 0, fd: -1
03-21 20:45:38.069  1587  1708 I DisplayPowerController[0]: Blocking screen off
03-21 20:45:38.070  1032  1082 E flp     : mnld_screen_monitor_thread: Screen off
03-21 20:45:38.077   914   988 E surfaceflinger: == MALI DEBUG ===eglp_winsys_populate_image_templates ==12288
03-21 20:45:38.080   852  1055 W hwcomposer: [DRMDEV] paramIsSame(), id 912, w 1080/1080, h 93/93, pitch 1088/1088, format 0x1/0x2, secure 0/0  
03-21 20:45:38.086  1587  1999 W ImageReader_JNI: Unable to acquire a buffer item, very likely client tried to acquire more than maxImages buffers
03-21 20:45:38.088   877   877 I Situation: enable: handle:26, en:0 
03-21 20:45:38.089  1587  1680 W libprocessgroup: SetCgroup::ExecuteForProcess: failed to open /dev/stune/background/cgroup.procs: No such file or directory
03-21 20:45:38.089  1587  1708 I DisplayPowerController[0]: Unblocked screen off after 20 ms
03-21 20:45:38.091   877   877 I Accelerometer: batch: handle:0, flag:0,samplingPeriodNs:80000000 maxBatchReportLatencyNs:2000000000
03-21 20:45:38.091  1587  1708 I DisplayBrightnessStrategySelector: Changing the DisplayBrightnessStrategy from FallbackBrightnessStrategy to ScreenOffBrightnessStrategy for display 0
03-21 20:45:38.092  1587  1708 I DisplayPowerController[0]: BrightnessEvent: brt=0.0(0.0%), nits=2.7194705, lux=-1.0, reason=screen_off, strat=ScreenOffBrightnessStrategy, state=OFF, stateReason=DEFAULT_POLICY, policy=OFF, flags=, initBrt=1.0, rcmdBrt=NaN, preBrt=NaN, preLux=0.0, wasShortTermModelActive=false, autoBrightness=false (default), unclampedBrt=-1.0, hbmMax=1.0, hbmMode=sunlight, thrmMax=1.0, rbcStrength=50, powerFactor=1.0, physDisp=Built-in Screen(local:4627039422300187648), logicalId=0, slowChange=false, rampSpeed=0.0
03-21 20:45:38.093   914   914 W SurfaceFlinger: setPhysicalDisplayPowerMode: Failed to disable uclamp.min: Invalid argument
03-21 20:45:38.094   852   992 I hwcomposer: [HWCDisplay] [XMFP]: Display(0) SetPowerMode(0) fp_parallel:0  
03-21 20:45:38.094  1587  1655 I DisplayDeviceRepository: Display device changed state: "Built-in Screen", OFF
03-21 20:45:38.094  1587  1655 I InputManager-JNI: Viewport [0] to add: local:4627039422300187648, isActive: false
03-21 20:45:38.096  1587  1903 I InputReader: Reconfiguring input devices, changes=DISPLAY_INFO
03-21 20:45:38.096  1587  1903 I InputReader: Disabling fts_ts (device 4) because the associated viewport is not active
03-21 20:45:38.096  1587  1903 I InputReader: Device reconfigured: id=4, name='fts_ts', size 1080x2400, orientation Rotation0, mode DISABLED, display id 0
03-21 20:45:38.098  2458 24323 I NearbySharing: Screen is locked
03-21 20:45:38.098  2458 24323 I NearbySharing: Stopping scanning because the screen is locked.
03-21 20:45:38.099  2458 24323 I NearbySharing: Stopping Fast Init advertisement because Bluetooth is off.
03-21 20:45:38.099  2458 24323 I NearbySharing: Stopping advertising because Bluetooth is disabled.
03-21 20:45:38.099  2458 24323 I NearbySharing: Stopping FastInitiation scanning because the screen is locked.
03-21 20:45:38.099  1587  1653 W SurfaceControl: Invalid layer stack -1
03-21 20:45:38.099  1587  1653 I DisplayDevice: [0] Layerstack set to -1 for local:4627039422300187648
03-21 20:45:38.103  2458 24323 I NearbySharing: Fast Initiation Scanning has stopped
03-21 20:45:38.104  2458 24323 I NearbySharing: Dismissing HUN as there's no device nearby.
03-21 20:45:38.108  1587  2574 I ImeTracker: system_server:dc24ac24: onRequestHide at ORIGIN_SERVER reason IME_REQUESTED_CHANGED_LISTENER fromUser false
03-21 20:45:38.108  1587  1655 I ImeTracker: system_server:dc24ac24: onCancelled at PHASE_SERVER_SHOULD_HIDE
03-21 20:45:38.126  3073  3073 I PkDeviceHelper: PkDeviceHelper.refreshDevices():87 refreshing devices
03-21 20:45:38.347  1151  1333 I [GF_HAL][gf_hal]: [gf_hal_screen_off]
03-21 20:45:38.348  1587  1997 I LocalDisplayAdapter: SF.setDisplayPowerMode took 256ms
03-21 20:45:38.348  2034  2034 I KeyguardTransitionRepository: FINISHED transition: TransitionStep(from=GONE, to=DOZING, value=1.0, transitionState=FINISHED, ownerName=FromGoneTransitionInteractor(Sleep transition triggered))
03-21 20:45:38.349  1151  1333 E [GF_HAL][gf_hal_milan]: [hal_milan_invoke_command] err=GF_SUCCESS, errno=0. reset g_hal_over_current_count to 0!
03-21 20:45:38.351  1587  1708 I PowerGroup: dreamManagerAttemptedDozing status changed to true for group 0
03-21 20:45:38.352  1587  1708 I DreamManagerService: Entering dreamland.
03-21 20:45:38.355  1587  1708 I PowerManagerService: Dozing...
03-21 20:45:38.356   625  2778 W libperfmgr: Failed to write to node: /dev/stune/top-app/schedtune.boost with value: 10, fd: -1
03-21 20:45:38.356   625  2778 W libperfmgr: Failed to write to node: /proc/sys/kernel/sched_boost with value: 0, fd: -1
03-21 20:45:38.361  1587  1652 I DreamController: Starting dream: name=ComponentInfo{com.android.systemui/com.android.systemui.doze.DozeService}, isPreviewMode=false, canDoze=true, userId=0, reason='power manager request'
03-21 20:45:38.388  2034  2159 I PluginActionManager[com.android.systemui.action.PLUGIN_DOZE]: Found 0 plugins
03-21 20:45:38.406  2034  2034 E NotifRow: Magnetic state changed from IDLE to IDLE on a null swiped listener, or the logging key of the listener is null
03-21 20:45:38.432  1587  1680 W libprocessgroup: SetCgroup::ExecuteForProcess: failed to open /dev/stune/top-app/cgroup.procs: No such file or directory
03-21 20:45:38.446   877   877 E SensorManager: Correct handle(24) mindelay: 200000000 old: 1000000
03-21 20:45:38.446   877   877 I Situation: batch: handle:24, flag:0,samplingPeriodNs:200000000 maxBatchReportLatencyNs:0
03-21 20:45:38.448   877   877 I Situation: enable: handle:24, en:1 
03-21 20:45:38.457  1587  1708 I DisplayPowerController[0]: BrightnessEvent: brt=0.0(0.0%), nits=2.7194705, lux=-1.0, reason=screen_off, strat=ScreenOffBrightnessStrategy, state=OFF, stateReason=UNKNOWN, policy=DOZE, flags=, initBrt=0.0, rcmdBrt=NaN, preBrt=NaN, preLux=0.0, wasShortTermModelActive=false, autoBrightness=false (default), unclampedBrt=-1.0, hbmMax=1.0, hbmMode=sunlight, thrmMax=1.0, rbcStrength=50, powerFactor=1.0, physDisp=Built-in Screen(local:4627039422300187648), logicalId=0, slowChange=false, rampSpeed=0.0
03-21 20:45:38.489   888  2646 W StNfcHal: Idle data: 2nd byte is 0x40
03-21 20:45:38.489   888  2646 W StNfcHal: , reading next 2 bytes
03-21 20:45:38.495  1587  1587 I PowerManagerService: onFlip(): Face up.
03-21 20:45:38.495   877   877 I Accelerometer: enable: handle:0, en:0
03-21 20:45:38.512   888  2646 W StNfcHal: Idle data: 2nd byte is 0x40
03-21 20:45:38.512   888  2646 W StNfcHal: , reading next 2 bytes
03-21 20:45:38.518  2203  2203 W libnfc_nci: nativeNfcTag_doDisconnect: tag already deactivated
03-21 20:45:38.544 25642 25642 W libbinder.BackendUnifiedServiceManager: Thread Pool max thread count is 0. Cannot cache binder as linkToDeath cannot be implemented. serviceName: deviceidle
03-21 20:45:38.548  1587  2667 W AppOps  : Noting op not finished: uid 10300 pkg com.google.android.gms code 113 startTime of in progress event=1774113928726
03-21 20:45:38.550  2034  2034 W View    : requestLayout() improperly called by com.android.keyguard.CarrierText{69a8c9b V.ED..... ......ID 47,0-503,93 #7f0b0456 app:id/keyguard_carrier_text} during layout: running second layout pass
03-21 20:45:38.551  2034  2034 W View    : requestLayout() improperly called by qqs_header_constraint->qs_header_constraint (pos:0.0 Dpos/Dt:0.0 during layout: running second layout pass
03-21 20:45:38.551  2034  2034 W View    : requestLayout() improperly called by com.android.systemui.statusbar.policy.CustomClockViewStub{ed02b07 V.E...... ......I. 47,0-52,93 #7f0b027e app:id/custom_clock} during layout: running second layout pass
03-21 20:45:38.551  2034  2034 W View    : requestLayout() improperly called by com.android.systemui.statusbar.policy.Clock{a28a434 VFED..C.. ......ID 47,0-128,93 #7f0b020c app:id/clock} during layout: running second layout pass
03-21 20:45:38.551  2034  2034 W View    : requestLayout() improperly called by com.android.systemui.statusbar.policy.VariableDateView{98df25d V.ED..... ......ID 149,15-149,78 #7f0b028b app:id/date} during layout: running second layout pass
03-21 20:45:38.551  2034  2034 W View    : requestLayout() improperly called by com.android.systemui.shade.carrier.ShadeCarrierGroup{236b7d2 V.E...... ......ID 674,0-1038,93 #7f0b01df app:id/carrier_group} during layout: running second layout pass
03-21 20:45:38.551  2034  2034 W View    : requestLayout() improperly called by android.widget.FrameLayout{bba70a3 V.E...... ......ID 762,15-1027,78 #7f0b07f6 app:id/shade_header_system_icons} during layout: running second layout pass
03-21 20:45:38.551  2034  2034 W View    : requestLayout() improperly called by android.widget.FrameLayout{dc5cfa0 V.E...... ......I. 1027,0-1027,93 #7f0b06ce app:id/privacy_container} during layout: running second layout pass
03-21 20:45:38.552  2034  2034 W View    : requestLayout() improperly called by com.android.systemui.util.AutoMarqueeTextView{1874838 V.ED..... ..S...ID 0,0-135,55 #7f0b0576 app:id/mobile_carrier_text} during layout: running second layout pass
03-21 20:45:38.559  3073 25646 I DeviceStatusMonitor: DeviceStatusMonitor.handleBroadcast():138 onReceive() : Action = android.intent.action.SCREEN_OFF
03-21 20:45:38.559  3073 25646 I DeviceStatusMonitor: DeviceStatusMonitor.updateCountryInfo():154 updateCountryInfo(), notifyAnyway = false
03-21 20:45:38.561  3073  3073 I Module  : DeviceLockedStatusModuleProvider$Module.updateDeviceLockedStatus():103 repeatCheckTimes = 0, locked = false
03-21 20:45:38.562  3073  3073 I InputBundle: InputBundle.consumeEvent():1037 Skip consuming an event as imeStatus is INACTIVE
03-21 20:45:38.578  1587  1972 I MR2ServiceImpl: Updating composite discovery preference | preference: RouteDiscoveryRequest{ preferredFeatures={}, activeScan=false }, active routers: []
03-21 20:45:38.606  2458  2458 I Dtdi    : [RouteScanController] stopScan: stopping route scanning [CONTEXT service_id=312 ]
03-21 20:45:38.609  2458  2458 I Dtdi    : [RouteScanController] stopScan: no active scanning sessions exist [CONTEXT service_id=312 ]
03-21 20:45:38.612   914   988 E surfaceflinger: == MALI DEBUG ===eglp_winsys_populate_image_templates ==12288
03-21 20:45:38.615   877   924 W AString : ctor got NULL, using empty string instead
03-21 20:45:38.615   877   924 I Gyroscope: write temp cali: [376, 1914, 2476, -61041, -30220, -151303]
03-21 20:45:38.645   914   914 I SurfaceFlinger: Display 4627039422300187648 policy changed
03-21 20:45:38.645   914   914 I SurfaceFlinger: Previous: {defaultModeId=1, allowGroupSwitching=false, primaryRanges={physical=[90.00 Hz, 90.00 Hz], render=[90.00 Hz, 90.00 Hz]}, appRequestRanges={physical=[0.00 Hz, 90.00 Hz], render=[0.00 Hz, 90.00 Hz]} idleScreenConfig=nullptr}
03-21 20:45:38.645   914   914 I SurfaceFlinger: Current:  DisplayManagerPolicy{defaultModeId=0, allowGroupSwitching=false, primaryRanges={physical=[0.00 Hz, 90.00 Hz], render=[0.00 Hz, 60.00 Hz]}, appRequestRanges={physical=[0.00 Hz, 90.00 Hz], render=[0.00 Hz, 60.00 Hz]} idleScreenConfig=nullptr}
03-21 20:45:38.645   914   914 I SurfaceFlinger: 1 mode changes were performed under the previous policy
03-21 20:45:38.653 25645 25645 W libbinder.BackendUnifiedServiceManager: Thread Pool max thread count is 0. Cannot cache binder as linkToDeath cannot be implemented. serviceName: battery
03-21 20:45:38.655   852   992 I hwcomposer: [HWC] (0) displaySetActiveConfig config:0  
03-21 20:45:38.658  1587  1652 I UsbPortManager: USB HAL AIDL version: USB_HAL_V2_0
03-21 20:45:38.665  1587  1655 I DisplayDeviceRepository: Display device changed render timings: "Built-in Screen", renderFrameRate=60.0, presentationDeadlineNanos=16666667, appVsyncOffsetNanos=1000000, frameRateOverrides=[]
03-21 20:45:38.694  1587  1927 E SupplicantStaIfaceHalAidlImpl: ISupplicantStaIface.setSuspendModeEnabled failed with service specific exception: 
03-21 20:45:38.694  1587  1927 E SupplicantStaIfaceHalAidlImpl: android.os.ServiceSpecificException:  (code 1)
03-21 20:45:38.694  1587  1927 E SupplicantStaIfaceHalAidlImpl: 	at android.os.Parcel.createExceptionOrNull(Parcel.java:3387)
03-21 20:45:38.694  1587  1927 E SupplicantStaIfaceHalAidlImpl: 	at android.os.Parcel.createException(Parcel.java:3357)
03-21 20:45:38.694  1587  1927 E SupplicantStaIfaceHalAidlImpl: 	at android.os.Parcel.readException(Parcel.java:3340)
03-21 20:45:38.694  1587  1927 E SupplicantStaIfaceHalAidlImpl: 	at android.os.Parcel.readException(Parcel.java:3282)
03-21 20:45:38.694  1587  1927 E SupplicantStaIfaceHalAidlImpl: 	at com.android.wifi.x.android.hardware.wifi.supplicant.ISupplicantStaIface$Stub$Proxy.setSuspendModeEnabled(ISupplicantStaIface.java:2962)
03-21 20:45:38.694  1587  1927 E SupplicantStaIfaceHalAidlImpl: 	at com.android.server.wifi.SupplicantStaIfaceHalAidlImpl.setSuspendModeEnabled(SupplicantStaIfaceHalAidlImpl.java:2094)
03-21 20:45:38.694  1587  1927 E SupplicantStaIfaceHalAidlImpl: 	at com.android.server.wifi.SupplicantStaIfaceHal.setSuspendModeEnabled(SupplicantStaIfaceHal.java:1722)
03-21 20:45:38.694  1587  1927 E SupplicantStaIfaceHalAidlImpl: 	at com.android.server.wifi.WifiNative.setSuspendOptimizations(WifiNative.java:2831)
03-21 20:45:38.694  1587  1927 E SupplicantStaIfaceHalAidlImpl: 	at com.android.server.wifi.ClientModeImpl.setSuspendOptimizationsNative(ClientModeImpl.java:2759)
03-21 20:45:38.694  1587  1927 E SupplicantStaIfaceHalAidlImpl: 	at com.android.server.wifi.ClientModeImpl.-$$Nest$msetSuspendOptimizationsNative(ClientModeImpl.java:0)
03-21 20:45:38.694  1587  1927 E SupplicantStaIfaceHalAidlImpl: 	at com.android.server.wifi.ClientModeImpl$ConnectableState.processMessageImpl(ClientModeImpl.java:5048)
03-21 20:45:38.694  1587  1927 E SupplicantStaIfaceHalAidlImpl: 	at com.android.server.wifi.RunnerState.processMessage(RunnerState.java:82)
03-21 20:45:38.694  1587  1927 E SupplicantStaIfaceHalAidlImpl: 	at com.android.wifi.x.com.android.internal.util.StateMachine$SmHandler.processMsg(StateMachine.java:1007)
03-21 20:45:38.694  1587  1927 E SupplicantStaIfaceHalAidlImpl: 	at com.android.wifi.x.com.android.internal.util.StateMachine$SmHandler.handleMessage(StateMachine.java:820)
03-21 20:45:38.694  1587  1927 E SupplicantStaIfaceHalAidlImpl: 	at android.os.Handler.dispatchMessage(Handler.java:132)
03-21 20:45:38.694  1587  1927 E SupplicantStaIfaceHalAidlImpl: 	at android.os.Looper.dispatchMessage(Looper.java:333)
03-21 20:45:38.694  1587  1927 E SupplicantStaIfaceHalAidlImpl: 	at android.os.Looper.loopOnce(Looper.java:263)
03-21 20:45:38.694  1587  1927 E SupplicantStaIfaceHalAidlImpl: 	at android.os.Looper.loop(Looper.java:367)
03-21 20:45:38.694  1587  1927 E SupplicantStaIfaceHalAidlImpl: 	at android.os.HandlerThread.run(HandlerThread.java:139)
03-21 20:45:38.750 25651 25651 W libbinder.BackendUnifiedServiceManager: Thread Pool max thread count is 0. Cannot cache binder as linkToDeath cannot be implemented. serviceName: deviceidle
03-21 20:45:38.856   625  2778 W libperfmgr: Failed to write to node: /dev/stune/top-app/schedtune.boost with value: 10, fd: -1
03-21 20:45:38.856   625  2778 W libperfmgr: Failed to write to node: /proc/sys/kernel/sched_boost with value: 0, fd: -1
03-21 20:45:39.090  1587  8904 W Transition: Transition already started id=248 state=2
03-21 20:45:39.118  2034  2110 E QuickAccessWalletKeyguardQuickAffordanceConfig: Wallet card retrieval error, message: "null"
03-21 20:45:39.121  2034  2110 E QuickAccessWalletKeyguardQuickAffordanceConfig: Wallet card retrieval error, message: "null"
03-21 20:45:39.124  2034  2110 E QuickAccessWalletKeyguardQuickAffordanceConfig: Wallet card retrieval error, message: "null"
03-21 20:45:39.324   844 25654 I resolv  : GetAddrInfoHandler::run: {102 102 102 983142 10399 0}
03-21 20:45:39.326   844 25655 I resolv  : res_nmkquery: (QUERY, IN, A)
03-21 20:45:39.341   844 25655 I resolv  : res_nsend: used send_dg 43 terrno: 0
03-21 20:45:39.341   844 25655 I resolv  : doQuery: rcode=0, ancount=1, return value=43
03-21 20:45:39.354 24797 24797 I ReactNativeJNI: Error occurred, shutting down websocket connection: WebSocket exception unexpected end of stream on http://localhost:8081/...
03-21 20:45:39.357   625  2778 W libperfmgr: Failed to write to node: /dev/stune/top-app/schedtune.boost with value: 10, fd: -1
03-21 20:45:39.357   625  2778 W libperfmgr: Failed to write to node: /proc/sys/kernel/sched_boost with value: 0, fd: -1
03-21 20:45:39.550  1587  3034 W AppOps  : Noting op not finished: uid 10300 pkg com.google.android.gms code 113 startTime of in progress event=1774113928726
03-21 20:45:39.857   625  2778 W libperfmgr: Failed to write to node: /dev/stune/top-app/schedtune.boost with value: 10, fd: -1
03-21 20:45:39.857   625  2778 W libperfmgr: Failed to write to node: /proc/sys/kernel/sched_boost with value: 0, fd: -1
03-21 20:45:39.858   844   878 I netd    : tetherGetStats() -> {[]} <1.39ms>
03-21 20:45:40.357   625  2778 W libperfmgr: Failed to write to node: /dev/stune/top-app/schedtune.boost with value: 10, fd: -1
03-21 20:45:40.357   625  2778 W libperfmgr: Failed to write to node: /proc/sys/kernel/sched_boost with value: 0, fd: -1
03-21 20:45:40.857   625  2778 W libperfmgr: Failed to write to node: /dev/stune/top-app/schedtune.boost with value: 10, fd: -1
03-21 20:45:40.858   625  2778 W libperfmgr: Failed to write to node: /proc/sys/kernel/sched_boost with value: 0, fd: -1
03-21 20:45:40.970  2237  2237 E SatelliteController: registerForSatelliteModemStateChanged: mSatelliteSessionController is not initialized yet
03-21 20:45:40.975  2237  2237 E SatelliteController: registerForSatelliteModemStateChanged: mSatelliteSessionController is not initialized yet
03-21 20:45:40.983  2237  2378 E SatelliteController: notifyNtnEligibility: mSatellitePhone is null
03-21 20:45:40.996  1587  3034 W ContextImpl: Calling a method in the system process without a qualified user: android.app.ContextImpl.sendBroadcastMultiplePermissions:1358 android.content.Context.sendBroadcastMultiplePermissions:2796 com.android.server.TelephonyRegistry.broadcastServiceStateChanged:4172 com.android.server.TelephonyRegistry.notifyServiceStateForPhoneId:1848 com.android.internal.telephony.ITelephonyRegistry$Stub.onTransact:613 
03-21 20:45:41.000  1587  3034 W ContextImpl: Calling a method in the system process without a qualified user: android.app.ContextImpl.sendBroadcastMultiplePermissions:1391 com.android.server.TelephonyRegistry.broadcastServiceStateChanged:4177 com.android.server.TelephonyRegistry.notifyServiceStateForPhoneId:1848 com.android.internal.telephony.ITelephonyRegistry$Stub.onTransact:613 android.os.Binder.execTransactInternal:1473 
03-21 20:45:41.006  1587  3034 W ContextImpl: Calling a method in the system process without a qualified user: android.app.ContextImpl.sendBroadcastMultiplePermissions:1391 com.android.server.TelephonyRegistry.broadcastServiceStateChanged:4186 com.android.server.TelephonyRegistry.notifyServiceStateForPhoneId:1848 com.android.internal.telephony.ITelephonyRegistry$Stub.onTransact:613 android.os.Binder.execTransactInternal:1473 
03-21 20:45:41.010  1587  3034 W ContextImpl: Calling a method in the system process without a qualified user: android.app.ContextImpl.sendBroadcastMultiplePermissions:1391 com.android.server.TelephonyRegistry.broadcastServiceStateChanged:4192 com.android.server.TelephonyRegistry.notifyServiceStateForPhoneId:1848 com.android.internal.telephony.ITelephonyRegistry$Stub.onTransact:613 android.os.Binder.execTransactInternal:1473 
03-21 20:45:41.043  1587  1680 W libprocessgroup: SetCgroup::ExecuteForProcess: failed to open /dev/stune/background/cgroup.procs: No such file or directory
03-21 20:45:41.056  2237  2237 I Telephony: TelecomAccountRegistry$TelecomAccountTelephonyCallback: TelecomAccountRegistry: onServiceStateChanged: newState=0, mServiceState=0
03-21 20:45:41.056  2237  2237 W Telephony: registerMmTelCapabilityCallback: registration failed, no ImsService available. Exception: code: 1
03-21 20:45:41.060  2237  2237 I Telephony: isRttCurrentlySupported -- regular acct, hasVoiceAvailability: false
03-21 20:45:41.060  2237  2237 I Telephony:  isRttSupported: false
03-21 20:45:41.060  2237  2237 I Telephony:  alwaysAllowWhileRoaming: false
03-21 20:45:41.060  2237  2237 I Telephony:  isRoaming: false
03-21 20:45:41.060  2237  2237 I Telephony:  isOnWfc: false
03-21 20:45:41.289  2034  2044 W System  : A resource failed to call release. 
03-21 20:45:41.291  2034  2044 W System  : A resource failed to call release. 
03-21 20:45:41.292  2034  2044 W System  : A resource failed to call release. 
03-21 20:45:41.292  2034  2044 W System  : A resource failed to call release. 
03-21 20:45:41.292  2034  2044 W System  : A resource failed to call release. 
03-21 20:45:41.298  2034  2044 W System  : A resource failed to call release. 
03-21 20:45:41.298  2034  2044 W System  : A resource failed to call release. 
03-21 20:45:41.299  2034  2044 W System  : A resource failed to call release. 
03-21 20:45:41.299  2034  2044 W System  : A resource failed to call release. 
03-21 20:45:41.299  2034  2044 W System  : A resource failed to call release. 
03-21 20:45:41.299  2034  2044 W System  : A resource failed to call release. 
03-21 20:45:41.299  2034  2044 W System  : A resource failed to call release. 
03-21 20:45:41.300  2034  2044 W System  : A resource failed to call release. 
03-21 20:45:41.300  2034  2044 W System  : A resource failed to call release. 
03-21 20:45:41.302  2034  2044 W System  : A resource failed to call release. 
03-21 20:45:41.302  2034  2044 W System  : A resource failed to call release. 
03-21 20:45:41.302  2034  2044 W System  : A resource failed to call release. 
03-21 20:45:41.307  2034  2044 W System  : A resource failed to call release. 
03-21 20:45:41.307  2034  2044 W System  : A resource failed to call release. 
03-21 20:45:41.307  2034  2044 W System  : A resource failed to call release. 
03-21 20:45:41.307  2034  2044 W System  : A resource failed to call release. 
03-21 20:45:41.307  2034  2044 W System  : A resource failed to call release. 
03-21 20:45:41.307  2034  2044 W System  : A resource failed to call release. 
03-21 20:45:41.307  2034  2044 W System  : A resource failed to call release. 
03-21 20:45:41.307  2034  2044 W System  : A resource failed to call release. 
03-21 20:45:41.308  2034  2044 W System  : A resource failed to call release. 
03-21 20:45:41.308  2034  2044 W System  : A resource failed to call release. 
03-21 20:45:41.308  2034  2044 W System  : A resource failed to call release. 
03-21 20:45:41.308  2034  2044 W System  : A resource failed to call release. 
03-21 20:45:41.308  2034  2044 W System  : A resource failed to call release. 
03-21 20:45:41.358   625  2778 W libperfmgr: Failed to write to node: /dev/stune/top-app/schedtune.boost with value: 10, fd: -1
03-21 20:45:41.358   625  2778 W libperfmgr: Failed to write to node: /proc/sys/kernel/sched_boost with value: 0, fd: -1
03-21 20:45:41.371   844 25657 I resolv  : GetAddrInfoHandler::run: {102 102 102 983142 10399 0}
03-21 20:45:41.372   844 25658 I resolv  : res_nmkquery: (QUERY, IN, A)
03-21 20:45:41.382   844 25658 I resolv  : res_nsend: used send_dg 43 terrno: 0
03-21 20:45:41.382   844 25658 I resolv  : doQuery: rcode=0, ancount=1, return value=43
03-21 20:45:41.395 24797 24797 I ReactNativeJNI: Error occurred, shutting down websocket connection: WebSocket exception unexpected end of stream on http://localhost:8081/...
03-21 20:45:41.858   625  2778 W libperfmgr: Failed to write to node: /dev/stune/top-app/schedtune.boost with value: 10, fd: -1
03-21 20:45:41.858   625  2778 W libperfmgr: Failed to write to node: /proc/sys/kernel/sched_boost with value: 0, fd: -1
03-21 20:45:42.358   625  2778 W libperfmgr: Failed to write to node: /dev/stune/top-app/schedtune.boost with value: 10, fd: -1
03-21 20:45:42.358   625  2778 W libperfmgr: Failed to write to node: /proc/sys/kernel/sched_boost with value: 0, fd: -1
03-21 20:45:42.859   625  2778 W libperfmgr: Failed to write to node: /dev/stune/top-app/schedtune.boost with value: 10, fd: -1
03-21 20:45:42.859   625  2778 W libperfmgr: Failed to write to node: /proc/sys/kernel/sched_boost with value: 0, fd: -1
03-21 20:45:42.872  2034  2114 E FromGoneTransitionInteractor: Ignoring startTransition: This interactor asked to transition from GONE -> LOCKSCREEN, but we last transitioned to DOZING, not GONE. This should never happen - check currentTransitionInfoInternal or use filterRelevantKeyguardState before starting transitions.
03-21 20:45:42.873  2034  2034 E NotifRow: Magnetic state changed from IDLE to IDLE on a null swiped listener, or the logging key of the listener is null
03-21 20:45:42.878   594  5995 I keystore2: system/security/keystore2/src/authorization.rs:151 - on_device_locked(AndroidUserId(0), unlocking_sids=[SecureUserId(-7245739854948165699)], weak_unlock_enabled=false)
03-21 20:45:42.881   595   595 I beanpodkeymaster: cmd:14 Received 485 byte response
03-21 20:45:42.895   594  5995 I keystore2: system/security/keystore2/src/super_key.rs:995 - UnlockedDeviceRequired super keys for AndroidUserId(0) are biometric-encrypted
03-21 20:45:42.906   888  2646 W StNfcHal: ! i2cWrite!!, errno is 'I/O error'
03-21 20:45:42.907   595   595 I beanpodkeymaster: cmd:20 Received 4 byte response
03-21 20:45:42.908  2034  2034 I KeyguardDisplayManager: Secondary Keyguard presentation not shown on display 0 because shade window is on it (with the primary keyguard)
03-21 20:45:42.910   888  2646 W StNfcHal: Idle data: 2nd byte is 0x40
03-21 20:45:42.910   888  2646 W StNfcHal: , reading next 2 bytes
03-21 20:45:42.913   888  2646 W StNfcHal: Idle data: 2nd byte is 0x40
03-21 20:45:42.913   888  2646 W StNfcHal: , reading next 2 bytes
03-21 20:45:43.122  1587  1652 I UsbPortManager: USB HAL AIDL version: USB_HAL_V2_0
03-21 20:45:43.359   625  2778 W libperfmgr: Failed to write to node: /dev/stune/top-app/schedtune.boost with value: 10, fd: -1
03-21 20:45:43.359   625  2778 W libperfmgr: Failed to write to node: /proc/sys/kernel/sched_boost with value: 0, fd: -1
03-21 20:45:43.411   844 25661 I resolv  : GetAddrInfoHandler::run: {102 102 102 983142 10399 0}
03-21 20:45:43.411   844 25661 I resolv  : GetAddrInfoHandler::run: network access blocked
03-21 20:45:43.413 24797 24797 I ReactNativeJNI: Error occurred, shutting down websocket connection: WebSocket exception Unable to resolve host "localhost": No address associated with hostname
03-21 20:45:43.859   625  2778 W libperfmgr: Failed to write to node: /dev/stune/top-app/schedtune.boost with value: 10, fd: -1
03-21 20:45:43.859   625  2778 W libperfmgr: Failed to write to node: /proc/sys/kernel/sched_boost with value: 0, fd: -1
03-21 20:45:44.360   625  2778 W libperfmgr: Failed to write to node: /dev/stune/top-app/schedtune.boost with value: 10, fd: -1
03-21 20:45:44.360   625  2778 W libperfmgr: Failed to write to node: /proc/sys/kernel/sched_boost with value: 0, fd: -1
03-21 20:45:44.840 25662 25662 W libbinder.BackendUnifiedServiceManager: Thread Pool max thread count is 0. Cannot cache binder as linkToDeath cannot be implemented. serviceName: deviceidle
03-21 20:45:44.860   625  2778 W libperfmgr: Failed to write to node: /dev/stune/top-app/schedtune.boost with value: 10, fd: -1
03-21 20:45:44.860   625  2778 W libperfmgr: Failed to write to node: /proc/sys/kernel/sched_boost with value: 0, fd: -1
03-21 20:45:44.930 25664 25664 W libbinder.BackendUnifiedServiceManager: Thread Pool max thread count is 0. Cannot cache binder as linkToDeath cannot be implemented. serviceName: battery
03-21 20:45:45.020 25666 25666 W libbinder.BackendUnifiedServiceManager: Thread Pool max thread count is 0. Cannot cache binder as linkToDeath cannot be implemented. serviceName: deviceidle
03-21 20:45:45.118  1587  1653 I system_server: Explicit concurrent mark compact GC freed 32MB AllocSpace bytes, 98(1976KB) LOS objects, 69% free, 41MB/137MB, paused 9.084ms,17.895ms total 1.658s
03-21 20:45:45.149  1587  1624 W System  : A resource failed to call HardwareBuffer.close. 
03-21 20:45:45.157  1587  1624 W System  : A resource failed to call HardwareBuffer.close. 
03-21 20:45:45.360   625  2778 W libperfmgr: Failed to write to node: /dev/stune/top-app/schedtune.boost with value: 10, fd: -1
03-21 20:45:45.360   625  2778 W libperfmgr: Failed to write to node: /proc/sys/kernel/sched_boost with value: 0, fd: -1
03-21 20:45:45.429   844 25668 I resolv  : GetAddrInfoHandler::run: {102 102 102 983142 10399 0}
03-21 20:45:45.429   844 25668 I resolv  : GetAddrInfoHandler::run: network access blocked
03-21 20:45:45.432 24797 24797 I ReactNativeJNI: Error occurred, shutting down websocket connection: WebSocket exception Unable to resolve host "localhost": No address associated with hostname
03-21 20:45:45.860   625  2778 W libperfmgr: Failed to write to node: /dev/stune/top-app/schedtune.boost with value: 10, fd: -1
03-21 20:45:45.860   625  2778 W libperfmgr: Failed to write to node: /proc/sys/kernel/sched_boost with value: 0, fd: -1
03-21 20:45:46.361   625  2778 W libperfmgr: Failed to write to node: /dev/stune/top-app/schedtune.boost with value: 10, fd: -1
03-21 20:45:46.361   625  2778 W libperfmgr: Failed to write to node: /proc/sys/kernel/sched_boost with value: 0, fd: -1
03-21 20:45:46.762  1587  1653 I system_server: Explicit concurrent mark compact GC freed 664KB AllocSpace bytes, 5(100KB) LOS objects, 69% free, 41MB/137MB, paused 9.035ms,17.113ms total 1.602s
03-21 20:45:46.763  1587  1653 W Looper  : Slow dispatch took 3304ms android.ui app=system_server main=false group=FOREGROUND h=com.android.server.policy.PhoneWindowManager$PolicyHandler c=com.android.server.policy.PhoneWindowManager$13@f14467a m=0
03-21 20:45:46.760  1587  1587 W CachedAppOptimi: type=1400 audit(0.0:1414): avc:  denied  { search } for  name="irq" dev="proc" ino=4026531871 scontext=u:r:system_server:s0 tcontext=u:object_r:proc_irq:s0 tclass=dir permissive=0
03-21 20:45:46.768  1587  1889 E libprocessgroup: Failed to read /sys/fs/cgroup/system/uid_0/pid_0/memory.current: No such file or directory
03-21 20:45:46.768  1587  1889 W libprocessgroup: Failed to apply CompactFull process profile
03-21 20:45:46.769  1587  1889 E libprocessgroup: Failed to read /sys/fs/cgroup/system/uid_0/pid_0/memory.current: No such file or directory
03-21 20:45:46.769  1587  1889 W libprocessgroup: Failed to apply CompactFull process profile
03-21 20:45:46.770  1587  1889 E libprocessgroup: Failed to read /sys/fs/cgroup/system/uid_0/pid_1/memory.current: No such file or directory
03-21 20:45:46.770  1587  1889 W libprocessgroup: Failed to apply CompactFull process profile
03-21 20:45:46.770  1587  1889 E libprocessgroup: Failed to read /sys/fs/cgroup/system/uid_0/pid_2/memory.current: No such file or directory
03-21 20:45:46.770  1587  1889 W libprocessgroup: Failed to apply CompactFull process profile
03-21 20:45:46.771  1587  1889 E libprocessgroup: Failed to read /sys/fs/cgroup/system/uid_0/pid_3/memory.current: No such file or directory
03-21 20:45:46.771  1587  1889 W libprocessgroup: Failed to apply CompactFull process profile
03-21 20:45:46.771  1587  1889 E libprocessgroup: Failed to read /sys/fs/cgroup/system/uid_0/pid_4/memory.current: No such file or directory
03-21 20:45:46.771  1587  1889 W libprocessgroup: Failed to apply CompactFull process profile
03-21 20:45:46.772  1587  1889 E libprocessgroup: Failed to read /sys/fs/cgroup/system/uid_0/pid_8/memory.current: No such file or directory
03-21 20:45:46.772  1587  1889 W libprocessgroup: Failed to apply CompactFull process profile
03-21 20:45:46.772  1587  1889 E libprocessgroup: Failed to read /sys/fs/cgroup/system/uid_0/pid_9/memory.current: No such file or directory
03-21 20:45:46.772  1587  1889 W libprocessgroup: Failed to apply CompactFull process profile
03-21 20:45:46.772  1587  1889 E libprocessgroup: Failed to read /sys/fs/cgroup/system/uid_0/pid_10/memory.current: No such file or directory
03-21 20:45:46.773  1587  1889 W libprocessgroup: Failed to apply CompactFull process profile
03-21 20:45:46.773  1587  1889 E libprocessgroup: Failed to read /sys/fs/cgroup/system/uid_0/pid_11/memory.current: No such file or directory
03-21 20:45:46.773  1587  1889 W libprocessgroup: Failed to apply CompactFull process profile
03-21 20:45:46.773  1587  1889 E libprocessgroup: Failed to read /sys/fs/cgroup/system/uid_0/pid_12/memory.current: No such file or directory
03-21 20:45:46.773  1587  1889 W libprocessgroup: Failed to apply CompactFull process profile
03-21 20:45:46.773  1587  1889 E libprocessgroup: Failed to read /sys/fs/cgroup/system/uid_0/pid_13/memory.current: No such file or directory
03-21 20:45:46.773  1587  1889 W libprocessgroup: Failed to apply CompactFull process profile
03-21 20:45:46.773  1587  1889 E libprocessgroup: Failed to read /sys/fs/cgroup/system/uid_0/pid_14/memory.current: No such file or directory
03-21 20:45:46.773  1587  1889 W libprocessgroup: Failed to apply CompactFull process profile
03-21 20:45:46.774  1587  1889 E libprocessgroup: Failed to read /sys/fs/cgroup/system/uid_0/pid_15/memory.current: No such file or directory
03-21 20:45:46.774  1587  1889 W libprocessgroup: Failed to apply CompactFull process profile
03-21 20:45:46.774  1587  1889 E libprocessgroup: Failed to read /sys/fs/cgroup/system/uid_0/pid_18/memory.current: No such file or directory
03-21 20:45:46.774  1587  1889 W libprocessgroup: Failed to apply CompactFull process profile
03-21 20:45:46.774  1587  1889 E libprocessgroup: Failed to read /sys/fs/cgroup/system/uid_0/pid_19/memory.current: No such file or directory
03-21 20:45:46.774  1587  1889 W libprocessgroup: Failed to apply CompactFull process profile
03-21 20:45:46.774  1587  1889 E libprocessgroup: Failed to read /sys/fs/cgroup/system/uid_0/pid_20/memory.current: No such file or directory
03-21 20:45:46.774  1587  1889 W libprocessgroup: Failed to apply CompactFull process profile
03-21 20:45:46.775  1587  1889 E libprocessgroup: Failed to read /sys/fs/cgroup/system/uid_0/pid_23/memory.current: No such file or directory
03-21 20:45:46.775  1587  1889 W libprocessgroup: Failed to apply CompactFull process profile
03-21 20:45:46.775  1587  1889 E libprocessgroup: Failed to read /sys/fs/cgroup/system/uid_0/pid_24/memory.current: No such file or directory
03-21 20:45:46.775  1587  1889 W libprocessgroup: Failed to apply CompactFull process profile
03-21 20:45:46.775  1587  1889 E libprocessgroup: Failed to read /sys/fs/cgroup/system/uid_0/pid_25/memory.current: No such file or directory
03-21 20:45:46.775  1587  1889 W libprocessgroup: Failed to apply CompactFull process profile
03-21 20:45:46.775  1587  1889 E libprocessgroup: Failed to read /sys/fs/cgroup/system/uid_0/pid_27/memory.current: No such file or directory
03-21 20:45:46.775  1587  1889 W libprocessgroup: Failed to apply CompactFull process profile
03-21 20:45:46.775  1587  1889 E libprocessgroup: Failed to read /sys/fs/cgroup/system/uid_0/pid_28/memory.current: No such file or directory
03-21 20:45:46.775  1587  1889 W libprocessgroup: Failed to apply CompactFull process profile
03-21 20:45:46.776  1587  1889 E libprocessgroup: Failed to read /sys/fs/cgroup/system/uid_0/pid_29/memory.current: No such file or directory
03-21 20:45:46.776  1587  1889 W libprocessgroup: Failed to apply CompactFull process profile
03-21 20:45:46.776  1587  1889 E libprocessgroup: Failed to read /sys/fs/cgroup/system/uid_0/pid_30/memory.current: No such file or directory
03-21 20:45:46.776  1587  1889 W libprocessgroup: Failed to apply CompactFull process profile
03-21 20:45:46.776  1587  1889 E libprocessgroup: Failed to read /sys/fs/cgroup/system/uid_0/pid_33/memory.current: No such file or directory
03-21 20:45:46.776  1587  1889 W libprocessgroup: Failed to apply CompactFull process profile
03-21 20:45:46.776  1587  1889 E libprocessgroup: Failed to read /sys/fs/cgroup/system/uid_0/pid_34/memory.current: No such file or directory
03-21 20:45:46.776  1587  1889 W libprocessgroup: Failed to apply CompactFull process profile
03-21 20:45:46.776  1587  1889 E libprocessgroup: Failed to read /sys/fs/cgroup/system/uid_0/pid_35/memory.current: No such file or directory
03-21 20:45:46.777  1587  1889 W libprocessgroup: Failed to apply CompactFull process profile
03-21 20:45:46.777  1587  1889 E libprocessgroup: Failed to read /sys/fs/cgroup/system/uid_0/pid_38/memory.current: No such file or directory
03-21 20:45:46.777  1587  1889 W libprocessgroup: Failed to apply CompactFull process profile
03-21 20:45:46.777  1587  1889 E libprocessgroup: Failed to read /sys/fs/cgroup/system/uid_0/pid_39/memory.current: No such file or directory
03-21 20:45:46.777  1587  1889 W libprocessgroup: Failed to apply CompactFull process profile
03-21 20:45:46.777  1587  1889 E libprocessgroup: Failed to read /sys/fs/cgroup/system/uid_0/pid_40/memory.current: No such file or directory
03-21 20:45:46.777  1587  1889 W libprocessgroup: Failed to apply CompactFull process profile
03-21 20:45:46.777  1587  1889 E libprocessgroup: Failed to read /sys/fs/cgroup/system/uid_0/pid_42/memory.current: No such file or directory
03-21 20:45:46.777  1587  1889 W libprocessgroup: Failed to apply CompactFull process profile
03-21 20:45:46.778  1587  1889 E libprocessgroup: Failed to read /sys/fs/cgroup/system/uid_0/pid_43/memory.current: No such file or directory
03-21 20:45:46.778  1587  1889 W libprocessgroup: Failed to apply CompactFull process profile
03-21 20:45:46.778  1587  1889 E libprocessgroup: Failed to read /sys/fs/cgroup/system/uid_0/pid_44/memory.current: No such file or directory
03-21 20:45:46.778  1587  1889 W libprocessgroup: Failed to apply CompactFull process profile
03-21 20:45:46.778  1587  1889 E libprocessgroup: Failed to read /sys/fs/cgroup/system/uid_0/pid_45/memory.current: No such file or directory
03-21 20:45:46.778  1587  1889 W libprocessgroup: Failed to apply CompactFull process profile
03-21 20:45:46.778  1587  1889 E libprocessgroup: Failed to read /sys/fs/cgroup/system/uid_0/pid_48/memory.current: No such file or directory
03-21 20:45:46.778  1587  1889 W libprocessgroup: Failed to apply CompactFull process profile
03-21 20:45:46.779  1587  1889 E libprocessgroup: Failed to read /sys/fs/cgroup/system/uid_0/pid_49/memory.current: No such file or directory
03-21 20:45:46.779  1587  1889 W libprocessgroup: Failed to apply CompactFull process profile
03-21 20:45:46.779  1587  1889 E libprocessgroup: Failed to read /sys/fs/cgroup/system/uid_0/pid_50/memory.current: No such file or directory
03-21 20:45:46.779  1587  1889 W libprocessgroup: Failed to apply CompactFull process profile
03-21 20:45:46.779  1587  1889 E libprocessgroup: Failed to read /sys/fs/cgroup/system/uid_0/pid_52/memory.current: No such file or directory
03-21 20:45:46.779  1587  1889 W libprocessgroup: Failed to apply CompactFull process profile
03-21 20:45:46.779  1587  1889 E libprocessgroup: Failed to read /sys/fs/cgroup/system/uid_0/pid_54/memory.current: No such file or directory
03-21 20:45:46.779  1587  1889 W libprocessgroup: Failed to apply CompactFull process profile
03-21 20:45:46.779  1587  1889 E libprocessgroup: Failed to read /sys/fs/cgroup/system/uid_0/pid_55/memory.current: No such file or directory
03-21 20:45:46.779  1587  1889 W libprocessgroup: Failed to apply CompactFull process profile
03-21 20:45:46.780  1587  1889 E libprocessgroup: Failed to read /sys/fs/cgroup/system/uid_0/pid_56/memory.current: No such file or directory
03-21 20:45:46.780  1587  1889 W libprocessgroup: Failed to apply CompactFull process profile
03-21 20:45:46.780  1587  1889 E libprocessgroup: Failed to read /sys/fs/cgroup/system/uid_0/pid_57/memory.current: No such file or directory
03-21 20:45:46.780  1587  1889 W libprocessgroup: Failed to apply CompactFull process profile
03-21 20:45:46.780  1587  1889 E libprocessgroup: Failed to read /sys/fs/cgroup/system/uid_0/pid_58/memory.current: No such file or directory
03-21 20:45:46.780  1587  1889 W libprocessgroup: Failed to apply CompactFull process profile
03-21 20:45:46.780  1587  1889 E libprocessgroup: Failed to read /sys/fs/cgroup/system/uid_0/pid_59/memory.current: No such file or directory
03-21 20:45:46.780  1587  1889 W libprocessgroup: Failed to apply CompactFull process profile
03-21 20:45:46.781  1587  1889 E libprocessgroup: Failed to read /sys/fs/cgroup/system/uid_0/pid_60/memory.current: No such file or directory
03-21 20:45:46.781  1587  1889 W libprocessgroup: Failed to apply CompactFull process profile
03-21 20:45:46.781  1587  1889 E libprocessgroup: Failed to read /sys/fs/cgroup/system/uid_0/pid_61/memory.current: No such file or directory
03-21 20:45:46.781  1587  1889 W libprocessgroup: Failed to apply CompactFull process profile
03-21 20:45:46.781  1587  1889 E libprocessgroup: Failed to read /sys/fs/cgroup/system/uid_0/pid_62/memory.current: No such file or directory
03-21 20:45:46.781  1587  1889 W libprocessgroup: Failed to apply CompactFull process profile
03-21 20:45:46.781  1587  1889 E libprocessgroup: Failed to read /sys/fs/cgroup/system/uid_0/pid_63/memory.current: No such file or directory
03-21 20:45:46.781  1587  1889 W libprocessgroup: Failed to apply CompactFull process profile
03-21 20:45:46.781  1587  1889 E libprocessgroup: Failed to read /sys/fs/cgroup/system/uid_0/pid_64/memory.current: No such file or directory
03-21 20:45:46.781  1587  1889 W libprocessgroup: Failed to apply CompactFull process profile
03-21 20:45:46.782  1587  1889 E libprocessgroup: Failed to read /sys/fs/cgroup/system/uid_0/pid_65/memory.current: No such file or directory
03-21 20:45:46.782  1587  1889 W libprocessgroup: Failed to apply CompactFull process profile
03-21 20:45:46.782  1587  1889 E libprocessgroup: Failed to read /sys/fs/cgroup/system/uid_0/pid_66/memory.current: No such file or directory
03-21 20:45:46.782  1587  1889 W libprocessgroup: Failed to apply CompactFull process profile
03-21 20:45:46.782  1587  1889 E libprocessgroup: Failed to read /sys/fs/cgroup/system/uid_0/pid_67/memory.current: No such file or directory
03-21 20:45:46.782  1587  1889 W libprocessgroup: Failed to apply CompactFull process profile
03-21 20:45:46.782  1587  1889 E libprocessgroup: Failed to read /sys/fs/cgroup/system/uid_0/pid_68/memory.current: No such file or directory
03-21 20:45:46.782  1587  1889 W libprocessgroup: Failed to apply CompactFull process profile
03-21 20:45:46.783  1587  1889 E libprocessgroup: Failed to read /sys/fs/cgroup/system/uid_0/pid_69/memory.current: No such file or directory
03-21 20:45:46.783  1587  1889 W libprocessgroup: Failed to apply CompactFull process profile
03-21 20:45:46.783  1587  1889 E libprocessgroup: Failed to read /sys/fs/cgroup/system/uid_0/pid_70/memory.current: No such file or directory
03-21 20:45:46.783  1587  1889 W libprocessgroup: Failed to apply CompactFull process profile
03-21 20:45:46.783  1587  1889 E libprocessgroup: Failed to read /sys/fs/cgroup/system/uid_0/pid_71/memory.current: No such file or directory
03-21 20:45:46.783  1587  1889 W libprocessgroup: Failed to apply CompactFull process profile
03-21 20:45:46.783  1587  1889 E libprocessgroup: Failed to read /sys/fs/cgroup/system/uid_0/pid_77/memory.current: No such file or directory
03-21 20:45:46.783  1587  1889 W libprocessgroup: Failed to apply CompactFull process profile
03-21 20:45:46.783  1587  1889 E libprocessgroup: Failed to read /sys/fs/cgroup/system/uid_0/pid_78/memory.current: No such file or directory
03-21 20:45:46.784  1587  1889 W libprocessgroup: Failed to apply CompactFull process profile
03-21 20:45:46.784  1587  1889 E libprocessgroup: Failed to read /sys/fs/cgroup/system/uid_0/pid_79/memory.current: No such file or directory
03-21 20:45:46.784  1587  1889 W libprocessgroup: Failed to apply CompactFull process profile
03-21 20:45:46.784  1587  1889 E libprocessgroup: Failed to read /sys/fs/cgroup/system/uid_0/pid_80/memory.current: No such file or directory
03-21 20:45:46.784  1587  1889 W libprocessgroup: Failed to apply CompactFull process profile
03-21 20:45:46.784  1587  1889 E libprocessgroup: Failed to read /sys/fs/cgroup/system/uid_0/pid_81/memory.current: No such file or directory
03-21 20:45:46.784  1587  1889 W libprocessgroup: Failed to apply CompactFull process profile
03-21 20:45:46.784  1587  1889 E libprocessgroup: Failed to read /sys/fs/cgroup/system/uid_0/pid_82/memory.current: No such file or directory
03-21 20:45:46.784  1587  1889 W libprocessgroup: Failed to apply CompactFull process profile
03-21 20:45:46.784  1587  1889 E libprocessgroup: Failed to read /sys/fs/cgroup/system/uid_0/pid_83/memory.current: No such file or directory
03-21 20:45:46.784  1587  1889 W libprocessgroup: Failed to apply CompactFull process profile
03-21 20:45:46.785  1587  1889 E libprocessgroup: Failed to read /sys/fs/cgroup/system/uid_0/pid_84/memory.current: No such file or directory
03-21 20:45:46.785  1587  1889 W libprocessgroup: Failed to apply CompactFull process profile
03-21 20:45:46.785  1587  1889 E libprocessgroup: Failed to read /sys/fs/cgroup/system/uid_0/pid_85/memory.current: No such file or directory
03-21 20:45:46.785  1587  1889 W libprocessgroup: Failed to apply CompactFull process profile
03-21 20:45:46.785  1587  1889 E libprocessgroup: Failed to read /sys/fs/cgroup/system/uid_0/pid_86/memory.current: No such file or directory
03-21 20:45:46.785  1587  1889 W libprocessgroup: Failed to apply CompactFull process profile
03-21 20:45:46.785  1587  1889 E libprocessgroup: Failed to read /sys/fs/cgroup/system/uid_0/pid_87/memory.current: No such file or directory
03-21 20:45:46.785  1587  1889 W libprocessgroup: Failed to apply CompactFull process profile
03-21 20:45:46.785  1587  1889 E libprocessgroup: Failed to read /sys/fs/cgroup/system/uid_0/pid_88/memory.current: No such file or directory
03-21 20:45:46.785  1587  1889 W libprocessgroup: Failed to apply CompactFull process profile
03-21 20:45:46.786  1587  1889 E libprocessgroup: Failed to read /sys/fs/cgroup/system/uid_0/pid_89/memory.current: No such file or directory
03-21 20:45:46.786  1587  1889 W libprocessgroup: Failed to apply CompactFull process profile
03-21 20:45:46.786  1587  1889 E libprocessgroup: Failed to read /sys/fs/cgroup/system/uid_0/pid_90/memory.current: No such file or directory
03-21 20:45:46.786  1587  1889 W libprocessgroup: Failed to apply CompactFull process profile
03-21 20:45:46.786  1587  1889 E libprocessgroup: Failed to read /sys/fs/cgroup/system/uid_0/pid_91/memory.current: No such file or directory
03-21 20:45:46.786  1587  1889 W libprocessgroup: Failed to apply CompactFull process profile
03-21 20:45:46.786  1587  1889 E libprocessgroup: Failed to read /sys/fs/cgroup/system/uid_0/pid_92/memory.current: No such file or directory
03-21 20:45:46.786  1587  1889 W libprocessgroup: Failed to apply CompactFull process profile
03-21 20:45:46.786  1587  1889 E libprocessgroup: Failed to read /sys/fs/cgroup/system/uid_0/pid_93/memory.current: No such file or directory
03-21 20:45:46.786  1587  1889 W libprocessgroup: Failed to apply CompactFull process profile
03-21 20:45:46.786  1587  1889 E libprocessgroup: Failed to read /sys/fs/cgroup/system/uid_0/pid_94/memory.current: No such file or directory
03-21 20:45:46.787  1587  1889 W libprocessgroup: Failed to apply CompactFull process profile
03-21 20:45:46.787  1587  1889 E libprocessgroup: Failed to read /sys/fs/cgroup/system/uid_0/pid_95/memory.current: No such file or directory
03-21 20:45:46.787  1587  1889 W libprocessgroup: Failed to apply CompactFull process profile
03-21 20:45:46.787  1587  1889 E libprocessgroup: Failed to read /sys/fs/cgroup/system/uid_0/pid_96/memory.current: No such file or directory
03-21 20:45:46.787  1587  1889 W libprocessgroup: Failed to apply CompactFull process profile
03-21 20:45:46.787  1587  1889 E libprocessgroup: Failed to read /sys/fs/cgroup/system/uid_0/pid_97/memory.current: No such file or directory
03-21 20:45:46.787  1587  1889 W libprocessgroup: Failed to apply CompactFull process profile
03-21 20:45:46.787  1587  1889 E libprocessgroup: Failed to read /sys/fs/cgroup/system/uid_0/pid_98/memory.current: No such file or directory
03-21 20:45:46.787  1587  1889 W libprocessgroup: Failed to apply CompactFull process profile
03-21 20:45:46.787  1587  1889 E libprocessgroup: Failed to read /sys/fs/cgroup/system/uid_0/pid_99/memory.current: No such file or directory
03-21 20:45:46.788  1587  1889 W libprocessgroup: Failed to apply CompactFull process profile
03-21 20:45:46.788  1587  1889 E libprocessgroup: Failed to read /sys/fs/cgroup/system/uid_0/pid_100/memory.current: No such file or directory
03-21 20:45:46.788  1587  1889 W libprocessgroup: Failed to apply CompactFull process profile
03-21 20:45:46.788  1587  1889 E libprocessgroup: Failed to read /sys/fs/cgroup/system/uid_0/pid_101/memory.current: No such file or directory
03-21 20:45:46.788  1587  1889 W libprocessgroup: Failed to apply CompactFull process profile
03-21 20:45:46.788  1587  1889 E libprocessgroup: Failed to read /sys/fs/cgroup/system/uid_0/pid_102/memory.current: No such file or directory
03-21 20:45:46.788  1587  1889 W libprocessgroup: Failed to apply CompactFull process profile
03-21 20:45:46.788  1587  1889 E libprocessgroup: Failed to read /sys/fs/cgroup/system/uid_0/pid_103/memory.current: No such file or directory
03-21 20:45:46.788  1587  1889 W libprocessgroup: Failed to apply CompactFull process profile
03-21 20:45:46.789  1587  1889 E libprocessgroup: Failed to read /sys/fs/cgroup/system/uid_0/pid_104/memory.current: No such file or directory
03-21 20:45:46.789  1587  1889 W libprocessgroup: Failed to apply CompactFull process profile
03-21 20:45:46.789  1587  1889 E libprocessgroup: Failed to read /sys/fs/cgroup/system/uid_0/pid_105/memory.current: No such file or directory
03-21 20:45:46.789  1587  1889 W libprocessgroup: Failed to apply CompactFull process profile
03-21 20:45:46.789  1587  1889 E libprocessgroup: Failed to read /sys/fs/cgroup/system/uid_0/pid_106/memory.current: No such file or directory
03-21 20:45:46.789  1587  1889 W libprocessgroup: Failed to apply CompactFull process profile
03-21 20:45:46.789  1587  1889 E libprocessgroup: Failed to read /sys/fs/cgroup/system/uid_0/pid_107/memory.current: No such file or directory
03-21 20:45:46.789  1587  1889 W libprocessgroup: Failed to apply CompactFull process profile
03-21 20:45:46.789  1587  1889 E libprocessgroup: Failed to read /sys/fs/cgroup/system/uid_0/pid_108/memory.current: No such file or directory
03-21 20:45:46.790  1587  1889 W libprocessgroup: Failed to apply CompactFull process profile
03-21 20:45:46.790  1587  1889 E libprocessgroup: Failed to read /sys/fs/cgroup/system/uid_0/pid_109/memory.current: No such file or directory
03-21 20:45:46.790  1587  1889 W libprocessgroup: Failed to apply CompactFull process profile
03-21 20:45:46.790  1587  1889 E libprocessgroup: Failed to read /sys/fs/cgroup/system/uid_0/pid_110/memory.current: No such file or directory
03-21 20:45:46.790  1587  1889 W libprocessgroup: Failed to apply CompactFull process profile
03-21 20:45:46.790  1587  1889 E libprocessgroup: Failed to read /sys/fs/cgroup/system/uid_0/pid_111/memory.current: No such file or directory
03-21 20:45:46.790  1587  1889 W libprocessgroup: Failed to apply CompactFull process profile
03-21 20:45:46.790  1587  1889 E libprocessgroup: Failed to read /sys/fs/cgroup/system/uid_0/pid_112/memory.current: No such file or directory
03-21 20:45:46.791  1587  1889 W libprocessgroup: Failed to apply CompactFull process profile
03-21 20:45:46.791  1587  1889 E libprocessgroup: Failed to read /sys/fs/cgroup/system/uid_0/pid_113/memory.current: No such file or directory
03-21 20:45:46.791  1587  1889 W libprocessgroup: Failed to apply CompactFull process profile
03-21 20:45:46.791  1587  1889 E libprocessgroup: Failed to read /sys/fs/cgroup/system/uid_0/pid_114/memory.current: No such file or directory
03-21 20:45:46.791  1587  1889 W libprocessgroup: Failed to apply CompactFull process profile
03-21 20:45:46.791  1587  1889 E libprocessgroup: Failed to read /sys/fs/cgroup/system/uid_0/pid_116/memory.current: No such file or directory
03-21 20:45:46.791  1587  1889 W libprocessgroup: Failed to apply CompactFull process profile
03-21 20:45:46.791  1587  1889 E libprocessgroup: Failed to read /sys/fs/cgroup/system/uid_0/pid_117/memory.current: No such file or directory
03-21 20:45:46.791  1587  1889 W libprocessgroup: Failed to apply CompactFull process profile
03-21 20:45:46.792  1587  1889 E libprocessgroup: Failed to read /sys/fs/cgroup/system/uid_0/pid_118/memory.current: No such file or directory
03-21 20:45:46.792  1587  1889 W libprocessgroup: Failed to apply CompactFull process profile
03-21 20:45:46.792  1587  1889 E libprocessgroup: Failed to read /sys/fs/cgroup/system/uid_0/pid_119/memory.current: No such file or directory
03-21 20:45:46.792  1587  1889 W libprocessgroup: Failed to apply CompactFull process profile
03-21 20:45:46.792  1587  1889 E libprocessgroup: Failed to read /sys/fs/cgroup/system/uid_0/pid_120/memory.current: No such file or directory
03-21 20:45:46.792  1587  1889 W libprocessgroup: Failed to apply CompactFull process profile
03-21 20:45:46.792  1587  1889 E libprocessgroup: Failed to read /sys/fs/cgroup/system/uid_0/pid_122/memory.current: No such file or directory
03-21 20:45:46.792  1587  1889 W libprocessgroup: Failed to apply CompactFull process profile
03-21 20:45:46.792  1587  1889 E libprocessgroup: Failed to read /sys/fs/cgroup/system/uid_0/pid_124/memory.current: No such file or directory
03-21 20:45:46.792  1587  1889 W libprocessgroup: Failed to apply CompactFull process profile
03-21 20:45:46.793  1587  1889 E libprocessgroup: Failed to read /sys/fs/cgroup/system/uid_0/pid_125/memory.current: No such file or directory
03-21 20:45:46.793  1587  1889 W libprocessgroup: Failed to apply CompactFull process profile
03-21 20:45:46.793  1587  1889 E libprocessgroup: Failed to read /sys/fs/cgroup/system/uid_0/pid_126/memory.current: No such file or directory
03-21 20:45:46.793  1587  1889 W libprocessgroup: Failed to apply CompactFull process profile
03-21 20:45:46.793  1587  1889 E libprocessgroup: Failed to read /sys/fs/cgroup/system/uid_0/pid_127/memory.current: No such file or directory
03-21 20:45:46.793  1587  1889 W libprocessgroup: Failed to apply CompactFull process profile
03-21 20:45:46.793  1587  1889 E libprocessgroup: Failed to read /sys/fs/cgroup/system/uid_0/pid_129/memory.current: No such file or directory
03-21 20:45:46.793  1587  1889 W libprocessgroup: Failed to apply CompactFull process profile
03-21 20:45:46.794  1587  1889 E libprocessgroup: Failed to read /sys/fs/cgroup/system/uid_0/pid_155/memory.current: No such file or directory
03-21 20:45:46.794  1587  1889 W libprocessgroup: Failed to apply CompactFull process profile
03-21 20:45:46.794  1587  1889 E libprocessgroup: Failed to read /sys/fs/cgroup/system/uid_0/pid_156/memory.current: No such file or directory
03-21 20:45:46.794  1587  1889 W libprocessgroup: Failed to apply CompactFull process profile
03-21 20:45:46.794  1587  1889 E libprocessgroup: Failed to read /sys/fs/cgroup/system/uid_0/pid_157/memory.current: No such file or directory
03-21 20:45:46.794  1587  1889 W libprocessgroup: Failed to apply CompactFull process profile
03-21 20:45:46.794  1587  1889 E libprocessgroup: Failed to read /sys/fs/cgroup/system/uid_0/pid_160/memory.current: No such file or directory
03-21 20:45:46.794  1587  1889 W libprocessgroup: Failed to apply CompactFull process profile
03-21 20:45:46.794  1587  1889 E libprocessgroup: Failed to read /sys/fs/cgroup/system/uid_0/pid_161/memory.current: No such file or directory
03-21 20:45:46.795  1587  1889 W libprocessgroup: Failed to apply CompactFull process profile
03-21 20:45:46.795  1587  1889 E libprocessgroup: Failed to read /sys/fs/cgroup/system/uid_0/pid_162/memory.current: No such file or directory
03-21 20:45:46.795  1587  1889 W libprocessgroup: Failed to apply CompactFull process profile
03-21 20:45:46.795  1587  1889 E libprocessgroup: Failed to read /sys/fs/cgroup/system/uid_0/pid_176/memory.current: No such file or directory
03-21 20:45:46.795  1587  1889 W libprocessgroup: Failed to apply CompactFull process profile
03-21 20:45:46.795  1587  1889 E libprocessgroup: Failed to read /sys/fs/cgroup/system/uid_0/pid_210/memory.current: No such file or directory
03-21 20:45:46.795  1587  1889 W libprocessgroup: Failed to apply CompactFull process profile
03-21 20:45:46.795  1587  1889 E libprocessgroup: Failed to read /sys/fs/cgroup/system/uid_0/pid_211/memory.current: No such file or directory
03-21 20:45:46.795  1587  1889 W libprocessgroup: Failed to apply CompactFull process profile
03-21 20:45:46.796  1587  1889 E libprocessgroup: Failed to read /sys/fs/cgroup/system/uid_0/pid_212/memory.current: No such file or directory
03-21 20:45:46.796  1587  1889 W libprocessgroup: Failed to apply CompactFull process profile
03-21 20:45:46.796  1587  1889 E libprocessgroup: Failed to read /sys/fs/cgroup/system/uid_0/pid_213/memory.current: No such file or directory
03-21 20:45:46.796  1587  1889 W libprocessgroup: Failed to apply CompactFull process profile
03-21 20:45:46.796  1587  1889 E libprocessgroup: Failed to read /sys/fs/cgroup/system/uid_0/pid_214/memory.current: No such file or directory
03-21 20:45:46.796  1587  1889 W libprocessgroup: Failed to apply CompactFull process profile
03-21 20:45:46.796  1587  1889 E libprocessgroup: Failed to read /sys/fs/cgroup/system/uid_0/pid_215/memory.current: No such file or directory
03-21 20:45:46.796  1587  1889 W libprocessgroup: Failed to apply CompactFull process profile
03-21 20:45:46.796  1587  1889 E libprocessgroup: Failed to read /sys/fs/cgroup/system/uid_0/pid_216/memory.current: No such file or directory
03-21 20:45:46.796  1587  1889 W libprocessgroup: Failed to apply CompactFull process profile
03-21 20:45:46.797  1587  1889 E libprocessgroup: Failed to read /sys/fs/cgroup/system/uid_0/pid_217/memory.current: No such file or directory
03-21 20:45:46.797  1587  1889 W libprocessgroup: Failed to apply CompactFull process profile
03-21 20:45:46.797  1587  1889 E libprocessgroup: Failed to read /sys/fs/cgroup/system/uid_0/pid_218/memory.current: No such file or directory
03-21 20:45:46.797  1587  1889 W libprocessgroup: Failed to apply CompactFull process profile
03-21 20:45:46.797  1587  1889 E libprocessgroup: Failed to read /sys/fs/cgroup/system/uid_0/pid_219/memory.current: No such file or directory
03-21 20:45:46.797  1587  1889 W libprocessgroup: Failed to apply CompactFull process profile
03-21 20:45:46.797  1587  1889 E libprocessgroup: Failed to read /sys/fs/cgroup/system/uid_0/pid_220/memory.current: No such file or directory
03-21 20:45:46.797  1587  1889 W libprocessgroup: Failed to apply CompactFull process profile
03-21 20:45:46.798  1587  1889 E libprocessgroup: Failed to read /sys/fs/cgroup/system/uid_0/pid_221/memory.current: No such file or directory
03-21 20:45:46.798  1587  1889 W libprocessgroup: Failed to apply CompactFull process profile
03-21 20:45:46.798  1587  1889 E libprocessgroup: Failed to read /sys/fs/cgroup/system/uid_0/pid_223/memory.current: No such file or directory
03-21 20:45:46.798  1587  1889 W libprocessgroup: Failed to apply CompactFull process profile
03-21 20:45:46.798  1587  1889 E libprocessgroup: Failed to read /sys/fs/cgroup/system/uid_0/pid_224/memory.current: No such file or directory
03-21 20:45:46.798  1587  1889 W libprocessgroup: Failed to apply CompactFull process profile
03-21 20:45:46.798  1587  1889 E libprocessgroup: Failed to read /sys/fs/cgroup/system/uid_0/pid_225/memory.current: No such file or directory
03-21 20:45:46.798  1587  1889 W libprocessgroup: Failed to apply CompactFull process profile
03-21 20:45:46.798  1587  1889 E libprocessgroup: Failed to read /sys/fs/cgroup/system/uid_0/pid_226/memory.current: No such file or directory
03-21 20:45:46.798  1587  1889 W libprocessgroup: Failed to apply CompactFull process profile
03-21 20:45:46.799  1587  1889 E libprocessgroup: Failed to read /sys/fs/cgroup/system/uid_0/pid_227/memory.current: No such file or directory
03-21 20:45:46.799  1587  1889 W libprocessgroup: Failed to apply CompactFull process profile
03-21 20:45:46.799  1587  1889 E libprocessgroup: Failed to read /sys/fs/cgroup/system/uid_0/pid_228/memory.current: No such file or directory
03-21 20:45:46.799  1587  1889 W libprocessgroup: Failed to apply CompactFull process profile
03-21 20:45:46.799  1587  1889 E libprocessgroup: Failed to read /sys/fs/cgroup/system/uid_0/pid_229/memory.current: No such file or directory
03-21 20:45:46.799  1587  1889 W libprocessgroup: Failed to apply CompactFull process profile
03-21 20:45:46.799  1587  1889 E libprocessgroup: Failed to read /sys/fs/cgroup/system/uid_0/pid_230/memory.current: No such file or directory
03-21 20:45:46.799  1587  1889 W libprocessgroup: Failed to apply CompactFull process profile
03-21 20:45:46.800  1587  1889 E libprocessgroup: Failed to read /sys/fs/cgroup/system/uid_0/pid_231/memory.current: No such file or directory
03-21 20:45:46.800  1587  1889 W libprocessgroup: Failed to apply CompactFull process profile
03-21 20:45:46.800  1587  1889 E libprocessgroup: Failed to read /sys/fs/cgroup/system/uid_0/pid_232/memory.current: No such file or directory
03-21 20:45:46.800  1587  1889 W libprocessgroup: Failed to apply CompactFull process profile
03-21 20:45:46.800  1587  1889 E libprocessgroup: Failed to read /sys/fs/cgroup/system/uid_0/pid_233/memory.current: No such file or directory
03-21 20:45:46.800  1587  1889 W libprocessgroup: Failed to apply CompactFull process profile
03-21 20:45:46.800  1587  1889 E libprocessgroup: Failed to read /sys/fs/cgroup/system/uid_0/pid_234/memory.current: No such file or directory
03-21 20:45:46.800  1587  1889 W libprocessgroup: Failed to apply CompactFull process profile
03-21 20:45:46.800  1587  1889 E libprocessgroup: Failed to read /sys/fs/cgroup/system/uid_0/pid_235/memory.current: No such file or directory
03-21 20:45:46.800  1587  1889 W libprocessgroup: Failed to apply CompactFull process profile
03-21 20:45:46.801  1587  1889 E libprocessgroup: Failed to read /sys/fs/cgroup/system/uid_0/pid_236/memory.current: No such file or directory
03-21 20:45:46.801  1587  1889 W libprocessgroup: Failed to apply CompactFull process profile
03-21 20:45:46.801  1587  1889 E libprocessgroup: Failed to read /sys/fs/cgroup/system/uid_0/pid_237/memory.current: No such file or directory
03-21 20:45:46.801  1587  1889 W libprocessgroup: Failed to apply CompactFull process profile
03-21 20:45:46.801  1587  1889 E libprocessgroup: Failed to read /sys/fs/cgroup/system/uid_0/pid_238/memory.current: No such file or directory
03-21 20:45:46.801  1587  1889 W libprocessgroup: Failed to apply CompactFull process profile
03-21 20:45:46.801  1587  1889 E libprocessgroup: Failed to read /sys/fs/cgroup/system/uid_0/pid_239/memory.current: No such file or directory
03-21 20:45:46.801  1587  1889 W libprocessgroup: Failed to apply CompactFull process profile
03-21 20:45:46.802  1587  1889 E libprocessgroup: Failed to read /sys/fs/cgroup/system/uid_0/pid_240/memory.current: No such file or directory
03-21 20:45:46.802  1587  1889 W libprocessgroup: Failed to apply CompactFull process profile
03-21 20:45:46.802  1587  1889 E libprocessgroup: Failed to read /sys/fs/cgroup/system/uid_0/pid_241/memory.current: No such file or directory
03-21 20:45:46.802  1587  1889 W libprocessgroup: Failed to apply CompactFull process profile
03-21 20:45:46.802  1587  1889 E libprocessgroup: Failed to read /sys/fs/cgroup/system/uid_0/pid_242/memory.current: No such file or directory
03-21 20:45:46.802  1587  1889 W libprocessgroup: Failed to apply CompactFull process profile
03-21 20:45:46.802  1587  1889 E libprocessgroup: Failed to read /sys/fs/cgroup/system/uid_0/pid_243/memory.current: No such file or directory
03-21 20:45:46.802  1587  1889 W libprocessgroup: Failed to apply CompactFull process profile
03-21 20:45:46.803  1587  1889 E libprocessgroup: Failed to read /sys/fs/cgroup/system/uid_0/pid_244/memory.current: No such file or directory
03-21 20:45:46.803  1587  1889 W libprocessgroup: Failed to apply CompactFull process profile
03-21 20:45:46.803  1587  1889 E libprocessgroup: Failed to read /sys/fs/cgroup/system/uid_0/pid_245/memory.current: No such file or directory
03-21 20:45:46.803  1587  1889 W libprocessgroup: Failed to apply CompactFull process profile
03-21 20:45:46.803  1587  1889 E libprocessgroup: Failed to read /sys/fs/cgroup/system/uid_0/pid_246/memory.current: No such file or directory
03-21 20:45:46.803  1587  1889 W libprocessgroup: Failed to apply CompactFull process profile
03-21 20:45:46.803  1587  1889 E libprocessgroup: Failed to read /sys/fs/cgroup/system/uid_0/pid_247/memory.current: No such file or directory
03-21 20:45:46.803  1587  1889 W libprocessgroup: Failed to apply CompactFull process profile
03-21 20:45:46.804  1587  1889 E libprocessgroup: Failed to read /sys/fs/cgroup/system/uid_0/pid_248/memory.current: No such file or directory
03-21 20:45:46.804  1587  1889 W libprocessgroup: Failed to apply CompactFull process profile
03-21 20:45:46.804  1587  1889 E libprocessgroup: Failed to read /sys/fs/cgroup/system/uid_0/pid_249/memory.current: No such file or directory
03-21 20:45:46.804  1587  1889 W libprocessgroup: Failed to apply CompactFull process profile
03-21 20:45:46.804  1587  1889 E libprocessgroup: Failed to read /sys/fs/cgroup/system/uid_0/pid_250/memory.current: No such file or directory
03-21 20:45:46.804  1587  1889 W libprocessgroup: Failed to apply CompactFull process profile
03-21 20:45:46.804  1587  1889 E libprocessgroup: Failed to read /sys/fs/cgroup/system/uid_0/pid_251/memory.current: No such file or directory
03-21 20:45:46.804  1587  1889 W libprocessgroup: Failed to apply CompactFull process profile
03-21 20:45:46.804  1587  1889 E libprocessgroup: Failed to read /sys/fs/cgroup/system/uid_0/pid_252/memory.current: No such file or directory
03-21 20:45:46.805  1587  1889 W libprocessgroup: Failed to apply CompactFull process profile
03-21 20:45:46.805  1587  1889 E libprocessgroup: Failed to read /sys/fs/cgroup/system/uid_0/pid_253/memory.current: No such file or directory
03-21 20:45:46.805  1587  1889 W libprocessgroup: Failed to apply CompactFull process profile
03-21 20:45:46.805  1587  1889 E libprocessgroup: Failed to read /sys/fs/cgroup/system/uid_0/pid_254/memory.current: No such file or directory
03-21 20:45:46.805  1587  1889 W libprocessgroup: Failed to apply CompactFull process profile
03-21 20:45:46.805  1587  1889 E libprocessgroup: Failed to read /sys/fs/cgroup/system/uid_0/pid_255/memory.current: No such file or directory
03-21 20:45:46.805  1587  1889 W libprocessgroup: Failed to apply CompactFull process profile
03-21 20:45:46.805  1587  1889 E libprocessgroup: Failed to read /sys/fs/cgroup/system/uid_0/pid_256/memory.current: No such file or directory
03-21 20:45:46.805  1587  1889 W libprocessgroup: Failed to apply CompactFull process profile
03-21 20:45:46.806  1587  1889 E libprocessgroup: Failed to read /sys/fs/cgroup/system/uid_0/pid_257/memory.current: No such file or directory
03-21 20:45:46.806  1587  1889 W libprocessgroup: Failed to apply CompactFull process profile
03-21 20:45:46.806  1587  1889 E libprocessgroup: Failed to read /sys/fs/cgroup/system/uid_0/pid_258/memory.current: No such file or directory
03-21 20:45:46.806  1587  1889 W libprocessgroup: Failed to apply CompactFull process profile
03-21 20:45:46.806  1587  1889 E libprocessgroup: Failed to read /sys/fs/cgroup/system/uid_0/pid_259/memory.current: No such file or directory
03-21 20:45:46.806  1587  1889 W libprocessgroup: Failed to apply CompactFull process profile
03-21 20:45:46.806  1587  1889 E libprocessgroup: Failed to read /sys/fs/cgroup/system/uid_0/pid_260/memory.current: No such file or directory
03-21 20:45:46.806  1587  1889 W libprocessgroup: Failed to apply CompactFull process profile
03-21 20:45:46.807  1587  1889 E libprocessgroup: Failed to read /sys/fs/cgroup/system/uid_0/pid_261/memory.current: No such file or directory
03-21 20:45:46.807  1587  1889 W libprocessgroup: Failed to apply CompactFull process profile
03-21 20:45:46.807  1587  1889 E libprocessgroup: Failed to read /sys/fs/cgroup/system/uid_0/pid_262/memory.current: No such file or directory
03-21 20:45:46.807  1587  1889 W libprocessgroup: Failed to apply CompactFull process profile
03-21 20:45:46.807  1587  1889 E libprocessgroup: Failed to read /sys/fs/cgroup/system/uid_0/pid_263/memory.current: No such file or directory
03-21 20:45:46.807  1587  1889 W libprocessgroup: Failed to apply CompactFull process profile
03-21 20:45:46.807  1587  1889 E libprocessgroup: Failed to read /sys/fs/cgroup/system/uid_0/pid_264/memory.current: No such file or directory
03-21 20:45:46.807  1587  1889 W libprocessgroup: Failed to apply CompactFull process profile
03-21 20:45:46.807  1587  1889 E libprocessgroup: Failed to read /sys/fs/cgroup/system/uid_0/pid_265/memory.current: No such file or directory
03-21 20:45:46.807  1587  1889 W libprocessgroup: Failed to apply CompactFull process profile
03-21 20:45:46.808  1587  1889 E libprocessgroup: Failed to read /sys/fs/cgroup/system/uid_0/pid_266/memory.current: No such file or directory
03-21 20:45:46.808  1587  1889 W libprocessgroup: Failed to apply CompactFull process profile
03-21 20:45:46.808  1587  1889 E libprocessgroup: Failed to read /sys/fs/cgroup/system/uid_0/pid_267/memory.current: No such file or directory
03-21 20:45:46.808  1587  1889 W libprocessgroup: Failed to apply CompactFull process profile
03-21 20:45:46.808  1587  1889 E libprocessgroup: Failed to read /sys/fs/cgroup/system/uid_0/pid_268/memory.current: No such file or directory
03-21 20:45:46.808  1587  1889 W libprocessgroup: Failed to apply CompactFull process profile
03-21 20:45:46.808  1587  1889 E libprocessgroup: Failed to read /sys/fs/cgroup/system/uid_0/pid_269/memory.current: No such file or directory
03-21 20:45:46.808  1587  1889 W libprocessgroup: Failed to apply CompactFull process profile
03-21 20:45:46.809  1587  1889 E libprocessgroup: Failed to read /sys/fs/cgroup/system/uid_0/pid_270/memory.current: No such file or directory
03-21 20:45:46.809  1587  1889 W libprocessgroup: Failed to apply CompactFull process profile
03-21 20:45:46.809  1587  1889 E libprocessgroup: Failed to read /sys/fs/cgroup/system/uid_0/pid_271/memory.current: No such file or directory
03-21 20:45:46.809  1587  1889 W libprocessgroup: Failed to apply CompactFull process profile
03-21 20:45:46.809  1587  1889 E libprocessgroup: Failed to read /sys/fs/cgroup/system/uid_0/pid_272/memory.current: No such file or directory
03-21 20:45:46.809  1587  1889 W libprocessgroup: Failed to apply CompactFull process profile
03-21 20:45:46.809  1587  1889 E libprocessgroup: Failed to read /sys/fs/cgroup/system/uid_0/pid_273/memory.current: No such file or directory
03-21 20:45:46.809  1587  1889 W libprocessgroup: Failed to apply CompactFull process profile
03-21 20:45:46.809  1587  1889 E libprocessgroup: Failed to read /sys/fs/cgroup/system/uid_0/pid_274/memory.current: No such file or directory
03-21 20:45:46.810  1587  1889 W libprocessgroup: Failed to apply CompactFull process profile
03-21 20:45:46.810  1587  1889 E libprocessgroup: Failed to read /sys/fs/cgroup/system/uid_0/pid_275/memory.current: No such file or directory
03-21 20:45:46.810  1587  1889 W libprocessgroup: Failed to apply CompactFull process profile
03-21 20:45:46.810  1587  1889 E libprocessgroup: Failed to read /sys/fs/cgroup/system/uid_0/pid_276/memory.current: No such file or directory
03-21 20:45:46.810  1587  1889 W libprocessgroup: Failed to apply CompactFull process profile
03-21 20:45:46.810  1587  1889 E libprocessgroup: Failed to read /sys/fs/cgroup/system/uid_0/pid_277/memory.current: No such file or directory
03-21 20:45:46.810  1587  1889 W libprocessgroup: Failed to apply CompactFull process profile
03-21 20:45:46.810  1587  1889 E libprocessgroup: Failed to read /sys/fs/cgroup/system/uid_0/pid_278/memory.current: No such file or directory
03-21 20:45:46.810  1587  1889 W libprocessgroup: Failed to apply CompactFull process profile
03-21 20:45:46.811  1587  1889 E libprocessgroup: Failed to read /sys/fs/cgroup/system/uid_0/pid_279/memory.current: No such file or directory
03-21 20:45:46.811  1587  1889 W libprocessgroup: Failed to apply CompactFull process profile
03-21 20:45:46.812  1587  1889 E libprocessgroup: Failed to read /sys/fs/cgroup/system/uid_0/pid_281/memory.current: No such file or directory
03-21 20:45:46.812  1587  1889 W libprocessgroup: Failed to apply CompactFull process profile
03-21 20:45:46.812  1587  1889 E libprocessgroup: Failed to read /sys/fs/cgroup/system/uid_0/pid_282/memory.current: No such file or directory
03-21 20:45:46.812  1587  1889 W libprocessgroup: Failed to apply CompactFull process profile
03-21 20:45:46.812  1587  1889 E libprocessgroup: Failed to read /sys/fs/cgroup/system/uid_0/pid_283/memory.current: No such file or directory
03-21 20:45:46.812  1587  1889 W libprocessgroup: Failed to apply CompactFull process profile
03-21 20:45:46.812  1587  1889 E libprocessgroup: Failed to read /sys/fs/cgroup/system/uid_0/pid_284/memory.current: No such file or directory
03-21 20:45:46.813  1587  1889 W libprocessgroup: Failed to apply CompactFull process profile
03-21 20:45:46.813  1587  1889 E libprocessgroup: Failed to read /sys/fs/cgroup/system/uid_0/pid_285/memory.current: No such file or directory
03-21 20:45:46.813  1587  1889 W libprocessgroup: Failed to apply CompactFull process profile
03-21 20:45:46.813  1587  1889 E libprocessgroup: Failed to read /sys/fs/cgroup/system/uid_0/pid_286/memory.current: No such file or directory
03-21 20:45:46.813  1587  1889 W libprocessgroup: Failed to apply CompactFull process profile
03-21 20:45:46.813  1587  1889 E libprocessgroup: Failed to read /sys/fs/cgroup/system/uid_0/pid_287/memory.current: No such file or directory
03-21 20:45:46.813  1587  1889 W libprocessgroup: Failed to apply CompactFull process profile
03-21 20:45:46.813  1587  1889 E libprocessgroup: Failed to read /sys/fs/cgroup/system/uid_0/pid_288/memory.current: No such file or directory
03-21 20:45:46.813  1587  1889 W libprocessgroup: Failed to apply CompactFull process profile
03-21 20:45:46.814  1587  1889 E libprocessgroup: Failed to read /sys/fs/cgroup/system/uid_0/pid_289/memory.current: No such file or directory
03-21 20:45:46.814  1587  1889 W libprocessgroup: Failed to apply CompactFull process profile
03-21 20:45:46.814  1587  1889 E libprocessgroup: Failed to read /sys/fs/cgroup/system/uid_0/pid_290/memory.current: No such file or directory
03-21 20:45:46.814  1587  1889 W libprocessgroup: Failed to apply CompactFull process profile
03-21 20:45:46.814  1587  1889 E libprocessgroup: Failed to read /sys/fs/cgroup/system/uid_0/pid_291/memory.current: No such file or directory
03-21 20:45:46.814  1587  1889 W libprocessgroup: Failed to apply CompactFull process profile
03-21 20:45:46.814  1587  1889 E libprocessgroup: Failed to read /sys/fs/cgroup/system/uid_0/pid_292/memory.current: No such file or directory
03-21 20:45:46.814  1587  1889 W libprocessgroup: Failed to apply CompactFull process profile
03-21 20:45:46.815  1587  1889 E libprocessgroup: Failed to read /sys/fs/cgroup/system/uid_0/pid_293/memory.current: No such file or directory
03-21 20:45:46.815  1587  1889 W libprocessgroup: Failed to apply CompactFull process profile
03-21 20:45:46.815  1587  1889 E libprocessgroup: Failed to read /sys/fs/cgroup/system/uid_0/pid_294/memory.current: No such file or directory
03-21 20:45:46.815  1587  1889 W libprocessgroup: Failed to apply CompactFull process profile
03-21 20:45:46.815  1587  1889 E libprocessgroup: Failed to read /sys/fs/cgroup/system/uid_0/pid_295/memory.current: No such file or directory
03-21 20:45:46.815  1587  1889 W libprocessgroup: Failed to apply CompactFull process profile
03-21 20:45:46.815  1587  1889 E libprocessgroup: Failed to read /sys/fs/cgroup/system/uid_0/pid_296/memory.current: No such file or directory
03-21 20:45:46.815  1587  1889 W libprocessgroup: Failed to apply CompactFull process profile
03-21 20:45:46.815  1587  1889 E libprocessgroup: Failed to read /sys/fs/cgroup/system/uid_0/pid_297/memory.current: No such file or directory
03-21 20:45:46.816  1587  1889 W libprocessgroup: Failed to apply CompactFull process profile
03-21 20:45:46.816  1587  1889 E libprocessgroup: Failed to read /sys/fs/cgroup/system/uid_0/pid_298/memory.current: No such file or directory
03-21 20:45:46.816  1587  1889 W libprocessgroup: Failed to apply CompactFull process profile
03-21 20:45:46.816  1587  1889 E libprocessgroup: Failed to read /sys/fs/cgroup/system/uid_0/pid_299/memory.current: No such file or directory
03-21 20:45:46.816  1587  1889 W libprocessgroup: Failed to apply CompactFull process profile
03-21 20:45:46.816  1587  1889 E libprocessgroup: Failed to read /sys/fs/cgroup/system/uid_0/pid_300/memory.current: No such file or directory
03-21 20:45:46.816  1587  1889 W libprocessgroup: Failed to apply CompactFull process profile
03-21 20:45:46.816  1587  1889 E libprocessgroup: Failed to read /sys/fs/cgroup/system/uid_0/pid_301/memory.current: No such file or directory
03-21 20:45:46.816  1587  1889 W libprocessgroup: Failed to apply CompactFull process profile
03-21 20:45:46.817  1587  1889 E libprocessgroup: Failed to read /sys/fs/cgroup/system/uid_0/pid_302/memory.current: No such file or directory
03-21 20:45:46.817  1587  1889 W libprocessgroup: Failed to apply CompactFull process profile
03-21 20:45:46.817  1587  1889 E libprocessgroup: Failed to read /sys/fs/cgroup/system/uid_0/pid_303/memory.current: No such file or directory
03-21 20:45:46.817  1587  1889 W libprocessgroup: Failed to apply CompactFull process profile
03-21 20:45:46.817  1587  1889 E libprocessgroup: Failed to read /sys/fs/cgroup/system/uid_0/pid_304/memory.current: No such file or directory
03-21 20:45:46.817  1587  1889 W libprocessgroup: Failed to apply CompactFull process profile
03-21 20:45:46.817  1587  1889 E libprocessgroup: Failed to read /sys/fs/cgroup/system/uid_0/pid_305/memory.current: No such file or directory
03-21 20:45:46.817  1587  1889 W libprocessgroup: Failed to apply CompactFull process profile
03-21 20:45:46.817  1587  1889 E libprocessgroup: Failed to read /sys/fs/cgroup/system/uid_0/pid_306/memory.current: No such file or directory
03-21 20:45:46.818  1587  1889 W libprocessgroup: Failed to apply CompactFull process profile
03-21 20:45:46.818  1587  1889 E libprocessgroup: Failed to read /sys/fs/cgroup/system/uid_0/pid_307/memory.current: No such file or directory
03-21 20:45:46.818  1587  1889 W libprocessgroup: Failed to apply CompactFull process profile
03-21 20:45:46.818  1587  1889 E libprocessgroup: Failed to read /sys/fs/cgroup/system/uid_0/pid_313/memory.current: No such file or directory
03-21 20:45:46.818  1587  1889 W libprocessgroup: Failed to apply CompactFull process profile
03-21 20:45:46.818  1587  1889 E libprocessgroup: Failed to read /sys/fs/cgroup/system/uid_0/pid_314/memory.current: No such file or directory
03-21 20:45:46.818  1587  1889 W libprocessgroup: Failed to apply CompactFull process profile
03-21 20:45:46.818  1587  1889 E libprocessgroup: Failed to read /sys/fs/cgroup/system/uid_0/pid_315/memory.current: No such file or directory
03-21 20:45:46.819  1587  1889 W libprocessgroup: Failed to apply CompactFull process profile
03-21 20:45:46.819  1587  1889 E libprocessgroup: Failed to read /sys/fs/cgroup/system/uid_0/pid_316/memory.current: No such file or directory
03-21 20:45:46.819  1587  1889 W libprocessgroup: Failed to apply CompactFull process profile
03-21 20:45:46.819  1587  1889 E libprocessgroup: Failed to read /sys/fs/cgroup/system/uid_0/pid_317/memory.current: No such file or directory
03-21 20:45:46.819  1587  1889 W libprocessgroup: Failed to apply CompactFull process profile
03-21 20:45:46.819  1587  1889 E libprocessgroup: Failed to read /sys/fs/cgroup/system/uid_0/pid_318/memory.current: No such file or directory
03-21 20:45:46.819  1587  1889 W libprocessgroup: Failed to apply CompactFull process profile
03-21 20:45:46.820  1587  1889 E libprocessgroup: Failed to read /sys/fs/cgroup/system/uid_0/pid_319/memory.current: No such file or directory
03-21 20:45:46.820  1587  1889 W libprocessgroup: Failed to apply CompactFull process profile
03-21 20:45:46.820  1587  1889 E libprocessgroup: Failed to read /sys/fs/cgroup/system/uid_0/pid_320/memory.current: No such file or directory
03-21 20:45:46.820  1587  1889 W libprocessgroup: Failed to apply CompactFull process profile
03-21 20:45:46.820  1587  1889 E libprocessgroup: Failed to read /sys/fs/cgroup/system/uid_0/pid_321/memory.current: No such file or directory
03-21 20:45:46.820  1587  1889 W libprocessgroup: Failed to apply CompactFull process profile
03-21 20:45:46.820  1587  1889 E libprocessgroup: Failed to read /sys/fs/cgroup/system/uid_0/pid_322/memory.current: No such file or directory
03-21 20:45:46.820  1587  1889 W libprocessgroup: Failed to apply CompactFull process profile
03-21 20:45:46.820  1587  1889 E libprocessgroup: Failed to read /sys/fs/cgroup/system/uid_0/pid_323/memory.current: No such file or directory
03-21 20:45:46.820  1587  1889 W libprocessgroup: Failed to apply CompactFull process profile
03-21 20:45:46.821  1587  1889 E libprocessgroup: Failed to read /sys/fs/cgroup/system/uid_0/pid_324/memory.current: No such file or directory
03-21 20:45:46.821  1587  1889 W libprocessgroup: Failed to apply CompactFull process profile
03-21 20:45:46.821  1587  1889 E libprocessgroup: Failed to read /sys/fs/cgroup/system/uid_0/pid_325/memory.current: No such file or directory
03-21 20:45:46.821  1587  1889 W libprocessgroup: Failed to apply CompactFull process profile
03-21 20:45:46.821  1587  1889 E libprocessgroup: Failed to read /sys/fs/cgroup/system/uid_0/pid_326/memory.current: No such file or directory
03-21 20:45:46.821  1587  1889 W libprocessgroup: Failed to apply CompactFull process profile
03-21 20:45:46.821  1587  1889 E libprocessgroup: Failed to read /sys/fs/cgroup/system/uid_0/pid_327/memory.current: No such file or directory
03-21 20:45:46.821  1587  1889 W libprocessgroup: Failed to apply CompactFull process profile
03-21 20:45:46.822  1587  1889 E libprocessgroup: Failed to read /sys/fs/cgroup/system/uid_0/pid_328/memory.current: No such file or directory
03-21 20:45:46.822  1587  1889 W libprocessgroup: Failed to apply CompactFull process profile
03-21 20:45:46.822  1587  1889 E libprocessgroup: Failed to read /sys/fs/cgroup/system/uid_0/pid_329/memory.current: No such file or directory
03-21 20:45:46.822  1587  1889 W libprocessgroup: Failed to apply CompactFull process profile
03-21 20:45:46.822  1587  1889 E libprocessgroup: Failed to read /sys/fs/cgroup/system/uid_0/pid_330/memory.current: No such file or directory
03-21 20:45:46.822  1587  1889 W libprocessgroup: Failed to apply CompactFull process profile
03-21 20:45:46.822  1587  1889 E libprocessgroup: Failed to read /sys/fs/cgroup/system/uid_0/pid_331/memory.current: No such file or directory
03-21 20:45:46.822  1587  1889 W libprocessgroup: Failed to apply CompactFull process profile
03-21 20:45:46.822  1587  1889 E libprocessgroup: Failed to read /sys/fs/cgroup/system/uid_0/pid_332/memory.current: No such file or directory
03-21 20:45:46.823  1587  1889 W libprocessgroup: Failed to apply CompactFull process profile
03-21 20:45:46.823  1587  1889 E libprocessgroup: Failed to read /sys/fs/cgroup/system/uid_0/pid_334/memory.current: No such file or directory
03-21 20:45:46.823  1587  1889 W libprocessgroup: Failed to apply CompactFull process profile
03-21 20:45:46.823  1587  1889 E libprocessgroup: Failed to read /sys/fs/cgroup/system/uid_0/pid_335/memory.current: No such file or directory
03-21 20:45:46.823  1587  1889 W libprocessgroup: Failed to apply CompactFull process profile
03-21 20:45:46.823  1587  1889 E libprocessgroup: Failed to read /sys/fs/cgroup/system/uid_0/pid_337/memory.current: No such file or directory
03-21 20:45:46.823  1587  1889 W libprocessgroup: Failed to apply CompactFull process profile
03-21 20:45:46.823  1587  1889 E libprocessgroup: Failed to read /sys/fs/cgroup/system/uid_0/pid_339/memory.current: No such file or directory
03-21 20:45:46.823  1587  1889 W libprocessgroup: Failed to apply CompactFull process profile
03-21 20:45:46.824  1587  1889 E libprocessgroup: Failed to read /sys/fs/cgroup/system/uid_0/pid_340/memory.current: No such file or directory
03-21 20:45:46.824  1587  1889 W libprocessgroup: Failed to apply CompactFull process profile
03-21 20:45:46.824  1587  1889 E libprocessgroup: Failed to read /sys/fs/cgroup/system/uid_0/pid_341/memory.current: No such file or directory
03-21 20:45:46.824  1587  1889 W libprocessgroup: Failed to apply CompactFull process profile
03-21 20:45:46.824  1587  1889 E libprocessgroup: Failed to read /sys/fs/cgroup/system/uid_0/pid_342/memory.current: No such file or directory
03-21 20:45:46.824  1587  1889 W libprocessgroup: Failed to apply CompactFull process profile
03-21 20:45:46.824  1587  1889 E libprocessgroup: Failed to read /sys/fs/cgroup/system/uid_0/pid_343/memory.current: No such file or directory
03-21 20:45:46.824  1587  1889 W libprocessgroup: Failed to apply CompactFull process profile
03-21 20:45:46.824  1587  1889 E libprocessgroup: Failed to read /sys/fs/cgroup/system/uid_0/pid_344/memory.current: No such file or directory
03-21 20:45:46.825  1587  1889 W libprocessgroup: Failed to apply CompactFull process profile
03-21 20:45:46.825  1587  1889 E libprocessgroup: Failed to read /sys/fs/cgroup/system/uid_0/pid_345/memory.current: No such file or directory
03-21 20:45:46.825  1587  1889 W libprocessgroup: Failed to apply CompactFull process profile
03-21 20:45:46.825  1587  1889 E libprocessgroup: Failed to read /sys/fs/cgroup/system/uid_0/pid_346/memory.current: No such file or directory
03-21 20:45:46.825  1587  1889 W libprocessgroup: Failed to apply CompactFull process profile
03-21 20:45:46.825  1587  1889 E libprocessgroup: Failed to read /sys/fs/cgroup/system/uid_0/pid_347/memory.current: No such file or directory
03-21 20:45:46.825  1587  1889 W libprocessgroup: Failed to apply CompactFull process profile
03-21 20:45:46.825  1587  1889 E libprocessgroup: Failed to read /sys/fs/cgroup/system/uid_0/pid_349/memory.current: No such file or directory
03-21 20:45:46.825  1587  1889 W libprocessgroup: Failed to apply CompactFull process profile
03-21 20:45:46.826  1587  1889 E libprocessgroup: Failed to read /sys/fs/cgroup/system/uid_0/pid_350/memory.current: No such file or directory
03-21 20:45:46.826  1587  1889 W libprocessgroup: Failed to apply CompactFull process profile
03-21 20:45:46.826  1587  1889 E libprocessgroup: Failed to read /sys/fs/cgroup/system/uid_0/pid_351/memory.current: No such file or directory
03-21 20:45:46.826  1587  1889 W libprocessgroup: Failed to apply CompactFull process profile
03-21 20:45:46.826  1587  1889 E libprocessgroup: Failed to read /sys/fs/cgroup/system/uid_0/pid_352/memory.current: No such file or directory
03-21 20:45:46.826  1587  1889 W libprocessgroup: Failed to apply CompactFull process profile
03-21 20:45:46.826  1587  1889 E libprocessgroup: Failed to read /sys/fs/cgroup/system/uid_0/pid_353/memory.current: No such file or directory
03-21 20:45:46.826  1587  1889 W libprocessgroup: Failed to apply CompactFull process profile
03-21 20:45:46.827  1587  1889 E libprocessgroup: Failed to read /sys/fs/cgroup/system/uid_0/pid_354/memory.current: No such file or directory
03-21 20:45:46.827  1587  1889 W libprocessgroup: Failed to apply CompactFull process profile
03-21 20:45:46.827  1587  1889 E libprocessgroup: Failed to read /sys/fs/cgroup/system/uid_0/pid_355/memory.current: No such file or directory
03-21 20:45:46.827  1587  1889 W libprocessgroup: Failed to apply CompactFull process profile
03-21 20:45:46.827  1587  1889 E libprocessgroup: Failed to read /sys/fs/cgroup/system/uid_0/pid_356/memory.current: No such file or directory
03-21 20:45:46.827  1587  1889 W libprocessgroup: Failed to apply CompactFull process profile
03-21 20:45:46.827  1587  1889 E libprocessgroup: Failed to read /sys/fs/cgroup/system/uid_0/pid_357/memory.current: No such file or directory
03-21 20:45:46.827  1587  1889 W libprocessgroup: Failed to apply CompactFull process profile
03-21 20:45:46.827  1587  1889 E libprocessgroup: Failed to read /sys/fs/cgroup/system/uid_0/pid_358/memory.current: No such file or directory
03-21 20:45:46.827  1587  1889 W libprocessgroup: Failed to apply CompactFull process profile
03-21 20:45:46.828  1587  1889 E libprocessgroup: Failed to read /sys/fs/cgroup/system/uid_0/pid_359/memory.current: No such file or directory
03-21 20:45:46.828  1587  1889 W libprocessgroup: Failed to apply CompactFull process profile
03-21 20:45:46.828  1587  1889 E libprocessgroup: Failed to read /sys/fs/cgroup/system/uid_0/pid_360/memory.current: No such file or directory
03-21 20:45:46.828  1587  1889 W libprocessgroup: Failed to apply CompactFull process profile
03-21 20:45:46.828  1587  1889 E libprocessgroup: Failed to read /sys/fs/cgroup/system/uid_0/pid_361/memory.current: No such file or directory
03-21 20:45:46.828  1587  1889 W libprocessgroup: Failed to apply CompactFull process profile
03-21 20:45:46.828  1587  1889 E libprocessgroup: Failed to read /sys/fs/cgroup/system/uid_0/pid_362/memory.current: No such file or directory
03-21 20:45:46.828  1587  1889 W libprocessgroup: Failed to apply CompactFull process profile
03-21 20:45:46.828  1587  1889 E libprocessgroup: Failed to read /sys/fs/cgroup/system/uid_0/pid_363/memory.current: No such file or directory
03-21 20:45:46.829  1587  1889 W libprocessgroup: Failed to apply CompactFull process profile
03-21 20:45:46.829  1587  1889 E libprocessgroup: Failed to read /sys/fs/cgroup/system/uid_0/pid_364/memory.current: No such file or directory
03-21 20:45:46.829  1587  1889 W libprocessgroup: Failed to apply CompactFull process profile
03-21 20:45:46.829  1587  1889 E libprocessgroup: Failed to read /sys/fs/cgroup/system/uid_0/pid_365/memory.current: No such file or directory
03-21 20:45:46.829  1587  1889 W libprocessgroup: Failed to apply CompactFull process profile
03-21 20:45:46.829  1587  1889 E libprocessgroup: Failed to read /sys/fs/cgroup/system/uid_0/pid_366/memory.current: No such file or directory
03-21 20:45:46.829  1587  1889 W libprocessgroup: Failed to apply CompactFull process profile
03-21 20:45:46.829  1587  1889 E libprocessgroup: Failed to read /sys/fs/cgroup/system/uid_0/pid_367/memory.current: No such file or directory
03-21 20:45:46.829  1587  1889 W libprocessgroup: Failed to apply CompactFull process profile
03-21 20:45:46.830  1587  1889 E libprocessgroup: Failed to read /sys/fs/cgroup/system/uid_0/pid_368/memory.current: No such file or directory
03-21 20:45:46.830  1587  1889 W libprocessgroup: Failed to apply CompactFull process profile
03-21 20:45:46.830  1587  1889 E libprocessgroup: Failed to read /sys/fs/cgroup/system/uid_0/pid_369/memory.current: No such file or directory
03-21 20:45:46.830  1587  1889 W libprocessgroup: Failed to apply CompactFull process profile
03-21 20:45:46.830  1587  1889 E libprocessgroup: Failed to read /sys/fs/cgroup/system/uid_0/pid_370/memory.current: No such file or directory
03-21 20:45:46.830  1587  1889 W libprocessgroup: Failed to apply CompactFull process profile
03-21 20:45:46.830  1587  1889 E libprocessgroup: Failed to read /sys/fs/cgroup/system/uid_0/pid_371/memory.current: No such file or directory
03-21 20:45:46.830  1587  1889 W libprocessgroup: Failed to apply CompactFull process profile
03-21 20:45:46.831  1587  1889 E libprocessgroup: Failed to read /sys/fs/cgroup/system/uid_0/pid_372/memory.current: No such file or directory
03-21 20:45:46.831  1587  1889 W libprocessgroup: Failed to apply CompactFull process profile
03-21 20:45:46.831  1587  1889 E libprocessgroup: Failed to read /sys/fs/cgroup/system/uid_0/pid_374/memory.current: No such file or directory
03-21 20:45:46.831  1587  1889 W libprocessgroup: Failed to apply CompactFull process profile
03-21 20:45:46.831  1587  1889 E libprocessgroup: Failed to read /sys/fs/cgroup/system/uid_0/pid_377/memory.current: No such file or directory
03-21 20:45:46.831  1587  1889 W libprocessgroup: Failed to apply CompactFull process profile
03-21 20:45:46.831  1587  1889 E libprocessgroup: Failed to read /sys/fs/cgroup/system/uid_0/pid_378/memory.current: No such file or directory
03-21 20:45:46.831  1587  1889 W libprocessgroup: Failed to apply CompactFull process profile
03-21 20:45:46.831  1587  1889 E libprocessgroup: Failed to read /sys/fs/cgroup/system/uid_0/pid_379/memory.current: No such file or directory
03-21 20:45:46.831  1587  1889 W libprocessgroup: Failed to apply CompactFull process profile
03-21 20:45:46.832  1587  1889 E libprocessgroup: Failed to read /sys/fs/cgroup/system/uid_0/pid_380/memory.current: No such file or directory
03-21 20:45:46.832  1587  1889 W libprocessgroup: Failed to apply CompactFull process profile
03-21 20:45:46.832  1587  1889 E libprocessgroup: Failed to read /sys/fs/cgroup/system/uid_0/pid_381/memory.current: No such file or directory
03-21 20:45:46.832  1587  1889 W libprocessgroup: Failed to apply CompactFull process profile
03-21 20:45:46.832  1587  1889 E libprocessgroup: Failed to read /sys/fs/cgroup/system/uid_0/pid_382/memory.current: No such file or directory
03-21 20:45:46.832  1587  1889 W libprocessgroup: Failed to apply CompactFull process profile
03-21 20:45:46.832  1587  1889 E libprocessgroup: Failed to read /sys/fs/cgroup/system/uid_0/pid_383/memory.current: No such file or directory
03-21 20:45:46.832  1587  1889 W libprocessgroup: Failed to apply CompactFull process profile
03-21 20:45:46.833  1587  1889 E libprocessgroup: Failed to read /sys/fs/cgroup/system/uid_0/pid_384/memory.current: No such file or directory
03-21 20:45:46.833  1587  1889 W libprocessgroup: Failed to apply CompactFull process profile
03-21 20:45:46.833  1587  1889 E libprocessgroup: Failed to read /sys/fs/cgroup/system/uid_0/pid_385/memory.current: No such file or directory
03-21 20:45:46.833  1587  1889 W libprocessgroup: Failed to apply CompactFull process profile
03-21 20:45:46.833  1587  1889 E libprocessgroup: Failed to read /sys/fs/cgroup/system/uid_0/pid_386/memory.current: No such file or directory
03-21 20:45:46.833  1587  1889 W libprocessgroup: Failed to apply CompactFull process profile
03-21 20:45:46.833  1587  1889 E libprocessgroup: Failed to read /sys/fs/cgroup/system/uid_0/pid_387/memory.current: No such file or directory
03-21 20:45:46.833  1587  1889 W libprocessgroup: Failed to apply CompactFull process profile
03-21 20:45:46.833  1587  1889 E libprocessgroup: Failed to read /sys/fs/cgroup/system/uid_0/pid_388/memory.current: No such file or directory
03-21 20:45:46.833  1587  1889 W libprocessgroup: Failed to apply CompactFull process profile
03-21 20:45:46.834  1587  1889 E libprocessgroup: Failed to read /sys/fs/cgroup/system/uid_0/pid_389/memory.current: No such file or directory
03-21 20:45:46.834  1587  1889 W libprocessgroup: Failed to apply CompactFull process profile
03-21 20:45:46.834  1587  1889 E libprocessgroup: Failed to read /sys/fs/cgroup/system/uid_0/pid_390/memory.current: No such file or directory
03-21 20:45:46.834  1587  1889 W libprocessgroup: Failed to apply CompactFull process profile
03-21 20:45:46.834  1587  1889 E libprocessgroup: Failed to read /sys/fs/cgroup/system/uid_0/pid_391/memory.current: No such file or directory
03-21 20:45:46.834  1587  1889 W libprocessgroup: Failed to apply CompactFull process profile
03-21 20:45:46.834  1587  1889 E libprocessgroup: Failed to read /sys/fs/cgroup/system/uid_0/pid_392/memory.current: No such file or directory
03-21 20:45:46.834  1587  1889 W libprocessgroup: Failed to apply CompactFull process profile
03-21 20:45:46.835  1587  1889 E libprocessgroup: Failed to read /sys/fs/cgroup/system/uid_0/pid_393/memory.current: No such file or directory
03-21 20:45:46.835  1587  1889 W libprocessgroup: Failed to apply CompactFull process profile
03-21 20:45:46.835  1587  1889 E libprocessgroup: Failed to read /sys/fs/cgroup/system/uid_0/pid_399/memory.current: No such file or directory
03-21 20:45:46.835  1587  1889 W libprocessgroup: Failed to apply CompactFull process profile
03-21 20:45:46.835  1587  1889 E libprocessgroup: Failed to read /sys/fs/cgroup/system/uid_0/pid_407/memory.current: No such file or directory
03-21 20:45:46.835  1587  1889 W libprocessgroup: Failed to apply CompactFull process profile
03-21 20:45:46.835  1587  1889 E libprocessgroup: Failed to read /sys/fs/cgroup/system/uid_0/pid_409/memory.current: No such file or directory
03-21 20:45:46.835  1587  1889 W libprocessgroup: Failed to apply CompactFull process profile
03-21 20:45:46.835  1587  1889 E libprocessgroup: Failed to read /sys/fs/cgroup/system/uid_0/pid_411/memory.current: No such file or directory
03-21 20:45:46.836  1587  1889 W libprocessgroup: Failed to apply CompactFull process profile
03-21 20:45:46.836  1587  1889 E libprocessgroup: Failed to read /sys/fs/cgroup/system/uid_0/pid_412/memory.current: No such file or directory
03-21 20:45:46.836  1587  1889 W libprocessgroup: Failed to apply CompactFull process profile
03-21 20:45:46.836  1587  1889 E libprocessgroup: Failed to read /sys/fs/cgroup/system/uid_0/pid_413/memory.current: No such file or directory
03-21 20:45:46.836  1587  1889 W libprocessgroup: Failed to apply CompactFull process profile
03-21 20:45:46.836  1587  1889 E libprocessgroup: Failed to read /sys/fs/cgroup/system/uid_0/pid_414/memory.current: No such file or directory
03-21 20:45:46.836  1587  1889 W libprocessgroup: Failed to apply CompactFull process profile
03-21 20:45:46.836  1587  1889 E libprocessgroup: Failed to read /sys/fs/cgroup/system/uid_0/pid_415/memory.current: No such file or directory
03-21 20:45:46.836  1587  1889 W libprocessgroup: Failed to apply CompactFull process profile
03-21 20:45:46.837  1587  1889 E libprocessgroup: Failed to read /sys/fs/cgroup/system/uid_0/pid_416/memory.current: No such file or directory
03-21 20:45:46.837  1587  1889 W libprocessgroup: Failed to apply CompactFull process profile
03-21 20:45:46.837  1587  1889 E libprocessgroup: Failed to read /sys/fs/cgroup/system/uid_0/pid_417/memory.current: No such file or directory
03-21 20:45:46.837  1587  1889 W libprocessgroup: Failed to apply CompactFull process profile
03-21 20:45:46.837  1587  1889 E libprocessgroup: Failed to read /sys/fs/cgroup/system/uid_0/pid_418/memory.current: No such file or directory
03-21 20:45:46.837  1587  1889 W libprocessgroup: Failed to apply CompactFull process profile
03-21 20:45:46.837  1587  1889 E libprocessgroup: Failed to read /sys/fs/cgroup/system/uid_0/pid_419/memory.current: No such file or directory
03-21 20:45:46.837  1587  1889 W libprocessgroup: Failed to apply CompactFull process profile
03-21 20:45:46.838  1587  1889 E libprocessgroup: Failed to read /sys/fs/cgroup/system/uid_0/pid_423/memory.current: No such file or directory
03-21 20:45:46.838  1587  1889 W libprocessgroup: Failed to apply CompactFull process profile
03-21 20:45:46.839  1587  1889 E libprocessgroup: Could not write 2596864 to /sys/fs/cgroup/system/uid_0/pid_424/memory.reclaim: Permission denied
03-21 20:45:46.839  1587  1889 W libprocessgroup: Failed to apply CompactFull process profile
03-21 20:45:46.839  1587  1889 E libprocessgroup: Failed to read /sys/fs/cgroup/system/uid_0/pid_474/memory.current: No such file or directory
03-21 20:45:46.839  1587  1889 W libprocessgroup: Failed to apply CompactFull process profile
03-21 20:45:46.839  1587  1889 E libprocessgroup: Failed to read /sys/fs/cgroup/system/uid_0/pid_476/memory.current: No such file or directory
03-21 20:45:46.839  1587  1889 W libprocessgroup: Failed to apply CompactFull process profile
03-21 20:45:46.839  1587  1889 E libprocessgroup: Failed to read /sys/fs/cgroup/system/uid_0/pid_478/memory.current: No such file or directory
03-21 20:45:46.839  1587  1889 W libprocessgroup: Failed to apply CompactFull process profile
03-21 20:45:46.839  1587  1889 E libprocessgroup: Failed to read /sys/fs/cgroup/system/uid_0/pid_480/memory.current: No such file or directory
03-21 20:45:46.839  1587  1889 W libprocessgroup: Failed to apply CompactFull process profile
03-21 20:45:46.840  1587  1889 E libprocessgroup: Failed to read /sys/fs/cgroup/system/uid_0/pid_481/memory.current: No such file or directory
03-21 20:45:46.840  1587  1889 W libprocessgroup: Failed to apply CompactFull process profile
03-21 20:45:46.840  1587  1889 E libprocessgroup: Failed to read /sys/fs/cgroup/system/uid_0/pid_482/memory.current: No such file or directory
03-21 20:45:46.840  1587  1889 W libprocessgroup: Failed to apply CompactFull process profile
03-21 20:45:46.840  1587  1889 E libprocessgroup: Failed to read /sys/fs/cgroup/system/uid_0/pid_483/memory.current: No such file or directory
03-21 20:45:46.840  1587  1889 W libprocessgroup: Failed to apply CompactFull process profile
03-21 20:45:46.840  1587  1889 E libprocessgroup: Failed to read /sys/fs/cgroup/system/uid_0/pid_484/memory.current: No such file or directory
03-21 20:45:46.840  1587  1889 W libprocessgroup: Failed to apply CompactFull process profile
03-21 20:45:46.841  1587  1889 E libprocessgroup: Failed to read /sys/fs/cgroup/system/uid_0/pid_485/memory.current: No such file or directory
03-21 20:45:46.841  1587  1889 W libprocessgroup: Failed to apply CompactFull process profile
03-21 20:45:46.841  1587  1889 E libprocessgroup: Failed to read /sys/fs/cgroup/system/uid_0/pid_486/memory.current: No such file or directory
03-21 20:45:46.841  1587  1889 W libprocessgroup: Failed to apply CompactFull process profile
03-21 20:45:46.841  1587  1889 E libprocessgroup: Failed to read /sys/fs/cgroup/system/uid_0/pid_487/memory.current: No such file or directory
03-21 20:45:46.841  1587  1889 W libprocessgroup: Failed to apply CompactFull process profile
03-21 20:45:46.841  1587  1889 E libprocessgroup: Failed to read /sys/fs/cgroup/system/uid_0/pid_489/memory.current: No such file or directory
03-21 20:45:46.841  1587  1889 W libprocessgroup: Failed to apply CompactFull process profile
03-21 20:45:46.841  1587  1889 E libprocessgroup: Failed to read /sys/fs/cgroup/system/uid_0/pid_490/memory.current: No such file or directory
03-21 20:45:46.841  1587  1889 W libprocessgroup: Failed to apply CompactFull process profile
03-21 20:45:46.842  1587  1889 E libprocessgroup: Failed to read /sys/fs/cgroup/system/uid_0/pid_491/memory.current: No such file or directory
03-21 20:45:46.842  1587  1889 W libprocessgroup: Failed to apply CompactFull process profile
03-21 20:45:46.842  1587  1889 E libprocessgroup: Failed to read /sys/fs/cgroup/system/uid_0/pid_492/memory.current: No such file or directory
03-21 20:45:46.842  1587  1889 W libprocessgroup: Failed to apply CompactFull process profile
03-21 20:45:46.842  1587  1889 E libprocessgroup: Failed to read /sys/fs/cgroup/system/uid_0/pid_494/memory.current: No such file or directory
03-21 20:45:46.842  1587  1889 W libprocessgroup: Failed to apply CompactFull process profile
03-21 20:45:46.842  1587  1889 E libprocessgroup: Failed to read /sys/fs/cgroup/system/uid_0/pid_496/memory.current: No such file or directory
03-21 20:45:46.842  1587  1889 W libprocessgroup: Failed to apply CompactFull process profile
03-21 20:45:46.843  1587  1889 E libprocessgroup: Failed to read /sys/fs/cgroup/system/uid_0/pid_497/memory.current: No such file or directory
03-21 20:45:46.843  1587  1889 W libprocessgroup: Failed to apply CompactFull process profile
03-21 20:45:46.843  1587  1889 E libprocessgroup: Failed to read /sys/fs/cgroup/system/uid_0/pid_498/memory.current: No such file or directory
03-21 20:45:46.843  1587  1889 W libprocessgroup: Failed to apply CompactFull process profile
03-21 20:45:46.843  1587  1889 E libprocessgroup: Failed to read /sys/fs/cgroup/system/uid_0/pid_500/memory.current: No such file or directory
03-21 20:45:46.843  1587  1889 W libprocessgroup: Failed to apply CompactFull process profile
03-21 20:45:46.843  1587  1889 E libprocessgroup: Failed to read /sys/fs/cgroup/system/uid_0/pid_501/memory.current: No such file or directory
03-21 20:45:46.843  1587  1889 W libprocessgroup: Failed to apply CompactFull process profile
03-21 20:45:46.843  1587  1889 E libprocessgroup: Failed to read /sys/fs/cgroup/system/uid_0/pid_502/memory.current: No such file or directory
03-21 20:45:46.843  1587  1889 W libprocessgroup: Failed to apply CompactFull process profile
03-21 20:45:46.844  1587  1889 E libprocessgroup: Failed to read /sys/fs/cgroup/system/uid_0/pid_503/memory.current: No such file or directory
03-21 20:45:46.844  1587  1889 W libprocessgroup: Failed to apply CompactFull process profile
03-21 20:45:46.844  1587  1889 E libprocessgroup: Failed to read /sys/fs/cgroup/system/uid_0/pid_504/memory.current: No such file or directory
03-21 20:45:46.844  1587  1889 W libprocessgroup: Failed to apply CompactFull process profile
03-21 20:45:46.844  1587  1889 E libprocessgroup: Failed to read /sys/fs/cgroup/system/uid_0/pid_505/memory.current: No such file or directory
03-21 20:45:46.844  1587  1889 W libprocessgroup: Failed to apply CompactFull process profile
03-21 20:45:46.844  1587  1889 E libprocessgroup: Failed to read /sys/fs/cgroup/system/uid_0/pid_509/memory.current: No such file or directory
03-21 20:45:46.844  1587  1889 W libprocessgroup: Failed to apply CompactFull process profile
03-21 20:45:46.845  1587  1889 E libprocessgroup: Failed to read /sys/fs/cgroup/system/uid_0/pid_516/memory.current: No such file or directory
03-21 20:45:46.845  1587  1889 W libprocessgroup: Failed to apply CompactFull process profile
03-21 20:45:46.845  1587  1889 E libprocessgroup: Failed to read /sys/fs/cgroup/system/uid_0/pid_517/memory.current: No such file or directory
03-21 20:45:46.845  1587  1889 W libprocessgroup: Failed to apply CompactFull process profile
03-21 20:45:46.845  1587  1889 E libprocessgroup: Failed to read /sys/fs/cgroup/system/uid_0/pid_518/memory.current: No such file or directory
03-21 20:45:46.845  1587  1889 W libprocessgroup: Failed to apply CompactFull process profile
03-21 20:45:46.845  1587  1889 E libprocessgroup: Failed to read /sys/fs/cgroup/system/uid_0/pid_519/memory.current: No such file or directory
03-21 20:45:46.845  1587  1889 W libprocessgroup: Failed to apply CompactFull process profile
03-21 20:45:46.845  1587  1889 E libprocessgroup: Failed to read /sys/fs/cgroup/system/uid_0/pid_520/memory.current: No such file or directory
03-21 20:45:46.845  1587  1889 W libprocessgroup: Failed to apply CompactFull process profile
03-21 20:45:46.846  1587  1889 E libprocessgroup: Failed to read /sys/fs/cgroup/system/uid_0/pid_521/memory.current: No such file or directory
03-21 20:45:46.846  1587  1889 W libprocessgroup: Failed to apply CompactFull process profile
03-21 20:45:46.846  1587  1889 E libprocessgroup: Failed to read /sys/fs/cgroup/system/uid_0/pid_522/memory.current: No such file or directory
03-21 20:45:46.846  1587  1889 W libprocessgroup: Failed to apply CompactFull process profile
03-21 20:45:46.846  1587  1889 E libprocessgroup: Failed to read /sys/fs/cgroup/system/uid_0/pid_523/memory.current: No such file or directory
03-21 20:45:46.846  1587  1889 W libprocessgroup: Failed to apply CompactFull process profile
03-21 20:45:46.846  1587  1889 E libprocessgroup: Failed to read /sys/fs/cgroup/system/uid_0/pid_524/memory.current: No such file or directory
03-21 20:45:46.846  1587  1889 W libprocessgroup: Failed to apply CompactFull process profile
03-21 20:45:46.847  1587  1889 E libprocessgroup: Failed to read /sys/fs/cgroup/system/uid_0/pid_525/memory.current: No such file or directory
03-21 20:45:46.847  1587  1889 W libprocessgroup: Failed to apply CompactFull process profile
03-21 20:45:46.847  1587  1889 E libprocessgroup: Could not write 2506752 to /sys/fs/cgroup/system/uid_1092/pid_528/memory.reclaim: Permission denied
03-21 20:45:46.847  1587  1889 W libprocessgroup: Failed to apply CompactFull process profile
03-21 20:45:46.848  1587  1889 E libprocessgroup: Failed to read /sys/fs/cgroup/system/uid_0/pid_530/memory.current: No such file or directory
03-21 20:45:46.848  1587  1889 W libprocessgroup: Failed to apply CompactFull process profile
03-21 20:45:46.849  1587  1889 E libprocessgroup: Could not write 1208320 to /sys/fs/cgroup/system/uid_1069/pid_531/memory.reclaim: Permission denied
03-21 20:45:46.849  1587  1889 W libprocessgroup: Failed to apply CompactFull process profile
03-21 20:45:46.849  1587  1889 E libprocessgroup: Could not write 2486272 to /sys/fs/cgroup/system/uid_1000/pid_532/memory.reclaim: Permission denied
03-21 20:45:46.849  1587  1889 W libprocessgroup: Failed to apply CompactFull process profile
03-21 20:45:46.850  1587  1889 E libprocessgroup: Could not write 3117056 to /sys/fs/cgroup/system/uid_1000/pid_533/memory.reclaim: Permission denied
03-21 20:45:46.850  1587  1889 W libprocessgroup: Failed to apply CompactFull process profile
03-21 20:45:46.850  1587  1889 E libprocessgroup: Failed to read /sys/fs/cgroup/system/uid_0/pid_534/memory.current: No such file or directory
03-21 20:45:46.850  1587  1889 W libprocessgroup: Failed to apply CompactFull process profile
03-21 20:45:46.851  1587  1889 E libprocessgroup: Could not write 3485696 to /sys/fs/cgroup/system/uid_1000/pid_542/memory.reclaim: Permission denied
03-21 20:45:46.851  1587  1889 W libprocessgroup: Failed to apply CompactFull process profile
03-21 20:45:46.851  1587  1889 E libprocessgroup: Could not write 7794688 to /sys/fs/cgroup/system/uid_0/pid_543/memory.reclaim: Permission denied
03-21 20:45:46.852  1587  1889 W libprocessgroup: Failed to apply CompactFull process profile
03-21 20:45:46.852  1587  1889 E libprocessgroup: Failed to read /sys/fs/cgroup/system/uid_0/pid_548/memory.current: No such file or directory
03-21 20:45:46.852  1587  1889 W libprocessgroup: Failed to apply CompactFull process profile
03-21 20:45:46.852  1587  1889 E libprocessgroup: Failed to read /sys/fs/cgroup/system/uid_0/pid_549/memory.current: No such file or directory
03-21 20:45:46.852  1587  1889 W libprocessgroup: Failed to apply CompactFull process profile
03-21 20:45:46.852  1587  1889 E libprocessgroup: Failed to read /sys/fs/cgroup/system/uid_0/pid_552/memory.current: No such file or directory
03-21 20:45:46.852  1587  1889 W libprocessgroup: Failed to apply CompactFull process profile
03-21 20:45:46.852  1587  1889 E libprocessgroup: Failed to read /sys/fs/cgroup/system/uid_0/pid_557/memory.current: No such file or directory
03-21 20:45:46.852  1587  1889 W libprocessgroup: Failed to apply CompactFull process profile
03-21 20:45:46.853  1587  1889 E libprocessgroup: Failed to read /sys/fs/cgroup/system/uid_0/pid_558/memory.current: No such file or directory
03-21 20:45:46.853  1587  1889 W libprocessgroup: Failed to apply CompactFull process profile
03-21 20:45:46.853  1587  1889 E libprocessgroup: Failed to read /sys/fs/cgroup/system/uid_0/pid_562/memory.current: No such file or directory
03-21 20:45:46.853  1587  1889 W libprocessgroup: Failed to apply CompactFull process profile
03-21 20:45:46.853  1587  1889 E libprocessgroup: Failed to read /sys/fs/cgroup/system/uid_0/pid_563/memory.current: No such file or directory
03-21 20:45:46.853  1587  1889 W libprocessgroup: Failed to apply CompactFull process profile
03-21 20:45:46.853  1587  1889 E libprocessgroup: Failed to read /sys/fs/cgroup/system/uid_0/pid_567/memory.current: No such file or directory
03-21 20:45:46.853  1587  1889 W libprocessgroup: Failed to apply CompactFull process profile
03-21 20:45:46.853  1587  1889 E libprocessgroup: Failed to read /sys/fs/cgroup/system/uid_0/pid_568/memory.current: No such file or directory
03-21 20:45:46.853  1587  1889 W libprocessgroup: Failed to apply CompactFull process profile
03-21 20:45:46.853  1587  1889 E libprocessgroup: Failed to read /sys/fs/cgroup/system/uid_0/pid_572/memory.current: No such file or directory
03-21 20:45:46.853  1587  1889 W libprocessgroup: Failed to apply CompactFull process profile
03-21 20:45:46.854  1587  1889 E libprocessgroup: Failed to read /sys/fs/cgroup/system/uid_0/pid_573/memory.current: No such file or directory
03-21 20:45:46.854  1587  1889 W libprocessgroup: Failed to apply CompactFull process profile
03-21 20:45:46.854  1587  1889 E libprocessgroup: Failed to read /sys/fs/cgroup/system/uid_0/pid_577/memory.current: No such file or directory
03-21 20:45:46.854  1587  1889 W libprocessgroup: Failed to apply CompactFull process profile
03-21 20:45:46.854  1587  1889 E libprocessgroup: Failed to read /sys/fs/cgroup/system/uid_0/pid_578/memory.current: No such file or directory
03-21 20:45:46.854  1587  1889 W libprocessgroup: Failed to apply CompactFull process profile
03-21 20:45:46.855  1587  1889 E libprocessgroup: Could not write 2646016 to /sys/fs/cgroup/system/uid_1000/pid_579/memory.reclaim: Permission denied
03-21 20:45:46.855  1587  1889 W libprocessgroup: Failed to apply CompactFull process profile
03-21 20:45:46.855  1587  1889 E libprocessgroup: Failed to read /sys/fs/cgroup/system/uid_0/pid_584/memory.current: No such file or directory
03-21 20:45:46.855  1587  1889 W libprocessgroup: Failed to apply CompactFull process profile
03-21 20:45:46.855  1587  1889 E libprocessgroup: Failed to read /sys/fs/cgroup/system/uid_0/pid_588/memory.current: No such file or directory
03-21 20:45:46.855  1587  1889 W libprocessgroup: Failed to apply CompactFull process profile
03-21 20:45:46.856  1587  1889 E libprocessgroup: Failed to read /sys/fs/cgroup/system/uid_0/pid_589/memory.current: No such file or directory
03-21 20:45:46.856  1587  1889 W libprocessgroup: Failed to apply CompactFull process profile
03-21 20:45:46.857  1587  1889 E libprocessgroup: Could not write 1331200 to /sys/fs/cgroup/system/uid_1000/pid_592/memory.reclaim: Permission denied
03-21 20:45:46.857  1587  1889 W libprocessgroup: Failed to apply CompactFull process profile
03-21 20:45:46.858  1587  1889 E libprocessgroup: Could not write 1990656 to /sys/fs/cgroup/system/uid_1000/pid_593/memory.reclaim: Permission denied
03-21 20:45:46.858  1587  1889 W libprocessgroup: Failed to apply CompactFull process profile
03-21 20:45:46.858  1587  1889 E libprocessgroup: Could not write 11063296 to /sys/fs/cgroup/system/uid_1017/pid_594/memory.reclaim: Permission denied
03-21 20:45:46.859  1587  1889 W libprocessgroup: Failed to apply CompactFull process profile
03-21 20:45:46.859  1587  1889 E libprocessgroup: Could not write 3158016 to /sys/fs/cgroup/system/uid_1000/pid_595/memory.reclaim: Permission denied
03-21 20:45:46.859  1587  1889 W libprocessgroup: Failed to apply CompactFull process profile
03-21 20:45:46.860  1587  1889 E libprocessgroup: Could not write 1167360 to /sys/fs/cgroup/system/uid_0/pid_596/memory.reclaim: Permission denied
03-21 20:45:46.860  1587  1889 W libprocessgroup: Failed to apply CompactFull process profile
03-21 20:45:46.860  1587  1889 E libprocessgroup: Failed to read /sys/fs/cgroup/system/uid_0/pid_601/memory.current: No such file or directory
03-21 20:45:46.860  1587  1889 W libprocessgroup: Failed to apply CompactFull process profile
03-21 20:45:46.860  1587  1889 E libprocessgroup: Failed to read /sys/fs/cgroup/system/uid_0/pid_602/memory.current: No such file or directory
03-21 20:45:46.861  1587  1889 W libprocessgroup: Failed to apply CompactFull process profile
03-21 20:45:46.861  1587  1889 E libprocessgroup: Failed to read /sys/fs/cgroup/system/uid_0/pid_603/memory.current: No such file or directory
03-21 20:45:46.861  1587  1889 W libprocessgroup: Failed to apply CompactFull process profile
03-21 20:45:46.861   625  2778 W libperfmgr: Failed to write to node: /dev/stune/top-app/schedtune.boost with value: 10, fd: -1
03-21 20:45:46.861   625  2778 W libperfmgr: Failed to write to node: /proc/sys/kernel/sched_boost with value: 0, fd: -1
03-21 20:45:46.861  1587  1889 E libprocessgroup: Failed to read /sys/fs/cgroup/system/uid_0/pid_604/memory.current: No such file or directory
03-21 20:45:46.861  1587  1889 W libprocessgroup: Failed to apply CompactFull process profile
03-21 20:45:46.861  1587  1889 E libprocessgroup: Failed to read /sys/fs/cgroup/system/uid_0/pid_605/memory.current: No such file or directory
03-21 20:45:46.861  1587  1889 W libprocessgroup: Failed to apply CompactFull process profile
03-21 20:45:46.861  1587  1889 E libprocessgroup: Failed to read /sys/fs/cgroup/system/uid_0/pid_606/memory.current: No such file or directory
03-21 20:45:46.861  1587  1889 W libprocessgroup: Failed to apply CompactFull process profile
03-21 20:45:46.862  1587  1889 E libprocessgroup: Failed to read /sys/fs/cgroup/system/uid_0/pid_623/memory.current: No such file or directory
03-21 20:45:46.862  1587  1889 W libprocessgroup: Failed to apply CompactFull process profile
03-21 20:45:46.862  1587  1889 E libprocessgroup: Failed to read /sys/fs/cgroup/system/uid_0/pid_624/memory.current: No such file or directory
03-21 20:45:46.862  1587  1889 W libprocessgroup: Failed to apply CompactFull process profile
03-21 20:45:46.862  1587  1889 E libprocessgroup: Could not write 3379200 to /sys/fs/cgroup/system/uid_0/pid_625/memory.reclaim: Permission denied
03-21 20:45:46.863  1587  1889 W libprocessgroup: Failed to apply CompactFull process profile
03-21 20:45:46.863  1587  1889 E libprocessgroup: Could not write 675840 to /sys/fs/cgroup/system/uid_1058/pid_636/memory.reclaim: Permission denied
03-21 20:45:46.863  1587  1889 W libprocessgroup: Failed to apply CompactFull process profile
03-21 20:45:46.863  1587  1889 E libprocessgroup: Failed to read /sys/fs/cgroup/system/uid_0/pid_691/memory.current: No such file or directory
03-21 20:45:46.863  1587  1889 W libprocessgroup: Failed to apply CompactFull process profile
03-21 20:45:46.864  1587  1889 E libprocessgroup: Failed to read /sys/fs/cgroup/system/uid_0/pid_710/memory.current: No such file or directory
03-21 20:45:46.864  1587  1889 W libprocessgroup: Failed to apply CompactFull process profile
03-21 20:45:46.864  1587  1889 E libprocessgroup: Failed to read /sys/fs/cgroup/system/uid_0/pid_720/memory.current: No such file or directory
03-21 20:45:46.864  1587  1889 W libprocessgroup: Failed to apply CompactFull process profile
03-21 20:45:46.864  1587  1889 E libprocessgroup: Failed to read /sys/fs/cgroup/system/uid_0/pid_721/memory.current: No such file or directory
03-21 20:45:46.864  1587  1889 W libprocessgroup: Failed to apply CompactFull process profile
03-21 20:45:46.864  1587  1889 E libprocessgroup: Failed to read /sys/fs/cgroup/system/uid_0/pid_722/memory.current: No such file or directory
03-21 20:45:46.864  1587  1889 W libprocessgroup: Failed to apply CompactFull process profile
03-21 20:45:46.864  1587  1889 E libprocessgroup: Failed to read /sys/fs/cgroup/system/uid_0/pid_723/memory.current: No such file or directory
03-21 20:45:46.865  1587  1889 W libprocessgroup: Failed to apply CompactFull process profile
03-21 20:45:46.865  1587  1889 E libprocessgroup: Failed to read /sys/fs/cgroup/system/uid_0/pid_724/memory.current: No such file or directory
03-21 20:45:46.865  1587  1889 W libprocessgroup: Failed to apply CompactFull process profile
03-21 20:45:46.865  1587  1889 E libprocessgroup: Failed to read /sys/fs/cgroup/system/uid_0/pid_725/memory.current: No such file or directory
03-21 20:45:46.865  1587  1889 W libprocessgroup: Failed to apply CompactFull process profile
03-21 20:45:46.865  1587  1889 E libprocessgroup: Failed to read /sys/fs/cgroup/system/uid_0/pid_726/memory.current: No such file or directory
03-21 20:45:46.865  1587  1889 W libprocessgroup: Failed to apply CompactFull process profile
03-21 20:45:46.865  1587  1889 E libprocessgroup: Failed to read /sys/fs/cgroup/system/uid_0/pid_727/memory.current: No such file or directory
03-21 20:45:46.865  1587  1889 W libprocessgroup: Failed to apply CompactFull process profile
03-21 20:45:46.866  1587  1889 E libprocessgroup: Failed to read /sys/fs/cgroup/system/uid_0/pid_728/memory.current: No such file or directory
03-21 20:45:46.866  1587  1889 W libprocessgroup: Failed to apply CompactFull process profile
03-21 20:45:46.866  1587  1889 E libprocessgroup: Failed to read /sys/fs/cgroup/system/uid_0/pid_729/memory.current: No such file or directory
03-21 20:45:46.866  1587  1889 W libprocessgroup: Failed to apply CompactFull process profile
03-21 20:45:46.866  1587  1889 E libprocessgroup: Failed to read /sys/fs/cgroup/system/uid_0/pid_730/memory.current: No such file or directory
03-21 20:45:46.866  1587  1889 W libprocessgroup: Failed to apply CompactFull process profile
03-21 20:45:46.866  1587  1889 E libprocessgroup: Failed to read /sys/fs/cgroup/system/uid_0/pid_731/memory.current: No such file or directory
03-21 20:45:46.866  1587  1889 W libprocessgroup: Failed to apply CompactFull process profile
03-21 20:45:46.867  1587  1889 E libprocessgroup: Failed to read /sys/fs/cgroup/system/uid_0/pid_732/memory.current: No such file or directory
03-21 20:45:46.867  1587  1889 W libprocessgroup: Failed to apply CompactFull process profile
03-21 20:45:46.867  1587  1889 E libprocessgroup: Failed to read /sys/fs/cgroup/system/uid_0/pid_733/memory.current: No such file or directory
03-21 20:45:46.867  1587  1889 W libprocessgroup: Failed to apply CompactFull process profile
03-21 20:45:46.867  1587  1889 E libprocessgroup: Failed to read /sys/fs/cgroup/system/uid_0/pid_734/memory.current: No such file or directory
03-21 20:45:46.867  1587  1889 W libprocessgroup: Failed to apply CompactFull process profile
03-21 20:45:46.867  1587  1889 E libprocessgroup: Failed to read /sys/fs/cgroup/system/uid_0/pid_735/memory.current: No such file or directory
03-21 20:45:46.867  1587  1889 W libprocessgroup: Failed to apply CompactFull process profile
03-21 20:45:46.867  1587  1889 E libprocessgroup: Failed to read /sys/fs/cgroup/system/uid_0/pid_736/memory.current: No such file or directory
03-21 20:45:46.867  1587  1889 W libprocessgroup: Failed to apply CompactFull process profile
03-21 20:45:46.868  1587  1889 E libprocessgroup: Failed to read /sys/fs/cgroup/system/uid_0/pid_737/memory.current: No such file or directory
03-21 20:45:46.868  1587  1889 W libprocessgroup: Failed to apply CompactFull process profile
03-21 20:45:46.868  1587  1889 E libprocessgroup: Failed to read /sys/fs/cgroup/system/uid_0/pid_738/memory.current: No such file or directory
03-21 20:45:46.868  1587  1889 W libprocessgroup: Failed to apply CompactFull process profile
03-21 20:45:46.868  1587  1889 E libprocessgroup: Failed to read /sys/fs/cgroup/system/uid_0/pid_739/memory.current: No such file or directory
03-21 20:45:46.868  1587  1889 W libprocessgroup: Failed to apply CompactFull process profile
03-21 20:45:46.868  1587  1889 E libprocessgroup: Failed to read /sys/fs/cgroup/system/uid_0/pid_740/memory.current: No such file or directory
03-21 20:45:46.868  1587  1889 W libprocessgroup: Failed to apply CompactFull process profile
03-21 20:45:46.869  1587  1889 E libprocessgroup: Failed to read /sys/fs/cgroup/system/uid_0/pid_741/memory.current: No such file or directory
03-21 20:45:46.869  1587  1889 W libprocessgroup: Failed to apply CompactFull process profile
03-21 20:45:46.869  1587  1889 E libprocessgroup: Failed to read /sys/fs/cgroup/system/uid_0/pid_742/memory.current: No such file or directory
03-21 20:45:46.869  1587  1889 W libprocessgroup: Failed to apply CompactFull process profile
03-21 20:45:46.869  1587  1889 E libprocessgroup: Failed to read /sys/fs/cgroup/system/uid_0/pid_743/memory.current: No such file or directory
03-21 20:45:46.869  1587  1889 W libprocessgroup: Failed to apply CompactFull process profile
03-21 20:45:46.869  1587  1889 E libprocessgroup: Failed to read /sys/fs/cgroup/system/uid_0/pid_744/memory.current: No such file or directory
03-21 20:45:46.869  1587  1889 W libprocessgroup: Failed to apply CompactFull process profile
03-21 20:45:46.869  1587  1889 E libprocessgroup: Failed to read /sys/fs/cgroup/system/uid_0/pid_745/memory.current: No such file or directory
03-21 20:45:46.869  1587  1889 W libprocessgroup: Failed to apply CompactFull process profile
03-21 20:45:46.870  1587  1889 E libprocessgroup: Failed to read /sys/fs/cgroup/system/uid_0/pid_746/memory.current: No such file or directory
03-21 20:45:46.870  1587  1889 W libprocessgroup: Failed to apply CompactFull process profile
03-21 20:45:46.870  1587  1889 E libprocessgroup: Failed to read /sys/fs/cgroup/system/uid_0/pid_747/memory.current: No such file or directory
03-21 20:45:46.870  1587  1889 W libprocessgroup: Failed to apply CompactFull process profile
03-21 20:45:46.870  1587  1889 E libprocessgroup: Failed to read /sys/fs/cgroup/system/uid_0/pid_748/memory.current: No such file or directory
03-21 20:45:46.870  1587  1889 W libprocessgroup: Failed to apply CompactFull process profile
03-21 20:45:46.870  1587  1889 E libprocessgroup: Failed to read /sys/fs/cgroup/system/uid_0/pid_749/memory.current: No such file or directory
03-21 20:45:46.870  1587  1889 W libprocessgroup: Failed to apply CompactFull process profile
03-21 20:45:46.871  1587  1889 E libprocessgroup: Failed to read /sys/fs/cgroup/system/uid_0/pid_750/memory.current: No such file or directory
03-21 20:45:46.871  1587  1889 W libprocessgroup: Failed to apply CompactFull process profile
03-21 20:45:46.871  1587  1889 E libprocessgroup: Failed to read /sys/fs/cgroup/system/uid_0/pid_751/memory.current: No such file or directory
03-21 20:45:46.871  1587  1889 W libprocessgroup: Failed to apply CompactFull process profile
03-21 20:45:46.871  1587  1889 E libprocessgroup: Failed to read /sys/fs/cgroup/system/uid_0/pid_752/memory.current: No such file or directory
03-21 20:45:46.871  1587  1889 W libprocessgroup: Failed to apply CompactFull process profile
03-21 20:45:46.871  1587  1889 E libprocessgroup: Failed to read /sys/fs/cgroup/system/uid_0/pid_753/memory.current: No such file or directory
03-21 20:45:46.871  1587  1889 W libprocessgroup: Failed to apply CompactFull process profile
03-21 20:45:46.871  1587  1889 E libprocessgroup: Failed to read /sys/fs/cgroup/system/uid_0/pid_754/memory.current: No such file or directory
03-21 20:45:46.871  1587  1889 W libprocessgroup: Failed to apply CompactFull process profile
03-21 20:45:46.872  1587  1889 E libprocessgroup: Failed to read /sys/fs/cgroup/system/uid_0/pid_755/memory.current: No such file or directory
03-21 20:45:46.872  1587  1889 W libprocessgroup: Failed to apply CompactFull process profile
03-21 20:45:46.872  1587  1889 E libprocessgroup: Failed to read /sys/fs/cgroup/system/uid_0/pid_756/memory.current: No such file or directory
03-21 20:45:46.872  1587  1889 W libprocessgroup: Failed to apply CompactFull process profile
03-21 20:45:46.872  1587  1889 E libprocessgroup: Failed to read /sys/fs/cgroup/system/uid_0/pid_757/memory.current: No such file or directory
03-21 20:45:46.872  1587  1889 W libprocessgroup: Failed to apply CompactFull process profile
03-21 20:45:46.872  1587  1889 E libprocessgroup: Failed to read /sys/fs/cgroup/system/uid_0/pid_758/memory.current: No such file or directory
03-21 20:45:46.872  1587  1889 W libprocessgroup: Failed to apply CompactFull process profile
03-21 20:45:46.873  1587  1889 E libprocessgroup: Failed to read /sys/fs/cgroup/system/uid_0/pid_759/memory.current: No such file or directory
03-21 20:45:46.873  1587  1889 W libprocessgroup: Failed to apply CompactFull process profile
03-21 20:45:46.873  1587  1889 E libprocessgroup: Failed to read /sys/fs/cgroup/system/uid_0/pid_760/memory.current: No such file or directory
03-21 20:45:46.873  1587  1889 W libprocessgroup: Failed to apply CompactFull process profile
03-21 20:45:46.873  1587  1889 E libprocessgroup: Failed to read /sys/fs/cgroup/system/uid_0/pid_761/memory.current: No such file or directory
03-21 20:45:46.873  1587  1889 W libprocessgroup: Failed to apply CompactFull process profile
03-21 20:45:46.873  1587  1889 E libprocessgroup: Failed to read /sys/fs/cgroup/system/uid_0/pid_762/memory.current: No such file or directory
03-21 20:45:46.873  1587  1889 W libprocessgroup: Failed to apply CompactFull process profile
03-21 20:45:46.873  1587  1889 E libprocessgroup: Failed to read /sys/fs/cgroup/system/uid_0/pid_763/memory.current: No such file or directory
03-21 20:45:46.873  1587  1889 W libprocessgroup: Failed to apply CompactFull process profile
03-21 20:45:46.874  1587  1889 E libprocessgroup: Failed to read /sys/fs/cgroup/system/uid_0/pid_764/memory.current: No such file or directory
03-21 20:45:46.874  1587  1889 W libprocessgroup: Failed to apply CompactFull process profile
03-21 20:45:46.874  1587  1889 E libprocessgroup: Failed to read /sys/fs/cgroup/system/uid_0/pid_765/memory.current: No such file or directory
03-21 20:45:46.874  1587  1889 W libprocessgroup: Failed to apply CompactFull process profile
03-21 20:45:46.874  1587  1889 E libprocessgroup: Failed to read /sys/fs/cgroup/system/uid_0/pid_766/memory.current: No such file or directory
03-21 20:45:46.874  1587  1889 W libprocessgroup: Failed to apply CompactFull process profile
03-21 20:45:46.875  1587  1889 E libprocessgroup: Failed to read /sys/fs/cgroup/system/uid_0/pid_767/memory.current: No such file or directory
03-21 20:45:46.875  1587  1889 W libprocessgroup: Failed to apply CompactFull process profile
03-21 20:45:46.875  1587  1889 E libprocessgroup: Failed to read /sys/fs/cgroup/system/uid_0/pid_768/memory.current: No such file or directory
03-21 20:45:46.875  1587  1889 W libprocessgroup: Failed to apply CompactFull process profile
03-21 20:45:46.875  1587  1889 E libprocessgroup: Failed to read /sys/fs/cgroup/system/uid_0/pid_769/memory.current: No such file or directory
03-21 20:45:46.875  1587  1889 W libprocessgroup: Failed to apply CompactFull process profile
03-21 20:45:46.875  1587  1889 E libprocessgroup: Failed to read /sys/fs/cgroup/system/uid_0/pid_770/memory.current: No such file or directory
03-21 20:45:46.875  1587  1889 W libprocessgroup: Failed to apply CompactFull process profile
03-21 20:45:46.875  1587  1889 E libprocessgroup: Failed to read /sys/fs/cgroup/system/uid_0/pid_771/memory.current: No such file or directory
03-21 20:45:46.875  1587  1889 W libprocessgroup: Failed to apply CompactFull process profile
03-21 20:45:46.876  1587  1889 E libprocessgroup: Failed to read /sys/fs/cgroup/system/uid_0/pid_772/memory.current: No such file or directory
03-21 20:45:46.876  1587  1889 W libprocessgroup: Failed to apply CompactFull process profile
03-21 20:45:46.876  1587  1889 E libprocessgroup: Failed to read /sys/fs/cgroup/system/uid_0/pid_773/memory.current: No such file or directory
03-21 20:45:46.876  1587  1889 W libprocessgroup: Failed to apply CompactFull process profile
03-21 20:45:46.876  1587  1889 E libprocessgroup: Failed to read /sys/fs/cgroup/system/uid_0/pid_774/memory.current: No such file or directory
03-21 20:45:46.876  1587  1889 W libprocessgroup: Failed to apply CompactFull process profile
03-21 20:45:46.876  1587  1889 E libprocessgroup: Failed to read /sys/fs/cgroup/system/uid_0/pid_775/memory.current: No such file or directory
03-21 20:45:46.876  1587  1889 W libprocessgroup: Failed to apply CompactFull process profile
03-21 20:45:46.877  1587  1889 E libprocessgroup: Failed to read /sys/fs/cgroup/system/uid_0/pid_776/memory.current: No such file or directory
03-21 20:45:46.877  1587  1889 W libprocessgroup: Failed to apply CompactFull process profile
03-21 20:45:46.877  1587  1889 E libprocessgroup: Failed to read /sys/fs/cgroup/system/uid_0/pid_777/memory.current: No such file or directory
03-21 20:45:46.877  1587  1889 W libprocessgroup: Failed to apply CompactFull process profile
03-21 20:45:46.877  1587  1889 E libprocessgroup: Failed to read /sys/fs/cgroup/system/uid_0/pid_778/memory.current: No such file or directory
03-21 20:45:46.877  1587  1889 W libprocessgroup: Failed to apply CompactFull process profile
03-21 20:45:46.877  1587  1889 E libprocessgroup: Failed to read /sys/fs/cgroup/system/uid_0/pid_779/memory.current: No such file or directory
03-21 20:45:46.877  1587  1889 W libprocessgroup: Failed to apply CompactFull process profile
03-21 20:45:46.877  1587  1889 E libprocessgroup: Failed to read /sys/fs/cgroup/system/uid_0/pid_780/memory.current: No such file or directory
03-21 20:45:46.877  1587  1889 W libprocessgroup: Failed to apply CompactFull process profile
03-21 20:45:46.878  1587  1889 E libprocessgroup: Failed to read /sys/fs/cgroup/system/uid_0/pid_781/memory.current: No such file or directory
03-21 20:45:46.878  1587  1889 W libprocessgroup: Failed to apply CompactFull process profile
03-21 20:45:46.878  1587  1889 E libprocessgroup: Failed to read /sys/fs/cgroup/system/uid_0/pid_782/memory.current: No such file or directory
03-21 20:45:46.878  1587  1889 W libprocessgroup: Failed to apply CompactFull process profile
03-21 20:45:46.878  1587  1889 E libprocessgroup: Failed to read /sys/fs/cgroup/system/uid_0/pid_783/memory.current: No such file or directory
03-21 20:45:46.878  1587  1889 W libprocessgroup: Failed to apply CompactFull process profile
03-21 20:45:46.878  1587  1889 E libprocessgroup: Failed to read /sys/fs/cgroup/system/uid_0/pid_784/memory.current: No such file or directory
03-21 20:45:46.878  1587  1889 W libprocessgroup: Failed to apply CompactFull process profile
03-21 20:45:46.879  1587  1889 E libprocessgroup: Failed to read /sys/fs/cgroup/system/uid_0/pid_785/memory.current: No such file or directory
03-21 20:45:46.879  1587  1889 W libprocessgroup: Failed to apply CompactFull process profile
03-21 20:45:46.879  1587  1889 E libprocessgroup: Failed to read /sys/fs/cgroup/system/uid_0/pid_786/memory.current: No such file or directory
03-21 20:45:46.879  1587  1889 W libprocessgroup: Failed to apply CompactFull process profile
03-21 20:45:46.879  1587  1889 E libprocessgroup: Failed to read /sys/fs/cgroup/system/uid_0/pid_787/memory.current: No such file or directory
03-21 20:45:46.879  1587  1889 W libprocessgroup: Failed to apply CompactFull process profile
03-21 20:45:46.879  1587  1889 E libprocessgroup: Failed to read /sys/fs/cgroup/system/uid_0/pid_788/memory.current: No such file or directory
03-21 20:45:46.879  1587  1889 W libprocessgroup: Failed to apply CompactFull process profile
03-21 20:45:46.879  1587  1889 E libprocessgroup: Failed to read /sys/fs/cgroup/system/uid_0/pid_789/memory.current: No such file or directory
03-21 20:45:46.880  1587  1889 W libprocessgroup: Failed to apply CompactFull process profile
03-21 20:45:46.880  1587  1889 E libprocessgroup: Failed to read /sys/fs/cgroup/system/uid_0/pid_790/memory.current: No such file or directory
03-21 20:45:46.880  1587  1889 W libprocessgroup: Failed to apply CompactFull process profile
03-21 20:45:46.880  1587  1889 E libprocessgroup: Failed to read /sys/fs/cgroup/system/uid_0/pid_791/memory.current: No such file or directory
03-21 20:45:46.880  1587  1889 W libprocessgroup: Failed to apply CompactFull process profile
03-21 20:45:46.880  1587  1889 E libprocessgroup: Failed to read /sys/fs/cgroup/system/uid_0/pid_792/memory.current: No such file or directory
03-21 20:45:46.880  1587  1889 W libprocessgroup: Failed to apply CompactFull process profile
03-21 20:45:46.880  1587  1889 E libprocessgroup: Failed to read /sys/fs/cgroup/system/uid_0/pid_793/memory.current: No such file or directory
03-21 20:45:46.880  1587  1889 W libprocessgroup: Failed to apply CompactFull process profile
03-21 20:45:46.881  1587  1889 E libprocessgroup: Failed to read /sys/fs/cgroup/system/uid_0/pid_794/memory.current: No such file or directory
03-21 20:45:46.881  1587  1889 W libprocessgroup: Failed to apply CompactFull process profile
03-21 20:45:46.881  1587  1889 E libprocessgroup: Failed to read /sys/fs/cgroup/system/uid_0/pid_795/memory.current: No such file or directory
03-21 20:45:46.881  1587  1889 W libprocessgroup: Failed to apply CompactFull process profile
03-21 20:45:46.881  1587  1889 E libprocessgroup: Failed to read /sys/fs/cgroup/system/uid_0/pid_796/memory.current: No such file or directory
03-21 20:45:46.881  1587  1889 W libprocessgroup: Failed to apply CompactFull process profile
03-21 20:45:46.881  1587  1889 E libprocessgroup: Failed to read /sys/fs/cgroup/system/uid_0/pid_797/memory.current: No such file or directory
03-21 20:45:46.881  1587  1889 W libprocessgroup: Failed to apply CompactFull process profile
03-21 20:45:46.881  1587  1889 E libprocessgroup: Failed to read /sys/fs/cgroup/system/uid_0/pid_798/memory.current: No such file or directory
03-21 20:45:46.882  1587  1889 W libprocessgroup: Failed to apply CompactFull process profile
03-21 20:45:46.882  1587  1889 E libprocessgroup: Failed to read /sys/fs/cgroup/system/uid_0/pid_799/memory.current: No such file or directory
03-21 20:45:46.882  1587  1889 W libprocessgroup: Failed to apply CompactFull process profile
03-21 20:45:46.882  1587  1889 E libprocessgroup: Failed to read /sys/fs/cgroup/system/uid_0/pid_800/memory.current: No such file or directory
03-21 20:45:46.882  1587  1889 W libprocessgroup: Failed to apply CompactFull process profile
03-21 20:45:46.882  1587  1889 E libprocessgroup: Failed to read /sys/fs/cgroup/system/uid_0/pid_801/memory.current: No such file or directory
03-21 20:45:46.882  1587  1889 W libprocessgroup: Failed to apply CompactFull process profile
03-21 20:45:46.882  1587  1889 E libprocessgroup: Failed to read /sys/fs/cgroup/system/uid_0/pid_802/memory.current: No such file or directory
03-21 20:45:46.882  1587  1889 W libprocessgroup: Failed to apply CompactFull process profile
03-21 20:45:46.883  1587  1889 E libprocessgroup: Failed to read /sys/fs/cgroup/system/uid_0/pid_803/memory.current: No such file or directory
03-21 20:45:46.883  1587  1889 W libprocessgroup: Failed to apply CompactFull process profile
03-21 20:45:46.883  1587  1889 E libprocessgroup: Failed to read /sys/fs/cgroup/system/uid_0/pid_804/memory.current: No such file or directory
03-21 20:45:46.883  1587  1889 W libprocessgroup: Failed to apply CompactFull process profile
03-21 20:45:46.883  1587  1889 E libprocessgroup: Failed to read /sys/fs/cgroup/system/uid_0/pid_805/memory.current: No such file or directory
03-21 20:45:46.883  1587  1889 W libprocessgroup: Failed to apply CompactFull process profile
03-21 20:45:46.883  1587  1889 E libprocessgroup: Failed to read /sys/fs/cgroup/system/uid_0/pid_806/memory.current: No such file or directory
03-21 20:45:46.883  1587  1889 W libprocessgroup: Failed to apply CompactFull process profile
03-21 20:45:46.884  1587  1889 E libprocessgroup: Failed to read /sys/fs/cgroup/system/uid_0/pid_807/memory.current: No such file or directory
03-21 20:45:46.884  1587  1889 W libprocessgroup: Failed to apply CompactFull process profile
03-21 20:45:46.884  1587  1889 E libprocessgroup: Failed to read /sys/fs/cgroup/system/uid_0/pid_808/memory.current: No such file or directory
03-21 20:45:46.884  1587  1889 W libprocessgroup: Failed to apply CompactFull process profile
03-21 20:45:46.884  1587  1889 E libprocessgroup: Failed to read /sys/fs/cgroup/system/uid_0/pid_809/memory.current: No such file or directory
03-21 20:45:46.884  1587  1889 W libprocessgroup: Failed to apply CompactFull process profile
03-21 20:45:46.884  1587  1889 E libprocessgroup: Failed to read /sys/fs/cgroup/system/uid_0/pid_810/memory.current: No such file or directory
03-21 20:45:46.884  1587  1889 W libprocessgroup: Failed to apply CompactFull process profile
03-21 20:45:46.884  1587  1889 E libprocessgroup: Failed to read /sys/fs/cgroup/system/uid_0/pid_811/memory.current: No such file or directory
03-21 20:45:46.884  1587  1889 W libprocessgroup: Failed to apply CompactFull process profile
03-21 20:45:46.885  1587  1889 E libprocessgroup: Failed to read /sys/fs/cgroup/system/uid_0/pid_812/memory.current: No such file or directory
03-21 20:45:46.885  1587  1889 W libprocessgroup: Failed to apply CompactFull process profile
03-21 20:45:46.885  1587  1889 E libprocessgroup: Failed to read /sys/fs/cgroup/system/uid_0/pid_813/memory.current: No such file or directory
03-21 20:45:46.885  1587  1889 W libprocessgroup: Failed to apply CompactFull process profile
03-21 20:45:46.885  1587  1889 E libprocessgroup: Failed to read /sys/fs/cgroup/system/uid_0/pid_814/memory.current: No such file or directory
03-21 20:45:46.885  1587  1889 W libprocessgroup: Failed to apply CompactFull process profile
03-21 20:45:46.885  1587  1889 E libprocessgroup: Failed to read /sys/fs/cgroup/system/uid_0/pid_815/memory.current: No such file or directory
03-21 20:45:46.885  1587  1889 W libprocessgroup: Failed to apply CompactFull process profile
03-21 20:45:46.886  1587  1889 E libprocessgroup: Failed to read /sys/fs/cgroup/system/uid_0/pid_816/memory.current: No such file or directory
03-21 20:45:46.886  1587  1889 W libprocessgroup: Failed to apply CompactFull process profile
03-21 20:45:46.886  1587  1889 E libprocessgroup: Failed to read /sys/fs/cgroup/system/uid_0/pid_817/memory.current: No such file or directory
03-21 20:45:46.886  1587  1889 W libprocessgroup: Failed to apply CompactFull process profile
03-21 20:45:46.886  1587  1889 E libprocessgroup: Failed to read /sys/fs/cgroup/system/uid_0/pid_832/memory.current: No such file or directory
03-21 20:45:46.886  1587  1889 W libprocessgroup: Failed to apply CompactFull process profile
03-21 20:45:46.887  1587  1889 E libprocessgroup: Could not write 10194944 to /sys/fs/cgroup/system/uid_0/pid_844/memory.reclaim: Permission denied
03-21 20:45:46.887  1587  1889 W libprocessgroup: Failed to apply CompactFull process profile
03-21 20:45:46.888  1587  1889 E libprocessgroup: Could not write 217329664 to /sys/fs/cgroup/system/uid_0/pid_845/memory.reclaim: Permission denied
03-21 20:45:46.888  1587  1889 W libprocessgroup: Failed to apply CompactFull process profile
03-21 20:45:46.888  1587  1889 E libprocessgroup: Failed to read /sys/fs/cgroup/system/uid_0/pid_846/memory.current: No such file or directory
03-21 20:45:46.888  1587  1889 W libprocessgroup: Failed to apply CompactFull process profile
03-21 20:45:46.888  1587  1889 E libprocessgroup: Failed to read /sys/fs/cgroup/system/uid_0/pid_847/memory.current: No such file or directory
03-21 20:45:46.888  1587  1889 W libprocessgroup: Failed to apply CompactFull process profile
03-21 20:45:46.888  1587  1889 E libprocessgroup: Failed to read /sys/fs/cgroup/system/uid_0/pid_848/memory.current: No such file or directory
03-21 20:45:46.888  1587  1889 W libprocessgroup: Failed to apply CompactFull process profile
03-21 20:45:46.889  1587  1889 E libprocessgroup: Could not write 1445888 to /sys/fs/cgroup/system/uid_1027/pid_851/memory.reclaim: Permission denied
03-21 20:45:46.889  1587  1889 W libprocessgroup: Failed to apply CompactFull process profile
03-21 20:45:46.890  1587  1889 E libprocessgroup: Could not write 12406784 to /sys/fs/cgroup/system/uid_1000/pid_852/memory.reclaim: Permission denied
03-21 20:45:46.890  1587  1889 W libprocessgroup: Failed to apply CompactFull process profile
03-21 20:45:46.891  1587  1889 E libprocessgroup: Could not write 3547136 to /sys/fs/cgroup/system/uid_1000/pid_853/memory.reclaim: Permission denied
03-21 20:45:46.891  1587  1889 W libprocessgroup: Failed to apply CompactFull process profile
03-21 20:45:46.891  1587  1889 E libprocessgroup: Could not write 888832 to /sys/fs/cgroup/system/uid_1000/pid_854/memory.reclaim: Permission denied
03-21 20:45:46.891  1587  1889 W libprocessgroup: Failed to apply CompactFull process profile
03-21 20:45:46.892  1587  1889 E libprocessgroup: Could not write 42459136 to /sys/fs/cgroup/system/uid_1041/pid_855/memory.reclaim: Permission denied
03-21 20:45:46.892  1587  1889 W libprocessgroup: Failed to apply CompactFull process profile
03-21 20:45:46.893  1587  1889 E libprocessgroup: Could not write 1142784 to /sys/fs/cgroup/system/uid_1002/pid_856/memory.reclaim: Permission denied
03-21 20:45:46.893  1587  1889 W libprocessgroup: Failed to apply CompactFull process profile
03-21 20:45:46.894  1587  1889 E libprocessgroup: Could not write 2686976 to /sys/fs/cgroup/system/uid_1013/pid_857/memory.reclaim: Permission denied
03-21 20:45:46.894  1587  1889 W libprocessgroup: Failed to apply CompactFull process profile
03-21 20:45:46.894  1587  1889 E libprocessgroup: Could not write 1994752 to /sys/fs/cgroup/system/uid_1013/pid_858/memory.reclaim: Permission denied
03-21 20:45:46.894  1587  1889 W libprocessgroup: Failed to apply CompactFull process profile
03-21 20:45:46.895  1587  1889 E libprocessgroup: Could not write 5586944 to /sys/fs/cgroup/system/uid_1013/pid_864/memory.reclaim: Permission denied
03-21 20:45:46.895  1587  1889 W libprocessgroup: Failed to apply CompactFull process profile
03-21 20:45:46.896  1587  1889 E libprocessgroup: Could not write 1019904 to /sys/fs/cgroup/system/uid_1000/pid_865/memory.reclaim: Permission denied
03-21 20:45:46.896  1587  1889 W libprocessgroup: Failed to apply CompactFull process profile
03-21 20:45:46.896  1587  1889 E libprocessgroup: Could not write 3829760 to /sys/fs/cgroup/system/uid_1000/pid_866/memory.reclaim: Permission denied
03-21 20:45:46.897  1587  1889 W libprocessgroup: Failed to apply CompactFull process profile
03-21 20:45:46.897  1587  1889 E libprocessgroup: Could not write 1384448 to /sys/fs/cgroup/system/uid_1000/pid_867/memory.reclaim: Permission denied
03-21 20:45:46.897  1587  1889 W libprocessgroup: Failed to apply CompactFull process profile
03-21 20:45:46.898  1587  1889 E libprocessgroup: Could not write 1028096 to /sys/fs/cgroup/system/uid_1000/pid_874/memory.reclaim: Permission denied
03-21 20:45:46.898  1587  1889 W libprocessgroup: Failed to apply CompactFull process profile
03-21 20:45:46.899  1587  1889 E libprocessgroup: Could not write 1044480 to /sys/fs/cgroup/system/uid_1000/pid_875/memory.reclaim: Permission denied
03-21 20:45:46.899  1587  1889 W libprocessgroup: Failed to apply CompactFull process profile
03-21 20:45:46.900  1587  1889 E libprocessgroup: Could not write 8781824 to /sys/fs/cgroup/system/uid_1046/pid_876/memory.reclaim: Permission denied
03-21 20:45:46.900  1587  1889 W libprocessgroup: Failed to apply CompactFull process profile
03-21 20:45:46.900  1587  1889 E libprocessgroup: Could not write 4702208 to /sys/fs/cgroup/system/uid_1000/pid_877/memory.reclaim: Permission denied
03-21 20:45:46.900  1587  1889 W libprocessgroup: Failed to apply CompactFull process profile
03-21 20:45:46.901  1587  1889 E libprocessgroup: Could not write 1175552 to /sys/fs/cgroup/system/uid_1000/pid_880/memory.reclaim: Permission denied
03-21 20:45:46.901  1587  1889 W libprocessgroup: Failed to apply CompactFull process profile
03-21 20:45:46.902  1587  1889 E libprocessgroup: Could not write 2613248 to /sys/fs/cgroup/system/uid_1010/pid_881/memory.reclaim: Permission denied
03-21 20:45:46.902  1587  1889 W libprocessgroup: Failed to apply CompactFull process profile
03-21 20:45:46.902  1587  1889 E libprocessgroup: Could not write 995328 to /sys/fs/cgroup/system/uid_1000/pid_883/memory.reclaim: Permission denied
03-21 20:45:46.903  1587  1889 W libprocessgroup: Failed to apply CompactFull process profile
03-21 20:45:46.903  1587  1889 E libprocessgroup: Could not write 1110016 to /sys/fs/cgroup/system/uid_1003/pid_887/memory.reclaim: Permission denied
03-21 20:45:46.903  1587  1889 W libprocessgroup: Failed to apply CompactFull process profile
03-21 20:45:46.904  1587  1889 E libprocessgroup: Could not write 1196032 to /sys/fs/cgroup/system/uid_1027/pid_888/memory.reclaim: Permission denied
03-21 20:45:46.904  1587  1889 W libprocessgroup: Failed to apply CompactFull process profile
03-21 20:45:46.904  1587  1889 E libprocessgroup: Could not write 4333568 to /sys/fs/cgroup/system/uid_1013/pid_891/memory.reclaim: Permission denied
03-21 20:45:46.904  1587  1889 W libprocessgroup: Failed to apply CompactFull process profile
03-21 20:45:46.905  1587  1889 E libprocessgroup: Could not write 4993024 to /sys/fs/cgroup/system/uid_1046/pid_897/memory.reclaim: Permission denied
03-21 20:45:46.905  1587  1889 W libprocessgroup: Failed to apply CompactFull process profile
03-21 20:45:46.906  1587  1889 E libprocessgroup: Could not write 1536000 to /sys/fs/cgroup/system/uid_1000/pid_898/memory.reclaim: Permission denied
03-21 20:45:46.906  1587  1889 W libprocessgroup: Failed to apply CompactFull process profile
03-21 20:45:46.907  1587  1889 E libprocessgroup: Could not write 1609728 to /sys/fs/cgroup/system/uid_0/pid_900/memory.reclaim: Permission denied
03-21 20:45:46.907  1587  1889 W libprocessgroup: Failed to apply CompactFull process profile
03-21 20:45:46.908  1587  1889 E libprocessgroup: Could not write 1429504 to /sys/fs/cgroup/system/uid_1000/pid_901/memory.reclaim: Permission denied
03-21 20:45:46.908  1587  1889 W libprocessgroup: Failed to apply CompactFull process profile
03-21 20:45:46.909  1587  1889 E libprocessgroup: Could not write 999424 to /sys/fs/cgroup/system/uid_1000/pid_902/memory.reclaim: Permission denied
03-21 20:45:46.909  1587  1889 W libprocessgroup: Failed to apply CompactFull process profile
03-21 20:45:46.909  1587  1889 E libprocessgroup: Could not write 15568896 to /sys/fs/cgroup/system/uid_1041/pid_904/memory.reclaim: Permission denied
03-21 20:45:46.909  1587  1889 W libprocessgroup: Failed to apply CompactFull process profile
03-21 20:45:46.910  1587  1889 E libprocessgroup: Could not write 1687552 to /sys/fs/cgroup/system/uid_1076/pid_909/memory.reclaim: Permission denied
03-21 20:45:46.910  1587  1889 W libprocessgroup: Failed to apply CompactFull process profile
03-21 20:45:46.911  1587  1889 E libprocessgroup: Could not write 2441216 to /sys/fs/cgroup/system/uid_1072/pid_911/memory.reclaim: Permission denied
03-21 20:45:46.911  1587  1889 W libprocessgroup: Failed to apply CompactFull process profile
03-21 20:45:46.912  1587  1889 E libprocessgroup: Could not write 51888128 to /sys/fs/cgroup/system/uid_1000/pid_914/memory.reclaim: Permission denied
03-21 20:45:46.912  1587  1889 W libprocessgroup: Failed to apply CompactFull process profile
03-21 20:45:46.912  1587  1889 E libprocessgroup: Could not write 942080 to /sys/fs/cgroup/system/uid_1000/pid_916/memory.reclaim: Permission denied
03-21 20:45:46.912  1587  1889 W libprocessgroup: Failed to apply CompactFull process profile
03-21 20:45:46.913  1587  1889 E libprocessgroup: Could not write 2887680 to /sys/fs/cgroup/system/uid_1000/pid_918/memory.reclaim: Permission denied
03-21 20:45:46.913  1587  1889 W libprocessgroup: Failed to apply CompactFull process profile
03-21 20:45:46.914  1587  1889 E libprocessgroup: Could not write 991232 to /sys/fs/cgroup/system/uid_1001/pid_922/memory.reclaim: Permission denied
03-21 20:45:46.914  1587  1889 W libprocessgroup: Failed to apply CompactFull process profile
03-21 20:45:46.915  1587  1889 E libprocessgroup: Could not write 1810432 to /sys/fs/cgroup/system/uid_1019/pid_1003/memory.reclaim: Permission denied
03-21 20:45:46.915  1587  1889 W libprocessgroup: Failed to apply CompactFull process profile
03-21 20:45:46.915  1587  1889 E libprocessgroup: Could not write 1781760 to /sys/fs/cgroup/system/uid_9999/pid_1016/memory.reclaim: Permission denied
03-21 20:45:46.915  1587  1889 W libprocessgroup: Failed to apply CompactFull process profile
03-21 20:45:46.916  1587  1889 E libprocessgroup: Could not write 1265664 to /sys/fs/cgroup/system/uid_9999/pid_1022/memory.reclaim: Permission denied
03-21 20:45:46.916  1587  1889 W libprocessgroup: Failed to apply CompactFull process profile
03-21 20:45:46.917  1587  1889 E libprocessgroup: Could not write 31711232 to /sys/fs/cgroup/system/uid_1000/pid_1026/memory.reclaim: Permission denied
03-21 20:45:46.917  1587  1889 W libprocessgroup: Failed to apply CompactFull process profile
03-21 20:45:46.917  1587  1889 E libprocessgroup: Could not write 1007616 to /sys/fs/cgroup/system/uid_1000/pid_1027/memory.reclaim: Permission denied
03-21 20:45:46.917  1587  1889 W libprocessgroup: Failed to apply CompactFull process profile
03-21 20:45:46.918  1587  1889 E libprocessgroup: Could not write 835584 to /sys/fs/cgroup/system/uid_1010/pid_1029/memory.reclaim: Permission denied
03-21 20:45:46.918  1587  1889 W libprocessgroup: Failed to apply CompactFull process profile
03-21 20:45:46.918  1587  1889 E libprocessgroup: Failed to read /sys/fs/cgroup/system/uid_0/pid_1031/memory.current: No such file or directory
03-21 20:45:46.918  1587  1889 W libprocessgroup: Failed to apply CompactFull process profile
03-21 20:45:46.919  1587  1889 E libprocessgroup: Could not write 3158016 to /sys/fs/cgroup/system/uid_1021/pid_1032/memory.reclaim: Permission denied
03-21 20:45:46.919  1587  1889 W libprocessgroup: Failed to apply CompactFull process profile
03-21 20:45:46.920  1587  1889 E libprocessgroup: Could not write 7901184 to /sys/fs/cgroup/system/uid_1047/pid_1045/memory.reclaim: Permission denied
03-21 20:45:46.920  1587  1889 W libprocessgroup: Failed to apply CompactFull process profile
03-21 20:45:46.920  1587  1889 E libprocessgroup: Could not write 1499136 to /sys/fs/cgroup/system/uid_1067/pid_1050/memory.reclaim: Permission denied
03-21 20:45:46.920  1587  1889 W libprocessgroup: Failed to apply CompactFull process profile
03-21 20:45:46.921  1587  1889 E libprocessgroup: Could not write 8540160 to /sys/fs/cgroup/system/uid_0/pid_1058/memory.reclaim: Permission denied
03-21 20:45:46.921  1587  1889 W libprocessgroup: Failed to apply CompactFull process profile
03-21 20:45:46.921  1587  1889 E libprocessgroup: Could not write 7921664 to /sys/fs/cgroup/system/uid_1040/pid_1061/memory.reclaim: Permission denied
03-21 20:45:46.922  1587  1889 W libprocessgroup: Failed to apply CompactFull process profile
03-21 20:45:46.922  1587  1889 E libprocessgroup: Could not write 3072000 to /sys/fs/cgroup/system/uid_1013/pid_1079/memory.reclaim: Permission denied
03-21 20:45:46.922  1587  1889 W libprocessgroup: Failed to apply CompactFull process profile
03-21 20:45:46.923  1587  1889 E libprocessgroup: Could not write 8065024 to /sys/fs/cgroup/system/uid_1013/pid_1089/memory.reclaim: Permission denied
03-21 20:45:46.923  1587  1889 W libprocessgroup: Failed to apply CompactFull process profile
03-21 20:45:46.924  1587  1889 E libprocessgroup: Could not write 2981888 to /sys/fs/cgroup/system/uid_0/pid_1090/memory.reclaim: Permission denied
03-21 20:45:46.924  1587  1889 W libprocessgroup: Failed to apply CompactFull process profile
03-21 20:45:46.925  1587  1889 E libprocessgroup: Could not write 1789952 to /sys/fs/cgroup/system/uid_1010/pid_1093/memory.reclaim: Permission denied
03-21 20:45:46.925  1587  1889 W libprocessgroup: Failed to apply CompactFull process profile
03-21 20:45:46.925  1587  1889 E libprocessgroup: Could not write 209952768 to /sys/fs/cgroup/system/uid_1047/pid_1096/memory.reclaim: Permission denied
03-21 20:45:46.925  1587  1889 W libprocessgroup: Failed to apply CompactFull process profile
03-21 20:45:46.926  1587  1889 E libprocessgroup: Failed to read /sys/fs/cgroup/system/uid_0/pid_1102/memory.current: No such file or directory
03-21 20:45:46.926  1587  1889 W libprocessgroup: Failed to apply CompactFull process profile
03-21 20:45:46.926  1587  1889 E libprocessgroup: Failed to read /sys/fs/cgroup/system/uid_0/pid_1103/memory.current: No such file or directory
03-21 20:45:46.926  1587  1889 W libprocessgroup: Failed to apply CompactFull process profile
03-21 20:45:46.930  1587  1889 E libprocessgroup: Failed to read /sys/fs/cgroup/system/uid_0/pid_1112/memory.current: No such file or directory
03-21 20:45:46.930  1587  1889 W libprocessgroup: Failed to apply CompactFull process profile
03-21 20:45:46.930  1587  1889 E libprocessgroup: Could not write 737280 to /sys/fs/cgroup/system/uid_1000/pid_1116/memory.reclaim: Permission denied
03-21 20:45:46.930  1587  1889 W libprocessgroup: Failed to apply CompactFull process profile
03-21 20:45:46.931  1587  1889 E libprocessgroup: Failed to read /sys/fs/cgroup/system/uid_0/pid_1117/memory.current: No such file or directory
03-21 20:45:46.931  1587  1889 W libprocessgroup: Failed to apply CompactFull process profile
03-21 20:45:46.931  1587  1889 E libprocessgroup: Failed to read /sys/fs/cgroup/system/uid_0/pid_1118/memory.current: No such file or directory
03-21 20:45:46.931  1587  1889 W libprocessgroup: Failed to apply CompactFull process profile
03-21 20:45:46.931  1587  1889 E libprocessgroup: Failed to read /sys/fs/cgroup/system/uid_0/pid_1120/memory.current: No such file or directory
03-21 20:45:46.931  1587  1889 W libprocessgroup: Failed to apply CompactFull process profile
03-21 20:45:46.932  1587  1889 E libprocessgroup: Could not write 3833856 to /sys/fs/cgroup/system/uid_1021/pid_1121/memory.reclaim: Permission denied
03-21 20:45:46.932  1587  1889 W libprocessgroup: Failed to apply CompactFull process profile
03-21 20:45:46.932  1587  1889 E libprocessgroup: Failed to read /sys/fs/cgroup/system/uid_0/pid_1122/memory.current: No such file or directory
03-21 20:45:46.932  1587  1889 W libprocessgroup: Failed to apply CompactFull process profile
03-21 20:45:46.933  1587  1889 E libprocessgroup: Could not write 1794048 to /sys/fs/cgroup/system/uid_1013/pid_1124/memory.reclaim: Permission denied
03-21 20:45:46.933  1587  1889 W libprocessgroup: Failed to apply CompactFull process profile
03-21 20:45:46.933  1587  1889 E libprocessgroup: Failed to read /sys/fs/cgroup/system/uid_0/pid_1125/memory.current: No such file or directory
03-21 20:45:46.933  1587  1889 W libprocessgroup: Failed to apply CompactFull process profile
03-21 20:45:46.933  1587  1889 E libprocessgroup: Failed to read /sys/fs/cgroup/system/uid_0/pid_1127/memory.current: No such file or directory
03-21 20:45:46.933  1587  1889 W libprocessgroup: Failed to apply CompactFull process profile
03-21 20:45:46.933  1587  1889 E libprocessgroup: Failed to read /sys/fs/cgroup/system/uid_0/pid_1128/memory.current: No such file or directory
03-21 20:45:46.933  1587  1889 W libprocessgroup: Failed to apply CompactFull process profile
03-21 20:45:46.934  1587  1889 E libprocessgroup: Could not write 18931712 to /sys/fs/cgroup/system/uid_1046/pid_1130/memory.reclaim: Permission denied
03-21 20:45:46.934  1587  1889 W libprocessgroup: Failed to apply CompactFull process profile
03-21 20:45:46.934  1587  1889 E libprocessgroup: Failed to read /sys/fs/cgroup/system/uid_0/pid_1132/memory.current: No such file or directory
03-21 20:45:46.934  1587  1889 W libprocessgroup: Failed to apply CompactFull process profile
03-21 20:45:46.935  1587  1889 E libprocessgroup: Failed to read /sys/fs/cgroup/system/uid_0/pid_1133/memory.current: No such file or directory
03-21 20:45:46.935  1587  1889 W libprocessgroup: Failed to apply CompactFull process profile
03-21 20:45:46.935  1587  1889 E libprocessgroup: Failed to read /sys/fs/cgroup/system/uid_0/pid_1137/memory.current: No such file or directory
03-21 20:45:46.935  1587  1889 W libprocessgroup: Failed to apply CompactFull process profile
03-21 20:45:46.935  1587  1889 E libprocessgroup: Could not write 1253376 to /sys/fs/cgroup/system/uid_1000/pid_1139/memory.reclaim: Permission denied
03-21 20:45:46.935  1587  1889 W libprocessgroup: Failed to apply CompactFull process profile
03-21 20:45:46.936  1587  1889 E libprocessgroup: Failed to read /sys/fs/cgroup/system/uid_0/pid_1142/memory.current: No such file or directory
03-21 20:45:46.936  1587  1889 W libprocessgroup: Failed to apply CompactFull process profile
03-21 20:45:46.936  1587  1889 E libprocessgroup: Failed to read /sys/fs/cgroup/system/uid_0/pid_1143/memory.current: No such file or directory
03-21 20:45:46.936  1587  1889 W libprocessgroup: Failed to apply CompactFull process profile
03-21 20:45:46.937  1587  1889 E libprocessgroup: Could not write 4575232 to /sys/fs/cgroup/system/uid_0/pid_1144/memory.reclaim: Permission denied
03-21 20:45:46.937  1587  1889 W libprocessgroup: Failed to apply CompactFull process profile
03-21 20:45:46.937  1587  1889 E libprocessgroup: Failed to read /sys/fs/cgroup/system/uid_0/pid_1145/memory.current: No such file or directory
03-21 20:45:46.937  1587  1889 W libprocessgroup: Failed to apply CompactFull process profile
03-21 20:45:46.937  1587  1889 E libprocessgroup: Could not write 6303744 to /sys/fs/cgroup/system/uid_1000/pid_1151/memory.reclaim: Permission denied
03-21 20:45:46.938  1587  1889 W libprocessgroup: Failed to apply CompactFull process profile
03-21 20:45:46.938  1587  1889 E libprocessgroup: Could not write 1077248 to /sys/fs/cgroup/system/uid_1000/pid_1177/memory.reclaim: Permission denied
03-21 20:45:46.938  1587  1889 W libprocessgroup: Failed to apply CompactFull process profile
03-21 20:45:46.939  1587  1889 E libprocessgroup: Could not write 954368 to /sys/fs/cgroup/system/uid_1000/pid_1182/memory.reclaim: Permission denied
03-21 20:45:46.939  1587  1889 W libprocessgroup: Failed to apply CompactFull process profile
03-21 20:45:46.940  1587  1889 E libprocessgroup: Could not write 8908800 to /sys/fs/cgroup/system/uid_0/pid_1213/memory.reclaim: Permission denied
03-21 20:45:46.940  1587  1889 W libprocessgroup: Failed to apply CompactFull process profile
03-21 20:45:46.940  1587  1889 E libprocessgroup: Could not write 978944 to /sys/fs/cgroup/system/uid_1000/pid_1316/memory.reclaim: Permission denied
03-21 20:45:46.941  1587  1889 W libprocessgroup: Failed to apply CompactFull process profile
03-21 20:45:46.941  1587  1889 E libprocessgroup: Could not write 3100672 to /sys/fs/cgroup/system/uid_1000/pid_1321/memory.reclaim: Permission denied
03-21 20:45:46.941  1587  1889 W libprocessgroup: Failed to apply CompactFull process profile
03-21 20:45:46.942  1587  1889 E libprocessgroup: Could not write 1024000 to /sys/fs/cgroup/system/uid_1001/pid_1322/memory.reclaim: Permission denied
03-21 20:45:46.942  1587  1889 W libprocessgroup: Failed to apply CompactFull process profile
03-21 20:45:46.942  1587  1889 E libprocessgroup: Could not write 2310144 to /sys/fs/cgroup/system/uid_1001/pid_1328/memory.reclaim: Permission denied
03-21 20:45:46.942  1587  1889 W libprocessgroup: Failed to apply CompactFull process profile
03-21 20:45:46.943  1587  1889 E libprocessgroup: Could not write 8310784 to /sys/fs/cgroup/system/uid_1000/pid_1330/memory.reclaim: Permission denied
03-21 20:45:46.943  1587  1889 W libprocessgroup: Failed to apply CompactFull process profile
03-21 20:45:46.943  1587  1889 E libprocessgroup: Failed to read /sys/fs/cgroup/system/uid_0/pid_1342/memory.current: No such file or directory
03-21 20:45:46.943  1587  1889 W libprocessgroup: Failed to apply CompactFull process profile
03-21 20:45:46.944  1587  1889 E libprocessgroup: Could not write 17629184 to /sys/fs/cgroup/system/uid_1001/pid_1428/memory.reclaim: Permission denied
03-21 20:45:46.944  1587  1889 W libprocessgroup: Failed to apply CompactFull process profile
03-21 20:45:46.944  1587  1889 E libprocessgroup: Failed to read /sys/fs/cgroup/system/uid_0/pid_1722/memory.current: No such file or directory
03-21 20:45:46.944  1587  1889 W libprocessgroup: Failed to apply CompactFull process profile
03-21 20:45:46.945  1587  1889 E libprocessgroup: Could not write 2678784 to /sys/fs/cgroup/system/uid_1000/pid_1838/memory.reclaim: Permission denied
03-21 20:45:46.945  1587  1889 W libprocessgroup: Failed to apply CompactFull process profile
03-21 20:45:46.945  1587  1889 E libprocessgroup: Failed to read /sys/fs/cgroup/system/uid_0/pid_2012/memory.current: No such file or directory
03-21 20:45:46.945  1587  1889 W libprocessgroup: Failed to apply CompactFull process profile
03-21 20:45:46.946  1587  1889 E libprocessgroup: Failed to read /sys/fs/cgroup/system/uid_0/pid_2013/memory.current: No such file or directory
03-21 20:45:46.946  1587  1889 W libprocessgroup: Failed to apply CompactFull process profile
03-21 20:45:46.946  1587  1889 E libprocessgroup: Failed to read /sys/fs/cgroup/system/uid_0/pid_2014/memory.current: No such file or directory
03-21 20:45:46.946  1587  1889 W libprocessgroup: Failed to apply CompactFull process profile
03-21 20:45:46.947  1587  1889 E libprocessgroup: Could not write 5107712 to /sys/fs/cgroup/system/uid_1010/pid_2020/memory.reclaim: Permission denied
03-21 20:45:46.947  1587  1889 W libprocessgroup: Failed to apply CompactFull process profile
03-21 20:45:46.947  1587  1889 E libprocessgroup: Failed to read /sys/fs/cgroup/system/uid_0/pid_2034/memory.current: No such file or directory
03-21 20:45:46.947  1587  1889 W libprocessgroup: Failed to apply CompactFull process profile
03-21 20:45:46.947  1587  1889 E libprocessgroup: Failed to read /sys/fs/cgroup/system/uid_0/pid_2136/memory.current: No such file or directory
03-21 20:45:46.947  1587  1889 W libprocessgroup: Failed to apply CompactFull process profile
03-21 20:45:46.949  1587  1889 E libprocessgroup: Failed to read /sys/fs/cgroup/system/uid_0/pid_2174/memory.current: No such file or directory
03-21 20:45:46.949  1587  1889 W libprocessgroup: Failed to apply CompactFull process profile
03-21 20:45:46.950  1587  1889 E libprocessgroup: Failed to read /sys/fs/cgroup/system/uid_0/pid_2194/memory.current: No such file or directory
03-21 20:45:46.950  1587  1889 W libprocessgroup: Failed to apply CompactFull process profile
03-21 20:45:46.951  1587  1889 E libprocessgroup: Failed to read /sys/fs/cgroup/system/uid_0/pid_2203/memory.current: No such file or directory
03-21 20:45:46.951  1587  1889 W libprocessgroup: Failed to apply CompactFull process profile
03-21 20:45:46.951  1587  1889 E libprocessgroup: Failed to read /sys/fs/cgroup/system/uid_0/pid_2211/memory.current: No such file or directory
03-21 20:45:46.951  1587  1889 W libprocessgroup: Failed to apply CompactFull process profile
03-21 20:45:46.951  1587  1889 E libprocessgroup: Failed to read /sys/fs/cgroup/system/uid_0/pid_2233/memory.current: No such file or directory
03-21 20:45:46.952  1587  1889 W libprocessgroup: Failed to apply CompactFull process profile
03-21 20:45:46.953  1587  1889 E libprocessgroup: Failed to read /sys/fs/cgroup/system/uid_0/pid_2237/memory.current: No such file or directory
03-21 20:45:46.953  1587  1889 W libprocessgroup: Failed to apply CompactFull process profile
03-21 20:45:46.953  1587  1889 E libprocessgroup: Failed to read /sys/fs/cgroup/system/uid_0/pid_2251/memory.current: No such file or directory
03-21 20:45:46.953  1587  1889 W libprocessgroup: Failed to apply CompactFull process profile
03-21 20:45:46.953  1587  1889 E libprocessgroup: Failed to read /sys/fs/cgroup/system/uid_0/pid_2352/memory.current: No such file or directory
03-21 20:45:46.953  1587  1889 W libprocessgroup: Failed to apply CompactFull process profile
03-21 20:45:46.953  1587  1889 E libprocessgroup: Failed to read /sys/fs/cgroup/system/uid_0/pid_2353/memory.current: No such file or directory
03-21 20:45:46.954  1587  1889 W libprocessgroup: Failed to apply CompactFull process profile
03-21 20:45:46.954  1587  1889 E libprocessgroup: Failed to read /sys/fs/cgroup/system/uid_0/pid_2357/memory.current: No such file or directory
03-21 20:45:46.954  1587  1889 W libprocessgroup: Failed to apply CompactFull process profile
03-21 20:45:46.954  1587  1889 E libprocessgroup: Failed to read /sys/fs/cgroup/system/uid_0/pid_2379/memory.current: No such file or directory
03-21 20:45:46.954  1587  1889 W libprocessgroup: Failed to apply CompactFull process profile
03-21 20:45:46.955  1587  1889 E libprocessgroup: Failed to read /sys/fs/cgroup/system/uid_0/pid_2424/memory.current: No such file or directory
03-21 20:45:46.955  1587  1889 W libprocessgroup: Failed to apply CompactFull process profile
03-21 20:45:46.955  1587  1889 E libprocessgroup: Failed to read /sys/fs/cgroup/system/uid_0/pid_2437/memory.current: No such file or directory
03-21 20:45:46.955  1587  1889 W libprocessgroup: Failed to apply CompactFull process profile
03-21 20:45:46.955  1587  1889 E libprocessgroup: Failed to read /sys/fs/cgroup/system/uid_0/pid_2529/memory.current: No such file or directory
03-21 20:45:46.955  1587  1889 W libprocessgroup: Failed to apply CompactFull process profile
03-21 20:45:46.956  1587  1889 E libprocessgroup: Failed to read /sys/fs/cgroup/system/uid_0/pid_2733/memory.current: No such file or directory
03-21 20:45:46.956  1587  1889 W libprocessgroup: Failed to apply CompactFull process profile
03-21 20:45:46.956  1587  1889 E libprocessgroup: Failed to read /sys/fs/cgroup/system/uid_0/pid_2779/memory.current: No such file or directory
03-21 20:45:46.956  1587  1889 W libprocessgroup: Failed to apply CompactFull process profile
03-21 20:45:46.956  1587  1889 E libprocessgroup: Failed to read /sys/fs/cgroup/system/uid_0/pid_2780/memory.current: No such file or directory
03-21 20:45:46.956  1587  1889 W libprocessgroup: Failed to apply CompactFull process profile
03-21 20:45:46.957  1587  1889 E libprocessgroup: Could not write 954368 to /sys/fs/cgroup/system/uid_0/pid_2790/memory.reclaim: Permission denied
03-21 20:45:46.957  1587  1889 W libprocessgroup: Failed to apply CompactFull process profile
03-21 20:45:46.957  1587  1889 E libprocessgroup: Failed to read /sys/fs/cgroup/system/uid_0/pid_3002/memory.current: No such file or directory
03-21 20:45:46.957  1587  1889 W libprocessgroup: Failed to apply CompactFull process profile
03-21 20:45:46.957  1587  1889 E libprocessgroup: Failed to read /sys/fs/cgroup/system/uid_0/pid_3012/memory.current: No such file or directory
03-21 20:45:46.958  1587  1889 W libprocessgroup: Failed to apply CompactFull process profile
03-21 20:45:46.958  1587  1889 E libprocessgroup: Failed to read /sys/fs/cgroup/system/uid_0/pid_3029/memory.current: No such file or directory
03-21 20:45:46.958  1587  1889 W libprocessgroup: Failed to apply CompactFull process profile
03-21 20:45:46.958  1587  1889 E libprocessgroup: Failed to read /sys/fs/cgroup/system/uid_0/pid_3038/memory.current: No such file or directory
03-21 20:45:46.958  1587  1889 W libprocessgroup: Failed to apply CompactFull process profile
03-21 20:45:46.958  1587  1889 E libprocessgroup: Failed to read /sys/fs/cgroup/system/uid_0/pid_3052/memory.current: No such file or directory
03-21 20:45:46.958  1587  1889 W libprocessgroup: Failed to apply CompactFull process profile
03-21 20:45:46.959  1587  1889 E libprocessgroup: Failed to read /sys/fs/cgroup/system/uid_0/pid_3159/memory.current: No such file or directory
03-21 20:45:46.959  1587  1889 W libprocessgroup: Failed to apply CompactFull process profile
03-21 20:45:46.959  1587  1889 E libprocessgroup: Failed to read /sys/fs/cgroup/system/uid_0/pid_3329/memory.current: No such file or directory
03-21 20:45:46.959  1587  1889 W libprocessgroup: Failed to apply CompactFull process profile
03-21 20:45:46.960  1587  1889 E libprocessgroup: Failed to read /sys/fs/cgroup/system/uid_0/pid_3402/memory.current: No such file or directory
03-21 20:45:46.960  1587  1889 W libprocessgroup: Failed to apply CompactFull process profile
03-21 20:45:46.960  1587  1889 E libprocessgroup: Failed to read /sys/fs/cgroup/system/uid_0/pid_3462/memory.current: No such file or directory
03-21 20:45:46.960  1587  1889 W libprocessgroup: Failed to apply CompactFull process profile
03-21 20:45:46.960  1587  1889 E libprocessgroup: Failed to read /sys/fs/cgroup/system/uid_0/pid_3711/memory.current: No such file or directory
03-21 20:45:46.960  1587  1889 W libprocessgroup: Failed to apply CompactFull process profile
03-21 20:45:46.961  1587  1889 E libprocessgroup: Failed to read /sys/fs/cgroup/system/uid_0/pid_4337/memory.current: No such file or directory
03-21 20:45:46.961  1587  1889 W libprocessgroup: Failed to apply CompactFull process profile
03-21 20:45:46.961  1587  1889 E libprocessgroup: Failed to read /sys/fs/cgroup/system/uid_0/pid_5334/memory.current: No such file or directory
03-21 20:45:46.961  1587  1889 W libprocessgroup: Failed to apply CompactFull process profile
03-21 20:45:46.961  1587  1889 E libprocessgroup: Failed to read /sys/fs/cgroup/system/uid_0/pid_5830/memory.current: No such file or directory
03-21 20:45:46.961  1587  1889 W libprocessgroup: Failed to apply CompactFull process profile
03-21 20:45:46.961  1587  1889 E libprocessgroup: Failed to read /sys/fs/cgroup/system/uid_0/pid_6561/memory.current: No such file or directory
03-21 20:45:46.961  1587  1889 W libprocessgroup: Failed to apply CompactFull process profile
03-21 20:45:46.962  1587  1889 E libprocessgroup: Could not write 1327104 to /sys/fs/cgroup/system/uid_0/pid_7022/memory.reclaim: Permission denied
03-21 20:45:46.962  1587  1889 W libprocessgroup: Failed to apply CompactFull process profile
03-21 20:45:46.962  1587  1889 E libprocessgroup: Failed to read /sys/fs/cgroup/system/uid_0/pid_10475/memory.current: No such file or directory
03-21 20:45:46.962  1587  1889 W libprocessgroup: Failed to apply CompactFull process profile
03-21 20:45:46.962  1587  1889 E libprocessgroup: Failed to read /sys/fs/cgroup/system/uid_0/pid_10526/memory.current: No such file or directory
03-21 20:45:46.963  1587  1889 W libprocessgroup: Failed to apply CompactFull process profile
03-21 20:45:46.963  1587  1889 E libprocessgroup: Failed to read /sys/fs/cgroup/system/uid_0/pid_10700/memory.current: No such file or directory
03-21 20:45:46.963  1587  1889 W libprocessgroup: Failed to apply CompactFull process profile
03-21 20:45:46.963  1587  1889 E libprocessgroup: Failed to read /sys/fs/cgroup/system/uid_0/pid_12025/memory.current: No such file or directory
03-21 20:45:46.963  1587  1889 W libprocessgroup: Failed to apply CompactFull process profile
03-21 20:45:46.963  1587  1889 E libprocessgroup: Failed to read /sys/fs/cgroup/system/uid_0/pid_12111/memory.current: No such file or directory
03-21 20:45:46.963  1587  1889 W libprocessgroup: Failed to apply CompactFull process profile
03-21 20:45:46.963  1587  1889 E libprocessgroup: Failed to read /sys/fs/cgroup/system/uid_0/pid_12119/memory.current: No such file or directory
03-21 20:45:46.963  1587  1889 W libprocessgroup: Failed to apply CompactFull process profile
03-21 20:45:46.964  1587  1889 E libprocessgroup: Failed to read /sys/fs/cgroup/system/uid_0/pid_12392/memory.current: No such file or directory
03-21 20:45:46.964  1587  1889 W libprocessgroup: Failed to apply CompactFull process profile
03-21 20:45:46.964  1587  1889 E libprocessgroup: Failed to read /sys/fs/cgroup/system/uid_0/pid_12393/memory.current: No such file or directory
03-21 20:45:46.964  1587  1889 W libprocessgroup: Failed to apply CompactFull process profile
03-21 20:45:46.964  1587  1889 E libprocessgroup: Failed to read /sys/fs/cgroup/system/uid_0/pid_12394/memory.current: No such file or directory
03-21 20:45:46.964  1587  1889 W libprocessgroup: Failed to apply CompactFull process profile
03-21 20:45:46.964  1587  1889 E libprocessgroup: Failed to read /sys/fs/cgroup/system/uid_0/pid_12419/memory.current: No such file or directory
03-21 20:45:46.964  1587  1889 W libprocessgroup: Failed to apply CompactFull process profile
03-21 20:45:46.964  1587  1889 E libprocessgroup: Failed to read /sys/fs/cgroup/system/uid_0/pid_12805/memory.current: No such file or directory
03-21 20:45:46.965  1587  1889 W libprocessgroup: Failed to apply CompactFull process profile
03-21 20:45:46.965  1587  1889 E libprocessgroup: Failed to read /sys/fs/cgroup/system/uid_0/pid_13426/memory.current: No such file or directory
03-21 20:45:46.965  1587  1889 W libprocessgroup: Failed to apply CompactFull process profile
03-21 20:45:46.965  1587  1889 E libprocessgroup: Failed to read /sys/fs/cgroup/system/uid_0/pid_13748/memory.current: No such file or directory
03-21 20:45:46.965  1587  1889 W libprocessgroup: Failed to apply CompactFull process profile
03-21 20:45:46.965  1587  1889 E libprocessgroup: Failed to read /sys/fs/cgroup/system/uid_0/pid_13842/memory.current: No such file or directory
03-21 20:45:46.965  1587  1889 W libprocessgroup: Failed to apply CompactFull process profile
03-21 20:45:46.965  1587  1889 E libprocessgroup: Failed to read /sys/fs/cgroup/system/uid_0/pid_13845/memory.current: No such file or directory
03-21 20:45:46.965  1587  1889 W libprocessgroup: Failed to apply CompactFull process profile
03-21 20:45:46.966  1587  1889 E libprocessgroup: Failed to read /sys/fs/cgroup/system/uid_0/pid_15831/memory.current: No such file or directory
03-21 20:45:46.966  1587  1889 W libprocessgroup: Failed to apply CompactFull process profile
03-21 20:45:46.966  1587  1889 E libprocessgroup: Failed to read /sys/fs/cgroup/system/uid_0/pid_16560/memory.current: No such file or directory
03-21 20:45:46.966  1587  1889 W libprocessgroup: Failed to apply CompactFull process profile
03-21 20:45:46.966  1587  1889 E libprocessgroup: Failed to read /sys/fs/cgroup/system/uid_0/pid_17829/memory.current: No such file or directory
03-21 20:45:46.966  1587  1889 W libprocessgroup: Failed to apply CompactFull process profile
03-21 20:45:46.966  1587  1889 E libprocessgroup: Failed to read /sys/fs/cgroup/system/uid_0/pid_17837/memory.current: No such file or directory
03-21 20:45:46.966  1587  1889 W libprocessgroup: Failed to apply CompactFull process profile
03-21 20:45:46.967  1587  1889 E libprocessgroup: Failed to read /sys/fs/cgroup/system/uid_0/pid_17868/memory.current: No such file or directory
03-21 20:45:46.967  1587  1889 W libprocessgroup: Failed to apply CompactFull process profile
03-21 20:45:46.967  1587  1889 E libprocessgroup: Failed to read /sys/fs/cgroup/system/uid_0/pid_18034/memory.current: No such file or directory
03-21 20:45:46.967  1587  1889 W libprocessgroup: Failed to apply CompactFull process profile
03-21 20:45:46.967  1587  1889 E libprocessgroup: Failed to read /sys/fs/cgroup/system/uid_0/pid_18779/memory.current: No such file or directory
03-21 20:45:46.967  1587  1889 W libprocessgroup: Failed to apply CompactFull process profile
03-21 20:45:46.968  1587  1889 E libprocessgroup: Failed to read /sys/fs/cgroup/system/uid_0/pid_18821/memory.current: No such file or directory
03-21 20:45:46.968  1587  1889 W libprocessgroup: Failed to apply CompactFull process profile
03-21 20:45:46.968  1587  1889 E libprocessgroup: Failed to read /sys/fs/cgroup/system/uid_0/pid_18859/memory.current: No such file or directory
03-21 20:45:46.968  1587  1889 W libprocessgroup: Failed to apply CompactFull process profile
03-21 20:45:46.968  1587  1889 E libprocessgroup: Failed to read /sys/fs/cgroup/system/uid_0/pid_18907/memory.current: No such file or directory
03-21 20:45:46.968  1587  1889 W libprocessgroup: Failed to apply CompactFull process profile
03-21 20:45:46.968  1587  1889 E libprocessgroup: Failed to read /sys/fs/cgroup/system/uid_0/pid_19541/memory.current: No such file or directory
03-21 20:45:46.968  1587  1889 W libprocessgroup: Failed to apply CompactFull process profile
03-21 20:45:46.968  1587  1889 E libprocessgroup: Failed to read /sys/fs/cgroup/system/uid_0/pid_19883/memory.current: No such file or directory
03-21 20:45:46.969  1587  1889 W libprocessgroup: Failed to apply CompactFull process profile
03-21 20:45:46.969  1587  1889 E libprocessgroup: Failed to read /sys/fs/cgroup/system/uid_0/pid_21294/memory.current: No such file or directory
03-21 20:45:46.969  1587  1889 W libprocessgroup: Failed to apply CompactFull process profile
03-21 20:45:46.969  1587  1889 E libprocessgroup: Failed to read /sys/fs/cgroup/system/uid_0/pid_21548/memory.current: No such file or directory
03-21 20:45:46.969  1587  1889 W libprocessgroup: Failed to apply CompactFull process profile
03-21 20:45:46.969  1587  1889 E libprocessgroup: Failed to read /sys/fs/cgroup/system/uid_0/pid_21549/memory.current: No such file or directory
03-21 20:45:46.969  1587  1889 W libprocessgroup: Failed to apply CompactFull process profile
03-21 20:45:46.969  1587  1889 E libprocessgroup: Failed to read /sys/fs/cgroup/system/uid_0/pid_21593/memory.current: No such file or directory
03-21 20:45:46.969  1587  1889 W libprocessgroup: Failed to apply CompactFull process profile
03-21 20:45:46.970  1587  1889 E libprocessgroup: Failed to read /sys/fs/cgroup/system/uid_0/pid_22398/memory.current: No such file or directory
03-21 20:45:46.970  1587  1889 W libprocessgroup: Failed to apply CompactFull process profile
03-21 20:45:46.970  1587  1889 E libprocessgroup: Failed to read /sys/fs/cgroup/system/uid_0/pid_22520/memory.current: No such file or directory
03-21 20:45:46.970  1587  1889 W libprocessgroup: Failed to apply CompactFull process profile
03-21 20:45:46.970  1587  1889 E libprocessgroup: Failed to read /sys/fs/cgroup/system/uid_0/pid_22958/memory.current: No such file or directory
03-21 20:45:46.970  1587  1889 W libprocessgroup: Failed to apply CompactFull process profile
03-21 20:45:46.970  1587  1889 E libprocessgroup: Failed to read /sys/fs/cgroup/system/uid_0/pid_23151/memory.current: No such file or directory
03-21 20:45:46.970  1587  1889 W libprocessgroup: Failed to apply CompactFull process profile
03-21 20:45:46.971  1587  1889 E libprocessgroup: Failed to read /sys/fs/cgroup/system/uid_0/pid_23293/memory.current: No such file or directory
03-21 20:45:46.971  1587  1889 W libprocessgroup: Failed to apply CompactFull process profile
03-21 20:45:46.971  1587  1889 E libprocessgroup: Failed to read /sys/fs/cgroup/system/uid_0/pid_23309/memory.current: No such file or directory
03-21 20:45:46.971  1587  1889 W libprocessgroup: Failed to apply CompactFull process profile
03-21 20:45:46.971  1587  1889 E libprocessgroup: Failed to read /sys/fs/cgroup/system/uid_0/pid_23348/memory.current: No such file or directory
03-21 20:45:46.971  1587  1889 W libprocessgroup: Failed to apply CompactFull process profile
03-21 20:45:46.971  1587  1889 E libprocessgroup: Failed to read /sys/fs/cgroup/system/uid_0/pid_23362/memory.current: No such file or directory
03-21 20:45:46.971  1587  1889 W libprocessgroup: Failed to apply CompactFull process profile
03-21 20:45:46.972  1587  1889 E libprocessgroup: Failed to read /sys/fs/cgroup/system/uid_0/pid_23431/memory.current: No such file or directory
03-21 20:45:46.972  1587  1889 W libprocessgroup: Failed to apply CompactFull process profile
03-21 20:45:46.972  1587  1889 E libprocessgroup: Failed to read /sys/fs/cgroup/system/uid_0/pid_23514/memory.current: No such file or directory
03-21 20:45:46.972  1587  1889 W libprocessgroup: Failed to apply CompactFull process profile
03-21 20:45:46.972  1587  1889 E libprocessgroup: Failed to read /sys/fs/cgroup/system/uid_0/pid_23646/memory.current: No such file or directory
03-21 20:45:46.972  1587  1889 W libprocessgroup: Failed to apply CompactFull process profile
03-21 20:45:46.972  1587  1889 E libprocessgroup: Failed to read /sys/fs/cgroup/system/uid_0/pid_23804/memory.current: No such file or directory
03-21 20:45:46.972  1587  1889 W libprocessgroup: Failed to apply CompactFull process profile
03-21 20:45:46.972  1587  1889 E libprocessgroup: Failed to read /sys/fs/cgroup/system/uid_0/pid_23839/memory.current: No such file or directory
03-21 20:45:46.973  1587  1889 W libprocessgroup: Failed to apply CompactFull process profile
03-21 20:45:46.973  1587  1889 E libprocessgroup: Failed to read /sys/fs/cgroup/system/uid_0/pid_24007/memory.current: No such file or directory
03-21 20:45:46.973  1587  1889 W libprocessgroup: Failed to apply CompactFull process profile
03-21 20:45:46.974  1587  1889 E libprocessgroup: Failed to read /sys/fs/cgroup/system/uid_0/pid_24298/memory.current: No such file or directory
03-21 20:45:46.974  1587  1889 W libprocessgroup: Failed to apply CompactFull process profile
03-21 20:45:46.974  1587  1889 E libprocessgroup: Failed to read /sys/fs/cgroup/system/uid_0/pid_24299/memory.current: No such file or directory
03-21 20:45:46.974  1587  1889 W libprocessgroup: Failed to apply CompactFull process profile
03-21 20:45:46.974  1587  1889 E libprocessgroup: Failed to read /sys/fs/cgroup/system/uid_0/pid_24546/memory.current: No such file or directory
03-21 20:45:46.974  1587  1889 W libprocessgroup: Failed to apply CompactFull process profile
03-21 20:45:46.974  1587  1889 E libprocessgroup: Failed to read /sys/fs/cgroup/system/uid_0/pid_24560/memory.current: No such file or directory
03-21 20:45:46.974  1587  1889 W libprocessgroup: Failed to apply CompactFull process profile
03-21 20:45:46.975  1587  1889 E libprocessgroup: Failed to read /sys/fs/cgroup/system/uid_0/pid_24564/memory.current: No such file or directory
03-21 20:45:46.975  1587  1889 W libprocessgroup: Failed to apply CompactFull process profile
03-21 20:45:46.975  1587  1889 E libprocessgroup: Failed to read /sys/fs/cgroup/system/uid_0/pid_24625/memory.current: No such file or directory
03-21 20:45:46.975  1587  1889 W libprocessgroup: Failed to apply CompactFull process profile
03-21 20:45:46.975  1587  1889 E libprocessgroup: Failed to read /sys/fs/cgroup/system/uid_0/pid_24641/memory.current: No such file or directory
03-21 20:45:46.975  1587  1889 W libprocessgroup: Failed to apply CompactFull process profile
03-21 20:45:46.976  1587  1889 E libprocessgroup: Failed to read /sys/fs/cgroup/system/uid_0/pid_24655/memory.current: No such file or directory
03-21 20:45:46.976  1587  1889 W libprocessgroup: Failed to apply CompactFull process profile
03-21 20:45:46.976  1587  1889 E libprocessgroup: Failed to read /sys/fs/cgroup/system/uid_0/pid_24697/memory.current: No such file or directory
03-21 20:45:46.976  1587  1889 W libprocessgroup: Failed to apply CompactFull process profile
03-21 20:45:46.976  1587  1889 E libprocessgroup: Failed to read /sys/fs/cgroup/system/uid_0/pid_24705/memory.current: No such file or directory
03-21 20:45:46.976  1587  1889 W libprocessgroup: Failed to apply CompactFull process profile
03-21 20:45:46.976  1587  1889 E libprocessgroup: Failed to read /sys/fs/cgroup/system/uid_0/pid_24746/memory.current: No such file or directory
03-21 20:45:46.976  1587  1889 W libprocessgroup: Failed to apply CompactFull process profile
03-21 20:45:46.977  1587  1889 E libprocessgroup: Failed to read /sys/fs/cgroup/system/uid_0/pid_24813/memory.current: No such file or directory
03-21 20:45:46.977  1587  1889 W libprocessgroup: Failed to apply CompactFull process profile
03-21 20:45:46.977  1587  1889 E libprocessgroup: Failed to read /sys/fs/cgroup/system/uid_0/pid_25255/memory.current: No such file or directory
03-21 20:45:46.977  1587  1889 W libprocessgroup: Failed to apply CompactFull process profile
03-21 20:45:46.977  1587  1889 E libprocessgroup: Failed to read /sys/fs/cgroup/system/uid_0/pid_25422/memory.current: No such file or directory
03-21 20:45:46.977  1587  1889 W libprocessgroup: Failed to apply CompactFull process profile
03-21 20:45:46.978  1587  1889 E libprocessgroup: Failed to read /sys/fs/cgroup/system/uid_0/pid_25640/memory.current: No such file or directory
03-21 20:45:46.978  1587  1889 W libprocessgroup: Failed to apply CompactFull process profile
03-21 20:45:46.978  1587  1889 E libprocessgroup: Failed to read /sys/fs/cgroup/system/uid_0/pid_25641/memory.current: No such file or directory
03-21 20:45:46.978  1587  1889 W libprocessgroup: Failed to apply CompactFull process profile
03-21 20:45:47.361   625  2778 W libperfmgr: Failed to write to node: /dev/stune/top-app/schedtune.boost with value: 10, fd: -1
03-21 20:45:47.361   625  2778 W libperfmgr: Failed to write to node: /proc/sys/kernel/sched_boost with value: 0, fd: -1
03-21 20:45:47.448   844 25670 I resolv  : GetAddrInfoHandler::run: {102 102 102 983142 10399 0}
03-21 20:45:47.448   844 25670 I resolv  : GetAddrInfoHandler::run: network access blocked
03-21 20:45:47.450 24797 24797 I ReactNativeJNI: Error occurred, shutting down websocket connection: WebSocket exception Unable to resolve host "localhost": No address associated with hostname
03-21 20:45:47.861   625  2778 W libperfmgr: Failed to write to node: /dev/stune/top-app/schedtune.boost with value: 10, fd: -1
03-21 20:45:47.861   625  2778 W libperfmgr: Failed to write to node: /proc/sys/kernel/sched_boost with value: 0, fd: -1
03-21 20:45:48.362   625  2778 W libperfmgr: Failed to write to node: /dev/stune/top-app/schedtune.boost with value: 10, fd: -1
03-21 20:45:48.362   625  2778 W libperfmgr: Failed to write to node: /proc/sys/kernel/sched_boost with value: 0, fd: -1
03-21 20:45:48.669  2458 24323 I NearbyPresence: (REDACTED) %s verified [==] new request %s equals to the old request
03-21 20:45:48.862   625  2778 W libperfmgr: Failed to write to node: /dev/stune/top-app/schedtune.boost with value: 10, fd: -1
03-21 20:45:48.862   625  2778 W libperfmgr: Failed to write to node: /proc/sys/kernel/sched_boost with value: 0, fd: -1
03-21 20:45:49.362   625  2778 W libperfmgr: Failed to write to node: /dev/stune/top-app/schedtune.boost with value: 10, fd: -1
03-21 20:45:49.362   625  2778 W libperfmgr: Failed to write to node: /proc/sys/kernel/sched_boost with value: 0, fd: -1
03-21 20:45:49.467   844 25671 I resolv  : GetAddrInfoHandler::run: {102 102 102 983142 10399 0}
03-21 20:45:49.467   844 25671 I resolv  : GetAddrInfoHandler::run: network access blocked
03-21 20:45:49.469 24797 24797 I ReactNativeJNI: Error occurred, shutting down websocket connection: WebSocket exception Unable to resolve host "localhost": No address associated with hostname
03-21 20:45:49.862   625  2778 W libperfmgr: Failed to write to node: /dev/stune/top-app/schedtune.boost with value: 10, fd: -1
03-21 20:45:49.862   625  2778 W libperfmgr: Failed to write to node: /proc/sys/kernel/sched_boost with value: 0, fd: -1
03-21 20:45:50.363   625  2778 W libperfmgr: Failed to write to node: /dev/stune/top-app/schedtune.boost with value: 10, fd: -1
03-21 20:45:50.363   625  2778 W libperfmgr: Failed to write to node: /proc/sys/kernel/sched_boost with value: 0, fd: -1
03-21 20:45:50.863   625  2778 W libperfmgr: Failed to write to node: /dev/stune/top-app/schedtune.boost with value: 10, fd: -1
03-21 20:45:50.863   625  2778 W libperfmgr: Failed to write to node: /proc/sys/kernel/sched_boost with value: 0, fd: -1
03-21 20:45:51.108 25672 25672 W libbinder.BackendUnifiedServiceManager: Thread Pool max thread count is 0. Cannot cache binder as linkToDeath cannot be implemented. serviceName: deviceidle
03-21 20:45:51.194 25674 25674 W libbinder.BackendUnifiedServiceManager: Thread Pool max thread count is 0. Cannot cache binder as linkToDeath cannot be implemented. serviceName: battery
03-21 20:45:51.278 25676 25676 W libbinder.BackendUnifiedServiceManager: Thread Pool max thread count is 0. Cannot cache binder as linkToDeath cannot be implemented. serviceName: deviceidle
03-21 20:45:51.363   625  2778 W libperfmgr: Failed to write to node: /dev/stune/top-app/schedtune.boost with value: 10, fd: -1
03-21 20:45:51.363   625  2778 W libperfmgr: Failed to write to node: /proc/sys/kernel/sched_boost with value: 0, fd: -1
03-21 20:45:51.484   844 25678 I resolv  : GetAddrInfoHandler::run: {102 102 102 983142 10399 0}
03-21 20:45:51.484   844 25678 I resolv  : GetAddrInfoHandler::run: network access blocked
03-21 20:45:51.486 24797 24797 I ReactNativeJNI: Error occurred, shutting down websocket connection: WebSocket exception Unable to resolve host "localhost": No address associated with hostname
03-21 20:45:51.863   625  2778 W libperfmgr: Failed to write to node: /dev/stune/top-app/schedtune.boost with value: 10, fd: -1
03-21 20:45:51.863   625  2778 W libperfmgr: Failed to write to node: /proc/sys/kernel/sched_boost with value: 0, fd: -1
03-21 20:45:52.364   625  2778 W libperfmgr: Failed to write to node: /dev/stune/top-app/schedtune.boost with value: 10, fd: -1
03-21 20:45:52.364   625  2778 W libperfmgr: Failed to write to node: /proc/sys/kernel/sched_boost with value: 0, fd: -1
03-21 20:45:52.864   625  2778 W libperfmgr: Failed to write to node: /dev/stune/top-app/schedtune.boost with value: 10, fd: -1
03-21 20:45:52.864   625  2778 W libperfmgr: Failed to write to node: /proc/sys/kernel/sched_boost with value: 0, fd: -1
03-21 20:45:53.364   625  2778 W libperfmgr: Failed to write to node: /dev/stune/top-app/schedtune.boost with value: 10, fd: -1
03-21 20:45:53.364   625  2778 W libperfmgr: Failed to write to node: /proc/sys/kernel/sched_boost with value: 0, fd: -1
03-21 20:45:53.394   594 25659 I keystore2: system/security/keystore2/watchdog/src/lib.rs:371 - Watchdog thread idle -> terminating. Have a great day.
03-21 20:45:53.503   844 25680 I resolv  : GetAddrInfoHandler::run: {102 102 102 983142 10399 0}
03-21 20:45:53.503   844 25680 I resolv  : GetAddrInfoHandler::run: network access blocked
03-21 20:45:53.505 24797 24797 I ReactNativeJNI: Error occurred, shutting down websocket connection: WebSocket exception Unable to resolve host "localhost": No address associated with hostname
03-21 20:45:53.864   625  2778 W libperfmgr: Failed to write to node: /dev/stune/top-app/schedtune.boost with value: 10, fd: -1
03-21 20:45:53.864   625  2778 W libperfmgr: Failed to write to node: /proc/sys/kernel/sched_boost with value: 0, fd: -1
03-21 20:45:54.365   625  2778 W libperfmgr: Failed to write to node: /dev/stune/top-app/schedtune.boost with value: 10, fd: -1
03-21 20:45:54.365   625  2778 W libperfmgr: Failed to write to node: /proc/sys/kernel/sched_boost with value: 0, fd: -1
03-21 20:45:54.865   625  2778 W libperfmgr: Failed to write to node: /dev/stune/top-app/schedtune.boost with value: 10, fd: -1
03-21 20:45:54.865   625  2778 W libperfmgr: Failed to write to node: /proc/sys/kernel/sched_boost with value: 0, fd: -1
03-21 20:45:55.365   625  2778 W libperfmgr: Failed to write to node: /dev/stune/top-app/schedtune.boost with value: 10, fd: -1
03-21 20:45:55.365   625  2778 W libperfmgr: Failed to write to node: /proc/sys/kernel/sched_boost with value: 0, fd: -1
03-21 20:45:55.521   844 25681 I resolv  : GetAddrInfoHandler::run: {102 102 102 983142 10399 0}
03-21 20:45:55.521   844 25681 I resolv  : GetAddrInfoHandler::run: network access blocked
03-21 20:45:55.522 24797 24797 I ReactNativeJNI: Error occurred, shutting down websocket connection: WebSocket exception Unable to resolve host "localhost": No address associated with hostname
03-21 20:45:55.865   625  2778 W libperfmgr: Failed to write to node: /dev/stune/top-app/schedtune.boost with value: 10, fd: -1
03-21 20:45:55.865   625  2778 W libperfmgr: Failed to write to node: /proc/sys/kernel/sched_boost with value: 0, fd: -1
03-21 20:45:56.366   625  2778 W libperfmgr: Failed to write to node: /dev/stune/top-app/schedtune.boost with value: 10, fd: -1
03-21 20:45:56.366   625  2778 W libperfmgr: Failed to write to node: /proc/sys/kernel/sched_boost with value: 0, fd: -1
03-21 20:45:56.866   625  2778 W libperfmgr: Failed to write to node: /dev/stune/top-app/schedtune.boost with value: 10, fd: -1
03-21 20:45:56.866   625  2778 W libperfmgr: Failed to write to node: /proc/sys/kernel/sched_boost with value: 0, fd: -1
03-21 20:45:57.364 25682 25682 W libbinder.BackendUnifiedServiceManager: Thread Pool max thread count is 0. Cannot cache binder as linkToDeath cannot be implemented. serviceName: deviceidle
03-21 20:45:57.366   625  2778 W libperfmgr: Failed to write to node: /dev/stune/top-app/schedtune.boost with value: 10, fd: -1
03-21 20:45:57.366   625  2778 W libperfmgr: Failed to write to node: /proc/sys/kernel/sched_boost with value: 0, fd: -1
03-21 20:45:57.450 25684 25684 W libbinder.BackendUnifiedServiceManager: Thread Pool max thread count is 0. Cannot cache binder as linkToDeath cannot be implemented. serviceName: battery
03-21 20:45:57.457  1587  1672 W ProcessCpuTracker: Failed to stat(/proc/25682): android.system.ErrnoException: stat failed: ENOENT (No such file or directory)
03-21 20:45:57.457  1587  1672 W ProcessCpuTracker: Skipping unknown process pid 25682
03-21 20:45:57.534 25686 25686 W libbinder.BackendUnifiedServiceManager: Thread Pool max thread count is 0. Cannot cache binder as linkToDeath cannot be implemented. serviceName: deviceidle
03-21 20:45:57.539   844 25688 I resolv  : GetAddrInfoHandler::run: {102 102 102 983142 10399 0}
03-21 20:45:57.539   844 25688 I resolv  : GetAddrInfoHandler::run: network access blocked
03-21 20:45:57.541 24797 24797 I ReactNativeJNI: Error occurred, shutting down websocket connection: WebSocket exception Unable to resolve host "localhost": No address associated with hostname
03-21 20:45:57.866   625  2778 W libperfmgr: Failed to write to node: /dev/stune/top-app/schedtune.boost with value: 10, fd: -1
03-21 20:45:57.866   625  2778 W libperfmgr: Failed to write to node: /proc/sys/kernel/sched_boost with value: 0, fd: -1
03-21 20:45:58.367   625  2778 W libperfmgr: Failed to write to node: /dev/stune/top-app/schedtune.boost with value: 10, fd: -1
03-21 20:45:58.367   625  2778 W libperfmgr: Failed to write to node: /proc/sys/kernel/sched_boost with value: 0, fd: -1
03-21 20:45:58.867   625  2778 W libperfmgr: Failed to write to node: /dev/stune/top-app/schedtune.boost with value: 10, fd: -1
03-21 20:45:58.867   625  2778 W libperfmgr: Failed to write to node: /proc/sys/kernel/sched_boost with value: 0, fd: -1
03-21 20:45:59.367   625  2778 W libperfmgr: Failed to write to node: /dev/stune/top-app/schedtune.boost with value: 10, fd: -1
03-21 20:45:59.367   625  2778 W libperfmgr: Failed to write to node: /proc/sys/kernel/sched_boost with value: 0, fd: -1
03-21 20:45:59.557   844 25689 I resolv  : GetAddrInfoHandler::run: {102 102 102 983142 10399 0}
03-21 20:45:59.557   844 25689 I resolv  : GetAddrInfoHandler::run: network access blocked
03-21 20:45:59.559 24797 24797 I ReactNativeJNI: Error occurred, shutting down websocket connection: WebSocket exception Unable to resolve host "localhost": No address associated with hostname
03-21 20:45:59.867   625  2778 W libperfmgr: Failed to write to node: /dev/stune/top-app/schedtune.boost with value: 10, fd: -1
03-21 20:45:59.867   625  2778 W libperfmgr: Failed to write to node: /proc/sys/kernel/sched_boost with value: 0, fd: -1
03-21 20:46:00.368   625  2778 W libperfmgr: Failed to write to node: /dev/stune/top-app/schedtune.boost with value: 10, fd: -1
03-21 20:46:00.368   625  2778 W libperfmgr: Failed to write to node: /proc/sys/kernel/sched_boost with value: 0, fd: -1
03-21 20:46:00.868   625  2778 W libperfmgr: Failed to write to node: /dev/stune/top-app/schedtune.boost with value: 10, fd: -1
03-21 20:46:00.868   625  2778 W libperfmgr: Failed to write to node: /proc/sys/kernel/sched_boost with value: 0, fd: -1
03-21 20:46:01.368   625  2778 W libperfmgr: Failed to write to node: /dev/stune/top-app/schedtune.boost with value: 10, fd: -1
03-21 20:46:01.368   625  2778 W libperfmgr: Failed to write to node: /proc/sys/kernel/sched_boost with value: 0, fd: -1
03-21 20:46:01.576   844 25690 I resolv  : GetAddrInfoHandler::run: {102 102 102 983142 10399 0}
03-21 20:46:01.576   844 25690 I resolv  : GetAddrInfoHandler::run: network access blocked
03-21 20:46:01.578 24797 24797 I ReactNativeJNI: Error occurred, shutting down websocket connection: WebSocket exception Unable to resolve host "localhost": No address associated with hostname
03-21 20:46:01.868   625  2778 W libperfmgr: Failed to write to node: /dev/stune/top-app/schedtune.boost with value: 10, fd: -1
03-21 20:46:01.868   625  2778 W libperfmgr: Failed to write to node: /proc/sys/kernel/sched_boost with value: 0, fd: -1
03-21 20:46:02.369   625  2778 W libperfmgr: Failed to write to node: /dev/stune/top-app/schedtune.boost with value: 10, fd: -1
03-21 20:46:02.369   625  2778 W libperfmgr: Failed to write to node: /proc/sys/kernel/sched_boost with value: 0, fd: -1
03-21 20:46:02.869   625  2778 W libperfmgr: Failed to write to node: /dev/stune/top-app/schedtune.boost with value: 10, fd: -1
03-21 20:46:02.869   625  2778 W libperfmgr: Failed to write to node: /proc/sys/kernel/sched_boost with value: 0, fd: -1
03-21 20:46:03.013   877   924 E Situation: processEvent, handle:24, flush_action:0
03-21 20:46:03.026  1587  7856 I PowerGroup: Waking up power group from Dozing (groupId=0, uid=10325, reason=WAKE_REASON_LIFT, details=com.android.systemui:NODOZE pickup)...
03-21 20:46:03.026  1587  7856 I PowerGroup: dreamManagerAttemptedDozing status changed to false for group 0
03-21 20:46:03.027  1587  7856 I PowerManagerService: Waking up from Dozing (uid=10325, reason=WAKE_REASON_LIFT, details=com.android.systemui:NODOZE pickup)...
03-21 20:46:03.030  1587  1708 I DisplayPowerController[0]: Blocking screen on until initial contents have been drawn.
03-21 20:46:03.031  1587  1708 I DisplayPowerController: Window Manager Policy screenTurningOn complete
03-21 20:46:03.031  1587  1708 I DisplayBrightnessStrategySelector: Changing the DisplayBrightnessStrategy from ScreenOffBrightnessStrategy to FallbackBrightnessStrategy for display 0
03-21 20:46:03.034  1587  1708 I DisplayPowerController[0]: BrightnessEvent: brt=1.0(100.0%), nits=700.0, lux=-1.0, reason=manual, strat=FallbackBrightnessStrategy, state=ON, stateReason=DEFAULT_POLICY, policy=BRIGHT, flags=, initBrt=0.0, rcmdBrt=NaN, preBrt=NaN, preLux=0.0, wasShortTermModelActive=false, autoBrightness=false (default), unclampedBrt=1.0, hbmMax=1.0, hbmMode=sunlight, thrmMax=1.0, rbcStrength=50, powerFactor=1.0, physDisp=Built-in Screen(local:4627039422300187648), logicalId=0, slowChange=false, rampSpeed=0.0
03-21 20:46:03.037   877   877 E SensorManager: Correct handle(24) mindelay: 200000000 old: 1000000
03-21 20:46:03.038  1587  1655 I DisplayDeviceRepository: Display device changed state: "Built-in Screen", ON
03-21 20:46:03.038   852   992 I hwcomposer: [HWCDisplay] [XMFP]: Display(0) SetPowerMode(2) fp_parallel:0  
03-21 20:46:03.039  1587  1655 I InputManager-JNI: Viewport [0] to add: local:4627039422300187648, isActive: true
03-21 20:46:03.039   625  2778 W libperfmgr: Failed to write to node: /dev/stune/top-app/schedtune.boost with value: 10, fd: -1
03-21 20:46:03.039   625  2778 W libperfmgr: Failed to write to node: /proc/sys/kernel/sched_boost with value: 0, fd: -1
03-21 20:46:03.040  1587  1903 I InputReader: Reconfiguring input devices, changes=DISPLAY_INFO
03-21 20:46:03.040  1587  1903 I InputReader: Device reconfigured: id=4, name='fts_ts', size 1080x2400, orientation Rotation0, mode DIRECT, display id 0
03-21 20:46:03.042  1587  1653 I DisplayDevice: [0] Layerstack set to 0 for local:4627039422300187648
03-21 20:46:03.049   844   878 I netd    : tetherGetStats() -> {[]} <2.09ms>
03-21 20:46:03.051  1587  1680 W libprocessgroup: SetCgroup::ExecuteForProcess: failed to open /dev/stune/top-app/cgroup.procs: No such file or directory
03-21 20:46:03.056  2034  2034 E NotifRow: Magnetic state changed from IDLE to IDLE on a null swiped listener, or the logging key of the listener is null
03-21 20:46:03.058   888  2646 W StNfcHal: ! i2cWrite!!, errno is 'I/O error'
03-21 20:46:03.061   877   877 I Accelerometer: batch: handle:0, flag:0,samplingPeriodNs:80000000 maxBatchReportLatencyNs:2000000000
03-21 20:46:03.064   888  2646 W StNfcHal: Idle data: 2nd byte is 0x40
03-21 20:46:03.064   888  2646 W StNfcHal: , reading next 2 bytes
03-21 20:46:03.065  3073 25691 I DeviceStatusMonitor: DeviceStatusMonitor.handleBroadcast():138 onReceive() : Action = android.intent.action.SCREEN_ON
03-21 20:46:03.065  3073 25691 I DeviceStatusMonitor: DeviceStatusMonitor.updateCountryInfo():154 updateCountryInfo(), notifyAnyway = false
03-21 20:46:03.067   877   877 I Accelerometer: enable: handle:0, en:1
03-21 20:46:03.068   888  2646 W StNfcHal: Idle data: 2nd byte is 0x40
03-21 20:46:03.068   888  2646 W StNfcHal: , reading next 2 bytes
03-21 20:46:03.073  1587  1972 I MR2ServiceImpl: Updating composite discovery preference | preference: RouteDiscoveryRequest{ preferredFeatures={}, activeScan=false }, active routers: []
03-21 20:46:03.074   877   877 E sensors.elliptic@2.0: Elliptic: batch() 0
03-21 20:46:03.074   877   877 E sensors.elliptic@2.0: Elliptic: activate() 0, 1
03-21 20:46:03.074   877   906 I Elliptic: nsorBase.h(74) : I : ACTIVATE sensor with Handle = 0
03-21 20:46:03.096  1587  1927 E SupplicantStaIfaceHalAidlImpl: ISupplicantStaIface.setSuspendModeEnabled failed with service specific exception: 
03-21 20:46:03.096  1587  1927 E SupplicantStaIfaceHalAidlImpl: android.os.ServiceSpecificException:  (code 1)
03-21 20:46:03.096  1587  1927 E SupplicantStaIfaceHalAidlImpl: 	at android.os.Parcel.createExceptionOrNull(Parcel.java:3387)
03-21 20:46:03.096  1587  1927 E SupplicantStaIfaceHalAidlImpl: 	at android.os.Parcel.createException(Parcel.java:3357)
03-21 20:46:03.096  1587  1927 E SupplicantStaIfaceHalAidlImpl: 	at android.os.Parcel.readException(Parcel.java:3340)
03-21 20:46:03.096  1587  1927 E SupplicantStaIfaceHalAidlImpl: 	at android.os.Parcel.readException(Parcel.java:3282)
03-21 20:46:03.096  1587  1927 E SupplicantStaIfaceHalAidlImpl: 	at com.android.wifi.x.android.hardware.wifi.supplicant.ISupplicantStaIface$Stub$Proxy.setSuspendModeEnabled(ISupplicantStaIface.java:2962)
03-21 20:46:03.096  1587  1927 E SupplicantStaIfaceHalAidlImpl: 	at com.android.server.wifi.SupplicantStaIfaceHalAidlImpl.setSuspendModeEnabled(SupplicantStaIfaceHalAidlImpl.java:2094)
03-21 20:46:03.096  1587  1927 E SupplicantStaIfaceHalAidlImpl: 	at com.android.server.wifi.SupplicantStaIfaceHal.setSuspendModeEnabled(SupplicantStaIfaceHal.java:1722)
03-21 20:46:03.096  1587  1927 E SupplicantStaIfaceHalAidlImpl: 	at com.android.server.wifi.WifiNative.setSuspendOptimizations(WifiNative.java:2831)
03-21 20:46:03.096  1587  1927 E SupplicantStaIfaceHalAidlImpl: 	at com.android.server.wifi.ClientModeImpl.setSuspendOptimizationsNative(ClientModeImpl.java:2763)
03-21 20:46:03.096  1587  1927 E SupplicantStaIfaceHalAidlImpl: 	at com.android.server.wifi.ClientModeImpl.-$$Nest$msetSuspendOptimizationsNative(ClientModeImpl.java:0)
03-21 20:46:03.096  1587  1927 E SupplicantStaIfaceHalAidlImpl: 	at com.android.server.wifi.ClientModeImpl$ConnectableState.processMessageImpl(ClientModeImpl.java:5053)
03-21 20:46:03.096  1587  1927 E SupplicantStaIfaceHalAidlImpl: 	at com.android.server.wifi.RunnerState.processMessage(RunnerState.java:82)
03-21 20:46:03.096  1587  1927 E SupplicantStaIfaceHalAidlImpl: 	at com.android.wifi.x.com.android.internal.util.StateMachine$SmHandler.processMsg(StateMachine.java:1007)
03-21 20:46:03.096  1587  1927 E SupplicantStaIfaceHalAidlImpl: 	at com.android.wifi.x.com.android.internal.util.StateMachine$SmHandler.handleMessage(StateMachine.java:820)
03-21 20:46:03.096  1587  1927 E SupplicantStaIfaceHalAidlImpl: 	at android.os.Handler.dispatchMessage(Handler.java:132)
03-21 20:46:03.096  1587  1927 E SupplicantStaIfaceHalAidlImpl: 	at android.os.Looper.dispatchMessage(Looper.java:333)
03-21 20:46:03.096  1587  1927 E SupplicantStaIfaceHalAidlImpl: 	at android.os.Looper.loopOnce(Looper.java:263)
03-21 20:46:03.096  1587  1927 E SupplicantStaIfaceHalAidlImpl: 	at android.os.Looper.loop(Looper.java:367)
03-21 20:46:03.096  1587  1927 E SupplicantStaIfaceHalAidlImpl: 	at android.os.HandlerThread.run(HandlerThread.java:139)
03-21 20:46:03.097   844   878 I netd    : networkAddUidRangesParcel(NativeUidRangeConfig{netId: 102, uidRanges: [UidRangeParcel{start: 0, stop: 2147483647}], subPriority: 998}) <0.65ms>
03-21 20:46:03.097   844   878 I netd    : networkRemoveUidRangesParcel(NativeUidRangeConfig{netId: 102, uidRanges: [UidRangeParcel{start: 0, stop: 2147483647}], subPriority: 998}) <0.35ms>
03-21 20:46:03.101   855   855 W AudioALSADeviceConfigManager: ApplyDeviceTurnoffSequenceByName(), DeviceName = ultrasound-proximity-speaker DeviceStatusCounter < 0
03-21 20:46:03.106  2458 29573 I NullBinder: NullBinder for android.net.action.RECOMMEND_NETWORKS triggering remote TransactionTooLargeException due to Service without Chimera impl, calling uid: 1000, calling pid: 0
03-21 20:46:03.106  2458 29573 W libbinder.Binder: Large reply transaction of 1056768 bytes, interface descriptor , code 1, flags 17
03-21 20:46:03.115  1587  1708 I DisplayPowerController[0]: Unblocked screen on after 86 ms
03-21 20:46:03.116  2034  2034 I KeyguardTransitionRepository: STARTED transition: TransitionStep(from=DOZING, to=LOCKSCREEN, value=0.0, transitionState=STARTED, ownerName=FromDozingTransitionInteractor(listenForDozingToAny))
03-21 20:46:03.116   914   988 E surfaceflinger: == MALI DEBUG ===eglp_winsys_populate_image_templates ==12288
03-21 20:46:03.117   877   877 I Situation: batch: handle:26, flag:0,samplingPeriodNs:66667000 maxBatchReportLatencyNs:0
03-21 20:46:03.118   877   877 I Situation: enable: handle:26, en:1 
03-21 20:46:03.119   877   877 I Light   : batch: handle:4, flag:0,samplingPeriodNs:200000000 maxBatchReportLatencyNs:0
03-21 20:46:03.120   877   877 I Light   : enable: handle:4, en:1 
03-21 20:46:03.126   855   855 E AudioALSADeviceConfigManager: setMixerCtl(), Error: Unsupport mixer ctl type 6, cltName = SpkrLeft Sia81xx Audio Scene, cltValue = Playback
03-21 20:46:03.126   855   855 E AudioALSADeviceConfigManager: AUD_ASSERT(0) fail: "vendor/mediatek/proprietary/hardware/audio/common/V3/aud_drv/AudioALSADeviceConfigManager.cpp", 478L
03-21 20:46:03.126   855   855 E AudioALSADeviceConfigManager: Error: ApplyDeviceTurnonSequenceByName  cltname.string () = SpkrLeft Sia81xx Audio Scene cltvalue.string () = Playback
03-21 20:46:03.126   855   855 E AudioALSADeviceConfigManager: AUD_ASSERT(false) fail: "vendor/mediatek/proprietary/hardware/audio/common/V3/aud_drv/AudioALSADeviceConfigManager.cpp", 500L
03-21 20:46:03.126   855   855 E AudioALSADeviceConfigManager: setMixerCtl(), Error: Unsupport mixer ctl type 6, cltName = SpkrRight Sia81xx Audio Scene, cltValue = Playback
03-21 20:46:03.126   855   855 E AudioALSADeviceConfigManager: AUD_ASSERT(0) fail: "vendor/mediatek/proprietary/hardware/audio/common/V3/aud_drv/AudioALSADeviceConfigManager.cpp", 478L
03-21 20:46:03.126   855   855 E AudioALSADeviceConfigManager: Error: ApplyDeviceTurnonSequenceByName  cltname.string () = SpkrRight Sia81xx Audio Scene cltvalue.string () = Playback
03-21 20:46:03.126   855   855 E AudioALSADeviceConfigManager: AUD_ASSERT(false) fail: "vendor/mediatek/proprietary/hardware/audio/common/V3/aud_drv/AudioALSADeviceConfigManager.cpp", 500L
03-21 20:46:03.126   855   855 E AudioALSADeviceConfigManager: setMixerCtl(), Error: Unsupport mixer ctl type 6, cltName = SpkrRight Sia81xx Power, cltValue = On
03-21 20:46:03.126   855   855 E AudioALSADeviceConfigManager: AUD_ASSERT(0) fail: "vendor/mediatek/proprietary/hardware/audio/common/V3/aud_drv/AudioALSADeviceConfigManager.cpp", 478L
03-21 20:46:03.126   855   855 E AudioALSADeviceConfigManager: Error: ApplyDeviceTurnonSequenceByName  cltname.string () = SpkrRight Sia81xx Power cltvalue.string () = On
03-21 20:46:03.126   855   855 E AudioALSADeviceConfigManager: AUD_ASSERT(false) fail: "vendor/mediatek/proprietary/hardware/audio/common/V3/aud_drv/AudioALSADeviceConfigManager.cpp", 500L
03-21 20:46:03.126   855   855 E AudioALSADeviceConfigManager: setMixerCtl(), Error: Unsupport mixer ctl type 6, cltName = SpkrLeft Sia81xx Power, cltValue = On
03-21 20:46:03.126   855   855 E AudioALSADeviceConfigManager: AUD_ASSERT(0) fail: "vendor/mediatek/proprietary/hardware/audio/common/V3/aud_drv/AudioALSADeviceConfigManager.cpp", 478L
03-21 20:46:03.126   855   855 E AudioALSADeviceConfigManager: Error: ApplyDeviceTurnonSequenceByName  cltname.string () = SpkrLeft Sia81xx Power cltvalue.string () = On
03-21 20:46:03.126   855   855 E AudioALSADeviceConfigManager: AUD_ASSERT(false) fail: "vendor/mediatek/proprietary/hardware/audio/common/V3/aud_drv/AudioALSADeviceConfigManager.cpp", 500L
03-21 20:46:03.127   914   988 E surfaceflinger: == MALI DEBUG ===eglp_winsys_populate_image_templates ==12288
03-21 20:46:03.127   855   855 E AudioDspStreamManager: startTasks_l() but size 0
03-21 20:46:03.127   855   855 W AudioALSADriverUtility: mixerCtrlGetValueByName() fail, Lineout_PGAL_GAIN id 0
03-21 20:46:03.128   877   907 W Elliptic: ioNotify.h(80) : W : AudioNotify: enable >> ultrasound-proximity=1
03-21 20:46:03.133   914   988 E surfaceflinger: == MALI DEBUG ===eglp_winsys_populate_image_templates ==12288
03-21 20:46:03.214   852  1052 I hwcomposer: [XMFP]: Receive panel on event!
03-21 20:46:03.219  1151  1333 E [GF_HAL][gf_hal_milan]: [hal_milan_invoke_command] err=GF_SUCCESS, errno=0. reset g_hal_over_current_count to 0!
03-21 20:46:03.219  1151  1333 I [GF_HAL][gf_hal_milan]: [irq_pre_process] irq_type=[GF_IRQ_FINGER_DOWN_MASK], irq_type=0x0002
03-21 20:46:03.219  1151  1333 E [GF_HAL][gf_hal_common]: [gf_hal_notify_perf_lock] notify perf lock message GF_FINGERPRINT_TEST_CMD.
03-21 20:46:03.220   877   924 E Situation: processEvent, handle:26, flush_action:0
03-21 20:46:03.221   625  2778 W libperfmgr: Failed to write to node: /dev/stune/top-app/schedtune.boost with value: 50, fd: -1
03-21 20:46:03.221   625  2778 W libperfmgr: Failed to write to node: /proc/sys/kernel/sched_boost with value: 2, fd: -1
03-21 20:46:03.271   852  1052 I hwcomposer: [HWCDisplay] [XMFP]: Display(0) SetPowerMode(2) fp_parallel:1  
03-21 20:46:03.272  1587  1997 I LocalDisplayAdapter: SF.setDisplayPowerMode took 235ms
03-21 20:46:03.273  1587  1708 W PowerManagerService: Screen on took 248 ms
03-21 20:46:03.273  1587  1708 I DreamManagerService: Gently waking up from dream.
03-21 20:46:03.274  1032  1082 E flp     : mnld_screen_monitor_thread: Screen on
03-21 20:46:03.274  1032  1082 E flp     : mnld_screen_monitor_thread: Wake Monitor Restart
03-21 20:46:03.278   852   992 I hwcomposer: [HWCDisplay] [Display_0 (type:1)] fps:0.747973,dur:25402.00,max:25199.92,min:11.01  
03-21 20:46:03.279   852  1055 W hwcomposer: [DRMDEV] paramIsSame(), id 912, w 1080/1080, h 93/93, pitch 1088/1088, format 0x2/0x1, secure 0/0  
03-21 20:46:03.280   914   914 I SurfaceFlinger: Display 4627039422300187648 policy changed
03-21 20:46:03.280   914   914 I SurfaceFlinger: Previous: {defaultModeId=0, allowGroupSwitching=false, primaryRanges={physical=[0.00 Hz, 90.00 Hz], render=[0.00 Hz, 60.00 Hz]}, appRequestRanges={physical=[0.00 Hz, 90.00 Hz], render=[0.00 Hz, 60.00 Hz]} idleScreenConfig=nullptr}
03-21 20:46:03.280   914   914 I SurfaceFlinger: Current:  DisplayManagerPolicy{defaultModeId=1, allowGroupSwitching=false, primaryRanges={physical=[90.00 Hz, 90.00 Hz], render=[90.00 Hz, 90.00 Hz]}, appRequestRanges={physical=[0.00 Hz, 90.00 Hz], render=[0.00 Hz, 90.00 Hz]} idleScreenConfig=nullptr}
03-21 20:46:03.280   914   914 I SurfaceFlinger: 1 mode changes were performed under the previous policy
03-21 20:46:03.282   852   992 I hwcomposer: [HWC] (0) displaySetActiveConfig config:1  
03-21 20:46:03.282  3073  3073 I PkDeviceHelper: PkDeviceHelper.refreshDevices():87 refreshing devices
03-21 20:46:03.284   914   914 I SurfaceFlinger: Display 4627039422300187648 policy changed
03-21 20:46:03.284   914   914 I SurfaceFlinger: Previous: {defaultModeId=1, allowGroupSwitching=false, primaryRanges={physical=[90.00 Hz, 90.00 Hz], render=[90.00 Hz, 90.00 Hz]}, appRequestRanges={physical=[0.00 Hz, 90.00 Hz], render=[0.00 Hz, 90.00 Hz]} idleScreenConfig=nullptr}
03-21 20:46:03.284   914   914 I SurfaceFlinger: Current:  DisplayManagerPolicy{defaultModeId=1, allowGroupSwitching=false, primaryRanges={physical=[90.00 Hz, 90.00 Hz], render=[90.00 Hz, 90.00 Hz]}, appRequestRanges={physical=[90.00 Hz, 90.00 Hz], render=[90.00 Hz, 90.00 Hz]} idleScreenConfig=nullptr}
03-21 20:46:03.284   914   914 I SurfaceFlinger: 1 mode changes were performed under the previous policy
03-21 20:46:03.286  1587  1655 I DisplayDeviceRepository: Display device changed render timings: "Built-in Screen", renderFrameRate=90.0, presentationDeadlineNanos=17111111, appVsyncOffsetNanos=1000000, frameRateOverrides=[]
03-21 20:46:03.291  1587  2667 I DreamManagerService: Leaving dreamland.
03-21 20:46:03.291  1587  1652 I DreamController: Stopping dream: name=ComponentInfo{com.android.systemui/com.android.systemui.doze.DozeService}, isPreviewMode=false, canDoze=true, userId=0, reason='finished self'(from 'power manager request')
03-21 20:46:03.302  1151  1333 E [GF_HAL][gf_hal_milan]: [hal_milan_invoke_command] err=GF_SUCCESS, errno=0. reset g_hal_over_current_count to 0!
03-21 20:46:03.302  1151  1333 I [GF_HAL][gf_hal_common]: [hal_milan_authenticate_success]     image_quality=80
03-21 20:46:03.302  1151  1333 I [GF_HAL][gf_hal_common]: [hal_milan_authenticate_success]        valid_area=98
03-21 20:46:03.302  1151  1333 I [GF_HAL][gf_hal_common]: [hal_milan_authenticate_success]     key_point_num=117
03-21 20:46:03.302  1151  1333 I [GF_HAL][gf_hal_common]: [hal_milan_authenticate_success]       match_score=77
03-21 20:46:03.302  1151  1333 I [GF_HAL][gf_hal_common]: [hal_milan_authenticate_success] polling_image_time=0ms
03-21 20:46:03.302  1151  1333 I [GF_HAL][gf_hal_common]: [hal_milan_authenticate_success] get_raw_data_time=17ms
03-21 20:46:03.302  1151  1333 I [GF_HAL][gf_hal_common]: [hal_milan_authenticate_success]   preprocess_time=16ms
03-21 20:46:03.302  1151  1333 I [GF_HAL][gf_hal_common]: [hal_milan_authenticate_success]  get_feature_time=14ms
03-21 20:46:03.302  1151  1333 I [GF_HAL][gf_hal_common]: [hal_milan_authenticate_success] authenticate_time=9ms
03-21 20:46:03.302  1151  1333 I [GF_HAL][gf_hal_common]: [hal_milan_authenticate_success] KPI time=56ms
03-21 20:46:03.302  1151  1333 I [GF_HAL][gf_hal_common]: [hal_milan_authenticate_success]        total time=87ms
03-21 20:46:03.303  1151  1333 E [GF_HAL][gf_hal_milan]: [hal_milan_invoke_command] err=GF_SUCCESS, errno=0. reset g_hal_over_current_count to 0!
03-21 20:46:03.303  1151  1333 E [GF_HAL][gf_hal_frr_database]: [writeXiaomiDataToRecordFile] /sdcard/MIUI/debug_log/1.dat can't open file. err=GF_ERROR_FILE_OPEN_FAILED, errno=1078
03-21 20:46:03.303  1151  1333 E [GF_HAL][gf_hal_frr_database]: [writeXiaomiDataToRecordFile] exit. err=GF_ERROR_FILE_OPEN_FAILED, errno=1078
03-21 20:46:03.300  1151  1151 W android.hardwar: type=1400 audit(0.0:1415): avc:  denied  { read } for  name="/" dev="dm-0" ino=2 scontext=u:r:hal_fingerprint_default:s0 tcontext=u:object_r:rootfs:s0 tclass=dir permissive=0
03-21 20:46:03.300  1151  1151 W android.hardwar: type=1400 audit(0.0:1416): avc:  denied  { read } for  name="u:object_r:default_prop:s0" dev="tmpfs" ino=8926 scontext=u:r:hal_fingerprint_default:s0 tcontext=u:object_r:default_prop:s0 tclass=file permissive=0
03-21 20:46:03.300  1151  1151 W android.hardwar: type=1400 audit(0.0:1417): avc:  denied  { read } for  name="u:object_r:default_prop:s0" dev="tmpfs" ino=8926 scontext=u:r:hal_fingerprint_default:s0 tcontext=u:object_r:default_prop:s0 tclass=file permissive=0
03-21 20:46:03.303  1587  1973 W AuthenticationClient: Allowing background authentication, this is allowed only for platform or test invocations
03-21 20:46:03.303  1151  1333 E [gf_ca_entry]: [gf_ca_invoke_command] errno:		Bad address
03-21 20:46:03.303  1151  1333 E [gf_ca_entry]: [gf_ca_invoke_command] set normal policy errr ,ret=-1 
03-21 20:46:03.303  1151  1333 E [GF_HAL][gf_hal_dump]: [gf_hal_common_dump_invoke_command] exit. err=GF_ERROR_TA_DEAD, errno=1049
03-21 20:46:03.303  1151  1333 E [GF_HAL][gf_hal_frr_database]: [hal_get_template_length] dump template info error
03-21 20:46:03.303  1151  1333 E [GF_HAL][gf_hal_frr_database]: [gf_hal_save_auth_ratio_record] get template length error
03-21 20:46:03.303  1151  1333 E [GF_HAL][gf_hal_frr_database]: [gf_hal_save_auth_ratio_record] exit. err=GF_ERROR_GENERIC, errno=1010
03-21 20:46:03.304  1151  1333 I [GF_HAL][gf_hal_frr_database]: [gf_hal_handle_frr_database] frr database file and dir not exist 
03-21 20:46:03.304  1151  1333 E cutils  : Failed to open(/): Permission denied
03-21 20:46:03.304  1151  1333 E [GF_HAL][gf_hal_frr_database]: [gf_hal_handle_frr_database] mkdir /data/vendor/goodix/gf_data/ failed. ret=-13
03-21 20:46:03.304  1151  1333 E [GF_HAL][gf_hal_frr_database]: [gf_hal_handle_frr_database] exit. err=GF_ERROR_MKDIR_FAILED, errno=1077
03-21 20:46:03.304  1151  1333 W libc    : Access denied finding property "gf.debug.dump_data"
03-21 20:46:03.304  1151  1333 W libc    : Access denied finding property "gf.debug.dump_data"
03-21 20:46:03.304  1151  1333 I [GF_HAL][gf_hal]: [gf_hal_screen_on]
03-21 20:46:03.304  1587  1587 W SenseProvider: Ignoring lockout reset, no templates enrolled for user: 0
03-21 20:46:03.305   594  5995 I keystore2: system/security/keystore2/src/authorization.rs:116 - add_auth_token(challenge=0, userId=3196183553602891555, authId=-7245739854948165699, authType=0x2, timestamp=14138233ms)
03-21 20:46:03.313   877   877 I Situation: enable: handle:24, en:0 
03-21 20:46:03.323   877   877 I Light   : enable: handle:4, en:0 
03-21 20:46:03.323  1587  1973 W BiometricFrameworkStatsLogger: found a negative latency : -1
03-21 20:46:03.333   594  5995 I keystore2: system/security/keystore2/src/authorization.rs:130 - on_device_unlocked(AndroidUserId(0), password.is_some()=false)
03-21 20:46:03.335   595   595 I beanpodkeymaster: Enter BeanpodKeymaster BeginOperation
03-21 20:46:03.335   595   595 I beanpodkeymaster: cmd:4 Received 24 byte response
03-21 20:46:03.335   595   595 I beanpodkeymaster: Exit BeanpodKeymaster BeginOperation
03-21 20:46:03.336   595   595 I beanpodkeymaster: Enter BeanpodKeymaster FinishOperation
03-21 20:46:03.336   595   595 I beanpodkeymaster: cmd:c Received 52 byte response
03-21 20:46:03.336   595   595 I beanpodkeymaster: Exit BeanpodKeymaster FinishOperation
03-21 20:46:03.336   595   595 I beanpodkeymaster: Enter BeanpodKeymaster BeginOperation
03-21 20:46:03.336   595   595 I beanpodkeymaster: cmd:4 Received 24 byte response
03-21 20:46:03.336   595   595 I beanpodkeymaster: Exit BeanpodKeymaster BeginOperation
03-21 20:46:03.337   595   595 I beanpodkeymaster: Enter BeanpodKeymaster FinishOperation
03-21 20:46:03.337   595   595 I beanpodkeymaster: cmd:c Received 93 byte response
03-21 20:46:03.337   595   595 I beanpodkeymaster: Exit BeanpodKeymaster FinishOperation
03-21 20:46:03.337   594  5995 I keystore2: system/security/keystore2/src/super_key.rs:1059 - Successfully unlocked AndroidUserId(0) with biometric SecureUserId(-7245739854948165699)
03-21 20:46:03.342   888  2646 W StNfcHal: Idle data: 2nd byte is 0x40
03-21 20:46:03.342   888  2646 W StNfcHal: , reading next 2 bytes
03-21 20:46:03.343   852  1055 W hwcomposer: [DRMDEV] paramIsSame(), id 1055, w 1080/1080, h 93/93, pitch 1088/1088, format 0x2/0x1, secure 0/0  
03-21 20:46:03.346   888  2646 W StNfcHal: Idle data: 2nd byte is 0x40
03-21 20:46:03.346   888  2646 W StNfcHal: , reading next 2 bytes
03-21 20:46:03.351   625  2778 W libperfmgr: Failed to write to node: /dev/stune/top-app/schedtune.boost with value: 50, fd: -1
03-21 20:46:03.352   625  2778 W libperfmgr: Failed to write to node: /proc/sys/kernel/sched_boost with value: 2, fd: -1
03-21 20:46:03.352  1587  1847 W TransitionChain: Combining sleepTokens into #249(TO_BACK|R|0x104) from kgGoAway
03-21 20:46:03.352  2034  2034 I KeyguardTransitionRepository: Transition still active: TransitionStep(from=DOZING, to=LOCKSCREEN, value=0.9, transitionState=RUNNING, ownerName=FromDozingTransitionInteractor(listenForDozingToAny)), canceling
03-21 20:46:03.352  2034  2034 I KeyguardTransitionRepository: CANCELED transition: TransitionStep(from=DOZING, to=LOCKSCREEN, value=0.9, transitionState=CANCELED, ownerName=FromDozingTransitionInteractor(listenForDozingToAny))
03-21 20:46:03.353  2034  2034 I KeyguardTransitionRepository: STARTED transition: TransitionStep(from=LOCKSCREEN, to=GONE, value=0.0, transitionState=STARTED, ownerName=FromLockscreenTransitionInteractor(keyguard interactor says keyguard is going away))
03-21 20:46:03.362   877   877 I Accelerometer: batch: handle:0, flag:0,samplingPeriodNs:66667000 maxBatchReportLatencyNs:0
03-21 20:46:03.362   877   877 I Accelerometer: flush, flushCnt:1
03-21 20:46:03.362   877   924 I Accelerometer: flush complete, flushCnt:0
03-21 20:46:03.364   914   988 E surfaceflinger: == MALI DEBUG ===eglp_winsys_populate_image_templates ==12288
03-21 20:46:03.371   625  2778 W libperfmgr: Failed to write to node: /dev/stune/top-app/schedtune.boost with value: 50, fd: -1
03-21 20:46:03.372   625  2778 W libperfmgr: Failed to write to node: /proc/sys/kernel/sched_boost with value: 1, fd: -1
03-21 20:46:03.373   844 25700 I resolv  : GetAddrInfoHandler::run: {102 102 102 983142 10399 0}
03-21 20:46:03.375   844 25701 I resolv  : res_nmkquery: (QUERY, IN, A)
03-21 20:46:03.382   914   988 E surfaceflinger: == MALI DEBUG ===eglp_winsys_populate_image_templates ==12288
03-21 20:46:03.385   625  2778 W libperfmgr: Failed to write to node: /dev/stune/top-app/schedtune.boost with value: 10, fd: -1
03-21 20:46:03.385   625  2778 W libperfmgr: Failed to write to node: /proc/sys/kernel/sched_boost with value: 0, fd: -1
03-21 20:46:03.386   844 25701 I resolv  : res_nsend: used send_dg 43 terrno: 0
03-21 20:46:03.386   844 25701 I resolv  : doQuery: rcode=0, ancount=1, return value=43
03-21 20:46:03.390 24797 25699 W unknown:ReconnectingWebSocket: Couldn't connect to "ws://localhost:8081/message?device=23030RAC7Y%20-%2016%20-%20API%2036&app=com.rnat&clientid=BridgeDevSupportManager", will silently retry
03-21 20:46:03.402  2034  2034 E NotifRow: Magnetic state changed from IDLE to IDLE on a null swiped listener, or the logging key of the listener is null
03-21 20:46:03.410   579   579 I [mTEE]  :  come into the TZ_VFS_OPEN function
03-21 20:46:03.411   579   579 I [mTEE]  :  come into the TZ_VFS_OPEN function
03-21 20:46:03.412   579   579 I [mTEE]  :  come into the TZ_VFS_OPEN function
03-21 20:46:03.412   579   579 I [mTEE]  :  come into the TZ_VFS_OPEN function
03-21 20:46:03.415   579   579 I [mTEE]  :  come into the TZ_VFS_OPEN function
03-21 20:46:03.415   579   579 I [mTEE]  :  come into the TZ_VFS_OPEN function
03-21 20:46:03.420   579   579 I [mTEE]  :  come into the TZ_VFS_OPEN function
03-21 20:46:03.420   579   579 I [mTEE]  :  come into the TZ_VFS_OPEN function
03-21 20:46:03.420   579   579 I [mTEE]  :  come into the TZ_VFS_OPEN function
03-21 20:46:03.421   579   579 I [mTEE]  :  come into the TZ_VFS_OPEN function
03-21 20:46:03.423   579   579 I [mTEE]  :  come into the TZ_VFS_OPEN function
03-21 20:46:03.424   579   579 I [mTEE]  :  come into the TZ_VFS_OPEN function
03-21 20:46:03.424   579   579 I [mTEE]  :  come into the TZ_VFS_OPEN function
03-21 20:46:03.425   579   579 I [mTEE]  :  come into the TZ_VFS_OPEN function
03-21 20:46:03.427   579   579 I [mTEE]  :  come into the TZ_VFS_OPEN function
03-21 20:46:03.428   579   579 I [mTEE]  :  come into the TZ_VFS_OPEN function
03-21 20:46:03.431   579   579 I [mTEE]  :  come into the TZ_VFS_OPEN function
03-21 20:46:03.432   579   579 I [mTEE]  :  come into the TZ_VFS_OPEN function
03-21 20:46:03.432   579   579 I [mTEE]  :  come into the TZ_VFS_OPEN function
03-21 20:46:03.433   579   579 I [mTEE]  :  come into the TZ_VFS_OPEN function
03-21 20:46:03.436   579   579 I [mTEE]  :  come into the TZ_VFS_OPEN function
03-21 20:46:03.436   579   579 I [mTEE]  :  come into the TZ_VFS_OPEN function
03-21 20:46:03.439   579   579 I [mTEE]  :  come into the TZ_VFS_OPEN function
03-21 20:46:03.440   579   579 I [mTEE]  :  come into the TZ_VFS_OPEN function
03-21 20:46:03.440   579   579 I [mTEE]  :  come into the TZ_VFS_OPEN function
03-21 20:46:03.441   579   579 I [mTEE]  :  come into the TZ_VFS_OPEN function
03-21 20:46:03.444   579   579 I [mTEE]  :  come into the TZ_VFS_OPEN function
03-21 20:46:03.445   579   579 I [mTEE]  :  come into the TZ_VFS_OPEN function
03-21 20:46:03.447   579   579 I [mTEE]  :  come into the TZ_VFS_OPEN function
03-21 20:46:03.447   579   579 I [mTEE]  :  come into the TZ_VFS_OPEN function
03-21 20:46:03.448   579   579 I [mTEE]  :  come into the TZ_VFS_OPEN function
03-21 20:46:03.448   579   579 I [mTEE]  :  come into the TZ_VFS_OPEN function
03-21 20:46:03.451   579   579 I [mTEE]  :  come into the TZ_VFS_OPEN function
03-21 20:46:03.451   579   579 I [mTEE]  :  come into the TZ_VFS_OPEN function
03-21 20:46:03.467   625  2778 W libperfmgr: Failed to write to node: /dev/stune/top-app/schedtune.boost with value: 10, fd: -1
03-21 20:46:03.467   625  2778 W libperfmgr: Failed to write to node: /proc/sys/kernel/sched_boost with value: 0, fd: -1
03-21 20:46:03.468   579   579 I [mTEE]  :  come into the TZ_VFS_OPEN function
03-21 20:46:03.469   579   579 I [mTEE]  :  come into the TZ_VFS_OPEN function
03-21 20:46:03.470   579   579 I [mTEE]  :  come into the TZ_VFS_OPEN function
03-21 20:46:03.471   579   579 I [mTEE]  :  come into the TZ_VFS_OPEN function
03-21 20:46:03.474   579   579 I [mTEE]  :  come into the TZ_VFS_OPEN function
03-21 20:46:03.475   579   579 I [mTEE]  :  come into the TZ_VFS_OPEN function
03-21 20:46:03.494   625  2778 W libperfmgr: Failed to write to node: /dev/stune/top-app/schedtune.boost with value: 50, fd: -1
03-21 20:46:03.494   625  2778 W libperfmgr: Failed to write to node: /proc/sys/kernel/sched_boost with value: 2, fd: -1
03-21 20:46:03.495  1151  1333 E [GF_HAL][gf_hal_milan]: [hal_milan_invoke_command] err=GF_SUCCESS, errno=0. reset g_hal_over_current_count to 0!
03-21 20:46:03.496  1151  1333 E [GF_HAL][gf_hal_milan]: [hal_milan_invoke_command] err=GF_SUCCESS, errno=0. reset g_hal_over_current_count to 0!
03-21 20:46:03.496  1151  1333 I [GF_HAL][gf_hal_milan]: [irq_pre_process] irq_type=INVALID_IRQ_TYPE, irq_type=0x0000
03-21 20:46:03.496  1151  1333 I [GF_HAL][gf_hal_milan]: [irq_process] invalid irq type 0
03-21 20:46:03.532  1587  1652 I UsbPortManager: USB HAL AIDL version: USB_HAL_V2_0
03-21 20:46:03.564 25703 25703 W libbinder.BackendUnifiedServiceManager: Thread Pool max thread count is 0. Cannot cache binder as linkToDeath cannot be implemented. serviceName: deviceidle
03-21 20:46:03.566  2034  2034 I KeyguardTransitionRepository: FINISHED transition: TransitionStep(from=LOCKSCREEN, to=GONE, value=1.0, transitionState=FINISHED, ownerName=FromLockscreenTransitionInteractor(keyguard interactor says keyguard is going away))
03-21 20:46:03.585 24797 24797 I ReactNativeJNI: Error occurred, shutting down websocket connection: WebSocket exception unexpected end of stream on http://localhost:8081/...
03-21 20:46:03.590 25705 25705 W libbinder.BackendUnifiedServiceManager: Thread Pool max thread count is 0. Cannot cache binder as linkToDeath cannot be implemented. serviceName: battery
03-21 20:46:03.594   579   579 I [mTEE]  :  come into the TZ_VFS_OPEN function
03-21 20:46:03.594   579   579 I [mTEE]  :  come into the TZ_VFS_OPEN function
03-21 20:46:03.595   579   579 I [mTEE]  :  come into the TZ_VFS_OPEN function
03-21 20:46:03.595   579   579 I [mTEE]  :  come into the TZ_VFS_OPEN function
03-21 20:46:03.598   579   579 I [mTEE]  :  come into the TZ_VFS_OPEN function
03-21 20:46:03.599   579   579 I [mTEE]  :  come into the TZ_VFS_OPEN function
03-21 20:46:03.605   579   579 I [mTEE]  :  come into the TZ_VFS_OPEN function
03-21 20:46:03.605   579   579 I [mTEE]  :  come into the TZ_VFS_OPEN function
03-21 20:46:03.606 25707 25707 W libbinder.BackendUnifiedServiceManager: Thread Pool max thread count is 0. Cannot cache binder as linkToDeath cannot be implemented. serviceName: deviceidle
03-21 20:46:03.606   877 25693 I Elliptic: Sensor.cpp(32) : I : Proximity event: 5.00003
03-21 20:46:03.606   877   908 E sensors.elliptic@2.0: Elliptic: got event: 5.000030
03-21 20:46:03.606   877   908 E sensors.elliptic@2.0: Elliptic: posting event: 5.000030
03-21 20:46:03.606   579   579 I [mTEE]  :  come into the TZ_VFS_OPEN function
03-21 20:46:03.606   579   579 I [mTEE]  :  come into the TZ_VFS_OPEN function
03-21 20:46:03.607   877  1861 E android.hardware.sensors-service.xiaomi-multihal: Decrementing wakelock ref count by 1 when count is 0
03-21 20:46:03.608   625  2778 W libperfmgr: Failed to write to node: /dev/stune/top-app/schedtune.boost with value: 50, fd: -1
03-21 20:46:03.608   625  2778 W libperfmgr: Failed to write to node: /proc/sys/kernel/sched_boost with value: 2, fd: -1
03-21 20:46:03.609   852  1055 W hwcomposer: [DRMDEV] paramIsSame(), id 1059, w 1080/1080, h 2400/2400, pitch 1088/1088, format 0x1/0x2, secure 0/0  
03-21 20:46:03.609   579   579 I [mTEE]  :  come into the TZ_VFS_OPEN function
03-21 20:46:03.610  2458 24323 I NearbySharing: Network state changed: NetworkState(isRestricted=false, isOnline=true, isCongested=false, isMetered=false, isWifiConnected=true)
03-21 20:46:03.610   579   579 I [mTEE]  :  come into the TZ_VFS_OPEN function
03-21 20:46:03.612  1587  1680 W libprocessgroup: SetCgroup::ExecuteForProcess: failed to open /dev/stune/top-app/cgroup.procs: No such file or directory
03-21 20:46:03.617   888  2646 W StNfcHal: Idle data: 2nd byte is 0x40
03-21 20:46:03.617   888  2646 W StNfcHal: , reading next 2 bytes
03-21 20:46:03.618   877   877 E sensors.elliptic@2.0: Elliptic: activate() 0, 0
03-21 20:46:03.618   877   906 I Elliptic: nsorBase.h(85) : I : DEACTIVATE sensor with Handle = 0
03-21 20:46:03.620   888  2646 W StNfcHal: Idle data: 2nd byte is 0x40
03-21 20:46:03.620   888  2646 W StNfcHal: , reading next 2 bytes
03-21 20:46:03.623  1587  7856 E BiometricScheduler: Current operation is null,no need to start watchdog
03-21 20:46:03.626  1151  1333 E [GF_HAL][gf_hal_milan]: [hal_milan_invoke_command] err=GF_SUCCESS, errno=0. reset g_hal_over_current_count to 0!
03-21 20:46:03.626  1151  1333 I [GF_HAL][gf_hal_milan]: [irq_pre_process] irq_type=[GF_IRQ_FDT_REVERSE_MASK], irq_type=0x4000
03-21 20:46:03.626  1151  1333 I [GF_HAL][gf_hal_milan]: [irq_pre_process] received FDT irq, so reset dump_base_frame_flag
03-21 20:46:03.628  1151  1333 E [GF_HAL][gf_hal_milan]: [hal_milan_invoke_command] err=GF_SUCCESS, errno=0. reset g_hal_over_current_count to 0!
03-21 20:46:03.628  1151  1333 I [GF_HAL][gf_hal_milan]: [irq_pre_process] irq_type=INVALID_IRQ_TYPE, irq_type=0x0000
03-21 20:46:03.628  1151  1333 I [GF_HAL][gf_hal_milan]: [irq_process] invalid irq type 0
03-21 20:46:03.631  2034  2159 I PluginActionManager[com.android.systemui.action.PLUGIN_NOTIFICATION_MENU_ROW]: Found 0 plugins
03-21 20:46:03.634  2034  2159 I PluginActionManager[com.android.systemui.action.PLUGIN_NOTIFICATION_MENU_ROW]: Found 0 plugins
03-21 20:46:03.637 25712 25712 W libbinder.BackendUnifiedServiceManager: Thread Pool max thread count is 0. Cannot cache binder as linkToDeath cannot be implemented. serviceName: activity
03-21 20:46:03.645   625  2778 W libperfmgr: Failed to write to node: /dev/stune/top-app/schedtune.boost with value: 10, fd: -1
03-21 20:46:03.645   625  2778 W libperfmgr: Failed to write to node: /proc/sys/kernel/sched_boost with value: 0, fd: -1
03-21 20:46:03.654   855   855 W AudioALSADeviceConfigManager: ApplyDeviceTurnoffSequenceByName(), DeviceName = ext_speaker_output_left DeviceStatusCounter < 0
03-21 20:46:03.654   855   855 W AudioALSADeviceConfigManager: ApplyDeviceTurnoffSequenceByName(), DeviceName = ext_speaker_output_right DeviceStatusCounter < 0
03-21 20:46:03.654   855   855 E AudioALSADeviceConfigManager: setMixerCtl(), Error: Unsupport mixer ctl type 6, cltName = SpkrRight Sia81xx Power, cltValue = Off
03-21 20:46:03.654   855   855 E AudioALSADeviceConfigManager: AUD_ASSERT(0) fail: "vendor/mediatek/proprietary/hardware/audio/common/V3/aud_drv/AudioALSADeviceConfigManager.cpp", 478L
03-21 20:46:03.654   855   855 E AudioALSADeviceConfigManager: ApplyDeviceTurnoffSequenceByName(), Error: ApplyDeviceTurnoffSequenceByName devicename = ext_speaker_output
03-21 20:46:03.654   855   855 E AudioALSADeviceConfigManager: AUD_ASSERT(false) fail: "vendor/mediatek/proprietary/hardware/audio/common/V3/aud_drv/AudioALSADeviceConfigManager.cpp", 524L
03-21 20:46:03.654   855   855 E AudioALSADeviceConfigManager: setMixerCtl(), Error: Unsupport mixer ctl type 6, cltName = SpkrLeft Sia81xx Power, cltValue = Off
03-21 20:46:03.654   855   855 E AudioALSADeviceConfigManager: AUD_ASSERT(0) fail: "vendor/mediatek/proprietary/hardware/audio/common/V3/aud_drv/AudioALSADeviceConfigManager.cpp", 478L
03-21 20:46:03.654   855   855 E AudioALSADeviceConfigManager: ApplyDeviceTurnoffSequenceByName(), Error: ApplyDeviceTurnoffSequenceByName devicename = ext_speaker_output
03-21 20:46:03.654   855   855 E AudioALSADeviceConfigManager: AUD_ASSERT(false) fail: "vendor/mediatek/proprietary/hardware/audio/common/V3/aud_drv/AudioALSADeviceConfigManager.cpp", 524L
03-21 20:46:03.655   855   855 E AudioALSADeviceConfigManager: setMixerCtl(), Error: Unsupport mixer ctl type 6, cltName = SpkrLeft Sia81xx Audio Scene, cltValue = Playback
03-21 20:46:03.655   855   855 E AudioALSADeviceConfigManager: AUD_ASSERT(0) fail: "vendor/mediatek/proprietary/hardware/audio/common/V3/aud_drv/AudioALSADeviceConfigManager.cpp", 478L
03-21 20:46:03.655   855   855 E AudioALSADeviceConfigManager: ApplyDeviceTurnoffSequenceByName(), Error: ApplyDeviceTurnoffSequenceByName devicename = ext_speaker_output
03-21 20:46:03.655   855   855 E AudioALSADeviceConfigManager: AUD_ASSERT(false) fail: "vendor/mediatek/proprietary/hardware/audio/common/V3/aud_drv/AudioALSADeviceConfigManager.cpp", 524L
03-21 20:46:03.655   855   855 E AudioALSADeviceConfigManager: setMixerCtl(), Error: Unsupport mixer ctl type 6, cltName = SpkrRight Sia81xx Audio Scene, cltValue = Playback
03-21 20:46:03.655   855   855 E AudioALSADeviceConfigManager: AUD_ASSERT(0) fail: "vendor/mediatek/proprietary/hardware/audio/common/V3/aud_drv/AudioALSADeviceConfigManager.cpp", 478L
03-21 20:46:03.655   855   855 E AudioALSADeviceConfigManager: ApplyDeviceTurnoffSequenceByName(), Error: ApplyDeviceTurnoffSequenceByName devicename = ext_speaker_output
03-21 20:46:03.655   855   855 E AudioALSADeviceConfigManager: AUD_ASSERT(false) fail: "vendor/mediatek/proprietary/hardware/audio/common/V3/aud_drv/AudioALSADeviceConfigManager.cpp", 524L
03-21 20:46:03.657   855   855 W AudioALSADeviceConfigManager: ApplyDeviceTurnoffSequenceByName(), DeviceName = ultrasound-proximity DeviceStatusCounter < 0
03-21 20:46:03.663   877   907 W Elliptic: ioNotify.h(93) : W : AudioNotify: disable >> ultrasound-proximity=0
03-21 20:46:03.665  1587  1910 I ImeTracker: com.rnat:80d6ba73: onRequestHide at ORIGIN_SERVER reason HIDE_UNSPECIFIED_WINDOW fromUser false
03-21 20:46:03.665 24797 24797 I ImeTracker: com.rnat:80d6ba73: onCancelled at PHASE_CLIENT_ALREADY_HIDDEN
03-21 20:46:03.666  3073  3073 I GoogleInputMethodService: GoogleInputMethodService.onStartInput():1385 onStartInput(EditorInfo{EditorInfo{packageName=com.rnat, inputType=0, inputTypeString=NULL, enableLearning=false, autoCorrection=false, autoComplete=false, imeOptions=0, privateImeOptions=null, actionName=UNSPECIFIED, actionLabel=null, initialSelStart=-1, initialSelEnd=-1, initialCapsMode=0, label=null, fieldId=0, fieldName=null, extras=null, hintText=null, hintLocales=[]}}, false)
03-21 20:46:03.666  3073  3073 I AndroidIME: LatinIMEBase.updateInputViewCoverNavigation():314 Update input view padding, extendsTouchBelowSpace=true, bottom inset=126
03-21 20:46:03.668  3073  3073 I Module  : DeviceLockedStatusModuleProvider$Module.updateDeviceLockedStatus():103 repeatCheckTimes = 1, locked = false
03-21 20:46:03.668  1587  2667 W PackageConfigPersister: App-specific configuration not found for packageName: com.rnat and userId: 0
03-21 20:46:03.668  1587  3034 I ImeTracker: system_server:c0b18b90: onRequestHide at ORIGIN_SERVER reason IME_REQUESTED_CHANGED_LISTENER fromUser false
03-21 20:46:03.669  1587  1655 I ImeTracker: system_server:c0b18b90: onCancelled at PHASE_SERVER_SHOULD_HIDE
03-21 20:46:03.683  1151  1333 E [GF_HAL][gf_hal_milan]: [hal_milan_invoke_command] err=GF_SUCCESS, errno=0. reset g_hal_over_current_count to 0!
03-21 20:46:03.683  1151  1333 I [GF_HAL][gf_hal_milan]: [irq_pre_process] irq_type=[GF_IRQ_FDT_REVERSE_MASK], irq_type=0x4000
03-21 20:46:03.683  1151  1333 I [GF_HAL][gf_hal_milan]: [irq_pre_process] received FDT irq, so reset dump_base_frame_flag
03-21 20:46:03.695 25721 25721 W libbinder.BackendUnifiedServiceManager: Thread Pool max thread count is 0. Cannot cache binder as linkToDeath cannot be implemented. serviceName: battery
03-21 20:46:03.783  2458 24325 I NearbySharing: Screen is unlocked
03-21 20:46:03.784  2458 24325 I NearbySharing: Uwb feature is off.
03-21 20:46:03.784  2458 24325 I NearbySharing: Uwb feature is off.
03-21 20:46:03.784  2458 24325 I NearbySharing: Stopping scanning because Bluetooth is disabled.
03-21 20:46:03.784  2458 24325 I NearbySharing: Stopping Fast Init advertisement because Bluetooth is off.
03-21 20:46:03.784  2458 24325 I NearbySharing: Stopping advertising because Bluetooth is disabled.
03-21 20:46:03.786  2458 24325 I NearbySharing: Fast Initiation Scanning has stopped
03-21 20:46:03.786  2458 24325 I NearbySharing: Stopping FastInitiation scanning because Bluetooth is disabled.
03-21 20:46:03.786  2458 24325 I NearbySharing: Dismissing HUN as there's no device nearby.
03-21 20:46:03.797 23481 23639 W Looper  : Slow delivery took 142619ms android.bg app=com.google.android.gms main=false group=FOREGROUND h=android.database.sqlite.SQLiteConnectionPool$IdleConnectionHandler c=null m=2
03-21 20:46:03.801 23431 23624 I PlayCommon: [126] Preparing logs for uploading
03-21 20:46:03.802 23431 23624 I PlayCommon: [126] Connecting to server for timestamp: https://play.googleapis.com/play/log/timestamp
03-21 20:46:03.803  1587  3034 W ProcessStats: Tracking association SourceState{ca839dd com.android.vending/10293 Service #16587} whose proc state 8 is better than process ProcessState{618d077 com.android.vending:background/10293 pkg=com.android.vending} proc state 14 (1 skipped)
03-21 20:46:03.803  1587  1680 W libprocessgroup: SetCgroup::ExecuteForProcess: failed to open /dev/stune/background/cgroup.procs: No such file or directory
03-21 20:46:03.805  1587  1680 W libprocessgroup: SetCgroup::ExecuteForProcess: failed to open /dev/stune/background/cgroup.procs: No such file or directory
03-21 20:46:03.806   844 25736 I resolv  : GetAddrInfoHandler::run: {102 262246 102 983142 10293 0}
03-21 20:46:03.806   844 25737 I resolv  : res_nmkquery: (QUERY, IN, A)
03-21 20:46:03.806  1587  1680 W libprocessgroup: SetCgroup::ExecuteForProcess: failed to open /dev/stune/background/cgroup.procs: No such file or directory
03-21 20:46:03.808  2458 25731 I NearbyMediums: ModuleInitializer handles incoming intent android.intent.action.USER_PRESENT
03-21 20:46:03.811  2458  2458 I RCNIntentOperation: RCN is disabled on this network.
03-21 20:46:03.823   844 25737 I resolv  : res_nsend: used send_dg 101 terrno: 0
03-21 20:46:03.824   844 25737 I resolv  : doQuery: rcode=0, ancount=4, return value=101
03-21 20:46:03.824 23481 25742 I PersonalSafety: ConnectivityProtectionLockingIntentOperation: cancelled task [CONTEXT service_id=310 ]
03-21 20:46:03.864  1587  1652 I UsbPortManager: USB HAL AIDL version: USB_HAL_V2_0
03-21 20:46:03.869  1151  1333 E [GF_HAL][gf_hal_milan]: [hal_milan_invoke_command] err=GF_SUCCESS, errno=0. reset g_hal_over_current_count to 0!
03-21 20:46:03.869  1151  1333 I [GF_HAL][gf_hal_milan]: [irq_pre_process] irq_type=[GF_IRQ_FINGER_UP_MASK], irq_type=0x0004
03-21 20:46:03.880 23481 25734 I gle.android.gms: Explicit concurrent mark compact GC freed 1601KB AllocSpace bytes, 0(0B) LOS objects, 50% free, 9195KB/17MB, paused 297us,1.674ms total 76.320ms
03-21 20:46:04.028 23431 23624 I PlayCommon: [126] Connecting to server: https://play.googleapis.com/play/log?format=raw&proto_v2=true
03-21 20:46:04.058   852  1054 I hwcomposer: [HWC] (0)fire a callback of refresh to SF[4]  
03-21 20:46:04.063   625  2778 W libperfmgr: Failed to write to node: /dev/stune/top-app/schedtune.boost with value: 10, fd: -1
03-21 20:46:04.063   625  2778 W libperfmgr: Failed to write to node: /proc/sys/kernel/sched_boost with value: 0, fd: -1
03-21 20:46:04.087 23431 23624 I PlayCommon: [126] Successfully uploaded logs.
03-21 20:46:04.140   625  2778 W libperfmgr: Failed to write to node: /dev/stune/top-app/schedtune.boost with value: 10, fd: -1
03-21 20:46:04.140   625  2778 W libperfmgr: Failed to write to node: /proc/sys/kernel/sched_boost with value: 0, fd: -1
03-21 20:46:04.280  1587  1672 I ActivityManager: Killing 23804:com.google.android.googlequicksearchbox:search/u0a289 (adj 955): screen-on memory reclaim
03-21 20:46:04.282  1587  1672 I ActivityManager: Killing 24007:com.soundcloud.android/u0a391 (adj 945): screen-on memory reclaim
03-21 20:46:04.284  1587  1672 I ActivityManager: Killing 24006:com.google.android.gm/u0a397 (adj 945): screen-on memory reclaim
03-21 20:46:04.286  1587  1672 I ActivityManager: Killing 24564:com.google.android.apps.wellbeing/u0a297 (adj 935): screen-on memory reclaim
03-21 20:46:04.286  1587  1672 I ActivityManager: Killing 24337:com.google.android.gms.ui/u0a300 (adj 935): screen-on memory reclaim
03-21 20:46:04.287  1587  1672 I ActivityManager: Killing 24625:com.android.chrome:privileged_process2/u0a313 (adj 930): screen-on memory reclaim
03-21 20:46:04.288  1587  1672 I ActivityManager: Killing 24705:com.android.documentsui/u0a251 (adj 925): screen-on memory reclaim
03-21 20:46:04.291  1587  1672 I ActivityManager: Killing 24641:com.android.permissioncontroller/u0a362 (adj 915): screen-on memory reclaim
03-21 20:46:04.292  1587  1672 I ActivityManager: Killing 24746:android.process.acore/u0a259 (adj 915): screen-on memory reclaim
03-21 20:46:04.292  1587  1672 I ActivityManager: Killing 23348:com.android.cellbroadcastreceiver.module/u0a358 (adj 905): screen-on memory reclaim
03-21 20:46:04.292  1587  1672 I ActivityManager: Killing 23839:com.google.android.googlequicksearchbox:googleapp/u0a289 (adj 900): screen-on memory reclaim
03-21 20:46:04.334   845   845 I Zygote  : Process 24625 exited due to signal 9 (Killed)
03-21 20:46:04.352  1587  1847 W ActivityManager: Scheduling restart of crashed service com.android.chrome/org.chromium.content.app.PrivilegedProcessService2 in 1000ms for connection
03-21 20:46:04.358   845   845 I Zygote  : Process 24641 exited due to signal 9 (Killed)
03-21 20:46:04.363   845   845 I Zygote  : Process 24746 exited due to signal 9 (Killed)
03-21 20:46:04.375   845   845 I Zygote  : Process 23348 exited due to signal 9 (Killed)
03-21 20:46:04.382   877   924 E Situation: processEvent, handle:26, flush_action:0
03-21 20:46:04.383   625  2778 W libperfmgr: Failed to write to node: /dev/stune/top-app/schedtune.boost with value: 50, fd: -1
03-21 20:46:04.383   625  2778 W libperfmgr: Failed to write to node: /proc/sys/kernel/sched_boost with value: 2, fd: -1
03-21 20:46:04.391   845   845 I Zygote  : Process 24337 exited due to signal 9 (Killed)
03-21 20:46:04.391   845   845 I Zygote  : Process 24705 exited due to signal 9 (Killed)
03-21 20:46:04.403  1587  8904 E AppOps  : Bad call made by uid 1000. Package "com.google.android.googlequicksearchbox" does not belong to uid 1000.
03-21 20:46:04.403  1587  8904 W BinderNative: Uncaught exception from death notification
03-21 20:46:04.403  1587  8904 W BinderNative: java.lang.SecurityException: Specified package "com.google.android.googlequicksearchbox" under uid 1000 but it is not
03-21 20:46:04.403  1587  8904 W BinderNative: 	at com.android.server.appop.AppOpsService.verifyAndGetBypass(AppOpsService.java:5033)
03-21 20:46:04.403  1587  8904 W BinderNative: 	at com.android.server.appop.AppOpsService.verifyAndGetBypass(AppOpsService.java:4894)
03-21 20:46:04.403  1587  8904 W BinderNative: 	at com.android.server.appop.AppOpsService.verifyAndGetBypass(AppOpsService.java:4886)
03-21 20:46:04.403  1587  8904 W BinderNative: 	at com.android.server.appop.AppOpsService.stopWatchingAsyncNoted(AppOpsService.java:3816)
03-21 20:46:04.403  1587  8904 W BinderNative: 	at com.android.server.appop.AppOpsService.lambda$startWatchingAsyncNoted$8(AppOpsService.java:3792)
03-21 20:46:04.403  1587  8904 W BinderNative: 	at com.android.server.appop.AppOpsService.$r8$lambda$8-LvphSu5hQo1Pm8R22O3seI00E(AppOpsService.java:0)
03-21 20:46:04.403  1587  8904 W BinderNative: 	at com.android.server.appop.AppOpsService$$ExternalSyntheticLambda1.onInterfaceDied(R8$$SyntheticClass:0)
03-21 20:46:04.403  1587  8904 W BinderNative: 	at android.os.RemoteCallbackList$Builder$1.onCallbackDied(RemoteCallbackList.java:337)
03-21 20:46:04.403  1587  8904 W BinderNative: 	at android.os.RemoteCallbackList$Interface.binderDied(RemoteCallbackList.java:229)
03-21 20:46:04.403  1587  8904 W BinderNative: 	at android.os.IBinder$DeathRecipient.binderDied(IBinder.java:340)
03-21 20:46:04.403  1587  8904 W BinderNative: 	at android.os.BinderProxy.sendDeathNotice(BinderProxy.java:787)
03-21 20:46:04.403  1587  7856 W ActivityManager: Scheduling restart of crashed service com.google.android.googlequicksearchbox/com.google.android.apps.gsa.nowoverlayservice.DrawerOverlayService in 10948ms for connection
03-21 20:46:04.407   845   845 I Zygote  : Process 23839 exited due to signal 9 (Killed)
03-21 20:46:04.415   845   845 I Zygote  : Process 23804 exited due to signal 9 (Killed)
03-21 20:46:04.416  1587  7856 E AppOps  : Bad call made by uid 1000. Package "com.google.android.googlequicksearchbox" does not belong to uid 1000.
03-21 20:46:04.416  1587  1674 I libprocessgroup: Removed cgroup /sys/fs/cgroup/apps/uid_10289/pid_23804
03-21 20:46:04.416  1587  7856 W BinderNative: Uncaught exception from death notification
03-21 20:46:04.416  1587  7856 W BinderNative: java.lang.SecurityException: Specified package "com.google.android.googlequicksearchbox" under uid 1000 but it is not
03-21 20:46:04.416  1587  7856 W BinderNative: 	at com.android.server.appop.AppOpsService.verifyAndGetBypass(AppOpsService.java:5033)
03-21 20:46:04.416  1587  7856 W BinderNative: 	at com.android.server.appop.AppOpsService.verifyAndGetBypass(AppOpsService.java:4894)
03-21 20:46:04.416  1587  7856 W BinderNative: 	at com.android.server.appop.AppOpsService.verifyAndGetBypass(AppOpsService.java:4886)
03-21 20:46:04.416  1587  7856 W BinderNative: 	at com.android.server.appop.AppOpsService.stopWatchingAsyncNoted(AppOpsService.java:3816)
03-21 20:46:04.416  1587  7856 W BinderNative: 	at com.android.server.appop.AppOpsService.lambda$startWatchingAsyncNoted$8(AppOpsService.java:3792)
03-21 20:46:04.416  1587  7856 W BinderNative: 	at com.android.server.appop.AppOpsService.$r8$lambda$8-LvphSu5hQo1Pm8R22O3seI00E(AppOpsService.java:0)
03-21 20:46:04.416  1587  7856 W BinderNative: 	at com.android.server.appop.AppOpsService$$ExternalSyntheticLambda1.onInterfaceDied(R8$$SyntheticClass:0)
03-21 20:46:04.416  1587  7856 W BinderNative: 	at android.os.RemoteCallbackList$Builder$1.onCallbackDied(RemoteCallbackList.java:337)
03-21 20:46:04.416  1587  7856 W BinderNative: 	at android.os.RemoteCallbackList$Interface.binderDied(RemoteCallbackList.java:229)
03-21 20:46:04.416  1587  7856 W BinderNative: 	at android.os.IBinder$DeathRecipient.binderDied(IBinder.java:340)
03-21 20:46:04.416  1587  7856 W BinderNative: 	at android.os.BinderProxy.sendDeathNotice(BinderProxy.java:787)
03-21 20:46:04.421  1213  1213 I adbd    : Remote process closed the socket (on MSG_PEEK)
03-21 20:46:04.421   845   845 I Zygote  : Process 24006 exited due to signal 9 (Killed)
03-21 20:46:04.442   845   845 I Zygote  : Process 24564 exited due to signal 9 (Killed)
03-21 20:46:04.445  1587  1674 I libprocessgroup: Removed cgroup /sys/fs/cgroup/apps/uid_10391/pid_24007
03-21 20:46:04.446   845   845 I Zygote  : Process 24007 exited due to signal 9 (Killed)
03-21 20:46:04.446  1587  1674 I libprocessgroup: Removed cgroup /sys/fs/cgroup/apps/uid_10397/pid_24006
03-21 20:46:04.446  1587  1674 I libprocessgroup: Removed cgroup /sys/fs/cgroup/apps/uid_10297/pid_24564
03-21 20:46:04.446  1587  1674 I libprocessgroup: Removed cgroup /sys/fs/cgroup/apps/uid_10300/pid_24337
03-21 20:46:04.446  1587  1674 I libprocessgroup: Removed cgroup /sys/fs/cgroup/apps/uid_10313/pid_24625
03-21 20:46:04.447  1587  1674 I libprocessgroup: Removed cgroup /sys/fs/cgroup/apps/uid_10251/pid_24705
03-21 20:46:04.447  1587  1674 I libprocessgroup: Removed cgroup /sys/fs/cgroup/apps/uid_10362/pid_24641
03-21 20:46:04.447  1587  1674 I libprocessgroup: Removed cgroup /sys/fs/cgroup/apps/uid_10259/pid_24746
03-21 20:46:04.447  1587  1674 I libprocessgroup: Removed cgroup /sys/fs/cgroup/apps/uid_10358/pid_23348
03-21 20:46:04.448  1587  3202 I MediaSessionStack: removeSession | record: com.soundcloud.android/MediaService::MediaSessionTag/16 (userId=0)
03-21 20:46:04.448  1587  1848 I MR2ServiceImpl: unregisterRouter2 | Router com.soundcloud.android (id=16,pid=24007,userId=0,uid=10391), died: true
03-21 20:46:04.448  1587  1674 I libprocessgroup: Removed cgroup /sys/fs/cgroup/apps/uid_10289/pid_23839
03-21 20:46:04.448  1587  1972 I MR2ServiceImpl: Updating composite discovery preference | preference: RouteDiscoveryRequest{ preferredFeatures={}, activeScan=false }, active routers: []
03-21 20:46:04.483   625  2778 W libperfmgr: Failed to write to node: /dev/stune/top-app/schedtune.boost with value: 10, fd: -1
03-21 20:46:04.483   625  2778 W libperfmgr: Failed to write to node: /proc/sys/kernel/sched_boost with value: 0, fd: -1
03-21 20:46:04.730   852  1052 I hwcomposer: [XMFP]: Receive panel off event!
03-21 20:46:04.730   852  1052 I hwcomposer: [HWCDisplay] [XMFP]: Display(0) SetPowerMode(0) fp_parallel:1  
03-21 20:46:04.730   852  1052 I hwcomposer: [HWCDisplay] [XMFP]: Display(0) skip fp_parallel SetPowerMode(0)  
03-21 20:46:04.954  2237  2237 E SatelliteController: registerForSatelliteModemStateChanged: mSatelliteSessionController is not initialized yet
03-21 20:46:04.955  2237  2237 E SatelliteController: registerForSatelliteModemStateChanged: mSatelliteSessionController is not initialized yet
03-21 20:46:04.959  2237  2378 E SatelliteController: notifyNtnEligibility: mSatellitePhone is null
03-21 20:46:04.970  1587  3034 W ContextImpl: Calling a method in the system process without a qualified user: android.app.ContextImpl.sendBroadcastMultiplePermissions:1358 android.content.Context.sendBroadcastMultiplePermissions:2796 com.android.server.TelephonyRegistry.broadcastServiceStateChanged:4172 com.android.server.TelephonyRegistry.notifyServiceStateForPhoneId:1848 com.android.internal.telephony.ITelephonyRegistry$Stub.onTransact:613 
03-21 20:46:04.973  1587  3034 W ContextImpl: Calling a method in the system process without a qualified user: android.app.ContextImpl.sendBroadcastMultiplePermissions:1391 com.android.server.TelephonyRegistry.broadcastServiceStateChanged:4177 com.android.server.TelephonyRegistry.notifyServiceStateForPhoneId:1848 com.android.internal.telephony.ITelephonyRegistry$Stub.onTransact:613 android.os.Binder.execTransactInternal:1473 
03-21 20:46:04.978  1587  3034 W ContextImpl: Calling a method in the system process without a qualified user: android.app.ContextImpl.sendBroadcastMultiplePermissions:1391 com.android.server.TelephonyRegistry.broadcastServiceStateChanged:4186 com.android.server.TelephonyRegistry.notifyServiceStateForPhoneId:1848 com.android.internal.telephony.ITelephonyRegistry$Stub.onTransact:613 android.os.Binder.execTransactInternal:1473 
03-21 20:46:04.981  1587  3034 W ContextImpl: Calling a method in the system process without a qualified user: android.app.ContextImpl.sendBroadcastMultiplePermissions:1391 com.android.server.TelephonyRegistry.broadcastServiceStateChanged:4192 com.android.server.TelephonyRegistry.notifyServiceStateForPhoneId:1848 com.android.internal.telephony.ITelephonyRegistry$Stub.onTransact:613 android.os.Binder.execTransactInternal:1473 
03-21 20:46:04.983   625  2778 W libperfmgr: Failed to write to node: /dev/stune/top-app/schedtune.boost with value: 10, fd: -1
03-21 20:46:04.983   625  2778 W libperfmgr: Failed to write to node: /proc/sys/kernel/sched_boost with value: 0, fd: -1
03-21 20:46:04.993  2237  2237 I Telephony: TelecomAccountRegistry$TelecomAccountTelephonyCallback: TelecomAccountRegistry: onServiceStateChanged: newState=0, mServiceState=0
03-21 20:46:04.993  2237  2237 W Telephony: registerMmTelCapabilityCallback: registration failed, no ImsService available. Exception: code: 1
03-21 20:46:04.995  2237  2237 I Telephony: isRttCurrentlySupported -- regular acct, hasVoiceAvailability: false
03-21 20:46:04.995  2237  2237 I Telephony:  isRttSupported: false
03-21 20:46:04.995  2237  2237 I Telephony:  alwaysAllowWhileRoaming: false
03-21 20:46:04.995  2237  2237 I Telephony:  isRoaming: false
03-21 20:46:04.995  2237  2237 I Telephony:  isOnWfc: false
03-21 20:46:05.008  1587  1673 I ActivityManager: Start proc 25748:com.android.cellbroadcastreceiver.module/u0a358 for broadcast {com.android.cellbroadcastreceiver.module/com.android.cellbroadcastreceiver.CellBroadcastReceiver}
03-21 20:46:05.028 25748 25748 I Zygote  : Process 25748 created for com.android.cellbroadcastreceiver.module
03-21 20:46:05.029 25748 25748 I receiver.module: Using CollectorTypeCMC GC.
03-21 20:46:05.044   844   878 I netd    : tetherGetStats() -> {[]} <0.93ms>
03-21 20:46:05.071 25748 25760 E ashmem  : Pinning is deprecated since Android Q. Please use trim or other methods.
03-21 20:46:05.072  1587  1680 W libprocessgroup: SetCgroup::ExecuteForProcess: failed to open /dev/stune/background/cgroup.procs: No such file or directory
03-21 20:46:05.379  1587  1673 I ActivityManager: Start proc 25762:com.android.chrome:privileged_process2/u0a313 for service {com.android.chrome/org.chromium.content.app.PrivilegedProcessService2}
03-21 20:46:05.395   844 25763 I resolv  : GetAddrInfoHandler::run: {102 102 102 983142 10399 0}
03-21 20:46:05.396   844 25764 I resolv  : res_nmkquery: (QUERY, IN, A)
03-21 20:46:05.397   844   878 I netd    : networkAddUidRangesParcel(NativeUidRangeConfig{netId: 105, uidRanges: [UidRangeParcel{start: 0, stop: 2147483647}], subPriority: 999}) <0.24ms>
03-21 20:46:05.397   844   878 I netd    : networkRemoveUidRangesParcel(NativeUidRangeConfig{netId: 105, uidRanges: [UidRangeParcel{start: 0, stop: 2147483647}], subPriority: 999}) <0.29ms>
03-21 20:46:05.400 25762 25762 I Zygote  : Process 25762 created for com.android.chrome:privileged_process2
03-21 20:46:05.400 25762 25762 I ileged_process2: Using CollectorTypeCMC GC.
03-21 20:46:05.404   844 25764 I resolv  : res_nsend: used send_dg 43 terrno: 0
03-21 20:46:05.404   844 25764 I resolv  : doQuery: rcode=0, ancount=1, return value=43
03-21 20:46:05.418 25762 25762 W ileged_process2: Failed to find entry 'classes.dex': Entry not found
03-21 20:46:05.420   852   992 I hwcomposer: [HWCDisplay] [Display_0 (type:1)] fps:24.285294,dur:2141.21,max:1351.63,min:4.94  
03-21 20:46:05.432 25762 25762 I LoadedApk: No resource references to update in package com.google.android.trichromelibrary
03-21 20:46:05.434 25762 25762 I cr_SplitCompatApp: version=146.0.7680.153 (768015333) minSdkVersion=29 processName=com.android.chrome:privileged_process2 isIsolatedProcess=false splits=chrome,config.en,config.ru,dev_ui,on_demand,stack_unwinder,test_dummy
03-21 20:46:05.438  1587  1680 W libprocessgroup: SetCgroup::ExecuteForProcess: failed to open /dev/stune/background/cgroup.procs: No such file or directory
03-21 20:46:05.442 25762 25762 I cr_ChildProcessService: Creating new ChildProcessService pid=25762
03-21 20:46:05.478   852  1054 I hwcomposer: [HWC] (0)fire a callback of refresh to SF[4]  
03-21 20:46:05.483   625  2778 W libperfmgr: Failed to write to node: /dev/stune/top-app/schedtune.boost with value: 10, fd: -1
03-21 20:46:05.483   625  2778 W libperfmgr: Failed to write to node: /proc/sys/kernel/sched_boost with value: 0, fd: -1
03-21 20:46:05.484   625  2778 W libperfmgr: Failed to write to node: /dev/stune/top-app/schedtune.boost with value: 10, fd: -1
03-21 20:46:05.484   625  2778 W libperfmgr: Failed to write to node: /proc/sys/kernel/sched_boost with value: 0, fd: -1
03-21 20:46:05.559   625  2778 W libperfmgr: Failed to write to node: /dev/stune/top-app/schedtune.boost with value: 10, fd: -1
03-21 20:46:05.560   625  2778 W libperfmgr: Failed to write to node: /proc/sys/kernel/sched_boost with value: 0, fd: -1
03-21 20:46:05.593 24797 24797 I ReactNativeJNI: Error occurred, shutting down websocket connection: WebSocket exception unexpected end of stream on http://localhost:8081/...
03-21 20:46:05.902  2458 24325 I NearbySharing: Network state changed: NetworkState(isRestricted=false, isOnline=true, isCongested=false, isMetered=false, isWifiConnected=true)
03-21 20:46:06.060   625  2778 W libperfmgr: Failed to write to node: /dev/stune/top-app/schedtune.boost with value: 10, fd: -1
03-21 20:46:06.060   625  2778 W libperfmgr: Failed to write to node: /proc/sys/kernel/sched_boost with value: 0, fd: -1
03-21 20:46:06.108   881  2016 I WifiHAL : feature_set=0x8488141a
03-21 20:46:06.109  1587  1927 I HalDevMgr: bestIfaceCreationProposal is null, requestIface=STA, existingIface=[name=wlan0 type=STA]
03-21 20:46:06.561   625  2778 W libperfmgr: Failed to write to node: /dev/stune/top-app/schedtune.boost with value: 10, fd: -1
03-21 20:46:06.561   625  2778 W libperfmgr: Failed to write to node: /proc/sys/kernel/sched_boost with value: 0, fd: -1
03-21 20:46:07.061   625  2778 W libperfmgr: Failed to write to node: /dev/stune/top-app/schedtune.boost with value: 10, fd: -1
03-21 20:46:07.061   625  2778 W libperfmgr: Failed to write to node: /proc/sys/kernel/sched_boost with value: 0, fd: -1
03-21 20:46:07.412   844 25777 I resolv  : GetAddrInfoHandler::run: {102 102 102 983142 10399 0}
03-21 20:46:07.413   844 25778 I resolv  : res_nmkquery: (QUERY, IN, A)
03-21 20:46:07.423   844 25778 I resolv  : res_nsend: used send_dg 43 terrno: 0
03-21 20:46:07.423   844 25778 I resolv  : doQuery: rcode=0, ancount=1, return value=43
03-21 20:46:07.562   625  2778 W libperfmgr: Failed to write to node: /dev/stune/top-app/schedtune.boost with value: 10, fd: -1
03-21 20:46:07.562   625  2778 W libperfmgr: Failed to write to node: /proc/sys/kernel/sched_boost with value: 0, fd: -1
03-21 20:46:07.603 24797 24797 I ReactNativeJNI: Error occurred, shutting down websocket connection: WebSocket exception unexpected end of stream on http://localhost:8081/...
03-21 20:46:08.062   625  2778 W libperfmgr: Failed to write to node: /dev/stune/top-app/schedtune.boost with value: 10, fd: -1
03-21 20:46:08.062   625  2778 W libperfmgr: Failed to write to node: /proc/sys/kernel/sched_boost with value: 0, fd: -1
03-21 20:46:08.562   625  2778 W libperfmgr: Failed to write to node: /dev/stune/top-app/schedtune.boost with value: 10, fd: -1
03-21 20:46:08.562   625  2778 W libperfmgr: Failed to write to node: /proc/sys/kernel/sched_boost with value: 0, fd: -1
03-21 20:46:08.803 23431 23461 I libbinder.IPCThreadState: oneway function results for code 2 on binder at 0xb40000763d260400 will be dropped but finished with status UNKNOWN_TRANSACTION
03-21 20:46:08.807  1587  1680 W libprocessgroup: SetCgroup::ExecuteForProcess: failed to open /dev/stune/background/cgroup.procs: No such file or directory
03-21 20:46:08.811 23514 23514 I Finsky:background: [2] Memory trim requested to level 40
03-21 20:46:09.063   625  2778 W libperfmgr: Failed to write to node: /dev/stune/top-app/schedtune.boost with value: 10, fd: -1
03-21 20:46:09.063   625  2778 W libperfmgr: Failed to write to node: /proc/sys/kernel/sched_boost with value: 0, fd: -1
03-21 20:46:09.122   881  2016 I WifiHAL : feature_set=0x8488141a
03-21 20:46:09.123  1587  1927 I HalDevMgr: bestIfaceCreationProposal is null, requestIface=STA, existingIface=[name=wlan0 type=STA]
03-21 20:46:09.432   844 25779 I resolv  : GetAddrInfoHandler::run: {102 102 102 983142 10399 0}
03-21 20:46:09.433   844 25780 I resolv  : res_nmkquery: (QUERY, IN, A)
03-21 20:46:09.443   844 25780 I resolv  : res_nsend: used send_dg 43 terrno: 0
03-21 20:46:09.443   844 25780 I resolv  : doQuery: rcode=0, ancount=1, return value=43
03-21 20:46:09.563   625  2778 W libperfmgr: Failed to write to node: /dev/stune/top-app/schedtune.boost with value: 10, fd: -1
03-21 20:46:09.563   625  2778 W libperfmgr: Failed to write to node: /proc/sys/kernel/sched_boost with value: 0, fd: -1
03-21 20:46:09.611 24797 24797 I ReactNativeJNI: Error occurred, shutting down websocket connection: WebSocket exception unexpected end of stream on http://localhost:8081/...
03-21 20:46:09.917 25781 25781 W libbinder.BackendUnifiedServiceManager: Thread Pool max thread count is 0. Cannot cache binder as linkToDeath cannot be implemented. serviceName: deviceidle
03-21 20:46:09.933 25783 25783 W libbinder.BackendUnifiedServiceManager: Thread Pool max thread count is 0. Cannot cache binder as linkToDeath cannot be implemented. serviceName: battery
03-21 20:46:09.951 25785 25785 W libbinder.BackendUnifiedServiceManager: Thread Pool max thread count is 0. Cannot cache binder as linkToDeath cannot be implemented. serviceName: deviceidle
03-21 20:46:09.975 25788 25788 W libbinder.BackendUnifiedServiceManager: Thread Pool max thread count is 0. Cannot cache binder as linkToDeath cannot be implemented. serviceName: activity
03-21 20:46:10.034 25797 25797 W libbinder.BackendUnifiedServiceManager: Thread Pool max thread count is 0. Cannot cache binder as linkToDeath cannot be implemented. serviceName: battery
03-21 20:46:10.063   625  2778 W libperfmgr: Failed to write to node: /dev/stune/top-app/schedtune.boost with value: 10, fd: -1
03-21 20:46:10.063   625  2778 W libperfmgr: Failed to write to node: /proc/sys/kernel/sched_boost with value: 0, fd: -1
03-21 20:46:10.564   625  2778 W libperfmgr: Failed to write to node: /dev/stune/top-app/schedtune.boost with value: 10, fd: -1
03-21 20:46:10.564   625  2778 W libperfmgr: Failed to write to node: /proc/sys/kernel/sched_boost with value: 0, fd: -1
03-21 20:46:11.064   625  2778 W libperfmgr: Failed to write to node: /dev/stune/top-app/schedtune.boost with value: 10, fd: -1
03-21 20:46:11.064   625  2778 W libperfmgr: Failed to write to node: /proc/sys/kernel/sched_boost with value: 0, fd: -1
03-21 20:46:11.452   844 25806 I resolv  : GetAddrInfoHandler::run: {102 102 102 983142 10399 0}
03-21 20:46:11.453   844 25807 I resolv  : res_nmkquery: (QUERY, IN, A)
03-21 20:46:11.464   844 25807 I resolv  : res_nsend: used send_dg 43 terrno: 0
03-21 20:46:11.464   844 25807 I resolv  : doQuery: rcode=0, ancount=1, return value=43
03-21 20:46:11.564   625  2778 W libperfmgr: Failed to write to node: /dev/stune/top-app/schedtune.boost with value: 10, fd: -1
03-21 20:46:11.564   625  2778 W libperfmgr: Failed to write to node: /proc/sys/kernel/sched_boost with value: 0, fd: -1
03-21 20:46:11.631 24797 24797 I ReactNativeJNI: Error occurred, shutting down websocket connection: WebSocket exception unexpected end of stream on http://localhost:8081/...
03-21 20:46:12.064   625  2778 W libperfmgr: Failed to write to node: /dev/stune/top-app/schedtune.boost with value: 10, fd: -1
03-21 20:46:12.064   625  2778 W libperfmgr: Failed to write to node: /proc/sys/kernel/sched_boost with value: 0, fd: -1
03-21 20:46:12.137   881  2016 I WifiHAL : feature_set=0x8488141a
03-21 20:46:12.138  1587  1927 I HalDevMgr: bestIfaceCreationProposal is null, requestIface=STA, existingIface=[name=wlan0 type=STA]
03-21 20:46:12.565   625  2778 W libperfmgr: Failed to write to node: /dev/stune/top-app/schedtune.boost with value: 10, fd: -1
03-21 20:46:12.565   625  2778 W libperfmgr: Failed to write to node: /proc/sys/kernel/sched_boost with value: 0, fd: -1
03-21 20:46:13.065   625  2778 W libperfmgr: Failed to write to node: /dev/stune/top-app/schedtune.boost with value: 10, fd: -1
03-21 20:46:13.065   625  2778 W libperfmgr: Failed to write to node: /proc/sys/kernel/sched_boost with value: 0, fd: -1
03-21 20:46:13.086  2458 24325 I NearbyPresence: (REDACTED) %s verified [==] new request %s equals to the old request
03-21 20:46:13.475   844 25808 I resolv  : GetAddrInfoHandler::run: {102 102 102 983142 10399 0}
03-21 20:46:13.475   844 25809 I resolv  : res_nmkquery: (QUERY, IN, A)
03-21 20:46:13.484   844 25809 I resolv  : res_nsend: used send_dg 43 terrno: 0
03-21 20:46:13.484   844 25809 I resolv  : doQuery: rcode=0, ancount=1, return value=43
03-21 20:46:13.565   625  2778 W libperfmgr: Failed to write to node: /dev/stune/top-app/schedtune.boost with value: 10, fd: -1
03-21 20:46:13.565   625  2778 W libperfmgr: Failed to write to node: /proc/sys/kernel/sched_boost with value: 0, fd: -1
03-21 20:46:13.646 24797 24797 I ReactNativeJNI: Error occurred, shutting down websocket connection: WebSocket exception unexpected end of stream on http://localhost:8081/...
03-21 20:46:13.834   594 25697 I keystore2: system/security/keystore2/watchdog/src/lib.rs:371 - Watchdog thread idle -> terminating. Have a great day.
03-21 20:46:14.065   625  2778 W libperfmgr: Failed to write to node: /dev/stune/top-app/schedtune.boost with value: 10, fd: -1
03-21 20:46:14.066   625  2778 W libperfmgr: Failed to write to node: /proc/sys/kernel/sched_boost with value: 0, fd: -1
03-21 20:46:14.566   625  2778 W libperfmgr: Failed to write to node: /dev/stune/top-app/schedtune.boost with value: 10, fd: -1
03-21 20:46:14.566   625  2778 W libperfmgr: Failed to write to node: /proc/sys/kernel/sched_boost with value: 0, fd: -1
03-21 20:46:15.066   625  2778 W libperfmgr: Failed to write to node: /dev/stune/top-app/schedtune.boost with value: 10, fd: -1
03-21 20:46:15.066   625  2778 W libperfmgr: Failed to write to node: /proc/sys/kernel/sched_boost with value: 0, fd: -1
03-21 20:46:15.152   881  2016 I WifiHAL : feature_set=0x8488141a
03-21 20:46:15.153  1587  1927 I HalDevMgr: bestIfaceCreationProposal is null, requestIface=STA, existingIface=[name=wlan0 type=STA]
03-21 20:46:15.500   844 25810 I resolv  : GetAddrInfoHandler::run: {102 102 102 983142 10399 0}
03-21 20:46:15.501   844 25811 I resolv  : res_nmkquery: (QUERY, IN, A)
03-21 20:46:15.512   844 25811 I resolv  : res_nsend: used send_dg 43 terrno: 0
03-21 20:46:15.512   844 25811 I resolv  : doQuery: rcode=0, ancount=1, return value=43
03-21 20:46:15.566   625  2778 W libperfmgr: Failed to write to node: /dev/stune/top-app/schedtune.boost with value: 10, fd: -1
03-21 20:46:15.566   625  2778 W libperfmgr: Failed to write to node: /proc/sys/kernel/sched_boost with value: 0, fd: -1
03-21 20:46:15.654 24797 24797 I ReactNativeJNI: Error occurred, shutting down websocket connection: WebSocket exception unexpected end of stream on http://localhost:8081/...
03-21 20:46:16.067   625  2778 W libperfmgr: Failed to write to node: /dev/stune/top-app/schedtune.boost with value: 10, fd: -1
03-21 20:46:16.067   625  2778 W libperfmgr: Failed to write to node: /proc/sys/kernel/sched_boost with value: 0, fd: -1
03-21 20:46:16.256 25812 25812 W libbinder.BackendUnifiedServiceManager: Thread Pool max thread count is 0. Cannot cache binder as linkToDeath cannot be implemented. serviceName: deviceidle
03-21 20:46:16.285 25814 25814 W libbinder.BackendUnifiedServiceManager: Thread Pool max thread count is 0. Cannot cache binder as linkToDeath cannot be implemented. serviceName: battery
03-21 20:46:16.312 25816 25816 W libbinder.BackendUnifiedServiceManager: Thread Pool max thread count is 0. Cannot cache binder as linkToDeath cannot be implemented. serviceName: deviceidle
03-21 20:46:16.343 25819 25819 W libbinder.BackendUnifiedServiceManager: Thread Pool max thread count is 0. Cannot cache binder as linkToDeath cannot be implemented. serviceName: activity
03-21 20:46:16.406 25828 25828 W libbinder.BackendUnifiedServiceManager: Thread Pool max thread count is 0. Cannot cache binder as linkToDeath cannot be implemented. serviceName: battery
03-21 20:46:16.567   625  2778 W libperfmgr: Failed to write to node: /dev/stune/top-app/schedtune.boost with value: 10, fd: -1
03-21 20:46:16.567   625  2778 W libperfmgr: Failed to write to node: /proc/sys/kernel/sched_boost with value: 0, fd: -1
03-21 20:46:16.779  2458 24478 I .gms.persistent: Explicit concurrent mark compact GC freed 17MB AllocSpace bytes, 17(752KB) LOS objects, 50% free, 23MB/46MB, paused 427us,2.793ms total 152.114ms
03-21 20:46:17.067   625  2778 W libperfmgr: Failed to write to node: /dev/stune/top-app/schedtune.boost with value: 10, fd: -1
03-21 20:46:17.067   625  2778 W libperfmgr: Failed to write to node: /proc/sys/kernel/sched_boost with value: 0, fd: -1
03-21 20:46:17.523   844 25838 I resolv  : GetAddrInfoHandler::run: {102 102 102 983142 10399 0}
03-21 20:46:17.524   844 25839 I resolv  : res_nmkquery: (QUERY, IN, A)
03-21 20:46:17.532   844 25839 I resolv  : res_nsend: used send_dg 43 terrno: 0
03-21 20:46:17.532   844 25839 I resolv  : doQuery: rcode=0, ancount=1, return value=43
03-21 20:46:17.567   625  2778 W libperfmgr: Failed to write to node: /dev/stune/top-app/schedtune.boost with value: 10, fd: -1
03-21 20:46:17.568   625  2778 W libperfmgr: Failed to write to node: /proc/sys/kernel/sched_boost with value: 0, fd: -1
03-21 20:46:17.663 24797 24797 I ReactNativeJNI: Error occurred, shutting down websocket connection: WebSocket exception unexpected end of stream on http://localhost:8081/...
03-21 20:46:18.068   625  2778 W libperfmgr: Failed to write to node: /dev/stune/top-app/schedtune.boost with value: 10, fd: -1
03-21 20:46:18.068   625  2778 W libperfmgr: Failed to write to node: /proc/sys/kernel/sched_boost with value: 0, fd: -1
03-21 20:46:18.163   881  2016 I WifiHAL : feature_set=0x8488141a
03-21 20:46:18.164  1587  1927 I HalDevMgr: bestIfaceCreationProposal is null, requestIface=STA, existingIface=[name=wlan0 type=STA]
03-21 20:46:18.568   625  2778 W libperfmgr: Failed to write to node: /dev/stune/top-app/schedtune.boost with value: 10, fd: -1
03-21 20:46:18.568   625  2778 W libperfmgr: Failed to write to node: /proc/sys/kernel/sched_boost with value: 0, fd: -1
03-21 20:46:18.877  1587  1680 W libprocessgroup: SetCgroup::ExecuteForProcess: failed to open /dev/stune/background/cgroup.procs: No such file or directory
03-21 20:46:18.878 23431 23431 I Finsky  : [2] Memory trim requested to level 40
03-21 20:46:18.879 23431 23431 I Finsky  : [2] Flushing in-memory image cache
03-21 20:46:18.881   844   878 I netd    : tetherGetStats() -> {[]} <1.09ms>
03-21 20:46:18.882  1587  1680 W libprocessgroup: SetCgroup::ExecuteForProcess: failed to open /dev/stune/background/cgroup.procs: No such file or directory
03-21 20:46:18.882 23431 23431 I Finsky  : [2] Memory trim requested to level 40
03-21 20:46:18.882 23431 23431 I Finsky  : [2] Flushing in-memory image cache
03-21 20:46:19.068   625  2778 W libperfmgr: Failed to write to node: /dev/stune/top-app/schedtune.boost with value: 10, fd: -1
03-21 20:46:19.068   625  2778 W libperfmgr: Failed to write to node: /proc/sys/kernel/sched_boost with value: 0, fd: -1
03-21 20:46:19.542   844 25840 I resolv  : GetAddrInfoHandler::run: {102 102 102 983142 10399 0}
03-21 20:46:19.543   844 25841 I resolv  : res_nmkquery: (QUERY, IN, A)
03-21 20:46:19.554   844 25841 I resolv  : res_nsend: used send_dg 43 terrno: 0
03-21 20:46:19.554   844 25841 I resolv  : doQuery: rcode=0, ancount=1, return value=43
03-21 20:46:19.569   625  2778 W libperfmgr: Failed to write to node: /dev/stune/top-app/schedtune.boost with value: 10, fd: -1
03-21 20:46:19.569   625  2778 W libperfmgr: Failed to write to node: /proc/sys/kernel/sched_boost with value: 0, fd: -1
03-21 20:46:19.671 24797 24797 I ReactNativeJNI: Error occurred, shutting down websocket connection: WebSocket exception unexpected end of stream on http://localhost:8081/...
03-21 20:46:20.069   625  2778 W libperfmgr: Failed to write to node: /dev/stune/top-app/schedtune.boost with value: 10, fd: -1
03-21 20:46:20.069   625  2778 W libperfmgr: Failed to write to node: /proc/sys/kernel/sched_boost with value: 0, fd: -1
03-21 20:46:20.569   625  2778 W libperfmgr: Failed to write to node: /dev/stune/top-app/schedtune.boost with value: 10, fd: -1
03-21 20:46:20.569   625  2778 W libperfmgr: Failed to write to node: /proc/sys/kernel/sched_boost with value: 0, fd: -1
03-21 20:46:20.756   852  1094 I hwcomposer: [DRMDEV] (0) failed to waitNextVsync: -1  
03-21 20:46:20.766   852  1094 I hwcomposer: [DRMDEV] (0) failed to waitNextVsync: -1  
03-21 20:46:20.777   852  1094 I hwcomposer: [DRMDEV] (0) failed to waitNextVsync: -1  
03-21 20:46:20.787   852   992 I hwcomposer: [HWCDisplay] [Display_0 (type:1)] fps:0.130142,dur:15367.88,max:15298.04,min:69.84  
03-21 20:46:20.788   852  1094 I hwcomposer: [DRMDEV] (0) failed to waitNextVsync: -1  
03-21 20:46:20.930   852  1054 I hwcomposer: [HWC] (0)fire a callback of refresh to SF[4]  
03-21 20:46:20.939   625  2778 W libperfmgr: Failed to write to node: /dev/stune/top-app/schedtune.boost with value: 10, fd: -1
03-21 20:46:20.939   625  2778 W libperfmgr: Failed to write to node: /proc/sys/kernel/sched_boost with value: 0, fd: -1
03-21 20:46:21.012   625  2778 W libperfmgr: Failed to write to node: /dev/stune/top-app/schedtune.boost with value: 10, fd: -1
03-21 20:46:21.012   625  2778 W libperfmgr: Failed to write to node: /proc/sys/kernel/sched_boost with value: 0, fd: -1
03-21 20:46:21.177   881  2016 I WifiHAL : feature_set=0x8488141a
03-21 20:46:21.178  1587  1927 I HalDevMgr: bestIfaceCreationProposal is null, requestIface=STA, existingIface=[name=wlan0 type=STA]
03-21 20:46:21.512   625  2778 W libperfmgr: Failed to write to node: /dev/stune/top-app/schedtune.boost with value: 10, fd: -1
03-21 20:46:21.512   625  2778 W libperfmgr: Failed to write to node: /proc/sys/kernel/sched_boost with value: 0, fd: -1
03-21 20:46:21.563   844 25842 I resolv  : GetAddrInfoHandler::run: {102 102 102 983142 10399 0}
03-21 20:46:21.564   844 25843 I resolv  : res_nmkquery: (QUERY, IN, A)
03-21 20:46:21.573   844 25843 I resolv  : res_nsend: used send_dg 43 terrno: 0
03-21 20:46:21.573   844 25843 I resolv  : doQuery: rcode=0, ancount=1, return value=43
03-21 20:46:21.681 24797 24797 I ReactNativeJNI: Error occurred, shutting down websocket connection: WebSocket exception unexpected end of stream on http://localhost:8081/...
03-21 20:46:22.013   625  2778 W libperfmgr: Failed to write to node: /dev/stune/top-app/schedtune.boost with value: 10, fd: -1
03-21 20:46:22.013   625  2778 W libperfmgr: Failed to write to node: /proc/sys/kernel/sched_boost with value: 0, fd: -1
03-21 20:46:22.513   625  2778 W libperfmgr: Failed to write to node: /dev/stune/top-app/schedtune.boost with value: 10, fd: -1
03-21 20:46:22.514   625  2778 W libperfmgr: Failed to write to node: /proc/sys/kernel/sched_boost with value: 0, fd: -1
03-21 20:46:22.623 25844 25844 W libbinder.BackendUnifiedServiceManager: Thread Pool max thread count is 0. Cannot cache binder as linkToDeath cannot be implemented. serviceName: deviceidle
03-21 20:46:22.640 25846 25846 W libbinder.BackendUnifiedServiceManager: Thread Pool max thread count is 0. Cannot cache binder as linkToDeath cannot be implemented. serviceName: battery
03-21 20:46:22.656 25848 25848 W libbinder.BackendUnifiedServiceManager: Thread Pool max thread count is 0. Cannot cache binder as linkToDeath cannot be implemented. serviceName: deviceidle
03-21 20:46:22.680 25851 25851 W libbinder.BackendUnifiedServiceManager: Thread Pool max thread count is 0. Cannot cache binder as linkToDeath cannot be implemented. serviceName: activity
03-21 20:46:22.727 25860 25860 W libbinder.BackendUnifiedServiceManager: Thread Pool max thread count is 0. Cannot cache binder as linkToDeath cannot be implemented. serviceName: battery
03-21 20:46:23.014   625  2778 W libperfmgr: Failed to write to node: /dev/stune/top-app/schedtune.boost with value: 10, fd: -1
03-21 20:46:23.014   625  2778 W libperfmgr: Failed to write to node: /proc/sys/kernel/sched_boost with value: 0, fd: -1
03-21 20:46:23.515   625  2778 W libperfmgr: Failed to write to node: /dev/stune/top-app/schedtune.boost with value: 10, fd: -1
03-21 20:46:23.515   625  2778 W libperfmgr: Failed to write to node: /proc/sys/kernel/sched_boost with value: 0, fd: -1
03-21 20:46:23.583   844 25869 I resolv  : GetAddrInfoHandler::run: {102 102 102 983142 10399 0}
03-21 20:46:23.584   844 25870 I resolv  : res_nmkquery: (QUERY, IN, A)
03-21 20:46:23.595   844 25870 I resolv  : res_nsend: used send_dg 43 terrno: 0
03-21 20:46:23.595   844 25870 I resolv  : doQuery: rcode=0, ancount=1, return value=43
03-21 20:46:23.691 24797 24797 I ReactNativeJNI: Error occurred, shutting down websocket connection: WebSocket exception unexpected end of stream on http://localhost:8081/...
03-21 20:46:24.015   625  2778 W libperfmgr: Failed to write to node: /dev/stune/top-app/schedtune.boost with value: 10, fd: -1
03-21 20:46:24.015   625  2778 W libperfmgr: Failed to write to node: /proc/sys/kernel/sched_boost with value: 0, fd: -1
03-21 20:46:24.191   881  2016 I WifiHAL : feature_set=0x8488141a
03-21 20:46:24.191  1587  1927 I HalDevMgr: bestIfaceCreationProposal is null, requestIface=STA, existingIface=[name=wlan0 type=STA]
03-21 20:46:24.516   625  2778 W libperfmgr: Failed to write to node: /dev/stune/top-app/schedtune.boost with value: 10, fd: -1
03-21 20:46:24.516   625  2778 W libperfmgr: Failed to write to node: /proc/sys/kernel/sched_boost with value: 0, fd: -1
03-21 20:46:25.016   625  2778 W libperfmgr: Failed to write to node: /dev/stune/top-app/schedtune.boost with value: 10, fd: -1
03-21 20:46:25.016   625  2778 W libperfmgr: Failed to write to node: /proc/sys/kernel/sched_boost with value: 0, fd: -1
03-21 20:46:25.516   625  2778 W libperfmgr: Failed to write to node: /dev/stune/top-app/schedtune.boost with value: 10, fd: -1
03-21 20:46:25.516   625  2778 W libperfmgr: Failed to write to node: /proc/sys/kernel/sched_boost with value: 0, fd: -1
03-21 20:46:25.604   844 25871 I resolv  : GetAddrInfoHandler::run: {102 102 102 983142 10399 0}
03-21 20:46:25.605   844 25872 I resolv  : res_nmkquery: (QUERY, IN, A)
03-21 20:46:25.612   844 25872 I resolv  : res_nsend: used send_dg 43 terrno: 0
03-21 20:46:25.612   844 25872 I resolv  : doQuery: rcode=0, ancount=1, return value=43
03-21 20:46:25.700 24797 24797 I ReactNativeJNI: Error occurred, shutting down websocket connection: WebSocket exception unexpected end of stream on http://localhost:8081/...
03-21 20:46:26.000  1587  1680 W libprocessgroup: SetCgroup::ExecuteForProcess: failed to open /dev/stune/background/cgroup.procs: No such file or directory
03-21 20:46:26.010 23481 25873 I Authzen : [DeviceStateSyncManager] The server is in sync with current state. Nothing to do
03-21 20:46:26.016   625  2778 W libperfmgr: Failed to write to node: /dev/stune/top-app/schedtune.boost with value: 10, fd: -1
03-21 20:46:26.016   625  2778 W libperfmgr: Failed to write to node: /proc/sys/kernel/sched_boost with value: 0, fd: -1
03-21 20:46:26.517   625  2778 W libperfmgr: Failed to write to node: /dev/stune/top-app/schedtune.boost with value: 10, fd: -1
03-21 20:46:26.517   625  2778 W libperfmgr: Failed to write to node: /proc/sys/kernel/sched_boost with value: 0, fd: -1
03-21 20:46:26.597   852  1094 I hwcomposer: [DRMDEV] (0) failed to waitNextVsync: -1  
03-21 20:46:26.599   852  1094 I hwcomposer: [DRMDEV] (0) failed to waitNextVsync: -1  
03-21 20:46:26.610   852  1094 I hwcomposer: [DRMDEV] (0) failed to waitNextVsync: -1  
03-21 20:46:26.621   852  1094 I hwcomposer: [DRMDEV] (0) failed to waitNextVsync: -1  
03-21 20:46:26.632   852  1094 I hwcomposer: [DRMDEV] (0) failed to waitNextVsync: -1  
03-21 20:46:26.643   852  1094 I hwcomposer: [DRMDEV] (0) failed to waitNextVsync: -1  
03-21 20:46:26.654   852  1094 I hwcomposer: [DRMDEV] (0) failed to waitNextVsync: -1  
03-21 20:46:27.017   625  2778 W libperfmgr: Failed to write to node: /dev/stune/top-app/schedtune.boost with value: 10, fd: -1
03-21 20:46:27.017   625  2778 W libperfmgr: Failed to write to node: /proc/sys/kernel/sched_boost with value: 0, fd: -1
03-21 20:46:27.204   881  2016 I WifiHAL : feature_set=0x8488141a
03-21 20:46:27.206  1587  1927 I HalDevMgr: bestIfaceCreationProposal is null, requestIface=STA, existingIface=[name=wlan0 type=STA]
03-21 20:46:27.339  1587  1708 I DisplayPowerController[0]: BrightnessEvent: brt=8.54597E-4(5.0%), nits=3.4861262, lux=-1.0, reason=manual [ dim ], strat=FallbackBrightnessStrategy, state=ON, stateReason=DEFAULT_POLICY, policy=DIM, flags=, initBrt=1.0, rcmdBrt=NaN, preBrt=NaN, preLux=0.0, wasShortTermModelActive=false, autoBrightness=false (default), unclampedBrt=1.0, hbmMax=1.0, hbmMode=sunlight, thrmMax=1.0, rbcStrength=50, powerFactor=1.0, physDisp=Built-in Screen(local:4627039422300187648), logicalId=0, slowChange=false, rampSpeed=0.70472443
03-21 20:46:27.517   625  2778 W libperfmgr: Failed to write to node: /dev/stune/top-app/schedtune.boost with value: 10, fd: -1
03-21 20:46:27.517   625  2778 W libperfmgr: Failed to write to node: /proc/sys/kernel/sched_boost with value: 0, fd: -1
03-21 20:46:27.623   844 25875 I resolv  : GetAddrInfoHandler::run: {102 102 102 983142 10399 0}
03-21 20:46:27.623   844 25876 I resolv  : res_nmkquery: (QUERY, IN, A)
03-21 20:46:27.637   844 25876 I resolv  : res_nsend: used send_dg 43 terrno: 0
03-21 20:46:27.637   844 25876 I resolv  : doQuery: rcode=0, ancount=1, return value=43
03-21 20:46:27.719 24797 24797 I ReactNativeJNI: Error occurred, shutting down websocket connection: WebSocket exception unexpected end of stream on http://localhost:8081/...
03-21 20:46:28.017   625  2778 W libperfmgr: Failed to write to node: /dev/stune/top-app/schedtune.boost with value: 10, fd: -1
03-21 20:46:28.018   625  2778 W libperfmgr: Failed to write to node: /proc/sys/kernel/sched_boost with value: 0, fd: -1
03-21 20:46:28.518   625  2778 W libperfmgr: Failed to write to node: /dev/stune/top-app/schedtune.boost with value: 10, fd: -1
03-21 20:46:28.518   625  2778 W libperfmgr: Failed to write to node: /proc/sys/kernel/sched_boost with value: 0, fd: -1
03-21 20:46:28.935 25877 25877 W libbinder.BackendUnifiedServiceManager: Thread Pool max thread count is 0. Cannot cache binder as linkToDeath cannot be implemented. serviceName: deviceidle
03-21 20:46:28.951 25879 25879 W libbinder.BackendUnifiedServiceManager: Thread Pool max thread count is 0. Cannot cache binder as linkToDeath cannot be implemented. serviceName: battery
03-21 20:46:28.966 25881 25881 W libbinder.BackendUnifiedServiceManager: Thread Pool max thread count is 0. Cannot cache binder as linkToDeath cannot be implemented. serviceName: deviceidle
03-21 20:46:28.990 25884 25884 W libbinder.BackendUnifiedServiceManager: Thread Pool max thread count is 0. Cannot cache binder as linkToDeath cannot be implemented. serviceName: activity
03-21 20:46:29.018   625  2778 W libperfmgr: Failed to write to node: /dev/stune/top-app/schedtune.boost with value: 10, fd: -1
03-21 20:46:29.018   625  2778 W libperfmgr: Failed to write to node: /proc/sys/kernel/sched_boost with value: 0, fd: -1
03-21 20:46:29.054 25893 25893 W libbinder.BackendUnifiedServiceManager: Thread Pool max thread count is 0. Cannot cache binder as linkToDeath cannot be implemented. serviceName: battery
03-21 20:46:29.221 24797 24797 W unknown:ReactRootView: Unable to dispatch touch to JS as the catalyst instance has not been attached
03-21 20:46:29.221 24797 24797 W unknown:ReactRootView: Unable to dispatch touch to JS as the catalyst instance has not been attached
03-21 20:46:29.221 24797 24797 W unknown:ReactRootView: Unable to dispatch touch to JS as the catalyst instance has not been attached
03-21 20:46:29.221 24797 24797 W unknown:ReactRootView: Unable to dispatch touch to JS as the catalyst instance has not been attached
03-21 20:46:29.223   852  1094 I hwcomposer: [DRMDEV] (0) failed to waitNextVsync: -1  
03-21 20:46:29.223  1587  1708 I DisplayPowerController[0]: BrightnessEvent: brt=1.0(100.0%), nits=700.0, lux=-1.0, reason=manual, strat=FallbackBrightnessStrategy, state=ON, stateReason=DEFAULT_POLICY, policy=BRIGHT, flags=, initBrt=8.54597E-4, rcmdBrt=NaN, preBrt=NaN, preLux=0.0, wasShortTermModelActive=false, autoBrightness=false (default), unclampedBrt=1.0, hbmMax=1.0, hbmMode=sunlight, thrmMax=1.0, rbcStrength=50, powerFactor=1.0, physDisp=Built-in Screen(local:4627039422300187648), logicalId=0, slowChange=false, rampSpeed=0.70472443
03-21 20:46:29.232   852  1094 I hwcomposer: [DRMDEV] (0) failed to waitNextVsync: -1  
03-21 20:46:29.243   852  1094 I hwcomposer: [DRMDEV] (0) failed to waitNextVsync: -1  
03-21 20:46:29.245 24797 24797 W unknown:ReactRootView: Unable to dispatch touch to JS as the catalyst instance has not been attached
03-21 20:46:29.245 24797 24797 W unknown:ReactRootView: Unable to dispatch touch to JS as the catalyst instance has not been attached
03-21 20:46:29.254   852  1094 I hwcomposer: [DRMDEV] (0) failed to waitNextVsync: -1  
03-21 20:46:29.256 24797 24797 W unknown:ReactRootView: Unable to dispatch touch to JS as the catalyst instance has not been attached
03-21 20:46:29.256 24797 24797 W unknown:ReactRootView: Unable to dispatch touch to JS as the catalyst instance has not been attached
03-21 20:46:29.265   852  1094 I hwcomposer: [DRMDEV] (0) failed to waitNextVsync: -1  
03-21 20:46:29.267 24797 24797 W unknown:ReactRootView: Unable to dispatch touch to JS as the catalyst instance has not been attached
03-21 20:46:29.267 24797 24797 W unknown:ReactRootView: Unable to dispatch touch to JS as the catalyst instance has not been attached
03-21 20:46:29.278 24797 24797 W unknown:ReactRootView: Unable to dispatch touch to JS as the catalyst instance has not been attached
03-21 20:46:29.278 24797 24797 W unknown:ReactRootView: Unable to dispatch touch to JS as the catalyst instance has not been attached
03-21 20:46:29.296 24797 24797 W unknown:ReactRootView: Unable to dispatch touch to JS as the catalyst instance has not been attached
03-21 20:46:29.296 24797 24797 W unknown:ReactRootView: Unable to dispatch touch to JS as the catalyst instance has not been attached
03-21 20:46:29.296 24797 24797 W unknown:ReactRootView: Unable to dispatch touch to JS as the catalyst instance has not been attached
03-21 20:46:29.296 24797 24797 W unknown:ReactRootView: Unable to dispatch touch to JS as the catalyst instance has not been attached
03-21 20:46:29.518   625  2778 W libperfmgr: Failed to write to node: /dev/stune/top-app/schedtune.boost with value: 10, fd: -1
03-21 20:46:29.518   625  2778 W libperfmgr: Failed to write to node: /proc/sys/kernel/sched_boost with value: 0, fd: -1
03-21 20:46:29.647   844 25902 I resolv  : GetAddrInfoHandler::run: {102 102 102 983142 10399 0}
03-21 20:46:29.648   844 25903 I resolv  : res_nmkquery: (QUERY, IN, A)
03-21 20:46:29.658   844 25903 I resolv  : res_nsend: used send_dg 43 terrno: 0
03-21 20:46:29.659   844 25903 I resolv  : doQuery: rcode=0, ancount=1, return value=43
03-21 20:46:29.739 24797 24797 I ReactNativeJNI: Error occurred, shutting down websocket connection: WebSocket exception unexpected end of stream on http://localhost:8081/...
03-21 20:46:30.019   625  2778 W libperfmgr: Failed to write to node: /dev/stune/top-app/schedtune.boost with value: 10, fd: -1
03-21 20:46:30.019   625  2778 W libperfmgr: Failed to write to node: /proc/sys/kernel/sched_boost with value: 0, fd: -1
03-21 20:46:30.217   881  2016 I WifiHAL : feature_set=0x8488141a
03-21 20:46:30.217  1587  1927 I HalDevMgr: bestIfaceCreationProposal is null, requestIface=STA, existingIface=[name=wlan0 type=STA]
03-21 20:46:30.519   625  2778 W libperfmgr: Failed to write to node: /dev/stune/top-app/schedtune.boost with value: 10, fd: -1
03-21 20:46:30.519   625  2778 W libperfmgr: Failed to write to node: /proc/sys/kernel/sched_boost with value: 0, fd: -1
03-21 20:46:31.019   625  2778 W libperfmgr: Failed to write to node: /dev/stune/top-app/schedtune.boost with value: 10, fd: -1
03-21 20:46:31.019   625  2778 W libperfmgr: Failed to write to node: /proc/sys/kernel/sched_boost with value: 0, fd: -1
03-21 20:46:31.520   625  2778 W libperfmgr: Failed to write to node: /dev/stune/top-app/schedtune.boost with value: 10, fd: -1
03-21 20:46:31.520   625  2778 W libperfmgr: Failed to write to node: /proc/sys/kernel/sched_boost with value: 0, fd: -1
03-21 20:46:31.668   844 25904 I resolv  : GetAddrInfoHandler::run: {102 102 102 983142 10399 0}
03-21 20:46:31.669   844 25905 I resolv  : res_nmkquery: (QUERY, IN, A)
03-21 20:46:31.679   844 25905 I resolv  : res_nsend: used send_dg 43 terrno: 0
03-21 20:46:31.679   844 25905 I resolv  : doQuery: rcode=0, ancount=1, return value=43
03-21 20:46:31.754 24797 24797 I ReactNativeJNI: Error occurred, shutting down websocket connection: WebSocket exception unexpected end of stream on http://localhost:8081/...
03-21 20:46:32.020   625  2778 W libperfmgr: Failed to write to node: /dev/stune/top-app/schedtune.boost with value: 10, fd: -1
03-21 20:46:32.020   625  2778 W libperfmgr: Failed to write to node: /proc/sys/kernel/sched_boost with value: 0, fd: -1
03-21 20:46:32.520   625  2778 W libperfmgr: Failed to write to node: /dev/stune/top-app/schedtune.boost with value: 10, fd: -1
03-21 20:46:32.520   625  2778 W libperfmgr: Failed to write to node: /proc/sys/kernel/sched_boost with value: 0, fd: -1
03-21 20:46:33.020   625  2778 W libperfmgr: Failed to write to node: /dev/stune/top-app/schedtune.boost with value: 10, fd: -1
03-21 20:46:33.020   625  2778 W libperfmgr: Failed to write to node: /proc/sys/kernel/sched_boost with value: 0, fd: -1
03-21 20:46:33.229   881  2016 I WifiHAL : feature_set=0x8488141a
03-21 20:46:33.230  1587  1927 I HalDevMgr: bestIfaceCreationProposal is null, requestIface=STA, existingIface=[name=wlan0 type=STA]
03-21 20:46:33.521   625  2778 W libperfmgr: Failed to write to node: /dev/stune/top-app/schedtune.boost with value: 10, fd: -1
03-21 20:46:33.521   625  2778 W libperfmgr: Failed to write to node: /proc/sys/kernel/sched_boost with value: 0, fd: -1
03-21 20:46:33.690   844 25906 I resolv  : GetAddrInfoHandler::run: {102 102 102 983142 10399 0}
03-21 20:46:33.691   844 25907 I resolv  : res_nmkquery: (QUERY, IN, A)
03-21 20:46:33.701   844 25907 I resolv  : res_nsend: used send_dg 43 terrno: 0
03-21 20:46:33.701   844 25907 I resolv  : doQuery: rcode=0, ancount=1, return value=43
03-21 20:46:33.762 24797 24797 I ReactNativeJNI: Error occurred, shutting down websocket connection: WebSocket exception unexpected end of stream on http://localhost:8081/...
03-21 20:46:34.021   625  2778 W libperfmgr: Failed to write to node: /dev/stune/top-app/schedtune.boost with value: 10, fd: -1
03-21 20:46:34.021   625  2778 W libperfmgr: Failed to write to node: /proc/sys/kernel/sched_boost with value: 0, fd: -1
03-21 20:46:34.521   625  2778 W libperfmgr: Failed to write to node: /dev/stune/top-app/schedtune.boost with value: 10, fd: -1
03-21 20:46:34.521   625  2778 W libperfmgr: Failed to write to node: /proc/sys/kernel/sched_boost with value: 0, fd: -1
03-21 20:46:35.021   625  2778 W libperfmgr: Failed to write to node: /dev/stune/top-app/schedtune.boost with value: 10, fd: -1
03-21 20:46:35.022   625  2778 W libperfmgr: Failed to write to node: /proc/sys/kernel/sched_boost with value: 0, fd: -1
03-21 20:46:35.272 25908 25908 W libbinder.BackendUnifiedServiceManager: Thread Pool max thread count is 0. Cannot cache binder as linkToDeath cannot be implemented. serviceName: deviceidle
03-21 20:46:35.291 25910 25910 W libbinder.BackendUnifiedServiceManager: Thread Pool max thread count is 0. Cannot cache binder as linkToDeath cannot be implemented. serviceName: battery
03-21 20:46:35.306 25912 25912 W libbinder.BackendUnifiedServiceManager: Thread Pool max thread count is 0. Cannot cache binder as linkToDeath cannot be implemented. serviceName: deviceidle
03-21 20:46:35.330 25915 25915 W libbinder.BackendUnifiedServiceManager: Thread Pool max thread count is 0. Cannot cache binder as linkToDeath cannot be implemented. serviceName: activity
03-21 20:46:35.385 25924 25924 W libbinder.BackendUnifiedServiceManager: Thread Pool max thread count is 0. Cannot cache binder as linkToDeath cannot be implemented. serviceName: battery
03-21 20:46:35.522   625  2778 W libperfmgr: Failed to write to node: /dev/stune/top-app/schedtune.boost with value: 10, fd: -1
03-21 20:46:35.522   625  2778 W libperfmgr: Failed to write to node: /proc/sys/kernel/sched_boost with value: 0, fd: -1
03-21 20:46:35.710   844 25933 I resolv  : GetAddrInfoHandler::run: {102 102 102 983142 10399 0}
03-21 20:46:35.711   844 25934 I resolv  : res_nmkquery: (QUERY, IN, A)
03-21 20:46:35.720   844 25934 I resolv  : res_nsend: used send_dg 43 terrno: 0
03-21 20:46:35.720   844 25934 I resolv  : doQuery: rcode=0, ancount=1, return value=43
03-21 20:46:35.771 24797 24797 I ReactNativeJNI: Error occurred, shutting down websocket connection: WebSocket exception unexpected end of stream on http://localhost:8081/...
03-21 20:46:36.022   625  2778 W libperfmgr: Failed to write to node: /dev/stune/top-app/schedtune.boost with value: 10, fd: -1
03-21 20:46:36.022   625  2778 W libperfmgr: Failed to write to node: /proc/sys/kernel/sched_boost with value: 0, fd: -1
03-21 20:46:36.116   852  1094 I hwcomposer: [DRMDEV] (0) failed to waitNextVsync: -1  
03-21 20:46:36.121   852  1094 I hwcomposer: [DRMDEV] (0) failed to waitNextVsync: -1  
03-21 20:46:36.132   852  1094 I hwcomposer: [DRMDEV] (0) failed to waitNextVsync: -1  
03-21 20:46:36.143   852   992 I hwcomposer: [HWCDisplay] [Display_0 (type:1)] fps:0.130246,dur:15355.60,max:15202.98,min:152.62  
03-21 20:46:36.143   852  1094 I hwcomposer: [DRMDEV] (0) failed to waitNextVsync: -1  
03-21 20:46:36.238   852  1054 I hwcomposer: [HWC] (0)fire a callback of refresh to SF[4]  
03-21 20:46:36.243   881  2016 I WifiHAL : feature_set=0x8488141a
03-21 20:46:36.244  1587  1927 I HalDevMgr: bestIfaceCreationProposal is null, requestIface=STA, existingIface=[name=wlan0 type=STA]
03-21 20:46:36.253   625  2778 W libperfmgr: Failed to write to node: /dev/stune/top-app/schedtune.boost with value: 10, fd: -1
03-21 20:46:36.253   625  2778 W libperfmgr: Failed to write to node: /proc/sys/kernel/sched_boost with value: 0, fd: -1
03-21 20:46:36.319   625  2778 W libperfmgr: Failed to write to node: /dev/stune/top-app/schedtune.boost with value: 10, fd: -1
03-21 20:46:36.319   625  2778 W libperfmgr: Failed to write to node: /proc/sys/kernel/sched_boost with value: 0, fd: -1
03-21 20:46:36.820   625  2778 W libperfmgr: Failed to write to node: /dev/stune/top-app/schedtune.boost with value: 10, fd: -1
03-21 20:46:36.820   625  2778 W libperfmgr: Failed to write to node: /proc/sys/kernel/sched_boost with value: 0, fd: -1
03-21 20:46:37.320   625  2778 W libperfmgr: Failed to write to node: /dev/stune/top-app/schedtune.boost with value: 10, fd: -1
03-21 20:46:37.320   625  2778 W libperfmgr: Failed to write to node: /proc/sys/kernel/sched_boost with value: 0, fd: -1
03-21 20:46:37.729   844 25935 I resolv  : GetAddrInfoHandler::run: {102 102 102 983142 10399 0}
03-21 20:46:37.730   844 25936 I resolv  : res_nmkquery: (QUERY, IN, A)
03-21 20:46:37.741   844 25936 I resolv  : res_nsend: used send_dg 43 terrno: 0
03-21 20:46:37.741   844 25936 I resolv  : doQuery: rcode=0, ancount=1, return value=43
03-21 20:46:37.781 24797 24797 I ReactNativeJNI: Error occurred, shutting down websocket connection: WebSocket exception unexpected end of stream on http://localhost:8081/...
03-21 20:46:37.821   625  2778 W libperfmgr: Failed to write to node: /dev/stune/top-app/schedtune.boost with value: 10, fd: -1
03-21 20:46:37.821   625  2778 W libperfmgr: Failed to write to node: /proc/sys/kernel/sched_boost with value: 0, fd: -1
03-21 20:46:38.321   625  2778 W libperfmgr: Failed to write to node: /dev/stune/top-app/schedtune.boost with value: 10, fd: -1
03-21 20:46:38.321   625  2778 W libperfmgr: Failed to write to node: /proc/sys/kernel/sched_boost with value: 0, fd: -1
03-21 20:46:38.821   625  2778 W libperfmgr: Failed to write to node: /dev/stune/top-app/schedtune.boost with value: 10, fd: -1
03-21 20:46:38.821   625  2778 W libperfmgr: Failed to write to node: /proc/sys/kernel/sched_boost with value: 0, fd: -1
03-21 20:46:39.252   881  2016 I WifiHAL : feature_set=0x8488141a
03-21 20:46:39.252  1587  1927 I HalDevMgr: bestIfaceCreationProposal is null, requestIface=STA, existingIface=[name=wlan0 type=STA]
03-21 20:46:39.321   625  2778 W libperfmgr: Failed to write to node: /dev/stune/top-app/schedtune.boost with value: 10, fd: -1
03-21 20:46:39.322   625  2778 W libperfmgr: Failed to write to node: /proc/sys/kernel/sched_boost with value: 0, fd: -1
03-21 20:46:39.751   844 25937 I resolv  : GetAddrInfoHandler::run: {102 102 102 983142 10399 0}
03-21 20:46:39.752   844 25938 I resolv  : res_nmkquery: (QUERY, IN, A)
03-21 20:46:39.766   844 25938 I resolv  : res_nsend: used send_dg 43 terrno: 0
03-21 20:46:39.766   844 25938 I resolv  : doQuery: rcode=0, ancount=1, return value=43
03-21 20:46:39.790 24797 24797 I ReactNativeJNI: Error occurred, shutting down websocket connection: WebSocket exception unexpected end of stream on http://localhost:8081/...
03-21 20:46:39.822   625  2778 W libperfmgr: Failed to write to node: /dev/stune/top-app/schedtune.boost with value: 10, fd: -1
03-21 20:46:39.822   625  2778 W libperfmgr: Failed to write to node: /proc/sys/kernel/sched_boost with value: 0, fd: -1
03-21 20:46:40.322   625  2778 W libperfmgr: Failed to write to node: /dev/stune/top-app/schedtune.boost with value: 10, fd: -1
03-21 20:46:40.322   625  2778 W libperfmgr: Failed to write to node: /proc/sys/kernel/sched_boost with value: 0, fd: -1
03-21 20:46:40.822   625  2778 W libperfmgr: Failed to write to node: /dev/stune/top-app/schedtune.boost with value: 10, fd: -1
03-21 20:46:40.822   625  2778 W libperfmgr: Failed to write to node: /proc/sys/kernel/sched_boost with value: 0, fd: -1
03-21 20:46:41.323   625  2778 W libperfmgr: Failed to write to node: /dev/stune/top-app/schedtune.boost with value: 10, fd: -1
03-21 20:46:41.323   625  2778 W libperfmgr: Failed to write to node: /proc/sys/kernel/sched_boost with value: 0, fd: -1
03-21 20:46:41.604 25939 25939 W libbinder.BackendUnifiedServiceManager: Thread Pool max thread count is 0. Cannot cache binder as linkToDeath cannot be implemented. serviceName: deviceidle
03-21 20:46:41.623 25941 25941 W libbinder.BackendUnifiedServiceManager: Thread Pool max thread count is 0. Cannot cache binder as linkToDeath cannot be implemented. serviceName: battery
03-21 20:46:41.638 25943 25943 W libbinder.BackendUnifiedServiceManager: Thread Pool max thread count is 0. Cannot cache binder as linkToDeath cannot be implemented. serviceName: deviceidle
03-21 20:46:41.662 25946 25946 W libbinder.BackendUnifiedServiceManager: Thread Pool max thread count is 0. Cannot cache binder as linkToDeath cannot be implemented. serviceName: activity
03-21 20:46:41.716 25955 25955 W libbinder.BackendUnifiedServiceManager: Thread Pool max thread count is 0. Cannot cache binder as linkToDeath cannot be implemented. serviceName: battery
03-21 20:46:41.773   844 25964 I resolv  : GetAddrInfoHandler::run: {102 102 102 983142 10399 0}
03-21 20:46:41.774   844 25965 I resolv  : res_nmkquery: (QUERY, IN, A)
03-21 20:46:41.790   844 25965 I resolv  : res_nsend: used send_dg 43 terrno: 0
03-21 20:46:41.790   844 25965 I resolv  : doQuery: rcode=0, ancount=1, return value=43
03-21 20:46:41.797 24797 24797 I ReactNativeJNI: Error occurred, shutting down websocket connection: WebSocket exception unexpected end of stream on http://localhost:8081/...
03-21 20:46:41.823   625  2778 W libperfmgr: Failed to write to node: /dev/stune/top-app/schedtune.boost with value: 10, fd: -1
03-21 20:46:41.823   625  2778 W libperfmgr: Failed to write to node: /proc/sys/kernel/sched_boost with value: 0, fd: -1
03-21 20:46:42.266   881  2016 I WifiHAL : feature_set=0x8488141a
03-21 20:46:42.267  1587  1927 I HalDevMgr: bestIfaceCreationProposal is null, requestIface=STA, existingIface=[name=wlan0 type=STA]
03-21 20:46:42.323   625  2778 W libperfmgr: Failed to write to node: /dev/stune/top-app/schedtune.boost with value: 10, fd: -1
03-21 20:46:42.323   625  2778 W libperfmgr: Failed to write to node: /proc/sys/kernel/sched_boost with value: 0, fd: -1
03-21 20:46:42.823   625  2778 W libperfmgr: Failed to write to node: /dev/stune/top-app/schedtune.boost with value: 10, fd: -1
03-21 20:46:42.824   625  2778 W libperfmgr: Failed to write to node: /proc/sys/kernel/sched_boost with value: 0, fd: -1
03-21 20:46:43.324   625  2778 W libperfmgr: Failed to write to node: /dev/stune/top-app/schedtune.boost with value: 10, fd: -1
03-21 20:46:43.324   625  2778 W libperfmgr: Failed to write to node: /proc/sys/kernel/sched_boost with value: 0, fd: -1
03-21 20:46:43.805   844 25967 I resolv  : GetAddrInfoHandler::run: {102 102 102 983142 10399 0}
03-21 20:46:43.805   844 25968 I resolv  : GetAddrInfoHandler::run: {102 102 102 983142 10399 0}
03-21 20:46:43.806   844 25969 I resolv  : res_nmkquery: (QUERY, IN, A)
03-21 20:46:43.806   844 25970 I resolv  : res_nmkquery: (QUERY, IN, A)
03-21 20:46:43.806   844 25970 I resolv  : resolv_cache_lookup: Waiting for previous request
03-21 20:46:43.817   844 25969 I resolv  : res_nsend: used send_dg 43 terrno: 0
03-21 20:46:43.817   844 25969 I resolv  : doQuery: rcode=0, ancount=1, return value=43
03-21 20:46:43.822   844 25970 I resolv  : res_nsend: used send_dg 43 terrno: 0
03-21 20:46:43.822   844 25970 I resolv  : doQuery: rcode=0, ancount=1, return value=43
03-21 20:46:43.824   625  2778 W libperfmgr: Failed to write to node: /dev/stune/top-app/schedtune.boost with value: 10, fd: -1
03-21 20:46:43.824   625  2778 W libperfmgr: Failed to write to node: /proc/sys/kernel/sched_boost with value: 0, fd: -1
03-21 20:46:43.827 24797 24797 I ReactNativeJNI: Error occurred, shutting down websocket connection: WebSocket exception unexpected end of stream on http://localhost:8081/...
03-21 20:46:44.325   625  2778 W libperfmgr: Failed to write to node: /dev/stune/top-app/schedtune.boost with value: 10, fd: -1
03-21 20:46:44.325   625  2778 W libperfmgr: Failed to write to node: /proc/sys/kernel/sched_boost with value: 0, fd: -1
03-21 20:46:44.595  2458 24478 I AlarmManager: setExactAndAllowWhileIdle [name: GCM_HB_ALARM type: 2 triggerAtMillis: 14479540]
03-21 20:46:44.596  2458 24478 I AlarmManager: setExactAndAllowWhileIdle [name: GCM_HB_ALARM type: 2 triggerAtMillis: 14479541]
03-21 20:46:44.825   625  2778 W libperfmgr: Failed to write to node: /dev/stune/top-app/schedtune.boost with value: 10, fd: -1
03-21 20:46:44.825   625  2778 W libperfmgr: Failed to write to node: /proc/sys/kernel/sched_boost with value: 0, fd: -1
03-21 20:46:45.280   881  2016 I WifiHAL : feature_set=0x8488141a
03-21 20:46:45.281  1587  1927 I HalDevMgr: bestIfaceCreationProposal is null, requestIface=STA, existingIface=[name=wlan0 type=STA]
03-21 20:46:45.326   625  2778 W libperfmgr: Failed to write to node: /dev/stune/top-app/schedtune.boost with value: 10, fd: -1
03-21 20:46:45.326   625  2778 W libperfmgr: Failed to write to node: /proc/sys/kernel/sched_boost with value: 0, fd: -1
03-21 20:46:45.826   625  2778 W libperfmgr: Failed to write to node: /dev/stune/top-app/schedtune.boost with value: 10, fd: -1
03-21 20:46:45.826   625  2778 W libperfmgr: Failed to write to node: /proc/sys/kernel/sched_boost with value: 0, fd: -1
03-21 20:46:45.833   844 25972 I resolv  : GetAddrInfoHandler::run: {102 102 102 983142 10399 0}
03-21 20:46:45.835   844 25973 I resolv  : res_nmkquery: (QUERY, IN, A)
03-21 20:46:45.835   844 25974 I resolv  : GetAddrInfoHandler::run: {102 102 102 983142 10399 0}
03-21 20:46:45.836   844 25975 I resolv  : res_nmkquery: (QUERY, IN, A)
03-21 20:46:45.836   844 25975 I resolv  : resolv_cache_lookup: Waiting for previous request
03-21 20:46:45.843   844 25973 I resolv  : res_nsend: used send_dg 43 terrno: 0
03-21 20:46:45.843   844 25973 I resolv  : doQuery: rcode=0, ancount=1, return value=43
03-21 20:46:45.850 24797 24797 I ReactNativeJNI: Error occurred, shutting down websocket connection: WebSocket exception unexpected end of stream on http://localhost:8081/...
03-21 20:46:45.850   844 25975 I resolv  : res_nsend: used send_dg 43 terrno: 0
03-21 20:46:45.851   844 25975 I resolv  : doQuery: rcode=0, ancount=1, return value=43
03-21 20:46:46.326   625  2778 W libperfmgr: Failed to write to node: /dev/stune/top-app/schedtune.boost with value: 10, fd: -1
03-21 20:46:46.326   625  2778 W libperfmgr: Failed to write to node: /proc/sys/kernel/sched_boost with value: 0, fd: -1
03-21 20:46:46.355   852  1094 I hwcomposer: [DRMDEV] (0) failed to waitNextVsync: -1  
03-21 20:46:46.365   852  1094 I hwcomposer: [DRMDEV] (0) failed to waitNextVsync: -1  
03-21 20:46:46.377   852  1094 I hwcomposer: [DRMDEV] (0) failed to waitNextVsync: -1  
03-21 20:46:46.377   852   992 I hwcomposer: [HWCDisplay] [Display_0 (type:1)] fps:0.195435,dur:10233.56,max:10118.45,min:115.11  
03-21 20:46:46.522   852  1054 I hwcomposer: [HWC] (0)fire a callback of refresh to SF[4]  
03-21 20:46:46.527   625  2778 W libperfmgr: Failed to write to node: /dev/stune/top-app/schedtune.boost with value: 10, fd: -1
03-21 20:46:46.527   625  2778 W libperfmgr: Failed to write to node: /proc/sys/kernel/sched_boost with value: 0, fd: -1
03-21 20:46:46.603   625  2778 W libperfmgr: Failed to write to node: /dev/stune/top-app/schedtune.boost with value: 10, fd: -1
03-21 20:46:46.603   625  2778 W libperfmgr: Failed to write to node: /proc/sys/kernel/sched_boost with value: 0, fd: -1
03-21 20:46:47.104   625  2778 W libperfmgr: Failed to write to node: /dev/stune/top-app/schedtune.boost with value: 10, fd: -1
03-21 20:46:47.104   625  2778 W libperfmgr: Failed to write to node: /proc/sys/kernel/sched_boost with value: 0, fd: -1
03-21 20:46:47.605   625  2778 W libperfmgr: Failed to write to node: /dev/stune/top-app/schedtune.boost with value: 10, fd: -1
03-21 20:46:47.605   625  2778 W libperfmgr: Failed to write to node: /proc/sys/kernel/sched_boost with value: 0, fd: -1
03-21 20:46:47.859   844 25976 I resolv  : GetAddrInfoHandler::run: {102 102 102 983142 10399 0}
03-21 20:46:47.860   844 25977 I resolv  : GetAddrInfoHandler::run: {102 102 102 983142 10399 0}
03-21 20:46:47.860   844 25978 I resolv  : res_nmkquery: (QUERY, IN, A)
03-21 20:46:47.860   844 25979 I resolv  : res_nmkquery: (QUERY, IN, A)
03-21 20:46:47.860   844 25979 I resolv  : resolv_cache_lookup: Waiting for previous request
03-21 20:46:47.871   844 25978 I resolv  : res_nsend: used send_dg 43 terrno: 0
03-21 20:46:47.871   844 25978 I resolv  : doQuery: rcode=0, ancount=1, return value=43
03-21 20:46:47.876   844 25979 I resolv  : res_nsend: used send_dg 43 terrno: 0
03-21 20:46:47.876   844 25979 I resolv  : doQuery: rcode=0, ancount=1, return value=43
03-21 20:46:47.877 24797 24797 I ReactNativeJNI: Error occurred, shutting down websocket connection: WebSocket exception unexpected end of stream on http://localhost:8081/...
03-21 20:46:47.934 25980 25980 W libbinder.BackendUnifiedServiceManager: Thread Pool max thread count is 0. Cannot cache binder as linkToDeath cannot be implemented. serviceName: deviceidle
03-21 20:46:47.951 25982 25982 W libbinder.BackendUnifiedServiceManager: Thread Pool max thread count is 0. Cannot cache binder as linkToDeath cannot be implemented. serviceName: battery
03-21 20:46:47.967 25984 25984 W libbinder.BackendUnifiedServiceManager: Thread Pool max thread count is 0. Cannot cache binder as linkToDeath cannot be implemented. serviceName: deviceidle
03-21 20:46:47.992 25987 25987 W libbinder.BackendUnifiedServiceManager: Thread Pool max thread count is 0. Cannot cache binder as linkToDeath cannot be implemented. serviceName: activity
03-21 20:46:48.039 25996 25996 W libbinder.BackendUnifiedServiceManager: Thread Pool max thread count is 0. Cannot cache binder as linkToDeath cannot be implemented. serviceName: battery
03-21 20:46:48.105   625  2778 W libperfmgr: Failed to write to node: /dev/stune/top-app/schedtune.boost with value: 10, fd: -1
03-21 20:46:48.105   625  2778 W libperfmgr: Failed to write to node: /proc/sys/kernel/sched_boost with value: 0, fd: -1
03-21 20:46:48.287   881  2016 I WifiHAL : feature_set=0x8488141a
03-21 20:46:48.288  1587  1927 I HalDevMgr: bestIfaceCreationProposal is null, requestIface=STA, existingIface=[name=wlan0 type=STA]
03-21 20:46:48.605   625  2778 W libperfmgr: Failed to write to node: /dev/stune/top-app/schedtune.boost with value: 10, fd: -1
03-21 20:46:48.605   625  2778 W libperfmgr: Failed to write to node: /proc/sys/kernel/sched_boost with value: 0, fd: -1
03-21 20:46:49.106   625  2778 W libperfmgr: Failed to write to node: /dev/stune/top-app/schedtune.boost with value: 10, fd: -1
03-21 20:46:49.106   625  2778 W libperfmgr: Failed to write to node: /proc/sys/kernel/sched_boost with value: 0, fd: -1
03-21 20:46:49.606   625  2778 W libperfmgr: Failed to write to node: /dev/stune/top-app/schedtune.boost with value: 10, fd: -1
03-21 20:46:49.606   625  2778 W libperfmgr: Failed to write to node: /proc/sys/kernel/sched_boost with value: 0, fd: -1
03-21 20:46:49.883   844 26005 I resolv  : GetAddrInfoHandler::run: {102 102 102 983142 10399 0}
03-21 20:46:49.883   844 26006 I resolv  : res_nmkquery: (QUERY, IN, A)
03-21 20:46:49.887   844 26006 I resolv  : res_nsend: used send_dg 43 terrno: 0
03-21 20:46:49.887   844 26006 I resolv  : doQuery: rcode=0, ancount=1, return value=43
03-21 20:46:49.893 24797 24797 I ReactNativeJNI: Error occurred, shutting down websocket connection: WebSocket exception unexpected end of stream on http://localhost:8081/...
03-21 20:46:50.106   625  2778 W libperfmgr: Failed to write to node: /dev/stune/top-app/schedtune.boost with value: 10, fd: -1
03-21 20:46:50.106   625  2778 W libperfmgr: Failed to write to node: /proc/sys/kernel/sched_boost with value: 0, fd: -1
03-21 20:46:50.606   625  2778 W libperfmgr: Failed to write to node: /dev/stune/top-app/schedtune.boost with value: 10, fd: -1
03-21 20:46:50.606   625  2778 W libperfmgr: Failed to write to node: /proc/sys/kernel/sched_boost with value: 0, fd: -1
03-21 20:46:51.107   625  2778 W libperfmgr: Failed to write to node: /dev/stune/top-app/schedtune.boost with value: 10, fd: -1
03-21 20:46:51.107   625  2778 W libperfmgr: Failed to write to node: /proc/sys/kernel/sched_boost with value: 0, fd: -1
03-21 20:46:51.294   881  2016 I WifiHAL : feature_set=0x8488141a
03-21 20:46:51.295  1587  1927 I HalDevMgr: bestIfaceCreationProposal is null, requestIface=STA, existingIface=[name=wlan0 type=STA]
03-21 20:46:51.478   844   878 I netd    : networkAddUidRangesParcel(NativeUidRangeConfig{netId: 105, uidRanges: [UidRangeParcel{start: 0, stop: 2147483647}], subPriority: 999}) <0.34ms>
03-21 20:46:51.478   844   878 I netd    : networkRemoveUidRangesParcel(NativeUidRangeConfig{netId: 105, uidRanges: [UidRangeParcel{start: 0, stop: 2147483647}], subPriority: 999}) <0.26ms>
03-21 20:46:51.607   625  2778 W libperfmgr: Failed to write to node: /dev/stune/top-app/schedtune.boost with value: 10, fd: -1
03-21 20:46:51.607   625  2778 W libperfmgr: Failed to write to node: /proc/sys/kernel/sched_boost with value: 0, fd: -1
03-21 20:46:51.900   844 26007 I resolv  : GetAddrInfoHandler::run: {102 102 102 983142 10399 0}
03-21 20:46:51.901   844 26008 I resolv  : res_nmkquery: (QUERY, IN, A)
03-21 20:46:51.901   844 26009 I resolv  : GetAddrInfoHandler::run: {102 102 102 983142 10399 0}
03-21 20:46:51.902   844 26010 I resolv  : res_nmkquery: (QUERY, IN, A)
03-21 20:46:51.902   844 26010 I resolv  : resolv_cache_lookup: Waiting for previous request
03-21 20:46:51.912   844 26008 I resolv  : res_nsend: used send_dg 43 terrno: 0
03-21 20:46:51.912   844 26008 I resolv  : doQuery: rcode=0, ancount=1, return value=43
03-21 20:46:51.921   844 26010 I resolv  : res_nsend: used send_dg 43 terrno: 0
03-21 20:46:51.921   844 26010 I resolv  : doQuery: rcode=0, ancount=1, return value=43
03-21 20:46:51.927 24797 24797 I ReactNativeJNI: Error occurred, shutting down websocket connection: WebSocket exception unexpected end of stream on http://localhost:8081/...
03-21 20:46:51.983  2458 24325 I NearbySharing: Network state changed: NetworkState(isRestricted=false, isOnline=true, isCongested=false, isMetered=false, isWifiConnected=true)
03-21 20:46:52.107   625  2778 W libperfmgr: Failed to write to node: /dev/stune/top-app/schedtune.boost with value: 10, fd: -1
03-21 20:46:52.107   625  2778 W libperfmgr: Failed to write to node: /proc/sys/kernel/sched_boost with value: 0, fd: -1
03-21 20:46:52.608   625  2778 W libperfmgr: Failed to write to node: /dev/stune/top-app/schedtune.boost with value: 10, fd: -1
03-21 20:46:52.608   625  2778 W libperfmgr: Failed to write to node: /proc/sys/kernel/sched_boost with value: 0, fd: -1
03-21 20:46:53.108   625  2778 W libperfmgr: Failed to write to node: /dev/stune/top-app/schedtune.boost with value: 10, fd: -1
03-21 20:46:53.108   625  2778 W libperfmgr: Failed to write to node: /proc/sys/kernel/sched_boost with value: 0, fd: -1
03-21 20:46:53.220   852  1094 I hwcomposer: [DRMDEV] (0) failed to waitNextVsync: -1  
03-21 20:46:53.221  1587  1708 I DisplayPowerController[0]: BrightnessEvent: brt=8.54597E-4(5.0%), nits=3.4861262, lux=-1.0, reason=manual [ dim ], strat=FallbackBrightnessStrategy, state=ON, stateReason=DEFAULT_POLICY, policy=DIM, flags=, initBrt=1.0, rcmdBrt=NaN, preBrt=NaN, preLux=0.0, wasShortTermModelActive=false, autoBrightness=false (default), unclampedBrt=1.0, hbmMax=1.0, hbmMode=sunlight, thrmMax=1.0, rbcStrength=50, powerFactor=1.0, physDisp=Built-in Screen(local:4627039422300187648), logicalId=0, slowChange=false, rampSpeed=0.70472443
03-21 20:46:53.221   852  1094 I hwcomposer: [DRMDEV] (0) failed to waitNextVsync: -1  
03-21 20:46:53.608   625  2778 W libperfmgr: Failed to write to node: /dev/stune/top-app/schedtune.boost with value: 10, fd: -1
03-21 20:46:53.608   625  2778 W libperfmgr: Failed to write to node: /proc/sys/kernel/sched_boost with value: 0, fd: -1
03-21 20:46:53.923   844 26011 I resolv  : GetAddrInfoHandler::run: {102 102 102 983142 10399 0}
03-21 20:46:53.924   844 26012 I resolv  : res_nmkquery: (QUERY, IN, A)
03-21 20:46:53.932   844 26013 I resolv  : GetAddrInfoHandler::run: {102 102 102 983142 10399 0}
03-21 20:46:53.932   844 26014 I resolv  : res_nmkquery: (QUERY, IN, A)
03-21 20:46:53.932   844 26014 I resolv  : resolv_cache_lookup: Waiting for previous request
03-21 20:46:53.935   844 26012 I resolv  : res_nsend: used send_dg 43 terrno: 0
03-21 20:46:53.935   844 26012 I resolv  : doQuery: rcode=0, ancount=1, return value=43
03-21 20:46:53.940   844 26014 I resolv  : res_nsend: used send_dg 43 terrno: 0
03-21 20:46:53.941   844 26014 I resolv  : doQuery: rcode=0, ancount=1, return value=43
03-21 20:46:53.946 24797 24797 I ReactNativeJNI: Error occurred, shutting down websocket connection: WebSocket exception unexpected end of stream on http://localhost:8081/...
03-21 20:46:54.108   625  2778 W libperfmgr: Failed to write to node: /dev/stune/top-app/schedtune.boost with value: 10, fd: -1
03-21 20:46:54.108   625  2778 W libperfmgr: Failed to write to node: /proc/sys/kernel/sched_boost with value: 0, fd: -1
03-21 20:46:54.258 26015 26015 W libbinder.BackendUnifiedServiceManager: Thread Pool max thread count is 0. Cannot cache binder as linkToDeath cannot be implemented. serviceName: deviceidle
03-21 20:46:54.276 26017 26017 W libbinder.BackendUnifiedServiceManager: Thread Pool max thread count is 0. Cannot cache binder as linkToDeath cannot be implemented. serviceName: battery
03-21 20:46:54.291 26019 26019 W libbinder.BackendUnifiedServiceManager: Thread Pool max thread count is 0. Cannot cache binder as linkToDeath cannot be implemented. serviceName: deviceidle
03-21 20:46:54.302   881  2016 I WifiHAL : feature_set=0x8488141a
03-21 20:46:54.302  1587  1927 I HalDevMgr: bestIfaceCreationProposal is null, requestIface=STA, existingIface=[name=wlan0 type=STA]
03-21 20:46:54.316 26022 26022 W libbinder.BackendUnifiedServiceManager: Thread Pool max thread count is 0. Cannot cache binder as linkToDeath cannot be implemented. serviceName: activity
03-21 20:46:54.367 26031 26031 W libbinder.BackendUnifiedServiceManager: Thread Pool max thread count is 0. Cannot cache binder as linkToDeath cannot be implemented. serviceName: battery
03-21 20:46:54.609   625  2778 W libperfmgr: Failed to write to node: /dev/stune/top-app/schedtune.boost with value: 10, fd: -1
03-21 20:46:54.609   625  2778 W libperfmgr: Failed to write to node: /proc/sys/kernel/sched_boost with value: 0, fd: -1
03-21 20:46:55.109   625  2778 W libperfmgr: Failed to write to node: /dev/stune/top-app/schedtune.boost with value: 10, fd: -1
03-21 20:46:55.109   625  2778 W libperfmgr: Failed to write to node: /proc/sys/kernel/sched_boost with value: 0, fd: -1
03-21 20:46:55.278   852  1094 I hwcomposer: [DRMDEV] (0) failed to waitNextVsync: -1  
03-21 20:46:55.278  1587  1708 I DisplayPowerController[0]: BrightnessEvent: brt=1.0(100.0%), nits=700.0, lux=-1.0, reason=manual, strat=FallbackBrightnessStrategy, state=ON, stateReason=DEFAULT_POLICY, policy=BRIGHT, flags=, initBrt=8.54597E-4, rcmdBrt=NaN, preBrt=NaN, preLux=0.0, wasShortTermModelActive=false, autoBrightness=false (default), unclampedBrt=1.0, hbmMax=1.0, hbmMode=sunlight, thrmMax=1.0, rbcStrength=50, powerFactor=1.0, physDisp=Built-in Screen(local:4627039422300187648), logicalId=0, slowChange=false, rampSpeed=0.70472443
03-21 20:46:55.287   852  1094 I hwcomposer: [DRMDEV] (0) failed to waitNextVsync: -1  
03-21 20:46:55.299   852  1094 I hwcomposer: [DRMDEV] (0) failed to waitNextVsync: -1  
03-21 20:46:55.310   852  1094 I hwcomposer: [DRMDEV] (0) failed to waitNextVsync: -1  
03-21 20:46:55.321   852  1094 I hwcomposer: [DRMDEV] (0) failed to waitNextVsync: -1  
03-21 20:46:55.328  1587  1680 W libprocessgroup: SetCgroup::ExecuteForProcess: failed to open /dev/stune/top-app/cgroup.procs: No such file or directory
03-21 20:46:55.332   844   878 I netd    : tetherGetStats() -> {[]} <1.23ms>
03-21 20:46:55.360   852   992 I hwcomposer: [HWCDisplay] [Display_0 (type:1)] fps:0.222644,dur:8982.96,max:8827.64,min:155.32  
03-21 20:46:55.387   914   988 E surfaceflinger: == MALI DEBUG ===eglp_winsys_populate_image_templates ==12288
03-21 20:46:55.400   914   988 E surfaceflinger: == MALI DEBUG ===eglp_winsys_populate_image_templates ==12288
03-21 20:46:55.422   914   988 E surfaceflinger: == MALI DEBUG ===eglp_winsys_populate_image_templates ==12288
03-21 20:46:55.478   914   988 E surfaceflinger: == MALI DEBUG ===eglp_winsys_populate_image_templates ==12288
03-21 20:46:55.533   877   924 E Situation: processEvent, handle:26, flush_action:0
03-21 20:46:55.562  2034  2110 E QuickAccessWalletKeyguardQuickAffordanceConfig: Wallet card retrieval error, message: "null"
03-21 20:46:55.563  2034  2110 E QuickAccessWalletKeyguardQuickAffordanceConfig: Wallet card retrieval error, message: "null"
03-21 20:46:55.564  2034  2110 E QuickAccessWalletKeyguardQuickAffordanceConfig: Wallet card retrieval error, message: "null"
03-21 20:46:55.609   625  2778 W libperfmgr: Failed to write to node: /dev/stune/top-app/schedtune.boost with value: 10, fd: -1
03-21 20:46:55.609   625  2778 W libperfmgr: Failed to write to node: /proc/sys/kernel/sched_boost with value: 0, fd: -1
03-21 20:46:55.909  1587  1680 W libprocessgroup: SetCgroup::ExecuteForProcess: failed to open /dev/stune/top-app/cgroup.procs: No such file or directory
03-21 20:46:55.928   625  2778 W libperfmgr: Failed to write to node: /dev/stune/top-app/schedtune.boost with value: 50, fd: -1
03-21 20:46:55.929   625  2778 W libperfmgr: Failed to write to node: /proc/sys/kernel/sched_boost with value: 2, fd: -1
03-21 20:46:55.930  2034  2034 E NotifRow: Magnetic state changed from IDLE to IDLE on a null swiped listener, or the logging key of the listener is null
03-21 20:46:55.936  1151  1151 W android.hardwar: type=1400 audit(0.0:1418): avc:  denied  { read } for  name="u:object_r:system_prop:s0" dev="tmpfs" ino=9216 scontext=u:r:hal_fingerprint_default:s0 tcontext=u:object_r:system_prop:s0 tclass=file permissive=0
03-21 20:46:55.939  1151  1333 E [GF_HAL][gf_hal_milan]: [hal_milan_invoke_command] err=GF_SUCCESS, errno=0. reset g_hal_over_current_count to 0!
03-21 20:46:55.939  1151  1333 I [GF_HAL][gf_hal_milan]: [irq_pre_process] irq_type=[GF_IRQ_FINGER_DOWN_MASK], irq_type=0x0002
03-21 20:46:55.940  1151  1333 W libc    : Access denied finding property "sys.fp.miui.token"
03-21 20:46:55.940  1587  1910 I ImeTracker: com.rnat:3fe88815: onRequestHide at ORIGIN_SERVER reason HIDE_SAME_WINDOW_FOCUSED_WITHOUT_EDITOR fromUser false
03-21 20:46:55.941 24797 24797 I ImeTracker: com.rnat:3fe88815: onCancelled at PHASE_CLIENT_ALREADY_HIDDEN
03-21 20:46:55.942  3073  3073 I GoogleInputMethodService: GoogleInputMethodService.onFinishInput():2114 
03-21 20:46:55.942  3073  3073 I Module  : DeviceLockedStatusModuleProvider$Module.updateDeviceLockedStatus():103 repeatCheckTimes = 0, locked = false
03-21 20:46:55.943  3073  3073 I GoogleInputMethodService: GoogleInputMethodService.onStartInput():1385 onStartInput(EditorInfo{EditorInfo{packageName=com.rnat, inputType=0, inputTypeString=NULL, enableLearning=false, autoCorrection=false, autoComplete=false, imeOptions=0, privateImeOptions=null, actionName=UNSPECIFIED, actionLabel=null, initialSelStart=-1, initialSelEnd=-1, initialCapsMode=0, label=null, fieldId=0, fieldName=null, extras=null, hintText=null, hintLocales=[]}}, false)
03-21 20:46:55.943  3073  3073 I AndroidIME: LatinIMEBase.updateInputViewCoverNavigation():314 Update input view padding, extendsTouchBelowSpace=true, bottom inset=126
03-21 20:46:55.944  3073  3073 I Module  : DeviceLockedStatusModuleProvider$Module.updateDeviceLockedStatus():103 repeatCheckTimes = 1, locked = false
03-21 20:46:55.945  1587  8904 W PackageConfigPersister: App-specific configuration not found for packageName: com.rnat and userId: 0
03-21 20:46:55.951   844 26042 I resolv  : GetAddrInfoHandler::run: {102 102 102 983142 10399 0}
03-21 20:46:55.951   844 26043 I resolv  : res_nmkquery: (QUERY, IN, A)
03-21 20:46:55.953   844 26044 I resolv  : GetAddrInfoHandler::run: {102 102 102 983142 10399 0}
03-21 20:46:55.953   844 26045 I resolv  : res_nmkquery: (QUERY, IN, A)
03-21 20:46:55.953   844 26045 I resolv  : resolv_cache_lookup: Waiting for previous request
03-21 20:46:55.959   844 26043 I resolv  : res_nsend: used send_dg 43 terrno: 0
03-21 20:46:55.959   844 26043 I resolv  : doQuery: rcode=0, ancount=1, return value=43
03-21 20:46:55.964   844 26045 I resolv  : res_nsend: used send_dg 43 terrno: 0
03-21 20:46:55.964   844 26045 I resolv  : doQuery: rcode=0, ancount=1, return value=43
03-21 20:46:55.971 24797 24797 I ReactNativeJNI: Error occurred, shutting down websocket connection: WebSocket exception unexpected end of stream on http://localhost:8081/...
03-21 20:46:56.042   852  1054 I hwcomposer: [HWC] (0)fire a callback of refresh to SF[4]  
03-21 20:46:56.047   625  2778 W libperfmgr: Failed to write to node: /dev/stune/top-app/schedtune.boost with value: 50, fd: -1
03-21 20:46:56.047   625  2778 W libperfmgr: Failed to write to node: /proc/sys/kernel/sched_boost with value: 2, fd: -1
03-21 20:46:56.123   625  2778 W libperfmgr: Failed to write to node: /dev/stune/top-app/schedtune.boost with value: 50, fd: -1
03-21 20:46:56.123   625  2778 W libperfmgr: Failed to write to node: /proc/sys/kernel/sched_boost with value: 2, fd: -1
03-21 20:46:56.178   625  2778 W libperfmgr: Failed to write to node: /dev/stune/top-app/schedtune.boost with value: 10, fd: -1
03-21 20:46:56.178   625  2778 W libperfmgr: Failed to write to node: /proc/sys/kernel/sched_boost with value: 0, fd: -1
03-21 20:46:56.326  1151  1333 E [GF_HAL][gf_hal_milan]: [hal_milan_invoke_command] err=GF_SUCCESS, errno=0. reset g_hal_over_current_count to 0!
03-21 20:46:56.326  1151  1333 I [GF_HAL][gf_hal_milan]: [irq_pre_process] irq_type=[GF_IRQ_FINGER_UP_MASK], irq_type=0x0004
03-21 20:46:56.326  1151  1333 W libc    : Access denied finding property "sys.fp.miui.token"
03-21 20:46:56.324  1151  1151 W android.hardwar: type=1400 audit(0.0:1419): avc:  denied  { read } for  name="u:object_r:system_prop:s0" dev="tmpfs" ino=9216 scontext=u:r:hal_fingerprint_default:s0 tcontext=u:object_r:system_prop:s0 tclass=file permissive=0
03-21 20:46:56.429   625  2778 W libperfmgr: Failed to write to node: /dev/stune/top-app/schedtune.boost with value: 50, fd: -1
03-21 20:46:56.429   625  2778 W libperfmgr: Failed to write to node: /proc/sys/kernel/sched_boost with value: 2, fd: -1
03-21 20:46:56.429  2437  2437 I RotationButtonController: onRotationProposal(rotation=1)
03-21 20:46:56.433  1151  1333 E [GF_HAL][gf_hal_milan]: [hal_milan_invoke_command] err=GF_SUCCESS, errno=0. reset g_hal_over_current_count to 0!
03-21 20:46:56.433  1151  1333 I [GF_HAL][gf_hal_milan]: [irq_pre_process] irq_type=[GF_IRQ_FINGER_DOWN_MASK], irq_type=0x0002
03-21 20:46:56.433  1151  1333 W libc    : Access denied finding property "sys.fp.miui.token"
03-21 20:46:56.428  1151  1151 W android.hardwar: type=1400 audit(0.0:1420): avc:  denied  { read } for  name="u:object_r:system_prop:s0" dev="tmpfs" ino=9216 scontext=u:r:hal_fingerprint_default:s0 tcontext=u:object_r:system_prop:s0 tclass=file permissive=0
03-21 20:46:56.446   914   988 E surfaceflinger: == MALI DEBUG ===eglp_winsys_populate_image_templates ==12288
03-21 20:46:56.448   852   992 I hwcomposer: [HWCDisplay] [Display_0 (type:1)] fps:40.428097,dur:1088.35,max:398.98,min:10.78  
03-21 20:46:56.452   914   988 E surfaceflinger: == MALI DEBUG ===eglp_winsys_populate_image_templates ==12288
03-21 20:46:56.468   914   988 E surfaceflinger: == MALI DEBUG ===eglp_winsys_populate_image_templates ==12288
03-21 20:46:56.477   914   988 E surfaceflinger: == MALI DEBUG ===eglp_winsys_populate_image_templates ==12288
03-21 20:46:56.579   625  2778 W libperfmgr: Failed to write to node: /dev/stune/top-app/schedtune.boost with value: 10, fd: -1
03-21 20:46:56.579   625  2778 W libperfmgr: Failed to write to node: /proc/sys/kernel/sched_boost with value: 0, fd: -1
03-21 20:46:56.661  1151  1333 E [GF_HAL][gf_hal_milan]: [hal_milan_invoke_command] err=GF_SUCCESS, errno=0. reset g_hal_over_current_count to 0!
03-21 20:46:56.661  1151  1333 I [GF_HAL][gf_hal_milan]: [irq_pre_process] irq_type=[GF_IRQ_FINGER_UP_MASK], irq_type=0x0004
03-21 20:46:56.661  1151  1333 W libc    : Access denied finding property "sys.fp.miui.token"
03-21 20:46:56.656  1151  1151 W android.hardwar: type=1400 audit(0.0:1421): avc:  denied  { read } for  name="u:object_r:system_prop:s0" dev="tmpfs" ino=9216 scontext=u:r:hal_fingerprint_default:s0 tcontext=u:object_r:system_prop:s0 tclass=file permissive=0
03-21 20:46:56.931  1587  1680 W libprocessgroup: SetCgroup::ExecuteForProcess: failed to open /dev/stune/top-app/cgroup.procs: No such file or directory
03-21 20:46:56.982   914   988 E surfaceflinger: == MALI DEBUG ===eglp_winsys_populate_image_templates ==12288
03-21 20:46:56.988   625  2778 W libperfmgr: Failed to write to node: /dev/stune/top-app/schedtune.boost with value: 50, fd: -1
03-21 20:46:56.988   625  2778 W libperfmgr: Failed to write to node: /proc/sys/kernel/sched_boost with value: 2, fd: -1
03-21 20:46:56.996   914   988 E surfaceflinger: == MALI DEBUG ===eglp_winsys_populate_image_templates ==12288
03-21 20:46:57.009   914   988 E surfaceflinger: == MALI DEBUG ===eglp_winsys_populate_image_templates ==12288
03-21 20:46:57.056   914   988 E surfaceflinger: == MALI DEBUG ===eglp_winsys_populate_image_templates ==12288
03-21 20:46:57.125  2034  2110 E QuickAccessWalletKeyguardQuickAffordanceConfig: Wallet card retrieval error, message: "null"
03-21 20:46:57.126  2034  2110 E QuickAccessWalletKeyguardQuickAffordanceConfig: Wallet card retrieval error, message: "null"
03-21 20:46:57.126  2034  2110 E QuickAccessWalletKeyguardQuickAffordanceConfig: Wallet card retrieval error, message: "null"
03-21 20:46:57.239   625  2778 W libperfmgr: Failed to write to node: /dev/stune/top-app/schedtune.boost with value: 10, fd: -1
03-21 20:46:57.239   625  2778 W libperfmgr: Failed to write to node: /proc/sys/kernel/sched_boost with value: 0, fd: -1
03-21 20:46:57.317   881  2016 I WifiHAL : feature_set=0x8488141a
03-21 20:46:57.318  1587  1927 I HalDevMgr: bestIfaceCreationProposal is null, requestIface=STA, existingIface=[name=wlan0 type=STA]
03-21 20:46:57.459   852   992 I hwcomposer: [HWCDisplay] [Display_0 (type:1)] fps:90.021828,dur:1010.87,max:11.29,min:10.85  
03-21 20:46:57.739   625  2778 W libperfmgr: Failed to write to node: /dev/stune/top-app/schedtune.boost with value: 10, fd: -1
03-21 20:46:57.739   625  2778 W libperfmgr: Failed to write to node: /proc/sys/kernel/sched_boost with value: 0, fd: -1
03-21 20:46:57.973   844 26049 I resolv  : GetAddrInfoHandler::run: {102 102 102 983142 10399 0}
03-21 20:46:57.974   844 26050 I resolv  : res_nmkquery: (QUERY, IN, A)
03-21 20:46:57.978   844 26051 I resolv  : GetAddrInfoHandler::run: {102 102 102 983142 10399 0}
03-21 20:46:57.978   844 26052 I resolv  : res_nmkquery: (QUERY, IN, A)
03-21 20:46:57.978   844 26052 I resolv  : resolv_cache_lookup: Waiting for previous request
03-21 20:46:57.985   844 26050 I resolv  : res_nsend: used send_dg 43 terrno: 0
03-21 20:46:57.985   844 26050 I resolv  : doQuery: rcode=0, ancount=1, return value=43
03-21 20:46:57.989   844 26052 I resolv  : res_nsend: used send_dg 43 terrno: 0
03-21 20:46:57.989   844 26052 I resolv  : doQuery: rcode=0, ancount=1, return value=43
03-21 20:46:57.989   625  2778 W libperfmgr: Failed to write to node: /dev/stune/top-app/schedtune.boost with value: 50, fd: -1
03-21 20:46:57.989   625  2778 W libperfmgr: Failed to write to node: /proc/sys/kernel/sched_boost with value: 2, fd: -1
03-21 20:46:57.994 24797 24797 I ReactNativeJNI: Error occurred, shutting down websocket connection: WebSocket exception unexpected end of stream on http://localhost:8081/...
03-21 20:46:58.167  1587  1680 W libprocessgroup: SetCgroup::ExecuteForProcess: failed to open /dev/stune/top-app/cgroup.procs: No such file or directory
03-21 20:46:58.172  2034  2034 E NotifRow: Magnetic state changed from IDLE to IDLE on a null swiped listener, or the logging key of the listener is null
03-21 20:46:58.187   844   878 I netd    : tetherGetStats() -> {[]} <1.03ms>
03-21 20:46:58.194  1587  1910 I ImeTracker: com.rnat:c5b47c62: onRequestHide at ORIGIN_SERVER reason HIDE_SAME_WINDOW_FOCUSED_WITHOUT_EDITOR fromUser false
03-21 20:46:58.195 24797 24797 I ImeTracker: com.rnat:c5b47c62: onCancelled at PHASE_CLIENT_ALREADY_HIDDEN
03-21 20:46:58.195  3073  3073 I GoogleInputMethodService: GoogleInputMethodService.onFinishInput():2114 
03-21 20:46:58.196  3073  3073 I Module  : DeviceLockedStatusModuleProvider$Module.updateDeviceLockedStatus():103 repeatCheckTimes = 0, locked = false
03-21 20:46:58.196  3073  3073 I GoogleInputMethodService: GoogleInputMethodService.onStartInput():1385 onStartInput(EditorInfo{EditorInfo{packageName=com.rnat, inputType=0, inputTypeString=NULL, enableLearning=false, autoCorrection=false, autoComplete=false, imeOptions=0, privateImeOptions=null, actionName=UNSPECIFIED, actionLabel=null, initialSelStart=-1, initialSelEnd=-1, initialCapsMode=0, label=null, fieldId=0, fieldName=null, extras=null, hintText=null, hintLocales=[]}}, false)
03-21 20:46:58.196  3073  3073 I AndroidIME: LatinIMEBase.updateInputViewCoverNavigation():314 Update input view padding, extendsTouchBelowSpace=true, bottom inset=126
03-21 20:46:58.196  3073  3073 I Module  : DeviceLockedStatusModuleProvider$Module.updateDeviceLockedStatus():103 repeatCheckTimes = 1, locked = false
03-21 20:46:58.197  1587  3034 W PackageConfigPersister: App-specific configuration not found for packageName: com.rnat and userId: 0
03-21 20:46:58.240   625  2778 W libperfmgr: Failed to write to node: /dev/stune/top-app/schedtune.boost with value: 10, fd: -1
03-21 20:46:58.240   625  2778 W libperfmgr: Failed to write to node: /proc/sys/kernel/sched_boost with value: 0, fd: -1
03-21 20:46:58.470   852   992 I hwcomposer: [HWCDisplay] [Display_0 (type:1)] fps:89.033379,dur:1010.86,max:22.18,min:10.94  
03-21 20:46:58.740   625  2778 W libperfmgr: Failed to write to node: /dev/stune/top-app/schedtune.boost with value: 10, fd: -1
03-21 20:46:58.740   625  2778 W libperfmgr: Failed to write to node: /proc/sys/kernel/sched_boost with value: 0, fd: -1
03-21 20:46:59.240   625  2778 W libperfmgr: Failed to write to node: /dev/stune/top-app/schedtune.boost with value: 10, fd: -1
03-21 20:46:59.240   625  2778 W libperfmgr: Failed to write to node: /proc/sys/kernel/sched_boost with value: 0, fd: -1
03-21 20:46:59.480   852   992 I hwcomposer: [HWCDisplay] [Display_0 (type:1)] fps:90.028267,dur:1010.79,max:11.23,min:10.97  
03-21 20:46:59.740   625  2778 W libperfmgr: Failed to write to node: /dev/stune/top-app/schedtune.boost with value: 10, fd: -1
03-21 20:46:59.740   625  2778 W libperfmgr: Failed to write to node: /proc/sys/kernel/sched_boost with value: 0, fd: -1
03-21 20:46:59.997   844 26053 I resolv  : GetAddrInfoHandler::run: {102 102 102 983142 10399 0}
03-21 20:46:59.999   844 26054 I resolv  : res_nmkquery: (QUERY, IN, A)
03-21 20:47:00.001   844 26055 I resolv  : GetAddrInfoHandler::run: {102 102 102 983142 10399 0}
03-21 20:47:00.002   844 26056 I resolv  : res_nmkquery: (QUERY, IN, A)
03-21 20:47:00.002   844 26056 I resolv  : resolv_cache_lookup: Waiting for previous request
03-21 20:47:00.011   844 26054 I resolv  : res_nsend: used send_dg 43 terrno: 0
03-21 20:47:00.011   844 26054 I resolv  : doQuery: rcode=0, ancount=1, return value=43
03-21 20:47:00.016   844 26056 I resolv  : res_nsend: used send_dg 43 terrno: 0
03-21 20:47:00.016   844 26056 I resolv  : doQuery: rcode=0, ancount=1, return value=43
03-21 20:47:00.022 24797 24797 I ReactNativeJNI: Error occurred, shutting down websocket connection: WebSocket exception unexpected end of stream on http://localhost:8081/...
03-21 20:47:00.241   625  2778 W libperfmgr: Failed to write to node: /dev/stune/top-app/schedtune.boost with value: 10, fd: -1
03-21 20:47:00.241   625  2778 W libperfmgr: Failed to write to node: /proc/sys/kernel/sched_boost with value: 0, fd: -1
03-21 20:47:00.327   881  2016 I WifiHAL : feature_set=0x8488141a
03-21 20:47:00.328  1587  1927 I HalDevMgr: bestIfaceCreationProposal is null, requestIface=STA, existingIface=[name=wlan0 type=STA]
03-21 20:47:00.491   852   992 I hwcomposer: [HWCDisplay] [Display_0 (type:1)] fps:89.040306,dur:1010.78,max:22.26,min:10.98  
03-21 20:47:00.583 26057 26057 W libbinder.BackendUnifiedServiceManager: Thread Pool max thread count is 0. Cannot cache binder as linkToDeath cannot be implemented. serviceName: deviceidle
03-21 20:47:00.600 26059 26059 W libbinder.BackendUnifiedServiceManager: Thread Pool max thread count is 0. Cannot cache binder as linkToDeath cannot be implemented. serviceName: battery
03-21 20:47:00.627 26061 26061 W libbinder.BackendUnifiedServiceManager: Thread Pool max thread count is 0. Cannot cache binder as linkToDeath cannot be implemented. serviceName: deviceidle
03-21 20:47:00.658 26064 26064 W libbinder.BackendUnifiedServiceManager: Thread Pool max thread count is 0. Cannot cache binder as linkToDeath cannot be implemented. serviceName: activity
03-21 20:47:00.710 26073 26073 W libbinder.BackendUnifiedServiceManager: Thread Pool max thread count is 0. Cannot cache binder as linkToDeath cannot be implemented. serviceName: battery
03-21 20:47:00.741   625  2778 W libperfmgr: Failed to write to node: /dev/stune/top-app/schedtune.boost with value: 10, fd: -1
03-21 20:47:00.741   625  2778 W libperfmgr: Failed to write to node: /proc/sys/kernel/sched_boost with value: 0, fd: -1
03-21 20:47:00.886   852  1054 I hwcomposer: [HWC] (0)fire a callback of refresh to SF[4]  
03-21 20:47:00.900   625  2778 W libperfmgr: Failed to write to node: /dev/stune/top-app/schedtune.boost with value: 10, fd: -1
03-21 20:47:00.900   625  2778 W libperfmgr: Failed to write to node: /proc/sys/kernel/sched_boost with value: 0, fd: -1
