--------- beginning of main
03-21 23:54:33.620   623  2758 W libperfmgr: Failed to write to node: /dev/stune/top-app/schedtune.boost with value: 10, fd: -1
03-21 23:54:33.620   623  2758 W libperfmgr: Failed to write to node: /proc/sys/kernel/sched_boost with value: 0, fd: -1
03-21 23:54:34.120   623  2758 W libperfmgr: Failed to write to node: /dev/stune/top-app/schedtune.boost with value: 10, fd: -1
03-21 23:54:34.120   623  2758 W libperfmgr: Failed to write to node: /proc/sys/kernel/sched_boost with value: 0, fd: -1
03-21 23:54:34.620   623  2758 W libperfmgr: Failed to write to node: /dev/stune/top-app/schedtune.boost with value: 10, fd: -1
03-21 23:54:34.620   623  2758 W libperfmgr: Failed to write to node: /proc/sys/kernel/sched_boost with value: 0, fd: -1
03-21 23:54:34.856   868 19875 W C2BqBuffer: last successful dequeue was 728086795 us ago, 0 consecutive failures
03-21 23:54:35.120   623  2758 W libperfmgr: Failed to write to node: /dev/stune/top-app/schedtune.boost with value: 10, fd: -1
03-21 23:54:35.120   623  2758 W libperfmgr: Failed to write to node: /proc/sys/kernel/sched_boost with value: 0, fd: -1
03-21 23:54:35.621   623  2758 W libperfmgr: Failed to write to node: /dev/stune/top-app/schedtune.boost with value: 10, fd: -1
03-21 23:54:35.621   623  2758 W libperfmgr: Failed to write to node: /proc/sys/kernel/sched_boost with value: 0, fd: -1
03-21 23:54:36.121   623  2758 W libperfmgr: Failed to write to node: /dev/stune/top-app/schedtune.boost with value: 10, fd: -1
03-21 23:54:36.121   623  2758 W libperfmgr: Failed to write to node: /proc/sys/kernel/sched_boost with value: 0, fd: -1
03-21 23:54:36.621   623  2758 W libperfmgr: Failed to write to node: /dev/stune/top-app/schedtune.boost with value: 10, fd: -1
03-21 23:54:36.621   623  2758 W libperfmgr: Failed to write to node: /proc/sys/kernel/sched_boost with value: 0, fd: -1
03-21 23:54:36.978 27253 27253 W libbinder.BackendUnifiedServiceManager: Thread Pool max thread count is 0. Cannot cache binder as linkToDeath cannot be implemented. serviceName: deviceidle
03-21 23:54:37.061 27255 27255 W libbinder.BackendUnifiedServiceManager: Thread Pool max thread count is 0. Cannot cache binder as linkToDeath cannot be implemented. serviceName: battery
03-21 23:54:37.121   623  2758 W libperfmgr: Failed to write to node: /dev/stune/top-app/schedtune.boost with value: 10, fd: -1
03-21 23:54:37.121   623  2758 W libperfmgr: Failed to write to node: /proc/sys/kernel/sched_boost with value: 0, fd: -1
03-21 23:54:37.146 27257 27257 W libbinder.BackendUnifiedServiceManager: Thread Pool max thread count is 0. Cannot cache binder as linkToDeath cannot be implemented. serviceName: deviceidle
03-21 23:54:37.622   623  2758 W libperfmgr: Failed to write to node: /dev/stune/top-app/schedtune.boost with value: 10, fd: -1
03-21 23:54:37.622   623  2758 W libperfmgr: Failed to write to node: /proc/sys/kernel/sched_boost with value: 0, fd: -1
03-21 23:54:38.122   623  2758 W libperfmgr: Failed to write to node: /dev/stune/top-app/schedtune.boost with value: 10, fd: -1
03-21 23:54:38.122   623  2758 W libperfmgr: Failed to write to node: /proc/sys/kernel/sched_boost with value: 0, fd: -1
03-21 23:54:38.622   623  2758 W libperfmgr: Failed to write to node: /dev/stune/top-app/schedtune.boost with value: 10, fd: -1
03-21 23:54:38.622   623  2758 W libperfmgr: Failed to write to node: /proc/sys/kernel/sched_boost with value: 0, fd: -1
03-21 23:54:38.626  2220  2220 E SatelliteController: registerForSatelliteModemStateChanged: mSatelliteSessionController is not initialized yet
03-21 23:54:38.632  2220  2220 E SatelliteController: registerForSatelliteModemStateChanged: mSatelliteSessionController is not initialized yet
03-21 23:54:38.639  2220  2364 E SatelliteController: notifyNtnEligibility: mSatellitePhone is null
--------- beginning of system
03-21 23:54:38.656  1557  2282 W ContextImpl: Calling a method in the system process without a qualified user: android.app.ContextImpl.sendBroadcastMultiplePermissions:1358 android.content.Context.sendBroadcastMultiplePermissions:2796 com.android.server.TelephonyRegistry.broadcastServiceStateChanged:4172 com.android.server.TelephonyRegistry.notifyServiceStateForPhoneId:1848 com.android.internal.telephony.ITelephonyRegistry$Stub.onTransact:613 
03-21 23:54:38.660  1557  2282 W ContextImpl: Calling a method in the system process without a qualified user: android.app.ContextImpl.sendBroadcastMultiplePermissions:1391 com.android.server.TelephonyRegistry.broadcastServiceStateChanged:4177 com.android.server.TelephonyRegistry.notifyServiceStateForPhoneId:1848 com.android.internal.telephony.ITelephonyRegistry$Stub.onTransact:613 android.os.Binder.execTransactInternal:1473 
03-21 23:54:38.665  1557  2282 W ContextImpl: Calling a method in the system process without a qualified user: android.app.ContextImpl.sendBroadcastMultiplePermissions:1391 com.android.server.TelephonyRegistry.broadcastServiceStateChanged:4186 com.android.server.TelephonyRegistry.notifyServiceStateForPhoneId:1848 com.android.internal.telephony.ITelephonyRegistry$Stub.onTransact:613 android.os.Binder.execTransactInternal:1473 
03-21 23:54:38.669  1557  2282 W ContextImpl: Calling a method in the system process without a qualified user: android.app.ContextImpl.sendBroadcastMultiplePermissions:1391 com.android.server.TelephonyRegistry.broadcastServiceStateChanged:4192 com.android.server.TelephonyRegistry.notifyServiceStateForPhoneId:1848 com.android.internal.telephony.ITelephonyRegistry$Stub.onTransact:613 android.os.Binder.execTransactInternal:1473 
03-21 23:54:38.687  1557  1639 W libprocessgroup: SetCgroup::ExecuteForProcess: failed to open /dev/stune/background/cgroup.procs: No such file or directory
03-21 23:54:38.690   841   880 I netd    : tetherGetStats() -> {[]} <1.29ms>
03-21 23:54:38.727  2220  2220 I Telephony: TelecomAccountRegistry$TelecomAccountTelephonyCallback: TelecomAccountRegistry: onServiceStateChanged: newState=0, mServiceState=0
03-21 23:54:38.727  2220  2220 W Telephony: registerMmTelCapabilityCallback: registration failed, no ImsService available. Exception: code: 1
03-21 23:54:38.731  2220  2220 I Telephony: isRttCurrentlySupported -- regular acct, hasVoiceAvailability: false
03-21 23:54:38.731  2220  2220 I Telephony:  isRttSupported: false
03-21 23:54:38.731  2220  2220 I Telephony:  alwaysAllowWhileRoaming: false
03-21 23:54:38.731  2220  2220 I Telephony:  isRoaming: false
03-21 23:54:38.731  2220  2220 I Telephony:  isOnWfc: false
03-21 23:54:39.123   623  2758 W libperfmgr: Failed to write to node: /dev/stune/top-app/schedtune.boost with value: 10, fd: -1
03-21 23:54:39.123   623  2758 W libperfmgr: Failed to write to node: /proc/sys/kernel/sched_boost with value: 0, fd: -1
03-21 23:54:39.623   623  2758 W libperfmgr: Failed to write to node: /dev/stune/top-app/schedtune.boost with value: 10, fd: -1
03-21 23:54:39.623   623  2758 W libperfmgr: Failed to write to node: /proc/sys/kernel/sched_boost with value: 0, fd: -1
03-21 23:54:39.871   868 19875 W C2BqBuffer: last successful dequeue was 733101409 us ago, 0 consecutive failures
03-21 23:54:40.123   623  2758 W libperfmgr: Failed to write to node: /dev/stune/top-app/schedtune.boost with value: 10, fd: -1
03-21 23:54:40.123   623  2758 W libperfmgr: Failed to write to node: /proc/sys/kernel/sched_boost with value: 0, fd: -1
03-21 23:54:40.623   623  2758 W libperfmgr: Failed to write to node: /dev/stune/top-app/schedtune.boost with value: 10, fd: -1
03-21 23:54:40.623   623  2758 W libperfmgr: Failed to write to node: /proc/sys/kernel/sched_boost with value: 0, fd: -1
03-21 23:54:41.124   623  2758 W libperfmgr: Failed to write to node: /dev/stune/top-app/schedtune.boost with value: 10, fd: -1
03-21 23:54:41.124   623  2758 W libperfmgr: Failed to write to node: /proc/sys/kernel/sched_boost with value: 0, fd: -1
03-21 23:54:41.624   623  2758 W libperfmgr: Failed to write to node: /dev/stune/top-app/schedtune.boost with value: 10, fd: -1
03-21 23:54:41.624   623  2758 W libperfmgr: Failed to write to node: /proc/sys/kernel/sched_boost with value: 0, fd: -1
03-21 23:54:42.124   623  2758 W libperfmgr: Failed to write to node: /dev/stune/top-app/schedtune.boost with value: 10, fd: -1
03-21 23:54:42.124   623  2758 W libperfmgr: Failed to write to node: /proc/sys/kernel/sched_boost with value: 0, fd: -1
03-21 23:54:42.625   623  2758 W libperfmgr: Failed to write to node: /dev/stune/top-app/schedtune.boost with value: 10, fd: -1
03-21 23:54:42.625   623  2758 W libperfmgr: Failed to write to node: /proc/sys/kernel/sched_boost with value: 0, fd: -1
03-21 23:54:43.125   623  2758 W libperfmgr: Failed to write to node: /dev/stune/top-app/schedtune.boost with value: 10, fd: -1
03-21 23:54:43.125   623  2758 W libperfmgr: Failed to write to node: /proc/sys/kernel/sched_boost with value: 0, fd: -1
03-21 23:54:43.232 27259 27259 W libbinder.BackendUnifiedServiceManager: Thread Pool max thread count is 0. Cannot cache binder as linkToDeath cannot be implemented. serviceName: deviceidle
03-21 23:54:43.316 27261 27261 W libbinder.BackendUnifiedServiceManager: Thread Pool max thread count is 0. Cannot cache binder as linkToDeath cannot be implemented. serviceName: battery
03-21 23:54:43.400 27263 27263 W libbinder.BackendUnifiedServiceManager: Thread Pool max thread count is 0. Cannot cache binder as linkToDeath cannot be implemented. serviceName: deviceidle
03-21 23:54:43.625   623  2758 W libperfmgr: Failed to write to node: /dev/stune/top-app/schedtune.boost with value: 10, fd: -1
03-21 23:54:43.625   623  2758 W libperfmgr: Failed to write to node: /proc/sys/kernel/sched_boost with value: 0, fd: -1
03-21 23:54:44.125   623  2758 W libperfmgr: Failed to write to node: /dev/stune/top-app/schedtune.boost with value: 10, fd: -1
03-21 23:54:44.125   623  2758 W libperfmgr: Failed to write to node: /proc/sys/kernel/sched_boost with value: 0, fd: -1
03-21 23:54:44.626   623  2758 W libperfmgr: Failed to write to node: /dev/stune/top-app/schedtune.boost with value: 10, fd: -1
03-21 23:54:44.626   623  2758 W libperfmgr: Failed to write to node: /proc/sys/kernel/sched_boost with value: 0, fd: -1
03-21 23:54:44.884   868 19875 W C2BqBuffer: last successful dequeue was 738114903 us ago, 0 consecutive failures
03-21 23:54:45.126   623  2758 W libperfmgr: Failed to write to node: /dev/stune/top-app/schedtune.boost with value: 10, fd: -1
03-21 23:54:45.126   623  2758 W libperfmgr: Failed to write to node: /proc/sys/kernel/sched_boost with value: 0, fd: -1
03-21 23:54:45.626   623  2758 W libperfmgr: Failed to write to node: /dev/stune/top-app/schedtune.boost with value: 10, fd: -1
03-21 23:54:45.626   623  2758 W libperfmgr: Failed to write to node: /proc/sys/kernel/sched_boost with value: 0, fd: -1
03-21 23:54:46.126   623  2758 W libperfmgr: Failed to write to node: /dev/stune/top-app/schedtune.boost with value: 10, fd: -1
03-21 23:54:46.127   623  2758 W libperfmgr: Failed to write to node: /proc/sys/kernel/sched_boost with value: 0, fd: -1
03-21 23:54:46.627   623  2758 W libperfmgr: Failed to write to node: /dev/stune/top-app/schedtune.boost with value: 10, fd: -1
03-21 23:54:46.627   623  2758 W libperfmgr: Failed to write to node: /proc/sys/kernel/sched_boost with value: 0, fd: -1
03-21 23:54:47.127   623  2758 W libperfmgr: Failed to write to node: /dev/stune/top-app/schedtune.boost with value: 10, fd: -1
03-21 23:54:47.127   623  2758 W libperfmgr: Failed to write to node: /proc/sys/kernel/sched_boost with value: 0, fd: -1
03-21 23:54:47.627   623  2758 W libperfmgr: Failed to write to node: /dev/stune/top-app/schedtune.boost with value: 10, fd: -1
03-21 23:54:47.627   623  2758 W libperfmgr: Failed to write to node: /proc/sys/kernel/sched_boost with value: 0, fd: -1
03-21 23:54:47.755   872   934 W AString : ctor got NULL, using empty string instead
03-21 23:54:47.756   872   934 I Gyroscope: write temp cali: [51, 1800, 2374, -50745, -24859, -148944]
03-21 23:54:48.128   623  2758 W libperfmgr: Failed to write to node: /dev/stune/top-app/schedtune.boost with value: 10, fd: -1
03-21 23:54:48.128   623  2758 W libperfmgr: Failed to write to node: /proc/sys/kernel/sched_boost with value: 0, fd: -1
03-21 23:54:48.628   623  2758 W libperfmgr: Failed to write to node: /dev/stune/top-app/schedtune.boost with value: 10, fd: -1
03-21 23:54:48.628   623  2758 W libperfmgr: Failed to write to node: /proc/sys/kernel/sched_boost with value: 0, fd: -1
03-21 23:54:49.128   623  2758 W libperfmgr: Failed to write to node: /dev/stune/top-app/schedtune.boost with value: 10, fd: -1
03-21 23:54:49.128   623  2758 W libperfmgr: Failed to write to node: /proc/sys/kernel/sched_boost with value: 0, fd: -1
03-21 23:54:49.486 27266 27266 W libbinder.BackendUnifiedServiceManager: Thread Pool max thread count is 0. Cannot cache binder as linkToDeath cannot be implemented. serviceName: deviceidle
03-21 23:54:49.572 27268 27268 W libbinder.BackendUnifiedServiceManager: Thread Pool max thread count is 0. Cannot cache binder as linkToDeath cannot be implemented. serviceName: battery
03-21 23:54:49.628   623  2758 W libperfmgr: Failed to write to node: /dev/stune/top-app/schedtune.boost with value: 10, fd: -1
03-21 23:54:49.628   623  2758 W libperfmgr: Failed to write to node: /proc/sys/kernel/sched_boost with value: 0, fd: -1
03-21 23:54:49.656 27270 27270 W libbinder.BackendUnifiedServiceManager: Thread Pool max thread count is 0. Cannot cache binder as linkToDeath cannot be implemented. serviceName: deviceidle
03-21 23:54:49.897   868 19875 W C2BqBuffer: last successful dequeue was 743127330 us ago, 0 consecutive failures
03-21 23:54:50.129   623  2758 W libperfmgr: Failed to write to node: /dev/stune/top-app/schedtune.boost with value: 10, fd: -1
03-21 23:54:50.129   623  2758 W libperfmgr: Failed to write to node: /proc/sys/kernel/sched_boost with value: 0, fd: -1
03-21 23:54:50.629   623  2758 W libperfmgr: Failed to write to node: /dev/stune/top-app/schedtune.boost with value: 10, fd: -1
03-21 23:54:50.629   623  2758 W libperfmgr: Failed to write to node: /proc/sys/kernel/sched_boost with value: 0, fd: -1
03-21 23:54:50.970 23851 23851 W writeFileQueue: type=1400 audit(0.0:1510): avc:  denied  { relabelfrom } for  name="-5323775035170296750_121.jpg" dev="dm-41" ino=60084 scontext=u:r:untrusted_app:s0:c120,c257,c512,c768 tcontext=u:object_r:media_rw_data_file:s0:c120,c257,c512,c768 tclass=file permissive=0 app=com.radolyn.ayugram
03-21 23:54:51.129   623  2758 W libperfmgr: Failed to write to node: /dev/stune/top-app/schedtune.boost with value: 10, fd: -1
03-21 23:54:51.129   623  2758 W libperfmgr: Failed to write to node: /proc/sys/kernel/sched_boost with value: 0, fd: -1
03-21 23:54:51.630   623  2758 W libperfmgr: Failed to write to node: /dev/stune/top-app/schedtune.boost with value: 10, fd: -1
03-21 23:54:51.630   623  2758 W libperfmgr: Failed to write to node: /proc/sys/kernel/sched_boost with value: 0, fd: -1
03-21 23:54:52.130   623  2758 W libperfmgr: Failed to write to node: /dev/stune/top-app/schedtune.boost with value: 10, fd: -1
03-21 23:54:52.130   623  2758 W libperfmgr: Failed to write to node: /proc/sys/kernel/sched_boost with value: 0, fd: -1
03-21 23:54:52.630   623  2758 W libperfmgr: Failed to write to node: /dev/stune/top-app/schedtune.boost with value: 10, fd: -1
03-21 23:54:52.630   623  2758 W libperfmgr: Failed to write to node: /proc/sys/kernel/sched_boost with value: 0, fd: -1
03-21 23:54:53.130   623  2758 W libperfmgr: Failed to write to node: /dev/stune/top-app/schedtune.boost with value: 10, fd: -1
03-21 23:54:53.130   623  2758 W libperfmgr: Failed to write to node: /proc/sys/kernel/sched_boost with value: 0, fd: -1
03-21 23:54:53.366 23851 23851 W writeFileQueue: type=1400 audit(0.0:1511): avc:  denied  { relabelfrom } for  name="-5330066165826524611_121.jpg" dev="dm-41" ino=60257 scontext=u:r:untrusted_app:s0:c120,c257,c512,c768 tcontext=u:object_r:media_rw_data_file:s0:c120,c257,c512,c768 tclass=file permissive=0 app=com.radolyn.ayugram
03-21 23:54:53.631   623  2758 W libperfmgr: Failed to write to node: /dev/stune/top-app/schedtune.boost with value: 10, fd: -1
03-21 23:54:53.631   623  2758 W libperfmgr: Failed to write to node: /proc/sys/kernel/sched_boost with value: 0, fd: -1
03-21 23:54:54.131   623  2758 W libperfmgr: Failed to write to node: /dev/stune/top-app/schedtune.boost with value: 10, fd: -1
03-21 23:54:54.131   623  2758 W libperfmgr: Failed to write to node: /proc/sys/kernel/sched_boost with value: 0, fd: -1
03-21 23:54:54.631   623  2758 W libperfmgr: Failed to write to node: /dev/stune/top-app/schedtune.boost with value: 10, fd: -1
03-21 23:54:54.631   623  2758 W libperfmgr: Failed to write to node: /proc/sys/kernel/sched_boost with value: 0, fd: -1
03-21 23:54:54.912   868 19875 W C2BqBuffer: last successful dequeue was 748142277 us ago, 0 consecutive failures
03-21 23:54:55.132   623  2758 W libperfmgr: Failed to write to node: /dev/stune/top-app/schedtune.boost with value: 10, fd: -1
03-21 23:54:55.132   623  2758 W libperfmgr: Failed to write to node: /proc/sys/kernel/sched_boost with value: 0, fd: -1
03-21 23:54:55.632   623  2758 W libperfmgr: Failed to write to node: /dev/stune/top-app/schedtune.boost with value: 10, fd: -1
03-21 23:54:55.632   623  2758 W libperfmgr: Failed to write to node: /proc/sys/kernel/sched_boost with value: 0, fd: -1
03-21 23:54:55.743 27272 27272 W libbinder.BackendUnifiedServiceManager: Thread Pool max thread count is 0. Cannot cache binder as linkToDeath cannot be implemented. serviceName: deviceidle
03-21 23:54:55.828 27274 27274 W libbinder.BackendUnifiedServiceManager: Thread Pool max thread count is 0. Cannot cache binder as linkToDeath cannot be implemented. serviceName: battery
03-21 23:54:55.916 27276 27276 W libbinder.BackendUnifiedServiceManager: Thread Pool max thread count is 0. Cannot cache binder as linkToDeath cannot be implemented. serviceName: deviceidle
03-21 23:54:56.132   623  2758 W libperfmgr: Failed to write to node: /dev/stune/top-app/schedtune.boost with value: 10, fd: -1
03-21 23:54:56.132   623  2758 W libperfmgr: Failed to write to node: /proc/sys/kernel/sched_boost with value: 0, fd: -1
03-21 23:54:56.632   623  2758 W libperfmgr: Failed to write to node: /dev/stune/top-app/schedtune.boost with value: 10, fd: -1
03-21 23:54:56.632   623  2758 W libperfmgr: Failed to write to node: /proc/sys/kernel/sched_boost with value: 0, fd: -1
03-21 23:54:56.660  2441 26152 I .gms.persistent: Explicit concurrent mark compact GC freed 13MB AllocSpace bytes, 9(456KB) LOS objects, 49% free, 21MB/43MB, paused 2.909ms,17.345ms total 826.673ms
03-21 23:54:57.133   623  2758 W libperfmgr: Failed to write to node: /dev/stune/top-app/schedtune.boost with value: 10, fd: -1
03-21 23:54:57.133   623  2758 W libperfmgr: Failed to write to node: /proc/sys/kernel/sched_boost with value: 0, fd: -1
03-21 23:54:57.633   623  2758 W libperfmgr: Failed to write to node: /dev/stune/top-app/schedtune.boost with value: 10, fd: -1
03-21 23:54:57.633   623  2758 W libperfmgr: Failed to write to node: /proc/sys/kernel/sched_boost with value: 0, fd: -1
03-21 23:54:58.133   623  2758 W libperfmgr: Failed to write to node: /dev/stune/top-app/schedtune.boost with value: 10, fd: -1
03-21 23:54:58.133   623  2758 W libperfmgr: Failed to write to node: /proc/sys/kernel/sched_boost with value: 0, fd: -1
03-21 23:54:58.633   623  2758 W libperfmgr: Failed to write to node: /dev/stune/top-app/schedtune.boost with value: 10, fd: -1
03-21 23:54:58.634   623  2758 W libperfmgr: Failed to write to node: /proc/sys/kernel/sched_boost with value: 0, fd: -1
03-21 23:54:59.134   623  2758 W libperfmgr: Failed to write to node: /dev/stune/top-app/schedtune.boost with value: 10, fd: -1
03-21 23:54:59.134   623  2758 W libperfmgr: Failed to write to node: /proc/sys/kernel/sched_boost with value: 0, fd: -1
03-21 23:54:59.634   623  2758 W libperfmgr: Failed to write to node: /dev/stune/top-app/schedtune.boost with value: 10, fd: -1
03-21 23:54:59.634   623  2758 W libperfmgr: Failed to write to node: /proc/sys/kernel/sched_boost with value: 0, fd: -1
03-21 23:54:59.927   868 19875 W C2BqBuffer: last successful dequeue was 753158024 us ago, 0 consecutive failures
03-21 23:55:00.134   623  2758 W libperfmgr: Failed to write to node: /dev/stune/top-app/schedtune.boost with value: 10, fd: -1
03-21 23:55:00.134   623  2758 W libperfmgr: Failed to write to node: /proc/sys/kernel/sched_boost with value: 0, fd: -1
03-21 23:55:00.635   623  2758 W libperfmgr: Failed to write to node: /dev/stune/top-app/schedtune.boost with value: 10, fd: -1
03-21 23:55:00.635   623  2758 W libperfmgr: Failed to write to node: /proc/sys/kernel/sched_boost with value: 0, fd: -1
03-21 23:55:01.135   623  2758 W libperfmgr: Failed to write to node: /dev/stune/top-app/schedtune.boost with value: 10, fd: -1
03-21 23:55:01.135   623  2758 W libperfmgr: Failed to write to node: /proc/sys/kernel/sched_boost with value: 0, fd: -1
03-21 23:55:01.635   623  2758 W libperfmgr: Failed to write to node: /dev/stune/top-app/schedtune.boost with value: 10, fd: -1
03-21 23:55:01.635   623  2758 W libperfmgr: Failed to write to node: /proc/sys/kernel/sched_boost with value: 0, fd: -1
03-21 23:55:02.001 27279 27279 W libbinder.BackendUnifiedServiceManager: Thread Pool max thread count is 0. Cannot cache binder as linkToDeath cannot be implemented. serviceName: deviceidle
03-21 23:55:02.087 27281 27281 W libbinder.BackendUnifiedServiceManager: Thread Pool max thread count is 0. Cannot cache binder as linkToDeath cannot be implemented. serviceName: battery
03-21 23:55:02.135   623  2758 W libperfmgr: Failed to write to node: /dev/stune/top-app/schedtune.boost with value: 10, fd: -1
03-21 23:55:02.136   623  2758 W libperfmgr: Failed to write to node: /proc/sys/kernel/sched_boost with value: 0, fd: -1
03-21 23:55:02.172 27283 27283 W libbinder.BackendUnifiedServiceManager: Thread Pool max thread count is 0. Cannot cache binder as linkToDeath cannot be implemented. serviceName: deviceidle
03-21 23:55:02.636   623  2758 W libperfmgr: Failed to write to node: /dev/stune/top-app/schedtune.boost with value: 10, fd: -1
03-21 23:55:02.636   623  2758 W libperfmgr: Failed to write to node: /proc/sys/kernel/sched_boost with value: 0, fd: -1
03-21 23:55:03.136   623  2758 W libperfmgr: Failed to write to node: /dev/stune/top-app/schedtune.boost with value: 10, fd: -1
03-21 23:55:03.136   623  2758 W libperfmgr: Failed to write to node: /proc/sys/kernel/sched_boost with value: 0, fd: -1
03-21 23:55:03.636   623  2758 W libperfmgr: Failed to write to node: /dev/stune/top-app/schedtune.boost with value: 10, fd: -1
03-21 23:55:03.636   623  2758 W libperfmgr: Failed to write to node: /proc/sys/kernel/sched_boost with value: 0, fd: -1
03-21 23:55:04.137   623  2758 W libperfmgr: Failed to write to node: /dev/stune/top-app/schedtune.boost with value: 10, fd: -1
03-21 23:55:04.137   623  2758 W libperfmgr: Failed to write to node: /proc/sys/kernel/sched_boost with value: 0, fd: -1
03-21 23:55:04.637   623  2758 W libperfmgr: Failed to write to node: /dev/stune/top-app/schedtune.boost with value: 10, fd: -1
03-21 23:55:04.637   623  2758 W libperfmgr: Failed to write to node: /proc/sys/kernel/sched_boost with value: 0, fd: -1
03-21 23:55:04.941   868 19875 W C2BqBuffer: last successful dequeue was 758171730 us ago, 0 consecutive failures
03-21 23:55:05.137   623  2758 W libperfmgr: Failed to write to node: /dev/stune/top-app/schedtune.boost with value: 10, fd: -1
03-21 23:55:05.137   623  2758 W libperfmgr: Failed to write to node: /proc/sys/kernel/sched_boost with value: 0, fd: -1
03-21 23:55:05.637   623  2758 W libperfmgr: Failed to write to node: /dev/stune/top-app/schedtune.boost with value: 10, fd: -1
03-21 23:55:05.638   623  2758 W libperfmgr: Failed to write to node: /proc/sys/kernel/sched_boost with value: 0, fd: -1
03-21 23:55:06.138   623  2758 W libperfmgr: Failed to write to node: /dev/stune/top-app/schedtune.boost with value: 10, fd: -1
03-21 23:55:06.138   623  2758 W libperfmgr: Failed to write to node: /proc/sys/kernel/sched_boost with value: 0, fd: -1
03-21 23:55:06.638   623  2758 W libperfmgr: Failed to write to node: /dev/stune/top-app/schedtune.boost with value: 10, fd: -1
03-21 23:55:06.638   623  2758 W libperfmgr: Failed to write to node: /proc/sys/kernel/sched_boost with value: 0, fd: -1
03-21 23:55:07.138   623  2758 W libperfmgr: Failed to write to node: /dev/stune/top-app/schedtune.boost with value: 10, fd: -1
03-21 23:55:07.138   623  2758 W libperfmgr: Failed to write to node: /proc/sys/kernel/sched_boost with value: 0, fd: -1
03-21 23:55:07.639   623  2758 W libperfmgr: Failed to write to node: /dev/stune/top-app/schedtune.boost with value: 10, fd: -1
03-21 23:55:07.639   623  2758 W libperfmgr: Failed to write to node: /proc/sys/kernel/sched_boost with value: 0, fd: -1
03-21 23:55:08.139   623  2758 W libperfmgr: Failed to write to node: /dev/stune/top-app/schedtune.boost with value: 10, fd: -1
03-21 23:55:08.139   623  2758 W libperfmgr: Failed to write to node: /proc/sys/kernel/sched_boost with value: 0, fd: -1
03-21 23:55:08.257 27285 27285 W libbinder.BackendUnifiedServiceManager: Thread Pool max thread count is 0. Cannot cache binder as linkToDeath cannot be implemented. serviceName: deviceidle
03-21 23:55:08.342 27287 27287 W libbinder.BackendUnifiedServiceManager: Thread Pool max thread count is 0. Cannot cache binder as linkToDeath cannot be implemented. serviceName: battery
03-21 23:55:08.427 27289 27289 W libbinder.BackendUnifiedServiceManager: Thread Pool max thread count is 0. Cannot cache binder as linkToDeath cannot be implemented. serviceName: deviceidle
03-21 23:55:08.639   623  2758 W libperfmgr: Failed to write to node: /dev/stune/top-app/schedtune.boost with value: 10, fd: -1
03-21 23:55:08.639   623  2758 W libperfmgr: Failed to write to node: /proc/sys/kernel/sched_boost with value: 0, fd: -1
03-21 23:55:09.139   623  2758 W libperfmgr: Failed to write to node: /dev/stune/top-app/schedtune.boost with value: 10, fd: -1
03-21 23:55:09.140   623  2758 W libperfmgr: Failed to write to node: /proc/sys/kernel/sched_boost with value: 0, fd: -1
03-21 23:55:09.640   623  2758 W libperfmgr: Failed to write to node: /dev/stune/top-app/schedtune.boost with value: 10, fd: -1
03-21 23:55:09.640   623  2758 W libperfmgr: Failed to write to node: /proc/sys/kernel/sched_boost with value: 0, fd: -1
03-21 23:55:09.954   868 19875 W C2BqBuffer: last successful dequeue was 763184893 us ago, 0 consecutive failures
03-21 23:55:10.140   623  2758 W libperfmgr: Failed to write to node: /dev/stune/top-app/schedtune.boost with value: 10, fd: -1
03-21 23:55:10.140   623  2758 W libperfmgr: Failed to write to node: /proc/sys/kernel/sched_boost with value: 0, fd: -1
03-21 23:55:10.640   623  2758 W libperfmgr: Failed to write to node: /dev/stune/top-app/schedtune.boost with value: 10, fd: -1
03-21 23:55:10.640   623  2758 W libperfmgr: Failed to write to node: /proc/sys/kernel/sched_boost with value: 0, fd: -1
03-21 23:55:11.141   623  2758 W libperfmgr: Failed to write to node: /dev/stune/top-app/schedtune.boost with value: 10, fd: -1
03-21 23:55:11.141   623  2758 W libperfmgr: Failed to write to node: /proc/sys/kernel/sched_boost with value: 0, fd: -1
03-21 23:55:11.641   623  2758 W libperfmgr: Failed to write to node: /dev/stune/top-app/schedtune.boost with value: 10, fd: -1
03-21 23:55:11.641   623  2758 W libperfmgr: Failed to write to node: /proc/sys/kernel/sched_boost with value: 0, fd: -1
03-21 23:55:12.141   623  2758 W libperfmgr: Failed to write to node: /dev/stune/top-app/schedtune.boost with value: 10, fd: -1
03-21 23:55:12.141   623  2758 W libperfmgr: Failed to write to node: /proc/sys/kernel/sched_boost with value: 0, fd: -1
03-21 23:55:12.190   872   934 W AString : ctor got NULL, using empty string instead
03-21 23:55:12.190   872   934 I Gyroscope: write temp cali: [-1723, 1385, 2503, 101, -13110, -152627]
03-21 23:55:12.191   872   934 W AString : ctor got NULL, using empty string instead
03-21 23:55:12.191   872   934 I Gyroscope: write bias: [-0.005196, 0.002753, -0.007865]
03-21 23:55:12.641   623  2758 W libperfmgr: Failed to write to node: /dev/stune/top-app/schedtune.boost with value: 10, fd: -1
03-21 23:55:12.641   623  2758 W libperfmgr: Failed to write to node: /proc/sys/kernel/sched_boost with value: 0, fd: -1
03-21 23:55:13.142   623  2758 W libperfmgr: Failed to write to node: /dev/stune/top-app/schedtune.boost with value: 10, fd: -1
03-21 23:55:13.142   623  2758 W libperfmgr: Failed to write to node: /proc/sys/kernel/sched_boost with value: 0, fd: -1
03-21 23:55:13.642   623  2758 W libperfmgr: Failed to write to node: /dev/stune/top-app/schedtune.boost with value: 10, fd: -1
03-21 23:55:13.642   623  2758 W libperfmgr: Failed to write to node: /proc/sys/kernel/sched_boost with value: 0, fd: -1
03-21 23:55:14.142   623  2758 W libperfmgr: Failed to write to node: /dev/stune/top-app/schedtune.boost with value: 10, fd: -1
03-21 23:55:14.142   623  2758 W libperfmgr: Failed to write to node: /proc/sys/kernel/sched_boost with value: 0, fd: -1
03-21 23:55:14.512 27291 27291 W libbinder.BackendUnifiedServiceManager: Thread Pool max thread count is 0. Cannot cache binder as linkToDeath cannot be implemented. serviceName: deviceidle
03-21 23:55:14.597 27293 27293 W libbinder.BackendUnifiedServiceManager: Thread Pool max thread count is 0. Cannot cache binder as linkToDeath cannot be implemented. serviceName: battery
03-21 23:55:14.643   623  2758 W libperfmgr: Failed to write to node: /dev/stune/top-app/schedtune.boost with value: 10, fd: -1
03-21 23:55:14.643   623  2758 W libperfmgr: Failed to write to node: /proc/sys/kernel/sched_boost with value: 0, fd: -1
03-21 23:55:14.683 27295 27295 W libbinder.BackendUnifiedServiceManager: Thread Pool max thread count is 0. Cannot cache binder as linkToDeath cannot be implemented. serviceName: deviceidle
03-21 23:55:14.967   868 19875 W C2BqBuffer: last successful dequeue was 768197603 us ago, 0 consecutive failures
03-21 23:55:15.143   623  2758 W libperfmgr: Failed to write to node: /dev/stune/top-app/schedtune.boost with value: 10, fd: -1
03-21 23:55:15.143   623  2758 W libperfmgr: Failed to write to node: /proc/sys/kernel/sched_boost with value: 0, fd: -1
03-21 23:55:15.643   623  2758 W libperfmgr: Failed to write to node: /dev/stune/top-app/schedtune.boost with value: 10, fd: -1
03-21 23:55:15.643   623  2758 W libperfmgr: Failed to write to node: /proc/sys/kernel/sched_boost with value: 0, fd: -1
03-21 23:55:16.143   623  2758 W libperfmgr: Failed to write to node: /dev/stune/top-app/schedtune.boost with value: 10, fd: -1
03-21 23:55:16.143   623  2758 W libperfmgr: Failed to write to node: /proc/sys/kernel/sched_boost with value: 0, fd: -1
03-21 23:55:16.644   623  2758 W libperfmgr: Failed to write to node: /dev/stune/top-app/schedtune.boost with value: 10, fd: -1
03-21 23:55:16.644   623  2758 W libperfmgr: Failed to write to node: /proc/sys/kernel/sched_boost with value: 0, fd: -1
03-21 23:55:17.144   623  2758 W libperfmgr: Failed to write to node: /dev/stune/top-app/schedtune.boost with value: 10, fd: -1
03-21 23:55:17.144   623  2758 W libperfmgr: Failed to write to node: /proc/sys/kernel/sched_boost with value: 0, fd: -1
03-21 23:55:17.644   623  2758 W libperfmgr: Failed to write to node: /dev/stune/top-app/schedtune.boost with value: 10, fd: -1
03-21 23:55:17.644   623  2758 W libperfmgr: Failed to write to node: /proc/sys/kernel/sched_boost with value: 0, fd: -1
03-21 23:55:18.145   623  2758 W libperfmgr: Failed to write to node: /dev/stune/top-app/schedtune.boost with value: 10, fd: -1
03-21 23:55:18.145   623  2758 W libperfmgr: Failed to write to node: /proc/sys/kernel/sched_boost with value: 0, fd: -1
03-21 23:55:18.645   623  2758 W libperfmgr: Failed to write to node: /dev/stune/top-app/schedtune.boost with value: 10, fd: -1
03-21 23:55:18.645   623  2758 W libperfmgr: Failed to write to node: /proc/sys/kernel/sched_boost with value: 0, fd: -1
03-21 23:55:19.145   623  2758 W libperfmgr: Failed to write to node: /dev/stune/top-app/schedtune.boost with value: 10, fd: -1
03-21 23:55:19.145   623  2758 W libperfmgr: Failed to write to node: /proc/sys/kernel/sched_boost with value: 0, fd: -1
03-21 23:55:19.645   623  2758 W libperfmgr: Failed to write to node: /dev/stune/top-app/schedtune.boost with value: 10, fd: -1
03-21 23:55:19.645   623  2758 W libperfmgr: Failed to write to node: /proc/sys/kernel/sched_boost with value: 0, fd: -1
03-21 23:55:19.979   868 19875 W C2BqBuffer: last successful dequeue was 773209151 us ago, 0 consecutive failures
03-21 23:55:20.146   623  2758 W libperfmgr: Failed to write to node: /dev/stune/top-app/schedtune.boost with value: 10, fd: -1
03-21 23:55:20.146   623  2758 W libperfmgr: Failed to write to node: /proc/sys/kernel/sched_boost with value: 0, fd: -1
03-21 23:55:20.646   623  2758 W libperfmgr: Failed to write to node: /dev/stune/top-app/schedtune.boost with value: 10, fd: -1
03-21 23:55:20.646   623  2758 W libperfmgr: Failed to write to node: /proc/sys/kernel/sched_boost with value: 0, fd: -1
03-21 23:55:20.769 27297 27297 W libbinder.BackendUnifiedServiceManager: Thread Pool max thread count is 0. Cannot cache binder as linkToDeath cannot be implemented. serviceName: deviceidle
03-21 23:55:20.855 27299 27299 W libbinder.BackendUnifiedServiceManager: Thread Pool max thread count is 0. Cannot cache binder as linkToDeath cannot be implemented. serviceName: battery
03-21 23:55:20.940 27301 27301 W libbinder.BackendUnifiedServiceManager: Thread Pool max thread count is 0. Cannot cache binder as linkToDeath cannot be implemented. serviceName: deviceidle
03-21 23:55:21.146   623  2758 W libperfmgr: Failed to write to node: /dev/stune/top-app/schedtune.boost with value: 10, fd: -1
03-21 23:55:21.146   623  2758 W libperfmgr: Failed to write to node: /proc/sys/kernel/sched_boost with value: 0, fd: -1
03-21 23:55:21.182  2220  2220 E SatelliteController: registerForSatelliteModemStateChanged: mSatelliteSessionController is not initialized yet
03-21 23:55:21.188  2220  2220 E SatelliteController: registerForSatelliteModemStateChanged: mSatelliteSessionController is not initialized yet
03-21 23:55:21.194  2220  2364 E SatelliteController: notifyNtnEligibility: mSatellitePhone is null
03-21 23:55:21.210  1557  3459 W ContextImpl: Calling a method in the system process without a qualified user: android.app.ContextImpl.sendBroadcastMultiplePermissions:1358 android.content.Context.sendBroadcastMultiplePermissions:2796 com.android.server.TelephonyRegistry.broadcastServiceStateChanged:4172 com.android.server.TelephonyRegistry.notifyServiceStateForPhoneId:1848 com.android.internal.telephony.ITelephonyRegistry$Stub.onTransact:613 
03-21 23:55:21.213  1557  3459 W ContextImpl: Calling a method in the system process without a qualified user: android.app.ContextImpl.sendBroadcastMultiplePermissions:1391 com.android.server.TelephonyRegistry.broadcastServiceStateChanged:4177 com.android.server.TelephonyRegistry.notifyServiceStateForPhoneId:1848 com.android.internal.telephony.ITelephonyRegistry$Stub.onTransact:613 android.os.Binder.execTransactInternal:1473 
03-21 23:55:21.218  1557  3459 W ContextImpl: Calling a method in the system process without a qualified user: android.app.ContextImpl.sendBroadcastMultiplePermissions:1391 com.android.server.TelephonyRegistry.broadcastServiceStateChanged:4186 com.android.server.TelephonyRegistry.notifyServiceStateForPhoneId:1848 com.android.internal.telephony.ITelephonyRegistry$Stub.onTransact:613 android.os.Binder.execTransactInternal:1473 
03-21 23:55:21.222  1557  3459 W ContextImpl: Calling a method in the system process without a qualified user: android.app.ContextImpl.sendBroadcastMultiplePermissions:1391 com.android.server.TelephonyRegistry.broadcastServiceStateChanged:4192 com.android.server.TelephonyRegistry.notifyServiceStateForPhoneId:1848 com.android.internal.telephony.ITelephonyRegistry$Stub.onTransact:613 android.os.Binder.execTransactInternal:1473 
03-21 23:55:21.233   841   880 I netd    : tetherGetStats() -> {[]} <1.21ms>
03-21 23:55:21.235  1557  1639 W libprocessgroup: SetCgroup::ExecuteForProcess: failed to open /dev/stune/background/cgroup.procs: No such file or directory
03-21 23:55:21.250  2220  2220 I Telephony: TelecomAccountRegistry$TelecomAccountTelephonyCallback: TelecomAccountRegistry: onServiceStateChanged: newState=0, mServiceState=0
03-21 23:55:21.251  2220  2220 W Telephony: registerMmTelCapabilityCallback: registration failed, no ImsService available. Exception: code: 1
03-21 23:55:21.255  2220  2220 I Telephony: isRttCurrentlySupported -- regular acct, hasVoiceAvailability: false
03-21 23:55:21.255  2220  2220 I Telephony:  isRttSupported: false
03-21 23:55:21.255  2220  2220 I Telephony:  alwaysAllowWhileRoaming: false
03-21 23:55:21.255  2220  2220 I Telephony:  isRoaming: false
03-21 23:55:21.255  2220  2220 I Telephony:  isOnWfc: false
03-21 23:55:21.647   623  2758 W libperfmgr: Failed to write to node: /dev/stune/top-app/schedtune.boost with value: 10, fd: -1
03-21 23:55:21.647   623  2758 W libperfmgr: Failed to write to node: /proc/sys/kernel/sched_boost with value: 0, fd: -1
03-21 23:55:22.147   623  2758 W libperfmgr: Failed to write to node: /dev/stune/top-app/schedtune.boost with value: 10, fd: -1
03-21 23:55:22.147   623  2758 W libperfmgr: Failed to write to node: /proc/sys/kernel/sched_boost with value: 0, fd: -1
03-21 23:55:22.647   623  2758 W libperfmgr: Failed to write to node: /dev/stune/top-app/schedtune.boost with value: 10, fd: -1
03-21 23:55:22.647   623  2758 W libperfmgr: Failed to write to node: /proc/sys/kernel/sched_boost with value: 0, fd: -1
03-21 23:55:23.147   623  2758 W libperfmgr: Failed to write to node: /dev/stune/top-app/schedtune.boost with value: 10, fd: -1
03-21 23:55:23.147   623  2758 W libperfmgr: Failed to write to node: /proc/sys/kernel/sched_boost with value: 0, fd: -1
03-21 23:55:23.648   623  2758 W libperfmgr: Failed to write to node: /dev/stune/top-app/schedtune.boost with value: 10, fd: -1
03-21 23:55:23.648   623  2758 W libperfmgr: Failed to write to node: /proc/sys/kernel/sched_boost with value: 0, fd: -1
03-21 23:55:23.863   849  1053 I hwcomposer: [XMFP]: Receive panel on event!
03-21 23:55:23.864   849  1053 I hwcomposer: [HWCDisplay] [XMFP]: Display(0) SetPowerMode(2) fp_parallel:1  
03-21 23:55:23.867  1157  1367 E [GF_HAL][gf_hal_milan]: [hal_milan_invoke_command] err=GF_SUCCESS, errno=0. reset g_hal_over_current_count to 0!
03-21 23:55:23.867  1157  1367 I [GF_HAL][gf_hal_milan]: [irq_pre_process] irq_type=[GF_IRQ_FINGER_DOWN_MASK], irq_type=0x0002
03-21 23:55:23.867  1157  1367 E [GF_HAL][gf_hal_common]: [gf_hal_notify_perf_lock] notify perf lock message GF_FINGERPRINT_TEST_CMD.
03-21 23:55:23.947  1157  1367 E [GF_HAL][gf_hal_milan]: [hal_milan_invoke_command] err=GF_ERROR_MATCH_FAIL_AND_RETRY, errno=1064. reset g_hal_over_current_count to 0!
03-21 23:55:23.947  1157  1367 E [GF_HAL][gf_hal_milan]: [hal_milan_invoke_command] exit. err=GF_ERROR_MATCH_FAIL_AND_RETRY, errno=1064
03-21 23:55:23.947  1157  1367 E [GF_HAL][gf_hal_common]: [gf_hal_invoke_command] exit. err=GF_ERROR_MATCH_FAIL_AND_RETRY, errno=1064
03-21 23:55:23.947  1157  1367 E [GF_HAL][gf_hal_milan]: [irq_pre_process] exit. err=GF_ERROR_MATCH_FAIL_AND_RETRY, errno=1064
03-21 23:55:23.948  1157  1367 I [GF_HAL][gf_hal_milan]: [irq_image_enroll_or_authenticate] match fail and retry
03-21 23:55:23.948  1157  1367 W libc    : Access denied finding property "gf.debug.dump_data"
03-21 23:55:23.948  1157  1367 W libc    : Access denied finding property "gf.debug.dump_data"
03-21 23:55:23.946  1157  1157 W android.hardwar: type=1400 audit(0.0:1512): avc:  denied  { read } for  name="u:object_r:default_prop:s0" dev="tmpfs" ino=7923 scontext=u:r:hal_fingerprint_default:s0 tcontext=u:object_r:default_prop:s0 tclass=file permissive=0
03-21 23:55:23.946  1157  1157 W android.hardwar: type=1400 audit(0.0:1513): avc:  denied  { read } for  name="u:object_r:default_prop:s0" dev="tmpfs" ino=7923 scontext=u:r:hal_fingerprint_default:s0 tcontext=u:object_r:default_prop:s0 tclass=file permissive=0
03-21 23:55:24.034  1157  1367 E [GF_HAL][gf_hal_milan]: [hal_milan_invoke_command] err=GF_ERROR_NOT_MATCH, errno=1006. reset g_hal_over_current_count to 0!
03-21 23:55:24.034  1157  1367 E [GF_HAL][gf_hal_milan]: [hal_milan_invoke_command] exit. err=GF_ERROR_NOT_MATCH, errno=1006
03-21 23:55:24.035  1157  1367 E [GF_HAL][gf_hal_common]: [gf_hal_invoke_command] exit. err=GF_ERROR_NOT_MATCH, errno=1006
03-21 23:55:24.035  1157  1367 E [GF_HAL][gf_hal_frr_database]: [writeXiaomiDataToRecordFile] /sdcard/MIUI/debug_log/1.dat can't open file. err=GF_ERROR_FILE_OPEN_FAILED, errno=1078
03-21 23:55:24.035  1157  1367 E [GF_HAL][gf_hal_frr_database]: [writeXiaomiDataToRecordFile] exit. err=GF_ERROR_FILE_OPEN_FAILED, errno=1078
03-21 23:55:24.035  1157  1367 I [GF_HAL][gf_hal_common]: [gf_hal_common_authenticate_not_match]     image_quality=38
03-21 23:55:24.035  1157  1367 I [GF_HAL][gf_hal_common]: [gf_hal_common_authenticate_not_match]        valid_area=44
03-21 23:55:24.035  1157  1367 I [GF_HAL][gf_hal_common]: [gf_hal_common_authenticate_not_match]     key_point_num=44
03-21 23:55:24.035  1157  1367 I [GF_HAL][gf_hal_common]: [gf_hal_common_authenticate_not_match]       match_score=0
03-21 23:55:24.035  1157  1367 I [GF_HAL][gf_hal_common]: [gf_hal_common_authenticate_not_match] polling_image_time=0ms
03-21 23:55:24.035  1157  1367 I [GF_HAL][gf_hal_common]: [gf_hal_common_authenticate_not_match] get_raw_data_time=15ms
03-21 23:55:24.035  1157  1367 I [GF_HAL][gf_hal_common]: [gf_hal_common_authenticate_not_match]   preprocess_time=21ms
03-21 23:55:24.035  1157  1367 I [GF_HAL][gf_hal_common]: [gf_hal_common_authenticate_not_match]  get_feature_time=25ms
03-21 23:55:24.035  1157  1367 I [GF_HAL][gf_hal_common]: [gf_hal_common_authenticate_not_match] authenticate_time=8ms
03-21 23:55:24.035  1157  1367 I [GF_HAL][gf_hal_common]: [gf_hal_common_authenticate_not_match] KPI time=69ms
03-21 23:55:24.035  1157  1367 I [GF_HAL][gf_hal_common]: [gf_hal_common_authenticate_not_match]        total time=171ms
03-21 23:55:24.036  1157  1367 E [GF_HAL][gf_hal_frr_database]: [gf_hal_write_auth_record] /data/vendor/goodix/gf_data/auth_ratio_database.db can't open file. err=GF_ERROR_FILE_OPEN_FAILED, errno=1078
03-21 23:55:24.036  1157  1367 E [GF_HAL][gf_hal_frr_database]: [gf_hal_write_auth_record] exit. err=GF_ERROR_FILE_OPEN_FAILED, errno=1078
03-21 23:55:24.036  1157  1367 E [GF_HAL][gf_hal_frr_database]: [gf_hal_save_auth_ratio_record] exit. err=GF_ERROR_FILE_OPEN_FAILED, errno=1078
03-21 23:55:24.036  1157  1367 I [GF_HAL][gf_hal_frr_database]: [gf_hal_handle_frr_database] frr database file and dir not exist 
03-21 23:55:24.036  1157  1367 E cutils  : Failed to open(/): Permission denied
03-21 23:55:24.036  1157  1367 E [GF_HAL][gf_hal_frr_database]: [gf_hal_handle_frr_database] mkdir /data/vendor/goodix/gf_data/ failed. ret=-13
03-21 23:55:24.036  1157  1367 E [GF_HAL][gf_hal_frr_database]: [gf_hal_handle_frr_database] exit. err=GF_ERROR_MKDIR_FAILED, errno=1077
03-21 23:55:24.036  1157  1367 W libc    : Access denied finding property "gf.debug.dump_data"
03-21 23:55:24.036  1157  1367 W libc    : Access denied finding property "gf.debug.dump_data"
03-21 23:55:24.036  1157  1367 E [GF_HAL][gf_hal_milan]: [hal_milan_irq] exit. err=GF_ERROR_NOT_MATCH, errno=1006
03-21 23:55:24.036  1157  1367 E [GF_HAL][gf_hal]: [gf_hal_irq] exit. err=GF_ERROR_NOT_MATCH, errno=1006
03-21 23:55:24.034  1157  1157 W android.hardwar: type=1400 audit(0.0:1514): avc:  denied  { read } for  name="/" dev="dm-0" ino=2 scontext=u:r:hal_fingerprint_default:s0 tcontext=u:object_r:rootfs:s0 tclass=dir permissive=0
03-21 23:55:24.034  1157  1157 W android.hardwar: type=1400 audit(0.0:1515): avc:  denied  { read } for  name="u:object_r:default_prop:s0" dev="tmpfs" ino=7923 scontext=u:r:hal_fingerprint_default:s0 tcontext=u:object_r:default_prop:s0 tclass=file permissive=0
03-21 23:55:24.034  1157  1157 W android.hardwar: type=1400 audit(0.0:1516): avc:  denied  { read } for  name="u:object_r:default_prop:s0" dev="tmpfs" ino=7923 scontext=u:r:hal_fingerprint_default:s0 tcontext=u:object_r:default_prop:s0 tclass=file permissive=0
03-21 23:55:24.037   872   872 I Light   : batch: handle:4, flag:0,samplingPeriodNs:200000000 maxBatchReportLatencyNs:0
03-21 23:55:24.039   872   872 I Light   : enable: handle:4, en:1 
03-21 23:55:24.040  1557  1984 W AuthenticationClient: Allowing background authentication, this is allowed only for platform or test invocations
03-21 23:55:24.041  1557  1984 I AuthenticationPolicyService: AuthenticationStateListener#onAuthenticationFailed
03-21 23:55:24.041  1557  1557 I AuthenticationPolicyService: reportAuthAttempt: numFailedAttempts=1, userId=0
03-21 23:55:24.083  1157  1367 E [GF_HAL][gf_hal_milan]: [hal_milan_invoke_command] err=GF_SUCCESS, errno=0. reset g_hal_over_current_count to 0!
03-21 23:55:24.083  1157  1367 I [GF_HAL][gf_hal_milan]: [irq_pre_process] irq_type=INVALID_IRQ_TYPE, irq_type=0x0000
03-21 23:55:24.083  1157  1367 I [GF_HAL][gf_hal_milan]: [irq_process] invalid irq type 0
03-21 23:55:24.099  1157  1367 I [GF_HAL][gf_hal]: [gf_hal_screen_on]
03-21 23:55:24.100  1157  1367 E [GF_HAL][gf_hal_milan]: [hal_milan_invoke_command] err=GF_SUCCESS, errno=0. reset g_hal_over_current_count to 0!
03-21 23:55:24.148   623  2758 W libperfmgr: Failed to write to node: /dev/stune/top-app/schedtune.boost with value: 10, fd: -1
03-21 23:55:24.148   623  2758 W libperfmgr: Failed to write to node: /proc/sys/kernel/sched_boost with value: 0, fd: -1
03-21 23:55:24.154   577   577 I [mTEE]  :  come into the TZ_VFS_OPEN function
03-21 23:55:24.156   577   577 I [mTEE]  :  come into the TZ_VFS_OPEN function
03-21 23:55:24.157   577   577 I [mTEE]  :  come into the TZ_VFS_OPEN function
03-21 23:55:24.158   577   577 I [mTEE]  :  come into the TZ_VFS_OPEN function
03-21 23:55:24.163   577   577 I [mTEE]  :  come into the TZ_VFS_OPEN function
03-21 23:55:24.164   577   577 I [mTEE]  :  come into the TZ_VFS_OPEN function
03-21 23:55:24.176   577   577 I [mTEE]  :  come into the TZ_VFS_OPEN function
03-21 23:55:24.177   577   577 I [mTEE]  :  come into the TZ_VFS_OPEN function
03-21 23:55:24.178   577   577 I [mTEE]  :  come into the TZ_VFS_OPEN function
03-21 23:55:24.180   577   577 I [mTEE]  :  come into the TZ_VFS_OPEN function
03-21 23:55:24.184   577   577 I [mTEE]  :  come into the TZ_VFS_OPEN function
03-21 23:55:24.185   577   577 I [mTEE]  :  come into the TZ_VFS_OPEN function
03-21 23:55:24.206  1157  1367 E [GF_HAL][gf_hal_milan]: [hal_milan_invoke_command] err=GF_SUCCESS, errno=0. reset g_hal_over_current_count to 0!
03-21 23:55:24.206  1157  1367 I [GF_HAL][gf_hal_milan]: [irq_pre_process] irq_type=[GF_IRQ_FINGER_UP_MASK], irq_type=0x0004
03-21 23:55:24.206  1157  1367 W libc    : Access denied finding property "gf.debug.dump_data"
03-21 23:55:24.206  1157  1367 W libc    : Access denied finding property "gf.debug.dump_data"
03-21 23:55:24.206  1157  1157 W android.hardwar: type=1400 audit(0.0:1517): avc:  denied  { read } for  name="u:object_r:default_prop:s0" dev="tmpfs" ino=7923 scontext=u:r:hal_fingerprint_default:s0 tcontext=u:object_r:default_prop:s0 tclass=file permissive=0
03-21 23:55:24.206  1157  1157 W android.hardwar: type=1400 audit(0.0:1518): avc:  denied  { read } for  name="u:object_r:default_prop:s0" dev="tmpfs" ino=7923 scontext=u:r:hal_fingerprint_default:s0 tcontext=u:object_r:default_prop:s0 tclass=file permissive=0
03-21 23:55:24.209  1157  1367 E [GF_HAL][gf_hal_milan]: [hal_milan_invoke_command] err=GF_SUCCESS, errno=0. reset g_hal_over_current_count to 0!
03-21 23:55:24.209  1157  1367 I [GF_HAL][gf_hal_milan]: [irq_pre_process] irq_type=INVALID_IRQ_TYPE, irq_type=0x0000
03-21 23:55:24.209  1157  1367 I [GF_HAL][gf_hal_milan]: [irq_process] invalid irq type 0
03-21 23:55:24.245   872   872 I Light   : enable: handle:4, en:0 
03-21 23:55:24.246  1557  1984 W BiometricFrameworkStatsLogger: found a negative latency : -1
03-21 23:55:24.648   623  2758 W libperfmgr: Failed to write to node: /dev/stune/top-app/schedtune.boost with value: 10, fd: -1
03-21 23:55:24.648   623  2758 W libperfmgr: Failed to write to node: /proc/sys/kernel/sched_boost with value: 0, fd: -1
03-21 23:55:24.995   868 19875 W C2BqBuffer: last successful dequeue was 778225281 us ago, 0 consecutive failures
03-21 23:55:25.149   623  2758 W libperfmgr: Failed to write to node: /dev/stune/top-app/schedtune.boost with value: 10, fd: -1
03-21 23:55:25.149   623  2758 W libperfmgr: Failed to write to node: /proc/sys/kernel/sched_boost with value: 0, fd: -1
03-21 23:55:25.166   872   934 E Situation: processEvent, handle:24, flush_action:0
03-21 23:55:25.374   849  1053 I hwcomposer: [XMFP]: Receive panel off event!
03-21 23:55:25.375   849  1053 I hwcomposer: [HWCDisplay] [XMFP]: Display(0) SetPowerMode(0) fp_parallel:1  
03-21 23:55:25.617  1157  1367 I [GF_HAL][gf_hal]: [gf_hal_screen_off]
03-21 23:55:25.618  1157  1367 E [GF_HAL][gf_hal_milan]: [hal_milan_invoke_command] err=GF_SUCCESS, errno=0. reset g_hal_over_current_count to 0!
03-21 23:55:25.649   623  2758 W libperfmgr: Failed to write to node: /dev/stune/top-app/schedtune.boost with value: 10, fd: -1
03-21 23:55:25.649   623  2758 W libperfmgr: Failed to write to node: /proc/sys/kernel/sched_boost with value: 0, fd: -1
03-21 23:55:25.971  2220  2220 E SatelliteController: registerForSatelliteModemStateChanged: mSatelliteSessionController is not initialized yet
03-21 23:55:25.977  2220  2220 E SatelliteController: registerForSatelliteModemStateChanged: mSatelliteSessionController is not initialized yet
03-21 23:55:25.984  2220  2364 E SatelliteController: notifyNtnEligibility: mSatellitePhone is null
03-21 23:55:25.999  1557  3459 W ContextImpl: Calling a method in the system process without a qualified user: android.app.ContextImpl.sendBroadcastMultiplePermissions:1358 android.content.Context.sendBroadcastMultiplePermissions:2796 com.android.server.TelephonyRegistry.broadcastServiceStateChanged:4172 com.android.server.TelephonyRegistry.notifyServiceStateForPhoneId:1848 com.android.internal.telephony.ITelephonyRegistry$Stub.onTransact:613 
03-21 23:55:26.003  1557  3459 W ContextImpl: Calling a method in the system process without a qualified user: android.app.ContextImpl.sendBroadcastMultiplePermissions:1391 com.android.server.TelephonyRegistry.broadcastServiceStateChanged:4177 com.android.server.TelephonyRegistry.notifyServiceStateForPhoneId:1848 com.android.internal.telephony.ITelephonyRegistry$Stub.onTransact:613 android.os.Binder.execTransactInternal:1473 
03-21 23:55:26.008  1557  3459 W ContextImpl: Calling a method in the system process without a qualified user: android.app.ContextImpl.sendBroadcastMultiplePermissions:1391 com.android.server.TelephonyRegistry.broadcastServiceStateChanged:4186 com.android.server.TelephonyRegistry.notifyServiceStateForPhoneId:1848 com.android.internal.telephony.ITelephonyRegistry$Stub.onTransact:613 android.os.Binder.execTransactInternal:1473 
03-21 23:55:26.011  1557  3459 W ContextImpl: Calling a method in the system process without a qualified user: android.app.ContextImpl.sendBroadcastMultiplePermissions:1391 com.android.server.TelephonyRegistry.broadcastServiceStateChanged:4192 com.android.server.TelephonyRegistry.notifyServiceStateForPhoneId:1848 com.android.internal.telephony.ITelephonyRegistry$Stub.onTransact:613 android.os.Binder.execTransactInternal:1473 
03-21 23:55:26.024   841   880 I netd    : tetherGetStats() -> {[]} <1.13ms>
03-21 23:55:26.025  1557  1639 W libprocessgroup: SetCgroup::ExecuteForProcess: failed to open /dev/stune/background/cgroup.procs: No such file or directory
03-21 23:55:26.041  2220  2220 I Telephony: TelecomAccountRegistry$TelecomAccountTelephonyCallback: TelecomAccountRegistry: onServiceStateChanged: newState=0, mServiceState=0
03-21 23:55:26.041  2220  2220 W Telephony: registerMmTelCapabilityCallback: registration failed, no ImsService available. Exception: code: 1
03-21 23:55:26.045  2220  2220 I Telephony: isRttCurrentlySupported -- regular acct, hasVoiceAvailability: false
03-21 23:55:26.045  2220  2220 I Telephony:  isRttSupported: false
03-21 23:55:26.045  2220  2220 I Telephony:  alwaysAllowWhileRoaming: false
03-21 23:55:26.045  2220  2220 I Telephony:  isRoaming: false
03-21 23:55:26.045  2220  2220 I Telephony:  isOnWfc: false
03-21 23:55:26.149   623  2758 W libperfmgr: Failed to write to node: /dev/stune/top-app/schedtune.boost with value: 10, fd: -1
03-21 23:55:26.149   623  2758 W libperfmgr: Failed to write to node: /proc/sys/kernel/sched_boost with value: 0, fd: -1
03-21 23:55:26.649   623  2758 W libperfmgr: Failed to write to node: /dev/stune/top-app/schedtune.boost with value: 10, fd: -1
03-21 23:55:26.649   623  2758 W libperfmgr: Failed to write to node: /proc/sys/kernel/sched_boost with value: 0, fd: -1
03-21 23:55:27.027 27303 27303 W libbinder.BackendUnifiedServiceManager: Thread Pool max thread count is 0. Cannot cache binder as linkToDeath cannot be implemented. serviceName: deviceidle
03-21 23:55:27.114 27305 27305 W libbinder.BackendUnifiedServiceManager: Thread Pool max thread count is 0. Cannot cache binder as linkToDeath cannot be implemented. serviceName: battery
03-21 23:55:27.150   623  2758 W libperfmgr: Failed to write to node: /dev/stune/top-app/schedtune.boost with value: 10, fd: -1
03-21 23:55:27.150   623  2758 W libperfmgr: Failed to write to node: /proc/sys/kernel/sched_boost with value: 0, fd: -1
03-21 23:55:27.201 27307 27307 W libbinder.BackendUnifiedServiceManager: Thread Pool max thread count is 0. Cannot cache binder as linkToDeath cannot be implemented. serviceName: deviceidle
03-21 23:55:27.650   623  2758 W libperfmgr: Failed to write to node: /dev/stune/top-app/schedtune.boost with value: 10, fd: -1
03-21 23:55:27.650   623  2758 W libperfmgr: Failed to write to node: /proc/sys/kernel/sched_boost with value: 0, fd: -1
03-21 23:55:27.877   849  1053 I hwcomposer: [XMFP]: Receive panel on event!
03-21 23:55:27.877   849  1053 I hwcomposer: [HWCDisplay] [XMFP]: Display(0) SetPowerMode(2) fp_parallel:1  
03-21 23:55:27.880  1157  1367 E [GF_HAL][gf_hal_milan]: [hal_milan_invoke_command] err=GF_SUCCESS, errno=0. reset g_hal_over_current_count to 0!
03-21 23:55:27.880  1157  1367 I [GF_HAL][gf_hal_milan]: [irq_pre_process] irq_type=[GF_IRQ_FINGER_DOWN_MASK], irq_type=0x0002
03-21 23:55:27.881  1157  1367 E [GF_HAL][gf_hal_common]: [gf_hal_notify_perf_lock] notify perf lock message GF_FINGERPRINT_TEST_CMD.
03-21 23:55:28.012  1157  1367 E [GF_HAL][gf_hal_milan]: [hal_milan_invoke_command] err=GF_SUCCESS, errno=0. reset g_hal_over_current_count to 0!
03-21 23:55:28.013  1157  1367 I [GF_HAL][gf_hal_common]: [hal_milan_authenticate_success]     image_quality=90
03-21 23:55:28.013  1157  1367 I [GF_HAL][gf_hal_common]: [hal_milan_authenticate_success]        valid_area=95
03-21 23:55:28.013  1157  1367 I [GF_HAL][gf_hal_common]: [hal_milan_authenticate_success]     key_point_num=114
03-21 23:55:28.013  1157  1367 I [GF_HAL][gf_hal_common]: [hal_milan_authenticate_success]       match_score=67
03-21 23:55:28.013  1157  1367 I [GF_HAL][gf_hal_common]: [hal_milan_authenticate_success] polling_image_time=0ms
03-21 23:55:28.013  1157  1367 I [GF_HAL][gf_hal_common]: [hal_milan_authenticate_success] get_raw_data_time=17ms
03-21 23:55:28.013  1157  1367 I [GF_HAL][gf_hal_common]: [hal_milan_authenticate_success]   preprocess_time=28ms
03-21 23:55:28.013  1157  1367 I [GF_HAL][gf_hal_common]: [hal_milan_authenticate_success]  get_feature_time=25ms
03-21 23:55:28.013  1157  1367 I [GF_HAL][gf_hal_common]: [hal_milan_authenticate_success] authenticate_time=18ms
03-21 23:55:28.013  1157  1367 I [GF_HAL][gf_hal_common]: [hal_milan_authenticate_success] KPI time=88ms
03-21 23:55:28.013  1157  1367 I [GF_HAL][gf_hal_common]: [hal_milan_authenticate_success]        total time=135ms
03-21 23:55:28.015  1157  1367 E [GF_HAL][gf_hal_milan]: [hal_milan_invoke_command] err=GF_SUCCESS, errno=0. reset g_hal_over_current_count to 0!
03-21 23:55:28.015  1157  1367 E [GF_HAL][gf_hal_frr_database]: [writeXiaomiDataToRecordFile] /sdcard/MIUI/debug_log/1.dat can't open file. err=GF_ERROR_FILE_OPEN_FAILED, errno=1078
03-21 23:55:28.015  1157  1367 E [GF_HAL][gf_hal_frr_database]: [writeXiaomiDataToRecordFile] exit. err=GF_ERROR_FILE_OPEN_FAILED, errno=1078
03-21 23:55:28.016  1157  1367 E [gf_ca_entry]: [gf_ca_invoke_command] errno:		Bad address
03-21 23:55:28.016  1157  1367 E [gf_ca_entry]: [gf_ca_invoke_command] set normal policy errr ,ret=-1 
03-21 23:55:28.016  1157  1367 E [GF_HAL][gf_hal_dump]: [gf_hal_common_dump_invoke_command] exit. err=GF_ERROR_TA_DEAD, errno=1049
03-21 23:55:28.016  1157  1367 E [GF_HAL][gf_hal_frr_database]: [hal_get_template_length] dump template info error
03-21 23:55:28.016  1157  1367 E [GF_HAL][gf_hal_frr_database]: [gf_hal_save_auth_ratio_record] get template length error
03-21 23:55:28.016  1157  1367 E [GF_HAL][gf_hal_frr_database]: [gf_hal_save_auth_ratio_record] exit. err=GF_ERROR_GENERIC, errno=1010
03-21 23:55:28.016  1157  1367 I [GF_HAL][gf_hal_frr_database]: [gf_hal_handle_frr_database] frr database file and dir not exist 
03-21 23:55:28.016  1157  1367 E cutils  : Failed to open(/): Permission denied
03-21 23:55:28.016  1157  1367 E [GF_HAL][gf_hal_frr_database]: [gf_hal_handle_frr_database] mkdir /data/vendor/goodix/gf_data/ failed. ret=-13
03-21 23:55:28.016  1157  1367 E [GF_HAL][gf_hal_frr_database]: [gf_hal_handle_frr_database] exit. err=GF_ERROR_MKDIR_FAILED, errno=1077
03-21 23:55:28.016  1157  1367 W libc    : Access denied finding property "gf.debug.dump_data"
03-21 23:55:28.016  1157  1367 W libc    : Access denied finding property "gf.debug.dump_data"
03-21 23:55:28.014  1157  1157 W android.hardwar: type=1400 audit(0.0:1519): avc:  denied  { read } for  name="/" dev="dm-0" ino=2 scontext=u:r:hal_fingerprint_default:s0 tcontext=u:object_r:rootfs:s0 tclass=dir permissive=0
03-21 23:55:28.014  1157  1157 W android.hardwar: type=1400 audit(0.0:1520): avc:  denied  { read } for  name="u:object_r:default_prop:s0" dev="tmpfs" ino=7923 scontext=u:r:hal_fingerprint_default:s0 tcontext=u:object_r:default_prop:s0 tclass=file permissive=0
03-21 23:55:28.014  1157  1157 W android.hardwar: type=1400 audit(0.0:1521): avc:  denied  { read } for  name="u:object_r:default_prop:s0" dev="tmpfs" ino=7923 scontext=u:r:hal_fingerprint_default:s0 tcontext=u:object_r:default_prop:s0 tclass=file permissive=0
03-21 23:55:28.017   872   872 I Light   : batch: handle:4, flag:0,samplingPeriodNs:200000000 maxBatchReportLatencyNs:0
03-21 23:55:28.017  1557  1639 W libprocessgroup: SetCgroup::ExecuteForProcess: failed to open /dev/stune/top-app/cgroup.procs: No such file or directory
03-21 23:55:28.018   872   872 I Light   : enable: handle:4, en:1 
03-21 23:55:28.024  1557  1984 W AuthenticationClient: Allowing background authentication, this is allowed only for platform or test invocations
03-21 23:55:28.026  1557  1557 W SenseProvider: Ignoring lockout reset, no templates enrolled for user: 0
03-21 23:55:28.028   592  3424 I keystore2: system/security/keystore2/src/authorization.rs:116 - add_auth_token(challenge=0, userId=3196183553602891555, authId=-7245739854948165699, authType=0x2, timestamp=6450944ms)
03-21 23:55:28.032   592  3424 I keystore2: system/security/keystore2/src/authorization.rs:130 - on_device_unlocked(AndroidUserId(0), password.is_some()=false)
03-21 23:55:28.035   593   593 I beanpodkeymaster: Enter BeanpodKeymaster BeginOperation
03-21 23:55:28.036   593   593 I beanpodkeymaster: cmd:4 Received 24 byte response
03-21 23:55:28.036   593   593 I beanpodkeymaster: Exit BeanpodKeymaster BeginOperation
03-21 23:55:28.037   593   593 I beanpodkeymaster: Enter BeanpodKeymaster FinishOperation
03-21 23:55:28.037   593   593 I beanpodkeymaster: cmd:c Received 52 byte response
03-21 23:55:28.037   593   593 I beanpodkeymaster: Exit BeanpodKeymaster FinishOperation
03-21 23:55:28.038   593   593 I beanpodkeymaster: Enter BeanpodKeymaster BeginOperation
03-21 23:55:28.038   593   593 I beanpodkeymaster: cmd:4 Received 24 byte response
03-21 23:55:28.038   593   593 I beanpodkeymaster: Exit BeanpodKeymaster BeginOperation
03-21 23:55:28.038  1557  3361 I PowerGroup: Waking up power group from Dozing (groupId=0, uid=10325, reason=WAKE_REASON_BIOMETRIC, details=android.policy:BIOMETRIC)...
03-21 23:55:28.039  1557  3361 I PowerGroup: dreamManagerAttemptedDozing status changed to false for group 0
03-21 23:55:28.039   593   593 I beanpodkeymaster: Enter BeanpodKeymaster FinishOperation
03-21 23:55:28.039   593   593 I beanpodkeymaster: cmd:c Received 93 byte response
03-21 23:55:28.039   593   593 I beanpodkeymaster: Exit BeanpodKeymaster FinishOperation
03-21 23:55:28.039  1557  3361 I PowerManagerService: Waking up from Dozing (uid=10325, reason=WAKE_REASON_BIOMETRIC, details=android.policy:BIOMETRIC)...
03-21 23:55:28.039   592  3424 I keystore2: system/security/keystore2/src/super_key.rs:1059 - Successfully unlocked AndroidUserId(0) with biometric SecureUserId(-7245739854948165699)
03-21 23:55:28.044  1557  1659 I DisplayPowerController[0]: Blocking screen on until initial contents have been drawn.
03-21 23:55:28.046  1557  1659 I DisplayPowerController: Window Manager Policy screenTurningOn complete
03-21 23:55:28.047  1557  1659 I DisplayBrightnessStrategySelector: Changing the DisplayBrightnessStrategy from ScreenOffBrightnessStrategy to FallbackBrightnessStrategy for display 0
03-21 23:55:28.049  1557  1557 W ProcessStats: Tracking association SourceState{c13243c com.android.systemui/10325 BFgs #6087} whose proc state 4 is better than process ProcessState{a06b743 com.android.launcher3/10326 pkg=com.android.launcher3} proc state 5 (0 skipped)
03-21 23:55:28.051   841   880 I netd    : tetherGetStats() -> {[]} <1.10ms>
03-21 23:55:28.070  1557  1659 I DisplayPowerController[0]: BrightnessEvent: brt=1.0(100.0%), nits=700.0, lux=-1.0, reason=manual, strat=FallbackBrightnessStrategy, state=ON, stateReason=DEFAULT_POLICY, policy=BRIGHT, flags=, initBrt=0.0, rcmdBrt=NaN, preBrt=NaN, preLux=0.0, wasShortTermModelActive=false, autoBrightness=false (default), unclampedBrt=1.0, hbmMax=1.0, hbmMode=sunlight, thrmMax=1.0, rbcStrength=50, powerFactor=1.0, physDisp=Built-in Screen(local:4627039422300187648), logicalId=0, slowChange=false, rampSpeed=0.0
03-21 23:55:28.072  2040  2040 E NotifRow: Magnetic state changed from IDLE to IDLE on a null swiped listener, or the logging key of the listener is null
03-21 23:55:28.080   909   909 I SurfaceFlinger: Display 4627039422300187648 policy changed
03-21 23:55:28.080   909   909 I SurfaceFlinger: Previous: {defaultModeId=0, allowGroupSwitching=false, primaryRanges={physical=[0.00 Hz, 90.00 Hz], render=[0.00 Hz, 60.00 Hz]}, appRequestRanges={physical=[0.00 Hz, 90.00 Hz], render=[0.00 Hz, 60.00 Hz]} idleScreenConfig=nullptr}
03-21 23:55:28.080   909   909 I SurfaceFlinger: Current:  DisplayManagerPolicy{defaultModeId=1, allowGroupSwitching=false, primaryRanges={physical=[90.00 Hz, 90.00 Hz], render=[90.00 Hz, 90.00 Hz]}, appRequestRanges={physical=[0.00 Hz, 90.00 Hz], render=[0.00 Hz, 90.00 Hz]} idleScreenConfig=nullptr}
03-21 23:55:28.080   909   909 I SurfaceFlinger: 1 mode changes were performed under the previous policy
03-21 23:55:28.082  1557  1619 I DisplayDeviceRepository: Display device changed state: "Built-in Screen", ON
03-21 23:55:28.082  1557  1619 I InputManager-JNI: Viewport [0] to add: local:4627039422300187648, isActive: true
03-21 23:55:28.082   623  2758 W libperfmgr: Failed to write to node: /dev/stune/top-app/schedtune.boost with value: 10, fd: -1
03-21 23:55:28.082   623  2758 W libperfmgr: Failed to write to node: /proc/sys/kernel/sched_boost with value: 0, fd: -1
03-21 23:55:28.083  1557  3361 I DisplayDevice: [0] Layerstack set to 0 for local:4627039422300187648
03-21 23:55:28.084  1557  1913 I InputReader: Reconfiguring input devices, changes=DISPLAY_INFO
03-21 23:55:28.084  1557  1913 I InputReader: Device reconfigured: id=4, name='fts_ts', size 1080x2400, orientation Rotation0, mode DIRECT, display id 0
03-21 23:55:28.092   872   872 I Accelerometer: batch: handle:0, flag:0,samplingPeriodNs:80000000 maxBatchReportLatencyNs:2000000000
03-21 23:55:28.095   872   872 I Accelerometer: enable: handle:0, en:1
03-21 23:55:28.100   891  2634 W StNfcHal: ! i2cWrite!!, errno is 'I/O error'
03-21 23:55:28.102  1557  1983 I MR2ServiceImpl: Updating composite discovery preference | preference: RouteDiscoveryRequest{ preferredFeatures={}, activeScan=false }, active routers: []
03-21 23:55:28.105  2040  2040 E NotifRow: Magnetic state changed from IDLE to IDLE on a null swiped listener, or the logging key of the listener is null
03-21 23:55:28.105   891  2634 W StNfcHal: Idle data: 2nd byte is 0x40
03-21 23:55:28.105   891  2634 W StNfcHal: , reading next 2 bytes
03-21 23:55:28.107   849  1086 I hwcomposer: [HWCDisplay] [XMFP]: Display(0) SetPowerMode(2) fp_parallel:0  
03-21 23:55:28.108  1557  2007 I LocalDisplayAdapter: SF.setDisplayPowerMode took 27ms
03-21 23:55:28.108  1157  1367 I [GF_HAL][gf_hal]: [gf_hal_screen_on]
03-21 23:55:28.110   849  1086 I hwcomposer: [HWC] (0) displaySetActiveConfig config:1  
03-21 23:55:28.112   891  2634 W StNfcHal: Idle data: 2nd byte is 0x40
03-21 23:55:28.112   891  2634 W StNfcHal: , reading next 2 bytes
03-21 23:55:28.113   623  2758 W libperfmgr: Failed to write to node: /dev/stune/top-app/schedtune.boost with value: 10, fd: -1
03-21 23:55:28.113   623  2758 W libperfmgr: Failed to write to node: /proc/sys/kernel/sched_boost with value: 0, fd: -1
03-21 23:55:28.114  2441  3431 I ActivityScheduler: nextTriggerTime: 9223372036854775806, in 9223372036848324744ms, detectorType: 32, SLEEP alarmWindowMillis: 1152921504606846975
03-21 23:55:28.116   849  1086 I hwcomposer: [HWCDisplay] [Display_0 (type:1)] fps:0.279733,dur:71496.83,max:71277.85,min:10.57  
03-21 23:55:28.117  3591 27311 I DeviceStatusMonitor: DeviceStatusMonitor.handleBroadcast():138 onReceive() : Action = android.intent.action.SCREEN_ON
03-21 23:55:28.117   909   909 I SurfaceFlinger: Display 4627039422300187648 policy changed
03-21 23:55:28.117   909   909 I SurfaceFlinger: Previous: {defaultModeId=1, allowGroupSwitching=false, primaryRanges={physical=[90.00 Hz, 90.00 Hz], render=[90.00 Hz, 90.00 Hz]}, appRequestRanges={physical=[0.00 Hz, 90.00 Hz], render=[0.00 Hz, 90.00 Hz]} idleScreenConfig=nullptr}
03-21 23:55:28.117   909   909 I SurfaceFlinger: Current:  DisplayManagerPolicy{defaultModeId=1, allowGroupSwitching=false, primaryRanges={physical=[90.00 Hz, 90.00 Hz], render=[90.00 Hz, 90.00 Hz]}, appRequestRanges={physical=[90.00 Hz, 90.00 Hz], render=[90.00 Hz, 90.00 Hz]} idleScreenConfig=nullptr}
03-21 23:55:28.117   909   909 I SurfaceFlinger: 1 mode changes were performed under the previous policy
03-21 23:55:28.117  3591 27311 I DeviceStatusMonitor: DeviceStatusMonitor.updateCountryInfo():154 updateCountryInfo(), notifyAnyway = false
03-21 23:55:28.118  1557  1619 I DisplayDeviceRepository: Display device changed render timings: "Built-in Screen", renderFrameRate=90.0, presentationDeadlineNanos=17111111, appVsyncOffsetNanos=1000000, frameRateOverrides=[]
03-21 23:55:28.119  1557  1619 I DisplayDeviceRepository: Display device same: DisplayDeviceInfo{"Built-in Screen": uniqueId="local:4627039422300187648", 1080 x 2400, modeId 2, renderFrameRate 90.0, hasArrSupport false, frameRateCategoryRate FrameRateCategoryRate {normal=60.0, high=90.0}, supportedRefreshRates [60.0, 90.0], defaultModeId 2, userPreferredModeId -1, supportedModes [{id=1, parentModeId=-1, flags=, width=1080, height=2400, fps=60.0, vsync=60.0, alternativeRefreshRates=[90.0], supportedHdrTypes=[]}, {id=2, parentModeId=-1, flags=, width=1080, height=2400, fps=90.0, vsync=90.0, alternativeRefreshRates=[60.0], supportedHdrTypes=[]}], colorMode 0, supportedColorModes [0], hdrCapabilities HdrCapabilities{mSupportedHdrTypes=[], mMaxLuminance=500.0, mMaxAverageLuminance=500.0, mMinLuminance=0.0}, isForceSdr false, allmSupported false, gameContentTypeSupported false, density 420, 409.432 x 409.127 dpi, appVsyncOff 1000000, presDeadline 17111111, cutout DisplayCutout{insets=Rect(0, 93 - 0, 0) waterfall=Insets{left=0, top=0, right=0, bottom=0} boundingRect={Bounds=[Rect(0, 0 - 0, 0), Rect(503, 0 - 577, 93), Rect(0, 0 - 0, 0), Rect(0, 0 - 0, 0)]} cutoutPathParserInfo={CutoutPathParserInfo{displayWidth=1080 displayHeight=2400 physicalDisplayWidth=1080 physicalDisplayHeight=2400 density={2.625} cutoutSpec={M 0,0 H -37 V 93 H 37 V 0 H 0 Z} rotation={0} scale={1.0} physicalPixelDisplaySizeRatio={1.0}}} sideOverrides={}}, touch INTERNAL, rotation 0, type INTERNAL, address {port=0, model=0x40368bd6e7ee6c}, deviceProductInfo DeviceProductInfo{name=MTKDEV, manufacturerPnpId=MTK, productId=35638, modelYear=null, manufactureDate=ManufactureDate{week=42, year=2021}, connectionToSinkType=1, edidStructureMetadata=EdidStructureMetadata{version=0, revision=0}, videoInputType=0}, state ON, committedState ON, frameRateOverride , brightnessMinimum 0.0, brightnessMaximum 1.0, brightnessDefault 0.109428436, brightnessDim 8.54597E-4, hdrSdrRatio NaN, roundedCorners RoundedCorners{[RoundedCorner{position=TopLeft, radius=106, center=Point(106, 106)}, RoundedCorner{position=TopRight, radius=106, center=Point(974, 106)}, RoundedCorner{position=BottomRight, radius=106, center=Point(974, 2294)}, RoundedCorner{position=BottomLeft, radius=106, center=Point(106, 2294)}]}, FLAG_ALLOWED_TO_BE_DEFAULT_DISPLAY, FLAG_ROTATES_WITH_CONTENT, FLAG_SECURE, FLAG_SUPPORTS_PROTECTED_BUFFERS, FLAG_PRESENTATION, FLAG_TRUSTED, installOrientation 0, displayShape DisplayShape{ spec=-1893857183 displayWidth=1080 displayHeight=2400 physicalPixelDisplaySizeRatio=1.0 rotation=0 offsetX=0 offsetY=0 scale=1.0}}
03-21 23:55:28.119   623  2758 W libperfmgr: Failed to write to node: /dev/stune/top-app/schedtune.boost with value: 10, fd: -1
03-21 23:55:28.119   623  2758 W libperfmgr: Failed to write to node: /proc/sys/kernel/sched_boost with value: 0, fd: -1
03-21 23:55:28.123  3591  3591 I PkDeviceHelper: PkDeviceHelper.refreshDevices():87 refreshing devices
03-21 23:55:28.124  1557  1939 E SupplicantStaIfaceHalAidlImpl: ISupplicantStaIface.setSuspendModeEnabled failed with service specific exception: 
03-21 23:55:28.124  1557  1939 E SupplicantStaIfaceHalAidlImpl: android.os.ServiceSpecificException:  (code 1)
03-21 23:55:28.124  1557  1939 E SupplicantStaIfaceHalAidlImpl: 	at android.os.Parcel.createExceptionOrNull(Parcel.java:3387)
03-21 23:55:28.124  1557  1939 E SupplicantStaIfaceHalAidlImpl: 	at android.os.Parcel.createException(Parcel.java:3357)
03-21 23:55:28.124  1557  1939 E SupplicantStaIfaceHalAidlImpl: 	at android.os.Parcel.readException(Parcel.java:3340)
03-21 23:55:28.124  1557  1939 E SupplicantStaIfaceHalAidlImpl: 	at android.os.Parcel.readException(Parcel.java:3282)
03-21 23:55:28.124  1557  1939 E SupplicantStaIfaceHalAidlImpl: 	at com.android.wifi.x.android.hardware.wifi.supplicant.ISupplicantStaIface$Stub$Proxy.setSuspendModeEnabled(ISupplicantStaIface.java:2962)
03-21 23:55:28.124  1557  1939 E SupplicantStaIfaceHalAidlImpl: 	at com.android.server.wifi.SupplicantStaIfaceHalAidlImpl.setSuspendModeEnabled(SupplicantStaIfaceHalAidlImpl.java:2094)
03-21 23:55:28.124  1557  1939 E SupplicantStaIfaceHalAidlImpl: 	at com.android.server.wifi.SupplicantStaIfaceHal.setSuspendModeEnabled(SupplicantStaIfaceHal.java:1722)
03-21 23:55:28.124  1557  1939 E SupplicantStaIfaceHalAidlImpl: 	at com.android.server.wifi.WifiNative.setSuspendOptimizations(WifiNative.java:2831)
03-21 23:55:28.124  1557  1939 E SupplicantStaIfaceHalAidlImpl: 	at com.android.server.wifi.ClientModeImpl.setSuspendOptimizationsNative(ClientModeImpl.java:2763)
03-21 23:55:28.124  1557  1939 E SupplicantStaIfaceHalAidlImpl: 	at com.android.server.wifi.ClientModeImpl.-$$Nest$msetSuspendOptimizationsNative(ClientModeImpl.java:0)
03-21 23:55:28.124  1557  1939 E SupplicantStaIfaceHalAidlImpl: 	at com.android.server.wifi.ClientModeImpl$ConnectableState.processMessageImpl(ClientModeImpl.java:5053)
03-21 23:55:28.124  1557  1939 E SupplicantStaIfaceHalAidlImpl: 	at com.android.server.wifi.RunnerState.processMessage(RunnerState.java:82)
03-21 23:55:28.124  1557  1939 E SupplicantStaIfaceHalAidlImpl: 	at com.android.wifi.x.com.android.internal.util.StateMachine$SmHandler.processMsg(StateMachine.java:1007)
03-21 23:55:28.124  1557  1939 E SupplicantStaIfaceHalAidlImpl: 	at com.android.wifi.x.com.android.internal.util.StateMachine$SmHandler.handleMessage(StateMachine.java:820)
03-21 23:55:28.124  1557  1939 E SupplicantStaIfaceHalAidlImpl: 	at android.os.Handler.dispatchMessage(Handler.java:132)
03-21 23:55:28.124  1557  1939 E SupplicantStaIfaceHalAidlImpl: 	at android.os.Looper.dispatchMessage(Looper.java:333)
03-21 23:55:28.124  1557  1939 E SupplicantStaIfaceHalAidlImpl: 	at android.os.Looper.loopOnce(Looper.java:263)
03-21 23:55:28.124  1557  1939 E SupplicantStaIfaceHalAidlImpl: 	at android.os.Looper.loop(Looper.java:367)
03-21 23:55:28.124  1557  1939 E SupplicantStaIfaceHalAidlImpl: 	at android.os.HandlerThread.run(HandlerThread.java:139)
03-21 23:55:28.125   841   880 I netd    : networkAddUidRangesParcel(NativeUidRangeConfig{netId: 103, uidRanges: [UidRangeParcel{start: 0, stop: 2147483647}], subPriority: 998}) <0.48ms>
03-21 23:55:28.125   841   880 I netd    : networkRemoveUidRangesParcel(NativeUidRangeConfig{netId: 103, uidRanges: [UidRangeParcel{start: 0, stop: 2147483647}], subPriority: 998}) <0.38ms>
03-21 23:55:28.133  2441  7976 I NullBinder: NullBinder for android.net.action.RECOMMEND_NETWORKS triggering remote TransactionTooLargeException due to Service without Chimera impl, calling uid: 1000, calling pid: 0
03-21 23:55:28.133  2441  7976 W libbinder.Binder: Large reply transaction of 1056768 bytes, interface descriptor , code 1, flags 17
03-21 23:55:28.147  2040  2040 I KeyguardTransitionRepository: STARTED transition: TransitionStep(from=DOZING, to=GONE, value=0.0, transitionState=STARTED, ownerName=FromDozingTransitionInteractor(biometric wake and unlock))
03-21 23:55:28.148   623  2758 W libperfmgr: Failed to write to node: /dev/stune/top-app/schedtune.boost with value: 50, fd: -1
03-21 23:55:28.148   623  2758 W libperfmgr: Failed to write to node: /proc/sys/kernel/sched_boost with value: 1, fd: -1
03-21 23:55:28.148  1557  2282 W TransitionChain: Combining sleepTokens into #66(TO_BACK|R|0x106) from kgGoAway
03-21 23:55:28.162   909   985 E surfaceflinger: == MALI DEBUG ===eglp_winsys_populate_image_templates ==12288
03-21 23:55:28.204   909   985 E surfaceflinger: == MALI DEBUG ===eglp_winsys_populate_image_templates ==12288
03-21 23:55:28.206  1557  1659 I DisplayPowerController[0]: Unblocked screen on after 161 ms
03-21 23:55:28.207   909   985 E surfaceflinger: == MALI DEBUG ===eglp_winsys_populate_image_templates ==12288
03-21 23:55:28.207   872   872 I Situation: batch: handle:26, flag:0,samplingPeriodNs:66667000 maxBatchReportLatencyNs:0
03-21 23:55:28.208  1557  1659 I DreamManagerService: Gently waking up from dream.
03-21 23:55:28.208  1025  1096 E flp     : mnld_screen_monitor_thread: Screen on
03-21 23:55:28.208  1025  1096 E flp     : mnld_screen_monitor_thread: Wake Monitor Restart
03-21 23:55:28.209   872   872 I Situation: enable: handle:26, en:1 
03-21 23:55:28.211   872   872 I Accelerometer: batch: handle:0, flag:0,samplingPeriodNs:66667000 maxBatchReportLatencyNs:0
03-21 23:55:28.212   872   872 I Accelerometer: flush, flushCnt:1
03-21 23:55:28.213   872   934 I Accelerometer: flush complete, flushCnt:0
03-21 23:55:28.215  1557  1596 I DreamManagerService: Leaving dreamland.
03-21 23:55:28.215  1557  1616 I DreamController: Stopping dream: name=ComponentInfo{com.android.systemui/com.android.systemui.doze.DozeService}, isPreviewMode=false, canDoze=true, userId=0, reason='finished self'(from 'power manager request')
03-21 23:55:28.219   909   985 E surfaceflinger: == MALI DEBUG ===eglp_winsys_populate_image_templates ==12288
03-21 23:55:28.219   849  1056 W hwcomposer: [DRMDEV] paramIsSame(), id 11, w 1080/1080, h 93/93, pitch 1088/1088, format 0x2/0x1, secure 0/0  
03-21 23:55:28.222   577   577 I [mTEE]  :  come into the TZ_VFS_OPEN function
03-21 23:55:28.222   577   577 I [mTEE]  :  come into the TZ_VFS_OPEN function
03-21 23:55:28.224   841 27315 I resolv  : GetAddrInfoHandler::run: {103 103 103 983143 10399 0}
03-21 23:55:28.225   841 27316 I resolv  : res_nmkquery: (QUERY, IN, A)
03-21 23:55:28.225   577   577 I [mTEE]  :  come into the TZ_VFS_OPEN function
03-21 23:55:28.227   577   577 I [mTEE]  :  come into the TZ_VFS_OPEN function
03-21 23:55:28.229   577   577 I [mTEE]  :  come into the TZ_VFS_OPEN function
03-21 23:55:28.230   577   577 I [mTEE]  :  come into the TZ_VFS_OPEN function
03-21 23:55:28.233   909   985 E surfaceflinger: == MALI DEBUG ===eglp_winsys_populate_image_templates ==12288
03-21 23:55:28.234   909   985 E surfaceflinger: == MALI DEBUG ===eglp_winsys_populate_image_templates ==12288
03-21 23:55:28.235   841 27316 I resolv  : res_nsend: used send_dg 43 terrno: 0
03-21 23:55:28.235   841 27316 I resolv  : doQuery: rcode=0, ancount=1, return value=43
03-21 23:55:28.236   577   577 I [mTEE]  :  come into the TZ_VFS_OPEN function
03-21 23:55:28.237   577   577 I [mTEE]  :  come into the TZ_VFS_OPEN function
03-21 23:55:28.237   872   872 I Situation: enable: handle:24, en:0 
03-21 23:55:28.238   577   577 I [mTEE]  :  come into the TZ_VFS_OPEN function
03-21 23:55:28.238   577   577 I [mTEE]  :  come into the TZ_VFS_OPEN function
03-21 23:55:28.240   577   577 I [mTEE]  :  come into the TZ_VFS_OPEN function
03-21 23:55:28.241   577   577 I [mTEE]  :  come into the TZ_VFS_OPEN function
03-21 23:55:28.241  1557  1639 W libprocessgroup: SetCgroup::ExecuteForProcess: failed to open /dev/stune/top-app/cgroup.procs: No such file or directory
03-21 23:55:28.242   577   577 I [mTEE]  :  come into the TZ_VFS_OPEN function
03-21 23:55:28.243   577   577 I [mTEE]  :  come into the TZ_VFS_OPEN function
03-21 23:55:28.243   849  1056 W hwcomposer: [DRMDEV] paramIsSame(), id 292, w 1080/1080, h 93/93, pitch 1088/1088, format 0x2/0x1, secure 0/0  
03-21 23:55:28.245   577   577 I [mTEE]  :  come into the TZ_VFS_OPEN function
03-21 23:55:28.246   577   577 I [mTEE]  :  come into the TZ_VFS_OPEN function
03-21 23:55:28.247  1557  4366 E BiometricScheduler: Current operation is null,no need to start watchdog
03-21 23:55:28.248   891  2634 W StNfcHal: Idle data: 2nd byte is 0x40
03-21 23:55:28.248   891  2634 W StNfcHal: , reading next 2 bytes
03-21 23:55:28.249  2040  2247 I PluginActionManager[com.android.systemui.action.PLUGIN_NOTIFICATION_MENU_ROW]: Found 0 plugins
03-21 23:55:28.251   891  2634 W StNfcHal: Idle data: 2nd byte is 0x40
03-21 23:55:28.251   891  2634 W StNfcHal: , reading next 2 bytes
03-21 23:55:28.252   577   577 I [mTEE]  :  come into the TZ_VFS_OPEN function
03-21 23:55:28.252   577   577 I [mTEE]  :  come into the TZ_VFS_OPEN function
03-21 23:55:28.253  2040  2247 I PluginActionManager[com.android.systemui.action.PLUGIN_NOTIFICATION_MENU_ROW]: Found 0 plugins
03-21 23:55:28.253   577   577 I [mTEE]  :  come into the TZ_VFS_OPEN function
03-21 23:55:28.254   909   985 E surfaceflinger: == MALI DEBUG ===eglp_winsys_populate_image_templates ==12288
03-21 23:55:28.255   577   577 I [mTEE]  :  come into the TZ_VFS_OPEN function
03-21 23:55:28.258   577   577 I [mTEE]  :  come into the TZ_VFS_OPEN function
03-21 23:55:28.258   577   577 I [mTEE]  :  come into the TZ_VFS_OPEN function
03-21 23:55:28.261   577   577 I [mTEE]  :  come into the TZ_VFS_OPEN function
03-21 23:55:28.261   623  2758 W libperfmgr: Failed to write to node: /dev/stune/top-app/schedtune.boost with value: 10, fd: -1
03-21 23:55:28.262   623  2758 W libperfmgr: Failed to write to node: /proc/sys/kernel/sched_boost with value: 0, fd: -1
03-21 23:55:28.262   909   985 E surfaceflinger: == MALI DEBUG ===eglp_winsys_populate_image_templates ==12288
03-21 23:55:28.263   577   577 I [mTEE]  :  come into the TZ_VFS_OPEN function
03-21 23:55:28.264   577   577 I [mTEE]  :  come into the TZ_VFS_OPEN function
03-21 23:55:28.264   577   577 I [mTEE]  :  come into the TZ_VFS_OPEN function
03-21 23:55:28.267   577   577 I [mTEE]  :  come into the TZ_VFS_OPEN function
03-21 23:55:28.267   577   577 I [mTEE]  :  come into the TZ_VFS_OPEN function
03-21 23:55:28.269   577   577 I [mTEE]  :  come into the TZ_VFS_OPEN function
03-21 23:55:28.270   577   577 I [mTEE]  :  come into the TZ_VFS_OPEN function
03-21 23:55:28.271   577   577 I [mTEE]  :  come into the TZ_VFS_OPEN function
03-21 23:55:28.272   577   577 I [mTEE]  :  come into the TZ_VFS_OPEN function
03-21 23:55:28.274   577   577 I [mTEE]  :  come into the TZ_VFS_OPEN function
03-21 23:55:28.275   577   577 I [mTEE]  :  come into the TZ_VFS_OPEN function
03-21 23:55:28.288  1557  1921 I ImeTracker: com.rnat:33646bbd: onRequestHide at ORIGIN_SERVER reason HIDE_SAME_WINDOW_FOCUSED_WITHOUT_EDITOR fromUser false
03-21 23:55:28.289  8396  8396 I ImeTracker: com.rnat:33646bbd: onCancelled at PHASE_CLIENT_ALREADY_HIDDEN
03-21 23:55:28.289  3591  3591 I GoogleInputMethodService: GoogleInputMethodService.onStartInput():1385 onStartInput(EditorInfo{EditorInfo{packageName=com.rnat, inputType=0, inputTypeString=NULL, enableLearning=false, autoCorrection=false, autoComplete=false, imeOptions=0, privateImeOptions=null, actionName=UNSPECIFIED, actionLabel=null, initialSelStart=-1, initialSelEnd=-1, initialCapsMode=0, label=null, fieldId=0, fieldName=null, extras=null, hintText=null, hintLocales=[]}}, false)
03-21 23:55:28.289  3591  3591 I AndroidIME: LatinIMEBase.updateInputViewCoverNavigation():314 Update input view padding, extendsTouchBelowSpace=true, bottom inset=126
03-21 23:55:28.290  3591  3591 I Module  : DeviceLockedStatusModuleProvider$Module.updateDeviceLockedStatus():103 repeatCheckTimes = 1, locked = false
03-21 23:55:28.291  1557  3459 W PackageConfigPersister: App-specific configuration not found for packageName: com.rnat and userId: 0
03-21 23:55:28.292   577   577 I [mTEE]  :  come into the TZ_VFS_OPEN function
03-21 23:55:28.292   577   577 I [mTEE]  :  come into the TZ_VFS_OPEN function
03-21 23:55:28.293   577   577 I [mTEE]  :  come into the TZ_VFS_OPEN function
03-21 23:55:28.293   577   577 I [mTEE]  :  come into the TZ_VFS_OPEN function
03-21 23:55:28.296   577   577 I [mTEE]  :  come into the TZ_VFS_OPEN function
03-21 23:55:28.296   577   577 I [mTEE]  :  come into the TZ_VFS_OPEN function
03-21 23:55:28.303   909   985 E surfaceflinger: == MALI DEBUG ===eglp_winsys_populate_image_templates ==12288
03-21 23:55:28.313  1157  1367 E [GF_HAL][gf_hal_milan]: [hal_milan_invoke_command] err=GF_SUCCESS, errno=0. reset g_hal_over_current_count to 0!
03-21 23:55:28.313   623  2758 W libperfmgr: Failed to write to node: /dev/stune/top-app/schedtune.boost with value: 50, fd: -1
03-21 23:55:28.314   623  2758 W libperfmgr: Failed to write to node: /proc/sys/kernel/sched_boost with value: 2, fd: -1
03-21 23:55:28.315  1157  1367 E [GF_HAL][gf_hal_milan]: [hal_milan_invoke_command] err=GF_SUCCESS, errno=0. reset g_hal_over_current_count to 0!
03-21 23:55:28.315  1157  1367 I [GF_HAL][gf_hal_milan]: [irq_pre_process] irq_type=INVALID_IRQ_TYPE, irq_type=0x0000
03-21 23:55:28.315  1157  1367 I [GF_HAL][gf_hal_milan]: [irq_process] invalid irq type 0
03-21 23:55:28.369  1157  1367 E [GF_HAL][gf_hal_milan]: [hal_milan_invoke_command] err=GF_SUCCESS, errno=0. reset g_hal_over_current_count to 0!
03-21 23:55:28.369  1157  1367 I [GF_HAL][gf_hal_milan]: [irq_pre_process] irq_type=[GF_IRQ_FDT_REVERSE_MASK], irq_type=0x4000
03-21 23:55:28.369  1157  1367 I [GF_HAL][gf_hal_milan]: [irq_pre_process] received FDT irq, so reset dump_base_frame_flag
03-21 23:55:28.419  2040  2040 I KeyguardTransitionRepository: FINISHED transition: TransitionStep(from=DOZING, to=GONE, value=1.0, transitionState=FINISHED, ownerName=FromDozingTransitionInteractor(biometric wake and unlock))
03-21 23:55:28.424   872   872 I Light   : enable: handle:4, en:0 
03-21 23:55:28.425  1557  1984 W BiometricFrameworkStatsLogger: found a negative latency : -1
03-21 23:55:28.464   623  2758 W libperfmgr: Failed to write to node: /dev/stune/top-app/schedtune.boost with value: 10, fd: -1
03-21 23:55:28.464   623  2758 W libperfmgr: Failed to write to node: /proc/sys/kernel/sched_boost with value: 0, fd: -1
03-21 23:55:28.493  1557  1616 I UsbPortManager: USB HAL AIDL version: USB_HAL_V2_0
03-21 23:55:28.636  2441 26230 I NearbySharing: Network state changed: NetworkState(isRestricted=false, isOnline=true, isCongested=false, isMetered=false, isWifiConnected=true)
03-21 23:55:28.695  1157  1367 E [GF_HAL][gf_hal_milan]: [hal_milan_invoke_command] err=GF_SUCCESS, errno=0. reset g_hal_over_current_count to 0!
03-21 23:55:28.695  1157  1367 I [GF_HAL][gf_hal_milan]: [irq_pre_process] irq_type=[GF_IRQ_FINGER_UP_MASK], irq_type=0x0004
03-21 23:55:28.724  2441 26229 I NearbySharing: Screen is unlocked
03-21 23:55:28.724  2441 26229 I NearbySharing: Uwb feature is off.
03-21 23:55:28.724  2441 26229 I NearbySharing: Uwb feature is off.
03-21 23:55:28.724  2441 26229 I NearbySharing: Stopping scanning because Bluetooth is disabled.
03-21 23:55:28.725  2441 26229 I NearbySharing: Stopping Fast Init advertisement because Bluetooth is off.
03-21 23:55:28.725  2441 26229 I NearbySharing: Stopping advertising because Bluetooth is disabled.
03-21 23:55:28.729  2441 26229 I NearbySharing: Fast Initiation Scanning has stopped
03-21 23:55:28.729  2441 26229 I NearbySharing: Stopping FastInitiation scanning because Bluetooth is disabled.
03-21 23:55:28.729  2441 26229 I NearbySharing: Dismissing HUN as there's no device nearby.
03-21 23:55:28.741  1157  1367 E [GF_HAL][gf_hal_milan]: [hal_milan_invoke_command] err=GF_SUCCESS, errno=0. reset g_hal_over_current_count to 0!
03-21 23:55:28.741  1157  1367 I [GF_HAL][gf_hal_milan]: [irq_pre_process] irq_type=[GF_IRQ_FINGER_DOWN_MASK], irq_type=0x0002
03-21 23:55:28.738  1157  1157 W android.hardwar: type=1400 audit(0.0:1522): avc:  denied  { read } for  name="u:object_r:system_prop:s0" dev="tmpfs" ino=10261 scontext=u:r:hal_fingerprint_default:s0 tcontext=u:object_r:system_prop:s0 tclass=file permissive=0
03-21 23:55:28.741  1157  1367 W libc    : Access denied finding property "sys.fp.miui.token"
03-21 23:55:28.746  1557  1639 W libprocessgroup: SetCgroup::ExecuteForProcess: failed to open /dev/stune/background/cgroup.procs: No such file or directory
03-21 23:55:28.753  2441 27320 I NearbyMediums: ModuleInitializer handles incoming intent android.intent.action.USER_PRESENT
03-21 23:55:28.754 26093 27324 I PersonalSafety: ConnectivityProtectionLockingIntentOperation: cancelled task [CONTEXT service_id=310 ]
03-21 23:55:28.759  2441  2441 I RCNIntentOperation: RCN is disabled on this network.
03-21 23:55:28.867  1157  1367 E [GF_HAL][gf_hal_milan]: [hal_milan_invoke_command] err=GF_SUCCESS, errno=0. reset g_hal_over_current_count to 0!
03-21 23:55:28.867  1157  1367 I [GF_HAL][gf_hal_milan]: [irq_pre_process] irq_type=[GF_IRQ_FINGER_UP_MASK], irq_type=0x0004
03-21 23:55:28.867  1157  1367 W libc    : Access denied finding property "sys.fp.miui.token"
03-21 23:55:28.866  1157  1157 W android.hardwar: type=1400 audit(0.0:1523): avc:  denied  { read } for  name="u:object_r:system_prop:s0" dev="tmpfs" ino=10261 scontext=u:r:hal_fingerprint_default:s0 tcontext=u:object_r:system_prop:s0 tclass=file permissive=0
03-21 23:55:28.898   849  1055 I hwcomposer: [HWC] (0)fire a callback of refresh to SF[4]  
03-21 23:55:28.904   623  2758 W libperfmgr: Failed to write to node: /dev/stune/top-app/schedtune.boost with value: 10, fd: -1
03-21 23:55:28.904   623  2758 W libperfmgr: Failed to write to node: /proc/sys/kernel/sched_boost with value: 0, fd: -1
03-21 23:55:28.980   623  2758 W libperfmgr: Failed to write to node: /dev/stune/top-app/schedtune.boost with value: 10, fd: -1
03-21 23:55:28.980   623  2758 W libperfmgr: Failed to write to node: /proc/sys/kernel/sched_boost with value: 0, fd: -1
03-21 23:55:29.410   849  1053 I hwcomposer: [XMFP]: Receive panel off event!
03-21 23:55:29.410   849  1053 I hwcomposer: [HWCDisplay] [XMFP]: Display(0) SetPowerMode(0) fp_parallel:1  
03-21 23:55:29.410   849  1053 I hwcomposer: [HWCDisplay] [XMFP]: Display(0) skip fp_parallel SetPowerMode(0)  
03-21 23:55:29.480   623  2758 W libperfmgr: Failed to write to node: /dev/stune/top-app/schedtune.boost with value: 10, fd: -1
03-21 23:55:29.480   623  2758 W libperfmgr: Failed to write to node: /proc/sys/kernel/sched_boost with value: 0, fd: -1
03-21 23:55:29.562   849  1086 I hwcomposer: [HWCDisplay] [Display_0 (type:1)] fps:30.429155,dur:1445.98,max:651.97,min:2.82  
03-21 23:55:29.626   849  1055 I hwcomposer: [HWC] (0)fire a callback of refresh to SF[4]  
03-21 23:55:29.637   623  2758 W libperfmgr: Failed to write to node: /dev/stune/top-app/schedtune.boost with value: 10, fd: -1
03-21 23:55:29.638   623  2758 W libperfmgr: Failed to write to node: /proc/sys/kernel/sched_boost with value: 0, fd: -1
03-21 23:55:29.681   623  2758 W libperfmgr: Failed to write to node: /dev/stune/top-app/schedtune.boost with value: 10, fd: -1
03-21 23:55:29.681   623  2758 W libperfmgr: Failed to write to node: /proc/sys/kernel/sched_boost with value: 0, fd: -1
03-21 23:55:29.754   849  1055 I hwcomposer: [HWC] (0)fire a callback of refresh to SF[4]  
03-21 23:55:29.760   623  2758 W libperfmgr: Failed to write to node: /dev/stune/top-app/schedtune.boost with value: 10, fd: -1
03-21 23:55:29.760   623  2758 W libperfmgr: Failed to write to node: /proc/sys/kernel/sched_boost with value: 0, fd: -1
03-21 23:55:29.836   623  2758 W libperfmgr: Failed to write to node: /dev/stune/top-app/schedtune.boost with value: 10, fd: -1
03-21 23:55:29.836   623  2758 W libperfmgr: Failed to write to node: /proc/sys/kernel/sched_boost with value: 0, fd: -1
03-21 23:55:30.000   868 19875 W C2BqBuffer: last successful dequeue was 783230215 us ago, 0 consecutive failures
03-21 23:55:30.049   872   934 E Situation: processEvent, handle:26, flush_action:0
03-21 23:55:30.166   849  1055 I hwcomposer: [HWC] (0)fire a callback of refresh to SF[4]  
03-21 23:55:30.172   623  2758 W libperfmgr: Failed to write to node: /dev/stune/top-app/schedtune.boost with value: 10, fd: -1
03-21 23:55:30.172   623  2758 W libperfmgr: Failed to write to node: /proc/sys/kernel/sched_boost with value: 0, fd: -1
03-21 23:55:30.182   623  2758 W libperfmgr: Failed to write to node: /dev/stune/top-app/schedtune.boost with value: 10, fd: -1
03-21 23:55:30.182   623  2758 W libperfmgr: Failed to write to node: /proc/sys/kernel/sched_boost with value: 0, fd: -1
03-21 23:55:30.246   849  1055 I hwcomposer: [HWC] (0)fire a callback of refresh to SF[4]  
03-21 23:55:30.260   623  2758 W libperfmgr: Failed to write to node: /dev/stune/top-app/schedtune.boost with value: 10, fd: -1
03-21 23:55:30.260   623  2758 W libperfmgr: Failed to write to node: /proc/sys/kernel/sched_boost with value: 0, fd: -1
03-21 23:55:30.328   623  2758 W libperfmgr: Failed to write to node: /dev/stune/top-app/schedtune.boost with value: 10, fd: -1
03-21 23:55:30.328   623  2758 W libperfmgr: Failed to write to node: /proc/sys/kernel/sched_boost with value: 0, fd: -1
03-21 23:55:30.548   623  2758 W libperfmgr: Failed to write to node: /dev/stune/top-app/schedtune.boost with value: 50, fd: -1
03-21 23:55:30.549   623  2758 W libperfmgr: Failed to write to node: /proc/sys/kernel/sched_boost with value: 2, fd: -1
03-21 23:55:30.649   623  2758 W libperfmgr: Failed to write to node: /dev/stune/top-app/schedtune.boost with value: 10, fd: -1
03-21 23:55:30.649   623  2758 W libperfmgr: Failed to write to node: /proc/sys/kernel/sched_boost with value: 0, fd: -1
03-21 23:55:30.650   849  1086 I hwcomposer: [HWCDisplay] [Display_0 (type:1)] fps:29.397190,dur:1088.54,max:385.24,min:7.27  
03-21 23:55:30.651   909   985 E surfaceflinger: == MALI DEBUG ===eglp_winsys_populate_image_templates ==12288
03-21 23:55:30.653  1557  4366 I InputDispatcher: Channel [Gesture Monitor] edge-swipe is stealing input gesture for device 4 from [ff09a63 com.rnat/com.rnat.MainActivity, [Gesture Monitor] swipe-up]
03-21 23:55:30.657   909   985 E surfaceflinger: == MALI DEBUG ===eglp_winsys_populate_image_templates ==12288
03-21 23:55:30.667   909   985 E surfaceflinger: == MALI DEBUG ===eglp_winsys_populate_image_templates ==12288
03-21 23:55:30.671   623  2758 W libperfmgr: Failed to write to node: /dev/stune/top-app/schedtune.boost with value: 50, fd: -1
03-21 23:55:30.671   623  2758 W libperfmgr: Failed to write to node: /proc/sys/kernel/sched_boost with value: 2, fd: -1
03-21 23:55:30.672  3591  3591 I StylusModule: StylusModule.onUpdateToolType():774 Update tool type = 0
03-21 23:55:30.676   909   985 E surfaceflinger: == MALI DEBUG ===eglp_winsys_populate_image_templates ==12288
03-21 23:55:30.921   623  2758 W libperfmgr: Failed to write to node: /dev/stune/top-app/schedtune.boost with value: 10, fd: -1
03-21 23:55:30.921   623  2758 W libperfmgr: Failed to write to node: /proc/sys/kernel/sched_boost with value: 0, fd: -1
03-21 23:55:31.034   849  1055 I hwcomposer: [HWC] (0)fire a callback of refresh to SF[4]  
03-21 23:55:31.048   623  2758 W libperfmgr: Failed to write to node: /dev/stune/top-app/schedtune.boost with value: 10, fd: -1
03-21 23:55:31.048   623  2758 W libperfmgr: Failed to write to node: /proc/sys/kernel/sched_boost with value: 0, fd: -1
03-21 23:55:31.115   623  2758 W libperfmgr: Failed to write to node: /dev/stune/top-app/schedtune.boost with value: 10, fd: -1
03-21 23:55:31.115   623  2758 W libperfmgr: Failed to write to node: /proc/sys/kernel/sched_boost with value: 0, fd: -1
03-21 23:55:31.138   884   900 I WifiHAL : feature_set=0x8488141a
03-21 23:55:31.139  1557  1939 I HalDevMgr: bestIfaceCreationProposal is null, requestIface=STA, existingIface=[name=wlan0 type=STA]
03-21 23:55:31.598   849  1055 I hwcomposer: [HWC] (0)fire a callback of refresh to SF[4]  
03-21 23:55:31.604   623  2758 W libperfmgr: Failed to write to node: /dev/stune/top-app/schedtune.boost with value: 10, fd: -1
03-21 23:55:31.604   623  2758 W libperfmgr: Failed to write to node: /proc/sys/kernel/sched_boost with value: 0, fd: -1
03-21 23:55:31.679   623  2758 W libperfmgr: Failed to write to node: /dev/stune/top-app/schedtune.boost with value: 10, fd: -1
03-21 23:55:31.679   623  2758 W libperfmgr: Failed to write to node: /proc/sys/kernel/sched_boost with value: 0, fd: -1
03-21 23:55:31.828   849  1086 I hwcomposer: [HWCDisplay] [Display_0 (type:1)] fps:27.173708,dur:1177.61,max:484.83,min:10.78  
03-21 23:55:31.902   849  1055 I hwcomposer: [HWC] (0)fire a callback of refresh to SF[4]  
03-21 23:55:31.915   623  2758 W libperfmgr: Failed to write to node: /dev/stune/top-app/schedtune.boost with value: 10, fd: -1
03-21 23:55:31.915   623  2758 W libperfmgr: Failed to write to node: /proc/sys/kernel/sched_boost with value: 0, fd: -1
03-21 23:55:31.984   623  2758 W libperfmgr: Failed to write to node: /dev/stune/top-app/schedtune.boost with value: 10, fd: -1
03-21 23:55:31.984   623  2758 W libperfmgr: Failed to write to node: /proc/sys/kernel/sched_boost with value: 0, fd: -1
03-21 23:55:32.124   623  2758 W libperfmgr: Failed to write to node: /dev/stune/top-app/schedtune.boost with value: 50, fd: -1
03-21 23:55:32.124   623  2758 W libperfmgr: Failed to write to node: /proc/sys/kernel/sched_boost with value: 2, fd: -1
03-21 23:55:32.126   849  1055 I hwcomposer: [HWC] (0)fire a callback of refresh to SF[4]  
03-21 23:55:32.137   623  2758 W libperfmgr: Failed to write to node: /dev/stune/top-app/schedtune.boost with value: 50, fd: -1
03-21 23:55:32.137   623  2758 W libperfmgr: Failed to write to node: /proc/sys/kernel/sched_boost with value: 2, fd: -1
03-21 23:55:32.143  1557  1921 I ImeTracker: com.rnat:66ba56f5: onRequestHide at ORIGIN_SERVER reason HIDE_UNSPECIFIED_WINDOW fromUser false
03-21 23:55:32.144  8396  8396 I ImeTracker: com.rnat:66ba56f5: onCancelled at PHASE_CLIENT_ALREADY_HIDDEN
03-21 23:55:32.144  3591  3591 I GoogleInputMethodService: GoogleInputMethodService.onFinishInput():2114 
03-21 23:55:32.145  3591  3591 I Module  : DeviceLockedStatusModuleProvider$Module.updateDeviceLockedStatus():103 repeatCheckTimes = 0, locked = false
03-21 23:55:32.145  3591  3591 I GoogleInputMethodService: GoogleInputMethodService.onStartInput():1385 onStartInput(EditorInfo{EditorInfo{packageName=com.rnat, inputType=0, inputTypeString=NULL, enableLearning=false, autoCorrection=false, autoComplete=false, imeOptions=0, privateImeOptions=null, actionName=UNSPECIFIED, actionLabel=null, initialSelStart=-1, initialSelEnd=-1, initialCapsMode=0, label=null, fieldId=0, fieldName=null, extras=null, hintText=null, hintLocales=[]}}, false)
03-21 23:55:32.145  3591  3591 I AndroidIME: LatinIMEBase.updateInputViewCoverNavigation():314 Update input view padding, extendsTouchBelowSpace=true, bottom inset=126
03-21 23:55:32.145  3591  3591 I Module  : DeviceLockedStatusModuleProvider$Module.updateDeviceLockedStatus():103 repeatCheckTimes = 1, locked = false
03-21 23:55:32.145  1557  4366 I ImeTracker: system_server:bbad0802: onRequestHide at ORIGIN_SERVER reason IME_REQUESTED_CHANGED_LISTENER fromUser false
03-21 23:55:32.146  1557  1619 I ImeTracker: system_server:bbad0802: onCancelled at PHASE_SERVER_SHOULD_HIDE
03-21 23:55:32.146  1557  4366 W PackageConfigPersister: App-specific configuration not found for packageName: com.rnat and userId: 0
03-21 23:55:32.148   623  2758 W libperfmgr: Failed to write to node: /dev/stune/top-app/schedtune.boost with value: 50, fd: -1
03-21 23:55:32.148   623  2758 W libperfmgr: Failed to write to node: /proc/sys/kernel/sched_boost with value: 2, fd: -1
03-21 23:55:32.152   849  1056 W hwcomposer: [DRMDEV] paramIsSame(), id 294, w 1080/1080, h 2400/2400, pitch 1088/1088, format 0x2/0x1, secure 0/0  
03-21 23:55:32.274   623  2758 W libperfmgr: Failed to write to node: /dev/stune/top-app/schedtune.boost with value: 10, fd: -1
03-21 23:55:32.274   623  2758 W libperfmgr: Failed to write to node: /proc/sys/kernel/sched_boost with value: 0, fd: -1
03-21 23:55:32.278   849  1055 I hwcomposer: [HWC] (0)fire a callback of refresh to SF[4]  
03-21 23:55:32.292   623  2758 W libperfmgr: Failed to write to node: /dev/stune/top-app/schedtune.boost with value: 10, fd: -1
03-21 23:55:32.292   623  2758 W libperfmgr: Failed to write to node: /proc/sys/kernel/sched_boost with value: 0, fd: -1
03-21 23:55:32.359   623  2758 W libperfmgr: Failed to write to node: /dev/stune/top-app/schedtune.boost with value: 10, fd: -1
03-21 23:55:32.359   623  2758 W libperfmgr: Failed to write to node: /proc/sys/kernel/sched_boost with value: 0, fd: -1
03-21 23:55:32.860   623  2758 W libperfmgr: Failed to write to node: /dev/stune/top-app/schedtune.boost with value: 10, fd: -1
03-21 23:55:32.860   623  2758 W libperfmgr: Failed to write to node: /proc/sys/kernel/sched_boost with value: 0, fd: -1
03-21 23:55:33.234 27331 27331 W libbinder.BackendUnifiedServiceManager: Thread Pool max thread count is 0. Cannot cache binder as linkToDeath cannot be implemented. serviceName: deviceidle
03-21 23:55:33.251 27333 27333 W libbinder.BackendUnifiedServiceManager: Thread Pool max thread count is 0. Cannot cache binder as linkToDeath cannot be implemented. serviceName: battery
03-21 23:55:33.265 27335 27335 W libbinder.BackendUnifiedServiceManager: Thread Pool max thread count is 0. Cannot cache binder as linkToDeath cannot be implemented. serviceName: deviceidle
03-21 23:55:33.295 27338 27338 W libbinder.BackendUnifiedServiceManager: Thread Pool max thread count is 0. Cannot cache binder as linkToDeath cannot be implemented. serviceName: activity
03-21 23:55:33.342  1157  1367 E [GF_HAL][gf_hal_milan]: [hal_milan_invoke_command] err=GF_SUCCESS, errno=0. reset g_hal_over_current_count to 0!
03-21 23:55:33.342  1157  1367 I [GF_HAL][gf_hal_milan]: [irq_pre_process] irq_type=[GF_IRQ_FINGER_DOWN_MASK], irq_type=0x0002
03-21 23:55:33.343  1157  1367 W libc    : Access denied finding property "sys.fp.miui.token"
03-21 23:55:33.342  1157  1157 W android.hardwar: type=1400 audit(0.0:1524): avc:  denied  { read } for  name="u:object_r:system_prop:s0" dev="tmpfs" ino=10261 scontext=u:r:hal_fingerprint_default:s0 tcontext=u:object_r:system_prop:s0 tclass=file permissive=0
03-21 23:55:33.360   623  2758 W libperfmgr: Failed to write to node: /dev/stune/top-app/schedtune.boost with value: 10, fd: -1
03-21 23:55:33.360 27347 27347 W libbinder.BackendUnifiedServiceManager: Thread Pool max thread count is 0. Cannot cache binder as linkToDeath cannot be implemented. serviceName: battery
03-21 23:55:33.360   623  2758 W libperfmgr: Failed to write to node: /proc/sys/kernel/sched_boost with value: 0, fd: -1
03-21 23:55:33.768  1157  1367 E [GF_HAL][gf_hal_milan]: [hal_milan_invoke_command] err=GF_SUCCESS, errno=0. reset g_hal_over_current_count to 0!
03-21 23:55:33.768  1157  1367 I [GF_HAL][gf_hal_milan]: [irq_pre_process] irq_type=[GF_IRQ_FINGER_UP_MASK], irq_type=0x0004
03-21 23:55:33.768  1157  1367 W libc    : Access denied finding property "sys.fp.miui.token"
03-21 23:55:33.766  1157  1157 W android.hardwar: type=1400 audit(0.0:1525): avc:  denied  { read } for  name="u:object_r:system_prop:s0" dev="tmpfs" ino=10261 scontext=u:r:hal_fingerprint_default:s0 tcontext=u:object_r:system_prop:s0 tclass=file permissive=0
03-21 23:55:33.861   623  2758 W libperfmgr: Failed to write to node: /dev/stune/top-app/schedtune.boost with value: 10, fd: -1
03-21 23:55:33.861   623  2758 W libperfmgr: Failed to write to node: /proc/sys/kernel/sched_boost with value: 0, fd: -1
03-21 23:55:34.024  8396  8396 E unknown:ReactNative: Got DOWN touch before receiving UP or CANCEL from last gesture
03-21 23:55:34.052  1557  3361 I InputDispatcher: Channel [Gesture Monitor] swipe-up is stealing input gesture for device 4 from [ef7638f com.rnat/com.rnat.MainActivity, [Gesture Monitor] edge-swipe]
03-21 23:55:34.056   623  2758 W libperfmgr: Failed to write to node: /dev/stune/top-app/schedtune.boost with value: 50, fd: -1
03-21 23:55:34.056   623  2758 W libperfmgr: Failed to write to node: /proc/sys/kernel/sched_boost with value: 1, fd: -1
03-21 23:55:34.057  1557  1639 W libprocessgroup: SetCgroup::ExecuteForProcess: failed to open /dev/stune/top-app/cgroup.procs: No such file or directory
03-21 23:55:34.061   841   880 I netd    : tetherGetStats() -> {[]} <1.08ms>
03-21 23:55:34.082   849  1086 I hwcomposer: [HWCDisplay] [Display_0 (type:1)] fps:6.209632,dur:2254.56,max:1784.69,min:9.31  
03-21 23:55:34.092   909   985 E surfaceflinger: == MALI DEBUG ===eglp_winsys_populate_image_templates ==12288
03-21 23:55:34.097   909   985 E surfaceflinger: == MALI DEBUG ===eglp_winsys_populate_image_templates ==12288
03-21 23:55:34.100   909   985 E surfaceflinger: == MALI DEBUG ===eglp_winsys_populate_image_templates ==12288
03-21 23:55:34.109   909   985 E surfaceflinger: == MALI DEBUG ===eglp_winsys_populate_image_templates ==12288
03-21 23:55:34.112   909   985 E surfaceflinger: == MALI DEBUG ===eglp_winsys_populate_image_templates ==12288
03-21 23:55:34.137   623  2758 W libperfmgr: Failed to write to node: /dev/stune/top-app/schedtune.boost with value: 50, fd: -1
03-21 23:55:34.137   623  2758 W libperfmgr: Failed to write to node: /proc/sys/kernel/sched_boost with value: 1, fd: -1
03-21 23:55:34.144   884   900 I WifiHAL : feature_set=0x8488141a
03-21 23:55:34.145  1557  1939 I HalDevMgr: bestIfaceCreationProposal is null, requestIface=STA, existingIface=[name=wlan0 type=STA]
03-21 23:55:34.189  2424  2424 I TasksRepository: requestTaskData: 823
03-21 23:55:34.190  2424  2424 I TasksRepository: requestTaskData: 828
03-21 23:55:34.190  2424  2424 I TasksRepository: requestTaskData: 827
03-21 23:55:34.199  2424  2509 E droid.launcher3: == MALI DEBUG ===eglp_winsys_populate_image_templates ==12288
03-21 23:55:34.340   623  2758 W libperfmgr: Failed to write to node: /dev/stune/top-app/schedtune.boost with value: 50, fd: -1
03-21 23:55:34.340   623  2758 W libperfmgr: Failed to write to node: /proc/sys/kernel/sched_boost with value: 2, fd: -1
03-21 23:55:34.510   623  2758 W libperfmgr: Failed to write to node: /dev/stune/top-app/schedtune.boost with value: 50, fd: -1
03-21 23:55:34.510   623  2758 W libperfmgr: Failed to write to node: /proc/sys/kernel/sched_boost with value: 1, fd: -1
03-21 23:55:34.536   909   985 E surfaceflinger: == MALI DEBUG ===eglp_winsys_populate_image_templates ==12288
03-21 23:55:34.547  1557  1639 W libprocessgroup: SetCgroup::ExecuteForProcess: failed to open /dev/stune/top-app/cgroup.procs: No such file or directory
03-21 23:55:34.548 26113 26113 I bsws    : onStart
03-21 23:55:34.548 26113 26113 I bsws    : onResume
03-21 23:55:34.556   623  2758 W libperfmgr: Failed to write to node: /dev/stune/top-app/schedtune.boost with value: 50, fd: -1
03-21 23:55:34.556   623  2758 W libperfmgr: Failed to write to node: /proc/sys/kernel/sched_boost with value: 2, fd: -1
03-21 23:55:34.590  2424  2424 W FrameTracker: Missed App frame:JANK_APPLICATION, 869869, 18265523, CUJ=J<LAUNCHER_APP_SWIPE_TO_RECENTS>
03-21 23:55:34.652  2424  2424 I BaseDragLayer: Not implemented, class name is com.android.launcher3.uioverrides.touchcontrollers.TaskViewDismissTouchController
03-21 23:55:34.758   623  2758 W libperfmgr: Failed to write to node: /dev/stune/top-app/schedtune.boost with value: 50, fd: -1
03-21 23:55:34.758   623  2758 W libperfmgr: Failed to write to node: /proc/sys/kernel/sched_boost with value: 2, fd: -1
03-21 23:55:34.796  2424  2509 E droid.launcher3: == MALI DEBUG ===eglp_winsys_populate_image_templates ==12288
03-21 23:55:34.878  1557  3361 E TransitionChain: Trying to collect into a finished transition
03-21 23:55:34.880   623  2758 W libperfmgr: Failed to write to node: /dev/stune/top-app/schedtune.boost with value: 50, fd: -1
03-21 23:55:34.880   623  2758 W libperfmgr: Failed to write to node: /proc/sys/kernel/sched_boost with value: 2, fd: -1
03-21 23:55:34.881  1557  1639 W libprocessgroup: SetCgroup::ExecuteForProcess: failed to open /dev/stune/background/cgroup.procs: No such file or directory
03-21 23:55:34.884  1557  4366 E TransitionChain: Can't collect into a chain with no transition
03-21 23:55:34.884  1557  4366 E TransitionChain: Can't collect into a chain with no transition
03-21 23:55:34.885  1557  2011 W ImageReader_JNI: Unable to acquire a buffer item, very likely client tried to acquire more than maxImages buffers
03-21 23:55:34.886   872   872 I Accelerometer: batch: handle:0, flag:0,samplingPeriodNs:80000000 maxBatchReportLatencyNs:2000000000
03-21 23:55:34.893  2424  2424 I TasksRepository: removeTasks: [823]
03-21 23:55:34.893  2424  2424 I TasksRepository: requestTaskData: 825
03-21 23:55:34.898  8396  8396 I AutofillManager: onInvisibleForAutofill(): expiringResponse
03-21 23:55:34.898  1557  4366 W PresentationStatsEventLogger: Shouldn't be logging AutofillPresentationEventReported again for same event
03-21 23:55:34.907  8396  8487 I ReactNativeJNI: Memory warning (pressure level: TRIM_MEMORY_UI_HIDDEN) received by JS VM, ignoring because it's non-severe
03-21 23:55:34.908  8396  8487 I ReactNativeJNI: Memory warning (pressure level: TRIM_MEMORY_BACKGROUND) received by JS VM, running a GC
03-21 23:55:34.910  1557  2282 W FillRequestEventLogger: Shouldn't be logging AutofillFillRequestReported again for same event
03-21 23:55:34.910  1557  2282 W FillResponseEventLogger: Shouldn't be logging AutofillFillRequestReported again for same event
03-21 23:55:34.910  1557  2282 W PresentationStatsEventLogger: Shouldn't be logging AutofillPresentationEventReported again for same event
03-21 23:55:34.910  1557  2282 W SaveEventLogger: Shouldn't be logging AutofillSaveEventReported again for same event
03-21 23:55:34.910  1557  1921 I ImeTracker: com.android.launcher3:e31bcb1: onRequestHide at ORIGIN_SERVER reason HIDE_UNSPECIFIED_WINDOW fromUser false
03-21 23:55:34.911  2424  2424 I ImeTracker: com.android.launcher3:e31bcb1: onCancelled at PHASE_CLIENT_ALREADY_HIDDEN
03-21 23:55:34.911  1557  1557 W PresentationStatsEventLogger: Shouldn't be logging AutofillPresentationEventReported again for same event
03-21 23:55:34.916  3591  3591 I GoogleInputMethodService: GoogleInputMethodService.onFinishInput():2114 
03-21 23:55:34.916  3591  3591 I Module  : DeviceLockedStatusModuleProvider$Module.updateDeviceLockedStatus():103 repeatCheckTimes = 0, locked = false
03-21 23:55:34.917  3591  3591 I GoogleInputMethodService: GoogleInputMethodService.onStartInput():1385 onStartInput(EditorInfo{EditorInfo{packageName=com.android.launcher3, inputType=0, inputTypeString=NULL, enableLearning=false, autoCorrection=false, autoComplete=false, imeOptions=0, privateImeOptions=null, actionName=UNSPECIFIED, actionLabel=null, initialSelStart=-1, initialSelEnd=-1, initialCapsMode=0, label=null, fieldId=0, fieldName=null, extras=null, hintText=null, hintLocales=[]}}, false)
03-21 23:55:34.917  3591  3591 I AndroidIME: LatinIMEBase.updateInputViewCoverNavigation():314 Update input view padding, extendsTouchBelowSpace=true, bottom inset=126
03-21 23:55:34.918  1557  4366 I ImeTracker: system_server:ba3323ce: onRequestHide at ORIGIN_SERVER reason IME_REQUESTED_CHANGED_LISTENER fromUser false
03-21 23:55:34.918  1557  1619 I ImeTracker: system_server:ba3323ce: onCancelled at PHASE_SERVER_SHOULD_HIDE
03-21 23:55:34.918  3591  3591 I Module  : DeviceLockedStatusModuleProvider$Module.updateDeviceLockedStatus():103 repeatCheckTimes = 1, locked = false
03-21 23:55:34.919  8396  8396 E unknown:ReactNative: Tried to remove non-existent frame callback
03-21 23:55:34.922  1557  4366 W PackageConfigPersister: App-specific configuration not found for packageName: com.android.launcher3 and userId: 0
03-21 23:55:34.926  2441  2441 I HatsManager: Hats not shown - not enabled or fail sample check [CONTEXT service_id=177 ]
03-21 23:55:34.933   623  2758 W libperfmgr: Failed to write to node: /dev/stune/top-app/schedtune.boost with value: 10, fd: -1
03-21 23:55:34.933   623  2758 W libperfmgr: Failed to write to node: /proc/sys/kernel/sched_boost with value: 0, fd: -1
03-21 23:55:34.935  1557  1619 I ActivityManager: Killing 8396:com.rnat/u0a399 (adj 905): remove task
03-21 23:55:35.018   868 19875 W C2BqBuffer: last successful dequeue was 788248774 us ago, 0 consecutive failures
03-21 23:55:35.020  1557  4366 E system_server: == MALI DEBUG ===eglp_winsys_populate_image_templates ==12288
03-21 23:55:35.035  1557  1634 I libprocessgroup: Removed cgroup /sys/fs/cgroup/apps/uid_10399/pid_8396
03-21 23:55:35.035   842   842 I Zygote  : Process 8396 exited due to signal 9 (Killed)
03-21 23:55:35.069  1216  1216 I adbd    : Remote process closed the socket (on MSG_PEEK)
03-21 23:55:35.071  1557  1619 W ActivityManager: setHasOverlayUi called on unknown pid: 8396
03-21 23:55:35.093   849  1086 I hwcomposer: [HWCDisplay] [Display_0 (type:1)] fps:84.081291,dur:1010.93,max:55.78,min:9.11  
03-21 23:55:35.182  2424  2424 I TasksRepository: removeTasks: [825, 827, 828]
03-21 23:55:35.254  2424  2424 I BaseDragLayer: NoButtonNavbarToOverviewTouchController
03-21 23:55:35.272   623  2758 W libperfmgr: Failed to write to node: /dev/stune/top-app/schedtune.boost with value: 50, fd: -1
03-21 23:55:35.272   623  2758 W libperfmgr: Failed to write to node: /proc/sys/kernel/sched_boost with value: 2, fd: -1
03-21 23:55:35.278   849  1055 I hwcomposer: [HWC] (0)fire a callback of refresh to SF[4]  
03-21 23:55:35.292   623  2758 W libperfmgr: Failed to write to node: /dev/stune/top-app/schedtune.boost with value: 50, fd: -1
03-21 23:55:35.292   623  2758 W libperfmgr: Failed to write to node: /proc/sys/kernel/sched_boost with value: 2, fd: -1
03-21 23:55:35.301   623  2758 W libperfmgr: Failed to write to node: /dev/stune/top-app/schedtune.boost with value: 50, fd: -1
03-21 23:55:35.301   623  2758 W libperfmgr: Failed to write to node: /proc/sys/kernel/sched_boost with value: 2, fd: -1
03-21 23:55:35.316   849  1056 W hwcomposer: [DRMDEV] paramIsSame(), id 297, w 1080/1080, h 2400/2400, pitch 1088/1088, format 0x1/0x2, secure 0/0  
03-21 23:55:35.479  3591  3591 I GoogleInputMethodService: GoogleInputMethodService.onFinishInput():2114 
03-21 23:55:35.479  3591  3591 I Module  : DeviceLockedStatusModuleProvider$Module.updateDeviceLockedStatus():103 repeatCheckTimes = 0, locked = false
03-21 23:55:35.479  3591  3591 I GoogleInputMethodService: GoogleInputMethodService.onStartInput():1385 onStartInput(EditorInfo{EditorInfo{packageName=com.android.launcher3, inputType=0, inputTypeString=NULL, enableLearning=false, autoCorrection=false, autoComplete=false, imeOptions=0, privateImeOptions=null, actionName=UNSPECIFIED, actionLabel=null, initialSelStart=-1, initialSelEnd=-1, initialCapsMode=0, label=null, fieldId=0, fieldName=null, extras=null, hintText=null, hintLocales=[]}}, false)
03-21 23:55:35.480  3591  3591 I AndroidIME: LatinIMEBase.updateInputViewCoverNavigation():314 Update input view padding, extendsTouchBelowSpace=true, bottom inset=126
03-21 23:55:35.480  3591  3591 I Module  : DeviceLockedStatusModuleProvider$Module.updateDeviceLockedStatus():103 repeatCheckTimes = 1, locked = false
03-21 23:55:35.481  1557  3361 W PackageConfigPersister: App-specific configuration not found for packageName: com.android.launcher3 and userId: 0
03-21 23:55:35.753   623  2758 W libperfmgr: Failed to write to node: /dev/stune/top-app/schedtune.boost with value: 10, fd: -1
03-21 23:55:35.753   623  2758 W libperfmgr: Failed to write to node: /proc/sys/kernel/sched_boost with value: 0, fd: -1
03-21 23:55:36.054   849  1055 I hwcomposer: [HWC] (0)fire a callback of refresh to SF[4]  
03-21 23:55:36.069   623  2758 W libperfmgr: Failed to write to node: /dev/stune/top-app/schedtune.boost with value: 10, fd: -1
03-21 23:55:36.069   623  2758 W libperfmgr: Failed to write to node: /proc/sys/kernel/sched_boost with value: 0, fd: -1
03-21 23:55:36.136   623  2758 W libperfmgr: Failed to write to node: /dev/stune/top-app/schedtune.boost with value: 10, fd: -1
03-21 23:55:36.136   623  2758 W libperfmgr: Failed to write to node: /proc/sys/kernel/sched_boost with value: 0, fd: -1
03-21 23:55:36.260   849  1086 I hwcomposer: [HWCDisplay] [Display_0 (type:1)] fps:65.159760,dur:1166.36,max:185.25,min:10.94  
03-21 23:55:36.422   849  1055 I hwcomposer: [HWC] (0)fire a callback of refresh to SF[4]  
03-21 23:55:36.436   623  2758 W libperfmgr: Failed to write to node: /dev/stune/top-app/schedtune.boost with value: 10, fd: -1
03-21 23:55:36.436   623  2758 W libperfmgr: Failed to write to node: /proc/sys/kernel/sched_boost with value: 0, fd: -1
03-21 23:55:36.504   623  2758 W libperfmgr: Failed to write to node: /dev/stune/top-app/schedtune.boost with value: 10, fd: -1
03-21 23:55:36.504   623  2758 W libperfmgr: Failed to write to node: /proc/sys/kernel/sched_boost with value: 0, fd: -1
03-21 23:55:36.541  2424  2424 W WellbeingModel: getShortcutForApp [com.rnat]: no action
03-21 23:55:36.579  2424  2509 E droid.launcher3: == MALI DEBUG ===eglp_winsys_populate_image_templates ==12288
03-21 23:55:36.805  2424  2424 I BaseDragLayer: LauncherDragController
03-21 23:55:37.004   623  2758 W libperfmgr: Failed to write to node: /dev/stune/top-app/schedtune.boost with value: 10, fd: -1
03-21 23:55:37.004   623  2758 W libperfmgr: Failed to write to node: /proc/sys/kernel/sched_boost with value: 0, fd: -1
03-21 23:55:37.154   849  1055 I hwcomposer: [HWC] (0)fire a callback of refresh to SF[4]  
03-21 23:55:37.157   884   900 I WifiHAL : feature_set=0x8488141a
03-21 23:55:37.158  1557  1939 I HalDevMgr: bestIfaceCreationProposal is null, requestIface=STA, existingIface=[name=wlan0 type=STA]
03-21 23:55:37.169   623  2758 W libperfmgr: Failed to write to node: /dev/stune/top-app/schedtune.boost with value: 10, fd: -1
03-21 23:55:37.169   623  2758 W libperfmgr: Failed to write to node: /proc/sys/kernel/sched_boost with value: 0, fd: -1
03-21 23:55:37.236   623  2758 W libperfmgr: Failed to write to node: /dev/stune/top-app/schedtune.boost with value: 10, fd: -1
03-21 23:55:37.236   623  2758 W libperfmgr: Failed to write to node: /proc/sys/kernel/sched_boost with value: 0, fd: -1
03-21 23:55:37.415   849  1086 I hwcomposer: [HWCDisplay] [Display_0 (type:1)] fps:46.748306,dur:1155.12,max:240.73,min:10.95  
03-21 23:55:37.450  2424  2424 E Launcher.Utilities: mapToRange: range has 0 length
03-21 23:55:37.451  2424  2424 E Launcher.Utilities: mapToRange: range has 0 length
03-21 23:55:37.470  2424  2424 E Launcher.Utilities: mapToRange: range has 0 length
03-21 23:55:37.472  2424  2424 E Launcher.Utilities: mapToRange: range has 0 length
03-21 23:55:37.474  2424  2424 W ListPreference: Setting a summary with a String formatting marker is no longer supported. You should use a SummaryProvider instead.
03-21 23:55:37.474  2424  2424 E Launcher.Utilities: mapToRange: range has 0 length
03-21 23:55:37.483  2424  2424 E Launcher.Utilities: mapToRange: range has 0 length
03-21 23:55:37.494  2424  2424 E Launcher.Utilities: mapToRange: range has 0 length
03-21 23:55:37.505  2424  2424 E Launcher.Utilities: mapToRange: range has 0 length
03-21 23:55:37.516  2424  2424 E Launcher.Utilities: mapToRange: range has 0 length
03-21 23:55:37.527  2424  2424 E Launcher.Utilities: mapToRange: range has 0 length
03-21 23:55:37.538  2424  2424 E Launcher.Utilities: mapToRange: range has 0 length
03-21 23:55:37.549  2424  2424 E Launcher.Utilities: mapToRange: range has 0 length
03-21 23:55:37.561  2424  2424 E Launcher.Utilities: mapToRange: range has 0 length
03-21 23:55:37.572  2424  2424 E Launcher.Utilities: mapToRange: range has 0 length
03-21 23:55:37.583  2424  2424 E Launcher.Utilities: mapToRange: range has 0 length
03-21 23:55:37.594  2424  2424 E Launcher.Utilities: mapToRange: range has 0 length
03-21 23:55:37.606  2424  2424 E Launcher.Utilities: mapToRange: range has 0 length
03-21 23:55:37.710   849  1055 I hwcomposer: [HWC] (0)fire a callback of refresh to SF[4]  
03-21 23:55:37.724   623  2758 W libperfmgr: Failed to write to node: /dev/stune/top-app/schedtune.boost with value: 10, fd: -1
03-21 23:55:37.724   623  2758 W libperfmgr: Failed to write to node: /proc/sys/kernel/sched_boost with value: 0, fd: -1
03-21 23:55:37.791   623  2758 W libperfmgr: Failed to write to node: /dev/stune/top-app/schedtune.boost with value: 10, fd: -1
03-21 23:55:37.791   623  2758 W libperfmgr: Failed to write to node: /proc/sys/kernel/sched_boost with value: 0, fd: -1
03-21 23:55:38.127  2441 26229 I NearbyPresence: (REDACTED) %s verified [==] new request %s equals to the old request
03-21 23:55:38.220   623  2758 W libperfmgr: Failed to write to node: /dev/stune/top-app/schedtune.boost with value: 50, fd: -1
03-21 23:55:38.220   623  2758 W libperfmgr: Failed to write to node: /proc/sys/kernel/sched_boost with value: 1, fd: -1
03-21 23:55:38.225  1557  3459 I ActivityTaskManager: START u0 {act=android.settings.APPLICATION_DETAILS_SETTINGS dat=package: flg=0x10008000 cmp=com.android.settings/.applications.InstalledAppDetails bnds=[115,1026][682,1163] (has extras)} with LAUNCH_MULTIPLE from uid 10326 (com.android.launcher3) (BAL_ALLOW_VISIBLE_WINDOW) result code=0
03-21 23:55:38.228  2424  2424 W SplitSelectStateCtor: Missing session instanceIds
03-21 23:55:38.229   623  2758 W libperfmgr: Failed to write to node: /dev/stune/top-app/schedtune.boost with value: 50, fd: -1
03-21 23:55:38.229   623  2758 W libperfmgr: Failed to write to node: /proc/sys/kernel/sched_boost with value: 2, fd: -1
03-21 23:55:38.234  1557  1639 W libprocessgroup: SetCgroup::ExecuteForProcess: failed to open /dev/stune/top-app/cgroup.procs: No such file or directory
03-21 23:55:38.237  1557  1639 W libprocessgroup: SetCgroup::ExecuteForProcess: failed to open /dev/stune/top-app/cgroup.procs: No such file or directory
03-21 23:55:38.242   841   880 I netd    : tetherGetStats() -> {[]} <0.87ms>
03-21 23:55:38.246  1557  1862 W UsageStatsService: Unexpected activity event reported! (com.android.settings/com.android.settings.spa.SpaActivity event : 23 instanceId : 197758224)
03-21 23:55:38.258   909   985 E surfaceflinger: == MALI DEBUG ===eglp_winsys_populate_image_templates ==12288
03-21 23:55:38.264  2248  2248 E ndroid.settings: Invalid resource ID 0x00000000.
03-21 23:55:38.264  2248  2248 E ndroid.settings: Invalid resource ID 0x00000000.
03-21 23:55:38.296  1557  3361 I Role    : com.rnat not qualified for android.app.role.HOME due to missing RequiredComponent{mIntentFilterData=IntentFilterData{mAction='android.intent.action.MAIN', mCategories='[android.intent.category.HOME]', mDataScheme='null', mDataType='null'}, mMinTargetSdkVersion=1, mFlags='0', mPermission='null', mQueryFlags=0, mMetaData=[]}
03-21 23:55:38.299  1557  3361 I Role    : com.rnat not qualified for android.app.role.DIALER due to missing RequiredComponent{mIntentFilterData=IntentFilterData{mAction='android.intent.action.DIAL', mCategories='[]', mDataScheme='null', mDataType='null'}, mMinTargetSdkVersion=1, mFlags='0', mPermission='null', mQueryFlags=0, mMetaData=[]}
03-21 23:55:38.300  1557  3361 I Role    : com.rnat not qualified for android.app.role.SMS due to missing RequiredComponent{mIntentFilterData=IntentFilterData{mAction='android.provider.Telephony.SMS_DELIVER', mCategories='[]', mDataScheme='null', mDataType='null'}, mMinTargetSdkVersion=1, mFlags='0', mPermission='android.permission.BROADCAST_SMS', mQueryFlags=0, mMetaData=[]}
03-21 23:55:38.302   623  2758 W libperfmgr: Failed to write to node: /dev/stune/top-app/schedtune.boost with value: 50, fd: -1
03-21 23:55:38.302   623  2758 W libperfmgr: Failed to write to node: /proc/sys/kernel/sched_boost with value: 2, fd: -1
03-21 23:55:38.307  1557  3361 W ParceledListSlice: Element #15 is 20992 bytes.
03-21 23:55:38.311  2248  2248 E Settings: Unable to find info for package: null
03-21 23:55:38.319  1557  1632 I ActivityManager: Start proc 27366:com.google.android.apps.wellbeing/u0a297 for content provider {com.google.android.apps.wellbeing/com.google.android.apps.wellbeing.api.impl.WellbeingSettingsProvider}
03-21 23:55:38.328 26113 26113 I bsws    : onPause
03-21 23:55:38.330  2248  2248 I AppLocaleUtil: Can display preference - [com.rnat] : isDisallowedPackage : false / isSignedWithPlatformKey : false / hasLauncherEntry : true / canDisplay : false / 1.1
03-21 23:55:38.331  2248  2248 I AppLocaleUtil: Can display preference - [com.rnat] : isDisallowedPackage : false / isSignedWithPlatformKey : false / hasLauncherEntry : true / canDisplay : false / 1.1
03-21 23:55:38.338 27366 27366 I Zygote  : Process 27366 created for com.google.android.apps.wellbeing
03-21 23:55:38.338 27366 27366 I .apps.wellbeing: Using CollectorTypeCMC GC.
03-21 23:55:38.358  1557  3459 I ActivityTaskManager: START u0 {xflg=0x4 cmp=com.android.settings/.spa.SpaActivity (has extras)} with LAUNCH_MULTIPLE from uid 1000 (com.android.settings) (sr=33185363) (BAL_ALLOW_VISIBLE_WINDOW) result code=0
03-21 23:55:38.374 27366 27366 W .apps.wellbeing: Failed to find entry 'classes.dex': Entry not found
03-21 23:55:38.385 27366 27366 I MultiDex: VM with version 2.1.0 has multidex support
03-21 23:55:38.385 27366 27366 I MultiDex: Installing application
03-21 23:55:38.385 27366 27366 I MultiDex: VM has multidex support, MultiDex support library is disabled.
03-21 23:55:38.389   841   880 I netd    : tetherGetStats() -> {[]} <1.02ms>
03-21 23:55:38.391   841   880 I netd    : tetherGetStats() -> {[]} <0.71ms>
03-21 23:55:38.393  1557  1643 W BluetoothPowerStatsCollector: BluetoothActivityEnergyInfo request failed with error code: 9
03-21 23:55:38.396  2248  2248 E VibratorInfo: Invalid frequency profile received from HAL. resonantFrequencyHz=NaN, frequenciesHz=null, outputAccelerationsGs=null
03-21 23:55:38.420   909   985 E surfaceflinger: == MALI DEBUG ===eglp_winsys_populate_image_templates ==12288
03-21 23:55:38.422  1557  1616 I ActivityTaskManager: Displayed com.android.settings/.spa.SpaActivity for user 0: +212ms
03-21 23:55:38.424   623  2758 W libperfmgr: Failed to write to node: /dev/stune/top-app/schedtune.boost with value: 50, fd: -1
03-21 23:55:38.425   623  2758 W libperfmgr: Failed to write to node: /proc/sys/kernel/sched_boost with value: 2, fd: -1
03-21 23:55:38.425   623  2758 W libperfmgr: Failed to write to node: /dev/stune/top-app/schedtune.boost with value: 50, fd: -1
03-21 23:55:38.426   623  2758 W libperfmgr: Failed to write to node: /proc/sys/kernel/sched_boost with value: 2, fd: -1
03-21 23:55:38.426   849  1086 I hwcomposer: [HWCDisplay] [Display_0 (type:1)] fps:40.562744,dur:1010.78,max:496.45,min:10.84  
03-21 23:55:38.439   909   985 E surfaceflinger: == MALI DEBUG ===eglp_winsys_populate_image_templates ==12288
03-21 23:55:38.449   841   880 I netd    : tetherGetStats() -> {[]} <1.72ms>
03-21 23:55:38.454   909   985 E surfaceflinger: == MALI DEBUG ===eglp_winsys_populate_image_templates ==12288
03-21 23:55:38.459  1557  3069 I Role    : com.rnat not qualified for android.app.role.HOME due to missing RequiredComponent{mIntentFilterData=IntentFilterData{mAction='android.intent.action.MAIN', mCategories='[android.intent.category.HOME]', mDataScheme='null', mDataType='null'}, mMinTargetSdkVersion=1, mFlags='0', mPermission='null', mQueryFlags=0, mMetaData=[]}
03-21 23:55:38.462  1557  3069 I Role    : com.rnat not qualified for android.app.role.DIALER due to missing RequiredComponent{mIntentFilterData=IntentFilterData{mAction='android.intent.action.DIAL', mCategories='[]', mDataScheme='null', mDataType='null'}, mMinTargetSdkVersion=1, mFlags='0', mPermission='null', mQueryFlags=0, mMetaData=[]}
03-21 23:55:38.463   909   985 E surfaceflinger: == MALI DEBUG ===eglp_winsys_populate_image_templates ==12288
03-21 23:55:38.466  1557  3069 I Role    : com.rnat not qualified for android.app.role.SMS due to missing RequiredComponent{mIntentFilterData=IntentFilterData{mAction='android.provider.Telephony.SMS_DELIVER', mCategories='[]', mDataScheme='null', mDataType='null'}, mMinTargetSdkVersion=1, mFlags='0', mPermission='android.permission.BROADCAST_SMS', mQueryFlags=0, mMetaData=[]}
03-21 23:55:38.476 27366 27366 W Primes  : Primes not initialized, returning default (no-op) Primes instance which will ignore all calls. Please call Primes.initialize(...) before using any Primes API.
03-21 23:55:38.476   909   985 E surfaceflinger: == MALI DEBUG ===eglp_winsys_populate_image_templates ==12288
03-21 23:55:38.480 27366 27366 I lot     : SslGuard completed installation.
03-21 23:55:38.482   841   880 I netd    : tetherGetStats() -> {[]} <0.77ms>
03-21 23:55:38.487   841   880 I netd    : tetherGetStats() -> {[]} <0.79ms>
03-21 23:55:38.488  1557  1643 W BluetoothPowerStatsCollector: BluetoothActivityEnergyInfo request failed with error code: 9
03-21 23:55:38.491 27366 27375 E ashmem  : Pinning is deprecated since Android Q. Please use trim or other methods.
03-21 23:55:38.502  1557  1834 W EnhancedConfirmationService: The packageName should not be null.
03-21 23:55:38.504  1557  1834 W ParceledListSlice: Element #15 is 20992 bytes.
03-21 23:55:38.511  2248  4347 I AppLocaleUtil: Can display preference - [com.rnat] : isDisallowedPackage : false / isSignedWithPlatformKey : false / hasLauncherEntry : true / canDisplay : false / 1.1
03-21 23:55:38.521   909   985 E surfaceflinger: == MALI DEBUG ===eglp_winsys_populate_image_templates ==12288
03-21 23:55:38.532   592 27309 I keystore2: system/security/keystore2/watchdog/src/lib.rs:371 - Watchdog thread idle -> terminating. Have a great day.
03-21 23:55:38.532  1557  1921 I ImeTracker: com.android.settings:fd327eed: onRequestHide at ORIGIN_SERVER reason HIDE_UNSPECIFIED_WINDOW fromUser false
03-21 23:55:38.535  3591  3591 I GoogleInputMethodService: GoogleInputMethodService.onFinishInput():2114 
03-21 23:55:38.536  3591  3591 I Module  : DeviceLockedStatusModuleProvider$Module.updateDeviceLockedStatus():103 repeatCheckTimes = 0, locked = false
03-21 23:55:38.536  3591  3591 I GoogleInputMethodService: GoogleInputMethodService.onStartInput():1385 onStartInput(EditorInfo{EditorInfo{packageName=com.android.settings, inputType=0, inputTypeString=NULL, enableLearning=false, autoCorrection=false, autoComplete=false, imeOptions=0, privateImeOptions=null, actionName=UNSPECIFIED, actionLabel=null, initialSelStart=-1, initialSelEnd=-1, initialCapsMode=0, label=null, fieldId=0, fieldName=null, extras=null, hintText=null, hintLocales=[]}}, false)
03-21 23:55:38.536  3591  3591 I AndroidIME: LatinIMEBase.updateInputViewCoverNavigation():314 Update input view padding, extendsTouchBelowSpace=true, bottom inset=126
03-21 23:55:38.537  3591  3591 I Module  : DeviceLockedStatusModuleProvider$Module.updateDeviceLockedStatus():103 repeatCheckTimes = 1, locked = false
03-21 23:55:38.540  1557  7978 W PackageConfigPersister: App-specific configuration not found for packageName: com.android.settings and userId: 0
03-21 23:55:38.544  1557  3069 I ImeTracker: system_server:aad40483: onRequestHide at ORIGIN_SERVER reason IME_REQUESTED_CHANGED_LISTENER fromUser false
03-21 23:55:38.545  2424  2424 I droid.launcher3: Explicit concurrent mark compact GC freed 5189KB AllocSpace bytes, 4(208KB) LOS objects, 50% free, 11MB/23MB, paused 505us,1.481ms total 97.769ms
03-21 23:55:38.545  1557  2357 W EnhancedConfirmationService: The packageName should not be null.
03-21 23:55:38.548   909   985 E surfaceflinger: == MALI DEBUG ===eglp_winsys_populate_image_templates ==12288
03-21 23:55:38.550 26113 26113 I bsws    : onStop
03-21 23:55:38.546  1557  1619 I ImeTracker: system_server:aad40483: onCancelled at PHASE_SERVER_SHOULD_HIDE
03-21 23:55:38.550  1557  1639 W libprocessgroup: SetCgroup::ExecuteForProcess: failed to open /dev/stune/background/cgroup.procs: No such file or directory
03-21 23:55:38.554  1557  3069 I Role    : com.rnat not qualified for android.app.role.HOME due to missing RequiredComponent{mIntentFilterData=IntentFilterData{mAction='android.intent.action.MAIN', mCategories='[android.intent.category.HOME]', mDataScheme='null', mDataType='null'}, mMinTargetSdkVersion=1, mFlags='0', mPermission='null', mQueryFlags=0, mMetaData=[]}
03-21 23:55:38.559  2424  2433 W System  : A resource failed to call release. 
03-21 23:55:38.559  2424  2433 W System  : A resource failed to call release. 
03-21 23:55:38.559  2424  2433 W System  : A resource failed to call release. 
03-21 23:55:38.559  2424  2433 W System  : A resource failed to call release. 
03-21 23:55:38.559  2424  2433 W System  : A resource failed to call HardwareBuffer.close. 
03-21 23:55:38.560  2248  4766 W BatteryEntry: unknown attribute:AUDIO
03-21 23:55:38.560  2248  4766 W BatteryEntry: unknown attribute:VIDEO
03-21 23:55:38.560  1557  1632 I ActivityManager: Start proc 27390:com.android.permissioncontroller/u0a362 for service {com.android.permissioncontroller/com.android.permissioncontroller.permission.service.PermissionControllerServiceImpl}
03-21 23:55:38.560  2248  4766 W BatteryEntry: unknown attribute:SYSTEM_SERVICES
03-21 23:55:38.561  2248  4766 W BatteryEntry: unknown attribute:SENSORS
03-21 23:55:38.561  2248  4766 W BatteryEntry: unknown attribute:WAKELOCK
03-21 23:55:38.561  2248  4766 W BatteryEntry: unknown attribute:MEMORY
03-21 23:55:38.561  1557  4381 I Role    : com.rnat not qualified for android.app.role.DIALER due to missing RequiredComponent{mIntentFilterData=IntentFilterData{mAction='android.intent.action.DIAL', mCategories='[]', mDataScheme='null', mDataType='null'}, mMinTargetSdkVersion=1, mFlags='0', mPermission='null', mQueryFlags=0, mMetaData=[]}
03-21 23:55:38.563  2424  2433 W System  : A resource failed to call HardwareBuffer.close. 
03-21 23:55:38.563  2248  4766 W BatteryEntry: unknown attribute:IDLE
03-21 23:55:38.564  2248  4766 W BatteryEntry: unknown attribute:REATTRIBUTED_TO_OTHER_CONSUMERS
03-21 23:55:38.564  2248  4766 W BatteryEntry: unknown attribute:BASE
03-21 23:55:38.565  2248 13998 W BatteryEntry: unknown attribute:AUDIO
03-21 23:55:38.565  2248 13998 W BatteryEntry: unknown attribute:VIDEO
03-21 23:55:38.566  2248 13998 W BatteryEntry: unknown attribute:SYSTEM_SERVICES
03-21 23:55:38.566  2248 13998 W BatteryEntry: unknown attribute:SENSORS
03-21 23:55:38.566  2248 13998 W BatteryEntry: unknown attribute:WAKELOCK
03-21 23:55:38.566  2248 13998 W BatteryEntry: unknown attribute:MEMORY
03-21 23:55:38.566  2248 13998 W BatteryEntry: unknown attribute:IDLE
03-21 23:55:38.566  2248 13998 W BatteryEntry: unknown attribute:REATTRIBUTED_TO_OTHER_CONSUMERS
03-21 23:55:38.567  2248 13998 W BatteryEntry: unknown attribute:BASE
03-21 23:55:38.567  1557  1834 I Role    : com.rnat not qualified for android.app.role.SMS due to missing RequiredComponent{mIntentFilterData=IntentFilterData{mAction='android.provider.Telephony.SMS_DELIVER', mCategories='[]', mDataScheme='null', mDataType='null'}, mMinTargetSdkVersion=1, mFlags='0', mPermission='android.permission.BROADCAST_SMS', mQueryFlags=0, mMetaData=[]}
03-21 23:55:38.573 27390 27390 I Zygote  : Process 27390 created for com.android.permissioncontroller
03-21 23:55:38.573 27390 27390 I ssioncontroller: Using CollectorTypeCMC GC.
03-21 23:55:38.575  2248  2248 I ImeTracker: com.android.settings:fd327eed: onCancelled at PHASE_CLIENT_ALREADY_HIDDEN
03-21 23:55:38.586   841   880 I netd    : tetherGetStats() -> {[]} <1.09ms>
03-21 23:55:38.598   841   880 I netd    : tetherGetStats() -> {[]} <4.54ms>
03-21 23:55:38.619   841   880 I netd    : bandwidthRemoveInterfaceQuota(ccmni1) <0.80ms>
03-21 23:55:38.620   841   880 I netd    : bandwidthSetInterfaceQuota(ccmni1, 9223372036854775807) <0.65ms>
03-21 23:55:38.660 27390 27390 E HealthConnectManager: Health permission group or HC package not found
03-21 23:55:38.660 27390 27390 E HealthConnectManager: android.content.pm.PackageManager$NameNotFoundException: com.android.healthconnect.controller
03-21 23:55:38.660 27390 27390 E HealthConnectManager: 	at android.app.ApplicationPackageManager.getPackageInfoAsUser(ApplicationPackageManager.java:285)
03-21 23:55:38.660 27390 27390 E HealthConnectManager: 	at android.app.ApplicationPackageManager.getPackageInfo(ApplicationPackageManager.java:245)
03-21 23:55:38.660 27390 27390 E HealthConnectManager: 	at android.health.connect.HealthConnectManager.getHealthPermissions(HealthConnectManager.java:2253)
03-21 23:55:38.660 27390 27390 E HealthConnectManager: 	at com.android.permissioncontroller.permission.utils.KotlinUtils.addHealthPermissions(KotlinUtils.kt:1658)
03-21 23:55:38.660 27390 27390 E HealthConnectManager: 	at com.android.permissioncontroller.PermissionControllerApplication.onCreate(PermissionControllerApplication.java:56)
03-21 23:55:38.660 27390 27390 E HealthConnectManager: 	at android.app.Instrumentation.callApplicationOnCreate(Instrumentation.java:1403)
03-21 23:55:38.660 27390 27390 E HealthConnectManager: 	at android.app.ActivityThread.handleBindApplication(ActivityThread.java:8146)
03-21 23:55:38.660 27390 27390 E HealthConnectManager: 	at android.app.ActivityThread.-$$Nest$mhandleBindApplication(Unknown Source:0)
03-21 23:55:38.660 27390 27390 E HealthConnectManager: 	at android.app.ActivityThread$H.handleMessage(ActivityThread.java:2691)
03-21 23:55:38.660 27390 27390 E HealthConnectManager: 	at android.os.Handler.dispatchMessage(Handler.java:132)
03-21 23:55:38.660 27390 27390 E HealthConnectManager: 	at android.os.Looper.dispatchMessage(Looper.java:333)
03-21 23:55:38.660 27390 27390 E HealthConnectManager: 	at android.os.Looper.loopOnce(Looper.java:263)
03-21 23:55:38.660 27390 27390 E HealthConnectManager: 	at android.os.Looper.loop(Looper.java:367)
03-21 23:55:38.660 27390 27390 E HealthConnectManager: 	at android.app.ActivityThread.main(ActivityThread.java:9299)
03-21 23:55:38.660 27390 27390 E HealthConnectManager: 	at java.lang.reflect.Method.invoke(Native Method)
03-21 23:55:38.660 27390 27390 E HealthConnectManager: 	at com.android.internal.os.RuntimeInit$MethodAndArgsCaller.run(RuntimeInit.java:571)
03-21 23:55:38.660 27390 27390 E HealthConnectManager: 	at com.android.internal.os.ZygoteInit.main(ZygoteInit.java:929)
03-21 23:55:38.661 27390 27390 E FeatureFlagsImplExport: android.os.flagging.AconfigStorageReadException: ERROR_PACKAGE_NOT_FOUND: package android.xr cannot be found on the device
03-21 23:55:38.661 27390 27390 W PermissionMapping: No health connect permissions found.
03-21 23:55:38.676 27366 27404 W DynamiteModule: Local module descriptor class for com.google.android.gms.googlecertificates not found.
03-21 23:55:38.685 27366 27404 W .apps.wellbeing: ClassLoaderContext classpath size mismatch. expected=1, found=0 (DLC[];PCL[base.apk*2024251999]{PCL[/system/framework/org.apache.http.legacy.jar*1771602530]#PCL[/system/framework/com.android.location.provider.jar*3231839591]#PCL[/system/framework/com.android.media.remotedisplay.jar*3676824317]#PCL[/system_ext/framework/com.android.extensions.appfunctions.jar*2154005669]#PCL[/system_ext/framework/androidx.window.extensions.jar*403568865]#PCL[/system_ext/framework/androidx.window.sidecar.jar*74221689]} | DLC[];PCL[])
03-21 23:55:38.688 27366 27404 I DynamiteModule: Considering local module com.google.android.gms.googlecertificates:0 and remote module com.google.android.gms.googlecertificates:7
03-21 23:55:38.688 27366 27404 I DynamiteModule: Selected remote version of com.google.android.gms.googlecertificates, version >= 7
03-21 23:55:38.695 27366 27404 W System  : ClassLoader referenced unknown path: 
03-21 23:55:38.701 27366 27404 W .apps.wellbeing: ClassLoaderContext classpath element checksum mismatch. expected=2024251999, found=975843515 (DLC[];PCL[base.apk*2024251999]{PCL[/system/framework/org.apache.http.legacy.jar*1771602530]#PCL[/system/framework/com.android.location.provider.jar*3231839591]#PCL[/system/framework/com.android.media.remotedisplay.jar*3676824317]#PCL[/system_ext/framework/com.android.extensions.appfunctions.jar*2154005669]#PCL[/system_ext/framework/androidx.window.extensions.jar*403568865]#PCL[/system_ext/framework/androidx.window.sidecar.jar*74221689]} | DLC[];PCL[/data/app/~~DXWVV98Hmos-kY2aUxIq7w==/com.google.android.apps.wellbeing-tz4bAFOJwJBs1nMGmeDoFw==/base.apk*975843515]{PCL[/system_ext/framework/com.android.extensions.appfunctions.jar*2154005669]#PCL[/system_ext/framework/androidx.window.extensions.jar*403568865]#PCL[/system_ext/framework/androidx.window.sidecar.jar*74221689]})
03-21 23:55:38.733  1557  1632 I ActivityManager: Start proc 27407:com.android.chrome/u0a313 for service {com.android.chrome/org.chromium.chrome.browser.usage_stats.UsageStatsBrowserServiceProvider}
03-21 23:55:38.749   623  2758 W libperfmgr: Failed to write to node: /dev/stune/top-app/schedtune.boost with value: 10, fd: -1
03-21 23:55:38.749   623  2758 W libperfmgr: Failed to write to node: /proc/sys/kernel/sched_boost with value: 0, fd: -1
03-21 23:55:38.752 27407 27407 I Zygote  : Process 27407 created for com.android.chrome
03-21 23:55:38.753 27407 27407 I .android.chrome: Using CollectorTypeCMC GC.
03-21 23:55:38.782 27407 27407 W .android.chrome: Failed to find entry 'classes.dex': Entry not found
03-21 23:55:38.785 27390 27401 E ashmem  : Pinning is deprecated since Android Q. Please use trim or other methods.
03-21 23:55:38.798 27390 27422 I ServiceLiveData: Not exempting com.google.android.marvin.talkback - not an active AccessibilityService for u0
03-21 23:55:38.799 27390 27423 I ServiceLiveData: Not exempting com.android.dreams.basic - not an active DreamService for u0
03-21 23:55:38.799 27390 27418 I ServiceLiveData: Detected VoiceInteractionServices: [com.google.android.googlequicksearchbox]
03-21 23:55:38.799 27390 27422 I ServiceLiveData: Not exempting com.google.android.marvin.talkback - not an active AccessibilityService for u0
03-21 23:55:38.799 27390 27422 I ServiceLiveData: Not exempting com.x8bit.bitwarden - not an active AccessibilityService for u0
03-21 23:55:38.800 27390 27419 I ServiceLiveData: Detected PrintServices: [com.android.bips]
03-21 23:55:38.801 27390 27420 I ServiceLiveData: Not exempting com.google.android.gms - not an active DEVICE_ADMIN_SERVICE for u0
03-21 23:55:38.801 27390 27424 I ServiceLiveData: Not exempting com.android.launcher3 - not an active NotificationListenerService for u0
03-21 23:55:38.801 27390 27419 I BroadcastReceiverLiveData: Not exempting com.google.android.gms - not an active DEVICE_ADMIN_ENABLED for u0
03-21 23:55:38.801 27390 27424 I ServiceLiveData: Not exempting com.google.android.contacts - not an active NotificationListenerService for u0
03-21 23:55:38.801 27390 27423 I ServiceLiveData: Not exempting com.android.dreams.phototable - not an active DreamService for u0
03-21 23:55:38.801 27390 27420 I ServiceLiveData: Detected DEVICE_ADMIN_SERVICEs: []
03-21 23:55:38.801 27390 27424 I ServiceLiveData: Not exempting com.google.android.gms - not an active NotificationListenerService for u0
03-21 23:55:38.801 27390 27422 I ServiceLiveData: Detected AccessibilityServices: []
03-21 23:55:38.801 27390 27419 I BroadcastReceiverLiveData: Detected DEVICE_ADMIN_ENABLEDs: []
03-21 23:55:38.802 27390 27423 I ServiceLiveData: Not exempting com.android.dreams.phototable - not an active DreamService for u0
03-21 23:55:38.802 27390 27424 I ServiceLiveData: Not exempting io.chaldeaprjkt.gamespace - not an active NotificationListenerService for u0
03-21 23:55:38.802 27390 27424 I ServiceLiveData: Detected NotificationListenerServices: [org.lunaris.dolby]
03-21 23:55:38.802 27390 27423 I ServiceLiveData: Not exempting com.google.android.deskclock - not an active DreamService for u0
03-21 23:55:38.802 27390 27423 I ServiceLiveData: Detected DreamServices: []
03-21 23:55:38.802 27390 27426 I ServiceLiveData: Not exempting com.google.android.apps.emojiwallpaper - not an active WallpaperService for u0
03-21 23:55:38.802 27390 27426 I ServiceLiveData: Not exempting com.google.android.apps.emojiwallpaper - not an active WallpaperService for u0
03-21 23:55:38.802 27390 27426 I ServiceLiveData: Not exempting com.google.android.apps.emojiwallpaper - not an active WallpaperService for u0
03-21 23:55:38.803 27390 27422 I ServiceLiveData: Detected InputMethods: [com.google.android.gms, com.google.android.inputmethod.latin, com.google.android.tts]
03-21 23:55:38.803 27390 27426 I ServiceLiveData: Not exempting com.google.android.apps.magicportrait - not an active WallpaperService for u0
03-21 23:55:38.803 27390 27426 I ServiceLiveData: Not exempting com.zhiliaoapp.musically - not an active WallpaperService for u0
03-21 23:55:38.803 27390 27426 I ServiceLiveData: Detected WallpaperServices: []
03-21 23:55:38.809 27390 27420 I ServiceLiveData: Not exempting com.android.credentialmanager - not an active AutofillService for u0
03-21 23:55:38.809 27390 27420 I ServiceLiveData: Not exempting com.x8bit.bitwarden - not an active AutofillService for u0
03-21 23:55:38.809 27390 27420 I ServiceLiveData: Detected AutofillServices: [com.google.android.gms]
03-21 23:55:38.813 27407 27407 I LoadedApk: No resource references to update in package com.google.android.trichromelibrary
03-21 23:55:38.817 27407 27407 I cr_SplitCompatApp: version=146.0.7680.153 (768015333) minSdkVersion=29 processName=com.android.chrome isIsolatedProcess=false splits=chrome,config.en,config.ru,dev_ui,on_demand,stack_unwinder,test_dummy
03-21 23:55:38.870 27407 27432 I cr_LibraryLoader: Loading monochrome_64 from within /data/app/~~EuhCidbNjch0_Bt_Wp8aEw==/com.android.chrome-XAgXTgD524Q-NKIa5QLUGg==/base.apk
03-21 23:55:38.870  2441  7976 I FontLog : (REDACTED) Received query %s, URI %s
03-21 23:55:38.871  2441  7976 I FontLog : (REDACTED) Query [%s] resolved to %s
03-21 23:55:38.872  2441  7976 I FontLog : (REDACTED) Font PFD returned from cache for %s
03-21 23:55:38.872  2441  7976 I FontLog : (REDACTED) Fetch %s end status %s
03-21 23:55:38.878  2441  7976 I FontLog : (REDACTED) Pulling font file for id = %d, cache size = %d
03-21 23:55:38.879 27407 27431 I HWUI    : Using FreeType backend (prop=Auto)
03-21 23:55:38.888 27407 27432 I cr_Linker: loadLibraryImplLocked: monochrome_64, relroMode=1
03-21 23:55:38.903 27407 27407 I cr_DisplayManager: Is Display Topology available: false
03-21 23:55:38.910   849  1055 I hwcomposer: [HWC] (0)fire a callback of refresh to SF[4]  
03-21 23:55:38.919 27407 27435 W DynamiteModule: Local module descriptor class for com.google.android.gms.googlecertificates not found.
03-21 23:55:38.922   623  2758 W libperfmgr: Failed to write to node: /dev/stune/top-app/schedtune.boost with value: 10, fd: -1
03-21 23:55:38.922   623  2758 W libperfmgr: Failed to write to node: /proc/sys/kernel/sched_boost with value: 0, fd: -1
03-21 23:55:38.940 27407 27407 I DisplayManager: Implicitly registering for refresh rate
03-21 23:55:38.940 27407 27435 W .android.chrome: ClassLoaderContext classpath size mismatch. expected=1, found=0 (DLC[];PCL[base.apk*2024251999]{PCL[/system/framework/org.apache.http.legacy.jar*1771602530]#PCL[/system/framework/com.android.location.provider.jar*3231839591]#PCL[/system/framework/com.android.media.remotedisplay.jar*3676824317]#PCL[/system_ext/framework/com.android.extensions.appfunctions.jar*2154005669]#PCL[/system_ext/framework/androidx.window.extensions.jar*403568865]#PCL[/system_ext/framework/androidx.window.sidecar.jar*74221689]} | DLC[];PCL[])
03-21 23:55:38.942 27407 27432 I cr_LibraryLoader: Successfully loaded native library
03-21 23:55:38.945   623  2758 W libperfmgr: Failed to write to node: /dev/stune/top-app/schedtune.boost with value: 10, fd: -1
03-21 23:55:38.945   623  2758 W libperfmgr: Failed to write to node: /proc/sys/kernel/sched_boost with value: 0, fd: -1
03-21 23:55:38.945 27407 27432 I cr_CachingUmaRecorder: Flushed 15 samples from 14 histograms, 0 samples were dropped.
03-21 23:55:38.946 27407 27435 I DynamiteModule: Considering local module com.google.android.gms.googlecertificates:0 and remote module com.google.android.gms.googlecertificates:7
03-21 23:55:38.946 27407 27435 I DynamiteModule: Selected remote version of com.google.android.gms.googlecertificates, version >= 7
03-21 23:55:38.953  1557  1832 W ParceledListSlice: Element #89 is 16876 bytes.
03-21 23:55:38.953  2040  2048 W System  : A resource failed to call release. 
03-21 23:55:38.955  2040  2048 W System  : A resource failed to call release. 
03-21 23:55:38.955 27407 27435 W System  : ClassLoader referenced unknown path: 
03-21 23:55:38.956  2040  2048 W System  : A resource failed to call release. 
03-21 23:55:38.956  2040  2048 W System  : A resource failed to call release. 
03-21 23:55:38.956  2040  2048 W System  : A resource failed to call release. 
03-21 23:55:38.956  2040  2048 W System  : A resource failed to call release. 
03-21 23:55:38.956  2040  2048 W System  : A resource failed to call release. 
03-21 23:55:38.956  2040  2048 W System  : A resource failed to call release. 
03-21 23:55:38.956  2040  2048 W System  : A resource failed to call release. 
03-21 23:55:38.956  2040  2048 W System  : A resource failed to call release. 
03-21 23:55:38.960  1557  3069 W ParceledListSlice: Element #118 is 160892 bytes.
03-21 23:55:38.960  1557  3069 W ParceledListSlice: Overly large reply size: 174368
03-21 23:55:38.968 27407 27435 W .android.chrome: ClassLoaderContext classpath element mismatch. expected=base.apk, found=/data/app/~~EuhCidbNjch0_Bt_Wp8aEw==/com.android.chrome-XAgXTgD524Q-NKIa5QLUGg==/split_chrome.apk (DLC[];PCL[base.apk*2024251999]{PCL[/system/framework/org.apache.http.legacy.jar*1771602530]#PCL[/system/framework/com.android.location.provider.jar*3231839591]#PCL[/system/framework/com.android.media.remotedisplay.jar*3676824317]#PCL[/system_ext/framework/com.android.extensions.appfunctions.jar*2154005669]#PCL[/system_ext/framework/androidx.window.extensions.jar*403568865]#PCL[/system_ext/framework/androidx.window.sidecar.jar*74221689]} | DLC[];PCL[/data/app/~~EuhCidbNjch0_Bt_Wp8aEw==/com.android.chrome-XAgXTgD524Q-NKIa5QLUGg==/split_chrome.apk*3216893643];PCL[/data/app/~~EuhCidbNjch0_Bt_Wp8aEw==/com.android.chrome-XAgXTgD524Q-NKIa5QLUGg==/base.apk*62743526]{PCL[]#PCL[/system_ext/framework/androidx.window.extensions.jar*403568865]#PCL[/system_ext/framework/androidx.window.sidecar.jar*74221689]})
03-21 23:55:38.973  1557  1832 W ParceledListSlice: Element #232 is 73768 bytes.
03-21 23:55:38.976  1557  1832 W ParceledListSlice: Element #233 is 17356 bytes.
03-21 23:55:38.979 27407 27407 I cr_CombinedPProvider: #linkNativeInternal() 0
03-21 23:55:38.979 27407 27407 I cr_PolicyProvider: #setManagerAndSource() 0
03-21 23:55:38.981 27407 27407 I cr_PolicyCacheProvider: #refresh() true
03-21 23:55:38.988  1557  3361 W ParceledListSlice: Element #354 is 32452 bytes.
03-21 23:55:39.060 27407 27407 E ashmem  : Pinning is deprecated since Android Q. Please use trim or other methods.
03-21 23:55:39.061 27407 27407 I cr_SUCFiltersObserver: setting=browser_content_filters_enabled updating with false
03-21 23:55:39.063 27407 27407 I cr_SUCFiltersObserver: setting=search_content_filters_enabled updating with false
03-21 23:55:39.095 27407 27407 I chromium: [INFO:components/enterprise/browser/controller/chrome_browser_cloud_management_controller.cc:302] Deferring CBCM Controller Initialization until it is unblocked.
03-21 23:55:39.095 27407 27446 I PlayCore: UID: [10313]  PID: [27407] AppUpdateService : requestUpdateInfo(com.android.chrome)
03-21 23:55:39.098 27407 27458 I PlayCore: UID: [10313]  PID: [27407] AppUpdateService : Initiate binding to the service.
03-21 23:55:39.108  1557  3361 W ParceledListSlice: Element #89 is 16876 bytes.
03-21 23:55:39.111   623  2758 W libperfmgr: Failed to write to node: /dev/stune/top-app/schedtune.boost with value: 50, fd: -1
03-21 23:55:39.111   623  2758 W libperfmgr: Failed to write to node: /proc/sys/kernel/sched_boost with value: 2, fd: -1
03-21 23:55:39.111  1557  3459 W ParceledListSlice: Element #118 is 160892 bytes.
03-21 23:55:39.111  1557  3459 W ParceledListSlice: Overly large reply size: 174368
03-21 23:55:39.115  1557  1632 I ActivityManager: Start proc 27459:com.android.vending/u0a293 for service {com.android.vending/com.google.android.finsky.installservice.DevTriggeredUpdateService}
03-21 23:55:39.123  1557  1834 W ParceledListSlice: Element #232 is 73768 bytes.
03-21 23:55:39.124 27407 27407 W cr_SearchEngineDelegate: ensureIsDeviceChoiceRequiredSupplier() called on ineligible device
03-21 23:55:39.126  1557  1834 W ParceledListSlice: Element #233 is 17356 bytes.
03-21 23:55:39.133 27407 27452 E FilePhenotypeFlags: Config package com.google.android.gms.auth_account_client#com.android.chrome cannot use FILE backing without declarative registration. See go/phenotype-android-integration#phenotype for more information. This will lead to stale flags.
03-21 23:55:39.134 27459 27459 I Zygote  : Process 27459 created for com.android.vending
03-21 23:55:39.135 27459 27459 I android.vending: Using CollectorTypeCMC GC.
03-21 23:55:39.138  1557  3459 W ParceledListSlice: Element #354 is 32452 bytes.
03-21 23:55:39.146   849  1055 I hwcomposer: [HWC] (0)fire a callback of refresh to SF[4]  
03-21 23:55:39.151 27407 27469 E adservices: Failed to find resolveInfo for adServices service. Intent action: android.adservices.MEASUREMENT_SERVICE
03-21 23:55:39.152 27407 27469 E adservices: Failed to find serviceInfo for adServices service on user 0 using intent android.adservices.MEASUREMENT_SERVICE
03-21 23:55:39.152 27407 27469 E adservices: Failed to bind to measurement service: java.lang.IllegalStateException: Unable to find the service
03-21 23:55:39.155   623  2758 W libperfmgr: Failed to write to node: /dev/stune/top-app/schedtune.boost with value: 50, fd: -1
03-21 23:55:39.156   623  2758 W libperfmgr: Failed to write to node: /proc/sys/kernel/sched_boost with value: 2, fd: -1
03-21 23:55:39.161 27407 27407 W chromium: [WARNING:components/gcm_driver/instance_id/instance_id_android.cc:101] Non-zero TTL requested for InstanceID token, while TTLs are not supported by Android Firebase IID API.
03-21 23:55:39.161 27407 27407 W chromium: [WARNING:components/gcm_driver/instance_id/instance_id_android.cc:101] Non-zero TTL requested for InstanceID token, while TTLs are not supported by Android Firebase IID API.
03-21 23:55:39.162 27407 27446 W InstanceID: Instance ID SDK is deprecated, com.android.chrome should update to use Firebase Instance ID
03-21 23:55:39.166 27407 27407 I cr_SmsProviderGms: construction successfull gan@3bded5, dan@520f6ea
03-21 23:55:39.200   623  2758 W libperfmgr: Failed to write to node: /dev/stune/top-app/schedtune.boost with value: 50, fd: -1
03-21 23:55:39.200   623  2758 W libperfmgr: Failed to write to node: /proc/sys/kernel/sched_boost with value: 2, fd: -1
03-21 23:55:39.200 27407 27407 W cr_KnoxSettingsProvider: Permission to read device policy denied.
03-21 23:55:39.200 27407 27407 I cr_CombinedPProvider: #registerProvider() provider:ylh@ef32745 isPolicyCacheEnabled:true policyProvidersSize:0
03-21 23:55:39.200 27407 27407 I cr_PolicyProvider: #setManagerAndSource() 0
03-21 23:55:39.200 27407 27407 I cr_CombinedPProvider: #registerProvider() provider:ls0@7dcee9a isPolicyCacheEnabled:false policyProvidersSize:1
03-21 23:55:39.201 27407 27407 I cr_PolicyProvider: #setManagerAndSource() 1
03-21 23:55:39.202 27407 27407 I cr_AppResProvider: #getApplicationRestrictionsFromUserManager() Bundle[EMPTY_PARCEL]
03-21 23:55:39.202 27407 27407 I cr_PolicyProvider: #notifySettingsAvailable() 1
03-21 23:55:39.202 27407 27407 I cr_CombinedPProvider: #onSettingsAvailable() 1
03-21 23:55:39.243  1557  7978 W ParceledListSlice: Element #89 is 16876 bytes.
03-21 23:55:39.246  1557  2357 W ParceledListSlice: Element #118 is 160892 bytes.
03-21 23:55:39.246  1557  2357 W ParceledListSlice: Overly large reply size: 174368
03-21 23:55:39.256 27459 27459 W android.vending: Failed to find entry 'classes.dex': Entry not found
03-21 23:55:39.257 27459 27459 W android.vending: Failed to find entry 'classes.dex': Entry not found
03-21 23:55:39.257 27459 27459 W android.vending: Failed to find entry 'classes.dex': Entry not found
03-21 23:55:39.258 27459 27459 W android.vending: Failed to find entry 'classes.dex': Entry not found
03-21 23:55:39.260  1557  4381 W ParceledListSlice: Element #232 is 73768 bytes.
03-21 23:55:39.261  1557  3459 W ParceledListSlice: Element #233 is 17356 bytes.
03-21 23:55:39.264 27459 27459 W android.vending: Failed to find entry 'classes.dex': Entry not found
03-21 23:55:39.265 27459 27459 W android.vending: Failed to find entry 'classes.dex': Entry not found
03-21 23:55:39.265 27459 27459 W android.vending: Failed to find entry 'classes.dex': Entry not found
03-21 23:55:39.267  1557  2357 W ParceledListSlice: Element #354 is 32452 bytes.
03-21 23:55:39.294 27407 27477 I CameraManagerGlobal: Connecting to camera service
03-21 23:55:39.300 27407 27407 I cr_EnterpriseInfoImpl: #setCacheResult() deviceOwned:false profileOwned:false
03-21 23:55:39.300 27407 27407 I cr_EnterpriseInfo: #getManagedStateForNative() zb8@acfc1fa
03-21 23:55:39.302 27459 27459 I Finsky  : [2] Process created at version: 50.5.19-31 [0] [PR] 879778031
03-21 23:55:39.305 27407 27407 I cr_PolicyProvider: #notifySettingsAvailable() 0
03-21 23:55:39.305 27407 27407 I cr_CombinedPProvider: #onSettingsAvailable() 0
03-21 23:55:39.305 27407 27407 I cr_CombinedPProvider: #flushPolicies()
03-21 23:55:39.305 27407 27407 I cr_PolicyService: #onPolicyServiceInitialized()
03-21 23:55:39.306 27407 27407 I cr_PolicyProvider: #notifySettingsAvailable() 0
03-21 23:55:39.306 27407 27407 I cr_CombinedPProvider: #onSettingsAvailable() 0
03-21 23:55:39.306 27407 27407 I cr_CombinedPProvider: #flushPolicies()
03-21 23:55:39.319   623  2758 W libperfmgr: Failed to write to node: /dev/stune/top-app/schedtune.boost with value: 10, fd: -1
03-21 23:55:39.319   623  2758 W libperfmgr: Failed to write to node: /proc/sys/kernel/sched_boost with value: 0, fd: -1
03-21 23:55:39.323 27366 27481 W BrowserUsageLoader: <DWB> Failed to query website usage
03-21 23:55:39.323 27366 27481 W BrowserUsageLoader: ihw: Service rejected request (status=5)
03-21 23:55:39.323 27366 27481 W BrowserUsageLoader: 	at iib.a(PG:28)
03-21 23:55:39.323 27366 27481 W BrowserUsageLoader: 	at ogv.a(PG:57)
03-21 23:55:39.323 27366 27481 W BrowserUsageLoader: 	at ogj.e(PG:3)
03-21 23:55:39.323 27366 27481 W BrowserUsageLoader: 	at ogl.run(PG:38)
03-21 23:55:39.323 27366 27481 W BrowserUsageLoader: 	at kqc.run(PG:7)
03-21 23:55:39.323 27366 27481 W BrowserUsageLoader: 	at oem.run(PG:44)
03-21 23:55:39.323 27366 27481 W BrowserUsageLoader: 	at bm.run(PG:389)
03-21 23:55:39.323 27366 27481 W BrowserUsageLoader: 	at java.lang.Thread.run(Thread.java:1563)
03-21 23:55:39.323 27366 27481 W BrowserUsageLoader: 	at kro.run(PG:61)
03-21 23:55:39.325 27459 27486 W Finsky  : [60] Failed to get the task info for cold start.
03-21 23:55:39.325 27459 27486 I Finsky  : [60] Process started for unknown session.
03-21 23:55:39.332 27459 27486 I Finsky  : [60] Finished reading experiment flags from file [Se-xCc4LzNyh3UrKMIU2sUf-PUKz4oQEbpKZDMuaFno] numFlags=2010.
03-21 23:55:39.334 27459 27484 I Finsky  : [58] Finished reading experiment flags from file [3EI-03fyf9L6L0fu3Gn0tEBYGNJJUcQ_sRm7sBZmBj4] numFlags=2017.
03-21 23:55:39.334 27459 27483 I Finsky  : [57] Finished reading experiment flags from file [0tGUNCGIkbk4o6-fQ335kUYSKwVj4lusnHT-A5Dsy08] numFlags=2201.
03-21 23:55:39.343  2441 26230 W PhBaseOp: Phenotype API error. Event: # ihho@3bfb91ec, EventCode: GET_EXP [CONTEXT service_id=51 ]
03-21 23:55:39.343  2441 26230 W PhBaseOp: evvg: 29505: No config packages for log source, or config package not registered
03-21 23:55:39.343  2441 26230 W PhBaseOp: 	at evxx.f(:com.google.android.gms@261035035@26.10.35 (260400-885717106):77)
03-21 23:55:39.343  2441 26230 W PhBaseOp: 	at evxv.i(:com.google.android.gms@261035035@26.10.35 (260400-885717106):3)
03-21 23:55:39.343  2441 26230 W PhBaseOp: 	at evwz.h(:com.google.android.gms@261035035@26.10.35 (260400-885717106):31)
03-21 23:55:39.343  2441 26230 W PhBaseOp: 	at evwz.f(:com.google.android.gms@261035035@26.10.35 (260400-885717106):13)
03-21 23:55:39.343  2441 26230 W PhBaseOp: 	at cuom.fC(:com.google.android.gms@261035035@26.10.35 (260400-885717106):1)
03-21 23:55:39.343  2441 26230 W PhBaseOp: 	at cuoy.run(:com.google.android.gms@261035035@26.10.35 (260400-885717106):118)
03-21 23:55:39.343  2441 26230 W PhBaseOp: 	at gway.run(:com.google.android.gms@261035035@26.10.35 (260400-885717106):19)
03-21 23:55:39.343  2441 26230 W PhBaseOp: 	at bhxh.c(:com.google.android.gms@261035035@26.10.35 (260400-885717106):50)
03-21 23:55:39.343  2441 26230 W PhBaseOp: 	at bhxh.run(:com.google.android.gms@261035035@26.10.35 (260400-885717106):73)
03-21 23:55:39.343  2441 26230 W PhBaseOp: 	at java.util.concurrent.ThreadPoolExecutor.runWorker(ThreadPoolExecutor.java:1154)
03-21 23:55:39.343  2441 26230 W PhBaseOp: 	at java.util.concurrent.ThreadPoolExecutor$Worker.run(ThreadPoolExecutor.java:652)
03-21 23:55:39.343  2441 26230 W PhBaseOp: 	at bicy.run(:com.google.android.gms@261035035@26.10.35 (260400-885717106):8)
03-21 23:55:39.343  2441 26230 W PhBaseOp: 	at java.lang.Thread.run(Thread.java:1563)
03-21 23:55:39.343  2441 26230 W AsyncOperation: operation=GetExperimentTokensOperationCall, opStatusCode=29505 [CONTEXT service_id=51 ]
03-21 23:55:39.343  2441 26230 W AsyncOperation: OperationException[Status{statusCode=No config packages for log source, or config package not registered, resolution=null}]
03-21 23:55:39.343  2441 26230 W AsyncOperation: 	at evwz.h(:com.google.android.gms@261035035@26.10.35 (260400-885717106):61)
03-21 23:55:39.343  2441 26230 W AsyncOperation: 	at evwz.f(:com.google.android.gms@261035035@26.10.35 (260400-885717106):13)
03-21 23:55:39.343  2441 26230 W AsyncOperation: 	at cuom.fC(:com.google.android.gms@261035035@26.10.35 (260400-885717106):1)
03-21 23:55:39.343  2441 26230 W AsyncOperation: 	at cuoy.run(:com.google.android.gms@261035035@26.10.35 (260400-885717106):118)
03-21 23:55:39.343  2441 26230 W AsyncOperation: 	at gway.run(:com.google.android.gms@261035035@26.10.35 (260400-885717106):19)
03-21 23:55:39.343  2441 26230 W AsyncOperation: 	at bhxh.c(:com.google.android.gms@261035035@26.10.35 (260400-885717106):50)
03-21 23:55:39.343  2441 26230 W AsyncOperation: 	at bhxh.run(:com.google.android.gms@261035035@26.10.35 (260400-885717106):73)
03-21 23:55:39.343  2441 26230 W AsyncOperation: 	at java.util.concurrent.ThreadPoolExecutor.runWorker(ThreadPoolExecutor.java:1154)
03-21 23:55:39.343  2441 26230 W AsyncOperation: 	at java.util.concurrent.ThreadPoolExecutor$Worker.run(ThreadPoolExecutor.java:652)
03-21 23:55:39.343  2441 26230 W AsyncOperation: 	at bicy.run(:com.google.android.gms@261035035@26.10.35 (260400-885717106):8)
03-21 23:55:39.343  2441 26230 W AsyncOperation: 	at java.lang.Thread.run(Thread.java:1563)
03-21 23:55:39.384 27407 27475 W libc    : Access denied finding property "ro.hardware.chipname"
03-21 23:55:39.386 27459 27459 E ashmem  : Pinning is deprecated since Android Q. Please use trim or other methods.
03-21 23:55:39.392 27459 27459 I Finsky  : [2] Profiling: Starting up (0)
03-21 23:55:39.396 27459 27486 I Finsky  : [60] aigd - Registering in memory receiver for android.intent.action.PACKAGE_ADDED and android.intent.action.PACKAGE_REMOVED
03-21 23:55:39.425 27366 27375 W libbinder.Binder: Binder transaction to android.content.IContentProvider code 21 took 1030ms. Data bytes: 392 Reply bytes: 136 Flags: 16
03-21 23:55:39.436 27407 27475 W chromium: [WARNING:net/cert/ev_root_ca_metadata.cc:118] Not implemented
03-21 23:55:39.436   849  1086 I hwcomposer: [HWCDisplay] [Display_0 (type:1)] fps:72.220932,dur:1010.79,max:78.76,min:10.36  
03-21 23:55:39.437 27459 27459 I Finsky  : [2] This process start was not selected for Play memory metrics collection.
03-21 23:55:39.439 27459 27459 I Finsky  : [2] Setup::DSE: Phenotype experiments synced with status: NO_UPDATE
03-21 23:55:39.440 27407 27407 I PlayCore: UID: [10313]  PID: [27407] AppUpdateService : ServiceConnectionImpl.onServiceConnected(ComponentInfo{com.android.vending/com.google.android.finsky.installservice.DevTriggeredUpdateService})
03-21 23:55:39.440 27407 27458 I PlayCore: UID: [10313]  PID: [27407] AppUpdateService : linkToDeath
03-21 23:55:39.441 27407 27446 W chromium: [WARNING:net/cert/ev_root_ca_metadata.cc:118] Not implemented
03-21 23:55:39.478  2441 26230 W GetConfigSnapshotOp: Succeeded but not registered: com.google.android.gms.gmscompliance_client#com.android.vending [CONTEXT service_id=51 ]
03-21 23:55:39.480 27459 27503 W Settings: Setting download_manager_max_bytes_over_mobile has moved from android.provider.Settings.Secure to android.provider.Settings.Global.
03-21 23:55:39.482 27459 27503 I Finsky  : [73] SettingNotFoundException, fall through to G.downloadBytesOverMobileMaximum
03-21 23:55:39.482 27459 27503 W Settings: Setting download_manager_recommended_max_bytes_over_mobile has moved from android.provider.Settings.Secure to android.provider.Settings.Global.
03-21 23:55:39.483 27459 27503 I Finsky  : [73] SettingNotFoundException, fall through to G.downloadBytesOverMobileRecommended
03-21 23:55:39.489  1557  7978 W ParceledListSlice: Element #89 is 16876 bytes.
03-21 23:55:39.495  1557  2357 W ParceledListSlice: Element #118 is 160892 bytes.
03-21 23:55:39.495  1557  2357 W ParceledListSlice: Overly large reply size: 174368
03-21 23:55:39.499 27407 27447 W chromium: [WARNING:net/cert/ev_root_ca_metadata.cc:118] Not implemented
03-21 23:55:39.507  1557  1834 W ParceledListSlice: Element #232 is 73768 bytes.
03-21 23:55:39.509  1557  7978 W ParceledListSlice: Element #233 is 17356 bytes.
03-21 23:55:39.511 27459 27503 I Finsky  : [73] Setup::DSE: Android ID is non-zero.
03-21 23:55:39.512 27459 27503 I Finsky  : [73] Setup::DSE: Phenotype experiments synced with status: NO_UPDATE
03-21 23:55:39.513 27459 27503 I Finsky  : [73] Package com.android.chrome is verified.
03-21 23:55:39.515 27459 27503 I Finsky  : [73] Setup::DSE: Using on-device eligibility
03-21 23:55:39.519  1557  4381 W ParceledListSlice: Element #354 is 32452 bytes.
03-21 23:55:39.519 27459 27503 I Finsky  : [73] Setup::DSE: original default browser com.android.chrome,  isPixel true, isEeav2Device false, isDseChoiceScreenDevice false, inSamprasCountries false, inDmaCountries false, inDseChoiceScreenCountries false, isDefaultBrowserChanged false, inOsakaCountries false, cohortId 0
03-21 23:55:39.521 27407 27447 W chromium: [WARNING:net/cert/ev_root_ca_metadata.cc:118] Not implemented
03-21 23:55:39.522 27459 27503 I Finsky  : [73] DSE: Set Settings.Secure.play_determined_dma_eligibility to: 0 (success=true)
03-21 23:55:39.523 27459 27503 I Finsky  : [73] DSE: Set Settings.Secure.play_determined_choice_program to: 0 (success=true)
03-21 23:55:39.542   849  1055 I hwcomposer: [HWC] (0)fire a callback of refresh to SF[4]  
03-21 23:55:39.555   623  2758 W libperfmgr: Failed to write to node: /dev/stune/top-app/schedtune.boost with value: 10, fd: -1
03-21 23:55:39.555   623  2758 W libperfmgr: Failed to write to node: /proc/sys/kernel/sched_boost with value: 0, fd: -1
03-21 23:55:39.582 27511 27511 W libbinder.BackendUnifiedServiceManager: Thread Pool max thread count is 0. Cannot cache binder as linkToDeath cannot be implemented. serviceName: deviceidle
03-21 23:55:39.600 27513 27513 W libbinder.BackendUnifiedServiceManager: Thread Pool max thread count is 0. Cannot cache binder as linkToDeath cannot be implemented. serviceName: battery
03-21 23:55:39.623   623  2758 W libperfmgr: Failed to write to node: /dev/stune/top-app/schedtune.boost with value: 10, fd: -1
03-21 23:55:39.623   623  2758 W libperfmgr: Failed to write to node: /proc/sys/kernel/sched_boost with value: 0, fd: -1
03-21 23:55:39.624 27515 27515 W libbinder.BackendUnifiedServiceManager: Thread Pool max thread count is 0. Cannot cache binder as linkToDeath cannot be implemented. serviceName: deviceidle
03-21 23:55:39.649 27518 27518 W libbinder.BackendUnifiedServiceManager: Thread Pool max thread count is 0. Cannot cache binder as linkToDeath cannot be implemented. serviceName: activity
03-21 23:55:39.697 27527 27527 W libbinder.BackendUnifiedServiceManager: Thread Pool max thread count is 0. Cannot cache binder as linkToDeath cannot be implemented. serviceName: battery
03-21 23:55:39.765   623  2758 W libperfmgr: Failed to write to node: /dev/stune/top-app/schedtune.boost with value: 50, fd: -1
03-21 23:55:39.765   623  2758 W libperfmgr: Failed to write to node: /proc/sys/kernel/sched_boost with value: 1, fd: -1
03-21 23:55:39.770  1557  2357 I ActivityTaskManager: START u0 {act=android.intent.action.MAIN xflg=0x4 cmp=com.android.settings/.SubSettings (has extras)} with LAUNCH_MULTIPLE from uid 1000 (com.android.settings) (sr=249365675) (BAL_ALLOW_VISIBLE_WINDOW) result code=0
03-21 23:55:39.772   623  2758 W libperfmgr: Failed to write to node: /dev/stune/top-app/schedtune.boost with value: 50, fd: -1
03-21 23:55:39.772   623  2758 W libperfmgr: Failed to write to node: /proc/sys/kernel/sched_boost with value: 2, fd: -1
03-21 23:55:39.790  2248  2248 E ndroid.settings: Invalid resource ID 0x00000000.
03-21 23:55:39.791  2248  2248 E ndroid.settings: Invalid resource ID 0x00000000.
03-21 23:55:39.844 27459 27501 I Finsky  : [71] SysUA: Set SystemUpdateActivity enabled state to 1
03-21 23:55:39.845 27459 27501 I Finsky  : [71] Set UnhibernateActivity enabled state to 1
03-21 23:55:39.846 27459 27484 I Finsky  : [58] VerifyApps: Setup app restrictions monitor
03-21 23:55:39.848 27459 27484 I Finsky  : [58] VerifyApps: Device wide unknown source restriction updated
03-21 23:55:39.852 27459 27483 I Finsky  : [57] Finished reading experiment flags from file [t2KBi8IQgHLO_ZLUwVI65nJ5q8fEI9xk4X6XLFiShJo] numFlags=2018.
03-21 23:55:39.854 27459 27499 I Finsky  : [69] SysCUA: Set {com.android.vending/com.google.android.finsky.systemcomponentupdateui.common.SystemComponentUpdateActivity} enabled state to 1
03-21 23:55:39.855 27459 27483 I Finsky  : [57] cubesStatesValueStore = [2, 2, 2, 2, 2, 2, 2]
03-21 23:55:39.855 27459 27485 I Finsky  : [59] RECEIVER_SINGLE_USER_SETTINGS#logWorkEndAndFinishGoAsync: SUCCESS
03-21 23:55:39.856 27459 27487 I Finsky  : [61] Enqueuing libraries load for 1182466932
03-21 23:55:39.856 27459 27502 I Finsky  : [72] Starting libraries load for 1182466932
03-21 23:55:39.869 27459 27502 I Finsky  : [72] Loaded library for account: [zB5Rt6P6_oVJ7l8yD7k8SKlBHuUehpSUHOJ-wzQ95VI]
03-21 23:55:39.869 27459 27502 I Finsky  : [72] Loaded library for account: [czni_j8Fh2wIRD8mE-txP0va2V0PZJ4qlHiPIqxp0_4]
03-21 23:55:39.870 27459 27502 I Finsky  : [72] Loaded library for account: [kXkXw9pVG2hNv5C3q3QZwtQ-5YutZmRn8O3ok5qOoEc]
03-21 23:55:39.870 27459 27502 I Finsky  : [72] Finished loading 3 libraries.
03-21 23:55:39.872 27459 27540 I Finsky  : [85] Created new item store.
03-21 23:55:39.880 27459 27540 I Finsky  : [85] Subscription detail: DataSubscriptionInfo{groupIdLevel1=null, serviceProviderName=[AtrjMAvakn0dfX7rkLN6o9o_1OV0MULAWF6NYol-_M0], simCarrierId=569}
03-21 23:55:39.882 27459 27459 I Finsky  : [2] onSubscriptionsChanged
03-21 23:55:39.905 27459 27508 I Finsky  : [78] playLoggingServerUrl: https://play.googleapis.com/play/log
03-21 23:55:39.905 27459 27508 I Finsky  : [78] playLoggingServerTimestampUrl: https://play.googleapis.com/play/log/timestamp
03-21 23:55:39.911 27459 27499 I Finsky  : [69] Finished reading experiment flags from file [jWYffJ4-e8T6PFgu8pdUw5abl8vWaF5AzfhBYKitdxA] numFlags=2017.
03-21 23:55:39.919 27407 27415 I PlayCore: UID: [10313]  PID: [27407] OnRequestInstallCallback : onRequestInfo
03-21 23:55:39.919 27407 27458 I PlayCore: UID: [10313]  PID: [27407] AppUpdateService : Unbind from service.
03-21 23:55:39.927  2441 12164 I libbinder.IPCThreadState: oneway function results for code 1 on binder at 0xb400006f97e965b0 will be dropped but finished with status UNKNOWN_TRANSACTION and reply parcel size 80
03-21 23:55:39.952   909   985 E surfaceflinger: == MALI DEBUG ===eglp_winsys_populate_image_templates ==12288
03-21 23:55:39.957  1557  1616 I ActivityTaskManager: Displayed com.android.settings/.SubSettings for user 0: +190ms
03-21 23:55:39.963   909   985 E surfaceflinger: == MALI DEBUG ===eglp_winsys_populate_image_templates ==12288
03-21 23:55:39.974   909   985 E surfaceflinger: == MALI DEBUG ===eglp_winsys_populate_image_templates ==12288
03-21 23:55:39.981   623  2758 W libperfmgr: Failed to write to node: /dev/stune/top-app/schedtune.boost with value: 50, fd: -1
03-21 23:55:39.981   623  2758 W libperfmgr: Failed to write to node: /proc/sys/kernel/sched_boost with value: 2, fd: -1
03-21 23:55:39.981   909   985 E surfaceflinger: == MALI DEBUG ===eglp_winsys_populate_image_templates ==12288
03-21 23:55:39.986   909   985 E surfaceflinger: == MALI DEBUG ===eglp_winsys_populate_image_templates ==12288
03-21 23:55:40.019   868 19875 W C2BqBuffer: last successful dequeue was 793249412 us ago, 0 consecutive failures
03-21 23:55:40.022   623  2758 W libperfmgr: Failed to write to node: /dev/stune/top-app/schedtune.boost with value: 10, fd: -1
03-21 23:55:40.022   623  2758 W libperfmgr: Failed to write to node: /proc/sys/kernel/sched_boost with value: 0, fd: -1
03-21 23:55:40.035   623  2758 W libperfmgr: Failed to write to node: /dev/stune/top-app/schedtune.boost with value: 10, fd: -1
03-21 23:55:40.035   623  2758 W libperfmgr: Failed to write to node: /proc/sys/kernel/sched_boost with value: 0, fd: -1
03-21 23:55:40.040  1557  1921 I ImeTracker: com.android.settings:b31c6137: onRequestHide at ORIGIN_SERVER reason HIDE_UNSPECIFIED_WINDOW fromUser false
03-21 23:55:40.040  2248  2248 I ImeTracker: com.android.settings:b31c6137: onCancelled at PHASE_CLIENT_ALREADY_HIDDEN
03-21 23:55:40.041  3591  3591 I GoogleInputMethodService: GoogleInputMethodService.onFinishInput():2114 
03-21 23:55:40.042  3591  3591 I Module  : DeviceLockedStatusModuleProvider$Module.updateDeviceLockedStatus():103 repeatCheckTimes = 0, locked = false
03-21 23:55:40.042  3591  3591 I GoogleInputMethodService: GoogleInputMethodService.onStartInput():1385 onStartInput(EditorInfo{EditorInfo{packageName=com.android.settings, inputType=0, inputTypeString=NULL, enableLearning=false, autoCorrection=false, autoComplete=false, imeOptions=0, privateImeOptions=null, actionName=UNSPECIFIED, actionLabel=null, initialSelStart=-1, initialSelEnd=-1, initialCapsMode=0, label=null, fieldId=0, fieldName=null, extras=null, hintText=null, hintLocales=[]}}, false)
03-21 23:55:40.042  1557  4381 I ImeTracker: system_server:2d9039c7: onRequestHide at ORIGIN_SERVER reason IME_REQUESTED_CHANGED_LISTENER fromUser false
03-21 23:55:40.042  3591  3591 I AndroidIME: LatinIMEBase.updateInputViewCoverNavigation():314 Update input view padding, extendsTouchBelowSpace=true, bottom inset=126
03-21 23:55:40.043  1557  1619 I ImeTracker: system_server:2d9039c7: onCancelled at PHASE_SERVER_SHOULD_HIDE
03-21 23:55:40.043  3591  3591 I Module  : DeviceLockedStatusModuleProvider$Module.updateDeviceLockedStatus():103 repeatCheckTimes = 1, locked = false
03-21 23:55:40.044  1557  3459 W PackageConfigPersister: App-specific configuration not found for packageName: com.android.settings and userId: 0
03-21 23:55:40.171   884   900 I WifiHAL : feature_set=0x8488141a
03-21 23:55:40.172  1557  1939 I HalDevMgr: bestIfaceCreationProposal is null, requestIface=STA, existingIface=[name=wlan0 type=STA]
03-21 23:55:40.246   623  2758 W libperfmgr: Failed to write to node: /dev/stune/top-app/schedtune.boost with value: 10, fd: -1
03-21 23:55:40.247   623  2758 W libperfmgr: Failed to write to node: /proc/sys/kernel/sched_boost with value: 0, fd: -1
03-21 23:55:40.249  1557  2011 W ImageReader_JNI: Unable to acquire a buffer item, very likely client tried to acquire more than maxImages buffers
03-21 23:55:40.342   849  1055 I hwcomposer: [HWC] (0)fire a callback of refresh to SF[4]  
03-21 23:55:40.359   623  2758 W libperfmgr: Failed to write to node: /dev/stune/top-app/schedtune.boost with value: 10, fd: -1
03-21 23:55:40.359   623  2758 W libperfmgr: Failed to write to node: /proc/sys/kernel/sched_boost with value: 0, fd: -1
03-21 23:55:40.423   623  2758 W libperfmgr: Failed to write to node: /dev/stune/top-app/schedtune.boost with value: 10, fd: -1
03-21 23:55:40.423   623  2758 W libperfmgr: Failed to write to node: /proc/sys/kernel/sched_boost with value: 0, fd: -1
03-21 23:55:40.592   849  1086 I hwcomposer: [HWCDisplay] [Display_0 (type:1)] fps:46.745647,dur:1155.19,max:232.42,min:10.09  
03-21 23:55:40.681   909   985 E surfaceflinger: == MALI DEBUG ===eglp_winsys_populate_image_templates ==12288
03-21 23:55:40.692   909   985 E surfaceflinger: == MALI DEBUG ===eglp_winsys_populate_image_templates ==12288
03-21 23:55:40.698   623  2758 W libperfmgr: Failed to write to node: /dev/stune/top-app/schedtune.boost with value: 50, fd: -1
03-21 23:55:40.699   623  2758 W libperfmgr: Failed to write to node: /proc/sys/kernel/sched_boost with value: 2, fd: -1
03-21 23:55:40.741   909   985 E surfaceflinger: == MALI DEBUG ===eglp_winsys_populate_image_templates ==12288
03-21 23:55:40.860   623  2758 W libperfmgr: Failed to write to node: /dev/stune/top-app/schedtune.boost with value: 10, fd: -1
03-21 23:55:40.860   623  2758 W libperfmgr: Failed to write to node: /proc/sys/kernel/sched_boost with value: 0, fd: -1
03-21 23:55:41.129  2248  2248 W SettingsMetricsFeature: action(Pair<Integer, Object>... taggedData) is deprecated, Use action(int, int, int, String, int) instead.
03-21 23:55:41.130  2248  2248 I AppStorageSettings: Clearing user data for package : com.rnat
03-21 23:55:41.130   849  1055 I hwcomposer: [HWC] (0)fire a callback of refresh to SF[4]  
03-21 23:55:41.132   909   985 E surfaceflinger: == MALI DEBUG ===eglp_winsys_populate_image_templates ==12288
03-21 23:55:41.133  1557  4381 I ActivityManager: Force stopping com.rnat appid=10399 user=0: clear data
03-21 23:55:41.139  1557  1675 E AppOps  : package pm not found, can't check for attributionTag null
03-21 23:55:41.141  1557  1675 I ActivityManager: Force stopping com.rnat appid=10399 user=0: clearApplicationUserData
03-21 23:55:41.147   623  2758 W libperfmgr: Failed to write to node: /dev/stune/top-app/schedtune.boost with value: 10, fd: -1
03-21 23:55:41.147   623  2758 W libperfmgr: Failed to write to node: /proc/sys/kernel/sched_boost with value: 0, fd: -1
03-21 23:55:41.155   623  2758 W libperfmgr: Failed to write to node: /dev/stune/top-app/schedtune.boost with value: 50, fd: -1
03-21 23:55:41.155   623  2758 W libperfmgr: Failed to write to node: /proc/sys/kernel/sched_boost with value: 2, fd: -1
03-21 23:55:41.160   623  2758 W libperfmgr: Failed to write to node: /dev/stune/top-app/schedtune.boost with value: 50, fd: -1
03-21 23:55:41.160   623  2758 W libperfmgr: Failed to write to node: /proc/sys/kernel/sched_boost with value: 2, fd: -1
03-21 23:55:41.172  1557  1921 I ImeTracker: com.android.settings:37424037: onRequestHide at ORIGIN_SERVER reason HIDE_SAME_WINDOW_FOCUSED_WITHOUT_EDITOR fromUser false
03-21 23:55:41.173  2248  2248 I ImeTracker: com.android.settings:37424037: onCancelled at PHASE_CLIENT_ALREADY_HIDDEN
03-21 23:55:41.174  3591  3591 I GoogleInputMethodService: GoogleInputMethodService.onFinishInput():2114 
03-21 23:55:41.174  3591  3591 I Module  : DeviceLockedStatusModuleProvider$Module.updateDeviceLockedStatus():103 repeatCheckTimes = 0, locked = false
03-21 23:55:41.175  3591  3591 I GoogleInputMethodService: GoogleInputMethodService.onStartInput():1385 onStartInput(EditorInfo{EditorInfo{packageName=com.android.settings, inputType=0, inputTypeString=NULL, enableLearning=false, autoCorrection=false, autoComplete=false, imeOptions=0, privateImeOptions=null, actionName=UNSPECIFIED, actionLabel=null, initialSelStart=-1, initialSelEnd=-1, initialCapsMode=0, label=null, fieldId=0, fieldName=null, extras=null, hintText=null, hintLocales=[]}}, false)
03-21 23:55:41.175  3591  3591 I AndroidIME: LatinIMEBase.updateInputViewCoverNavigation():314 Update input view padding, extendsTouchBelowSpace=true, bottom inset=126
03-21 23:55:41.176  3591  3591 I Module  : DeviceLockedStatusModuleProvider$Module.updateDeviceLockedStatus():103 repeatCheckTimes = 1, locked = false
03-21 23:55:41.177  1557  4381 W PackageConfigPersister: App-specific configuration not found for packageName: com.android.settings and userId: 0
03-21 23:55:41.315   623  2758 W libperfmgr: Failed to write to node: /dev/stune/top-app/schedtune.boost with value: 10, fd: -1
03-21 23:55:41.315   623  2758 W libperfmgr: Failed to write to node: /proc/sys/kernel/sched_boost with value: 0, fd: -1
03-21 23:55:41.330   849  1055 I hwcomposer: [HWC] (0)fire a callback of refresh to SF[4]  
03-21 23:55:41.345   623  2758 W libperfmgr: Failed to write to node: /dev/stune/top-app/schedtune.boost with value: 10, fd: -1
03-21 23:55:41.345   623  2758 W libperfmgr: Failed to write to node: /proc/sys/kernel/sched_boost with value: 0, fd: -1
03-21 23:55:41.392 27551 27551 I artd    : MMAP_TRYLOCK is not supported in uffd addr:0x7f28496000 page-size:4096
03-21 23:55:41.394 27551 27551 I artd    : Starting artd
03-21 23:55:41.395 27551 27551 I libbinder.AidlLazyServiceRegistrar: Registering service artd
03-21 23:55:41.397 27551 27551 I libbinder.AidlLazyServiceRegistrar: Process has 1 (of 1 available) client(s) in use after notification artd has clients: 1
03-21 23:55:41.402   592  3424 I keystore2: system/security/keystore2/src/maintenance.rs:615 - clearNamespace(r#APP, nspace=10399)
03-21 23:55:41.406   593   593 I beanpodkeymaster: cmd:20 Received 4 byte response
03-21 23:55:41.411  2248  2248 I AppStorageSettings: Cleared user data for package : com.rnat
03-21 23:55:41.411   623  2758 W libperfmgr: Failed to write to node: /dev/stune/top-app/schedtune.boost with value: 10, fd: -1
03-21 23:55:41.411   623  2758 W libperfmgr: Failed to write to node: /proc/sys/kernel/sched_boost with value: 0, fd: -1
03-21 23:55:41.414   841   880 I netd    : tetherGetStats() -> {[]} <1.44ms>
03-21 23:55:41.415  1557  1557 I AppSearchManagerService: Handling android.intent.action.PACKAGE_DATA_CLEARED broadcast on package: com.rnat
03-21 23:55:41.417  3011  3011 I MediaServiceV2: Creating work for intent Intent { act=android.intent.action.PACKAGE_DATA_CLEARED dat=package: flg=0x5000010 cmp=com.android.providers.media.module/com.android.providers.media.MediaServiceV2 (has extras) }
03-21 23:55:41.419  3011  3011 I MediaServiceV2: Work enqueued for intent: Intent { act=android.intent.action.PACKAGE_DATA_CLEARED dat=package: flg=0x5000010 cmp=com.android.providers.media.module/com.android.providers.media.MediaServiceV2 (has extras) }
03-21 23:55:41.426  1557  1632 I ActivityManager: Start proc 27559:com.android.documentsui/u0a251 for broadcast {com.android.documentsui/com.android.documentsui.PackageReceiver}
03-21 23:55:41.435  3011  3140 W JobInfo : Requested important-while-foreground flag for job250 is ignored and takes no effect
03-21 23:55:41.457  1557  1630 W AppSearchManagerService: Received persistToDisk call. Use AppSearchManagerService persistence schedule.
03-21 23:55:41.457 27559 27559 I Zygote  : Process 27559 created for com.android.documentsui
03-21 23:55:41.457 27559 27559 I oid.documentsui: Using CollectorTypeCMC GC.
03-21 23:55:41.457 27390 27390 I PermissionEventCleanupJobService: Job already scheduled.
03-21 23:55:41.463  2441 27566 I Fitness : (REDACTED) FitCleanupIntentOperation received Intent %s
03-21 23:55:41.465  3011 27575 I MediaServiceV2: Work initiated for action [ android.intent.action.PACKAGE_DATA_CLEARED ]
03-21 23:55:41.475  3011 27575 I FuseDaemon: Successfully deleted rows in leveldb for owner_id:  and ownerPackageIdentifier: com.rnat::0
03-21 23:55:41.480  3011 27575 I MediaServiceV2: Work ended for action [ android.intent.action.PACKAGE_DATA_CLEARED ]
03-21 23:55:41.482  3011  3177 I WM-WorkerWrapper: Worker result SUCCESS for Work [ id=800d27ba-eb9f-491a-83be-dfc9cc11bebc, tags={ com.android.providers.media.MediaServiceV2 } ]
03-21 23:55:41.527 27559 27581 W ThemeOverlayManager: Skip enabled overlay package:com.android.documentsui.overlay, user:UserHandle{0}
03-21 23:55:41.547  1557  1632 I ActivityManager: Start proc 27589:com.android.externalstorage/u0a266 for content provider {com.android.externalstorage/com.android.externalstorage.ExternalStorageProvider}
03-21 23:55:41.557  1557  1639 W libprocessgroup: SetCgroup::ExecuteForProcess: failed to open /dev/stune/background/cgroup.procs: No such file or directory
03-21 23:55:41.560 27559 27590 E ashmem  : Pinning is deprecated since Android Q. Please use trim or other methods.
03-21 23:55:41.570  1557  1632 I ActivityManager: Start proc 27592:com.android.vending:background/u0a293 for broadcast {com.android.vending/com.google.android.finsky.appcontentservice.engage.broadcastreceiver.EngagePackageActionReceiver}
03-21 23:55:41.574   849  1055 I hwcomposer: [HWC] (0)fire a callback of refresh to SF[4]  
03-21 23:55:41.576 27589 27589 I Zygote  : Process 27589 created for com.android.externalstorage
03-21 23:55:41.576 27589 27589 I externalstorage: Using CollectorTypeCMC GC.
03-21 23:55:41.577   623  2758 W libperfmgr: Failed to write to node: /dev/stune/top-app/schedtune.boost with value: 10, fd: -1
03-21 23:55:41.577   623  2758 W libperfmgr: Failed to write to node: /proc/sys/kernel/sched_boost with value: 0, fd: -1
03-21 23:55:41.588   623  2758 W libperfmgr: Failed to write to node: /dev/stune/top-app/schedtune.boost with value: 50, fd: -1
03-21 23:55:41.588   623  2758 W libperfmgr: Failed to write to node: /proc/sys/kernel/sched_boost with value: 1, fd: -1
03-21 23:55:41.589  1557  1639 W libprocessgroup: SetCgroup::ExecuteForProcess: failed to open /dev/stune/top-app/cgroup.procs: No such file or directory
03-21 23:55:41.589  1557  1619 I ActivityManager: updateOomAdj start time is before than pendingPid added, don't delete it
03-21 23:55:41.592 27592 27592 I Zygote  : Process 27592 created for com.android.vending:background
03-21 23:55:41.593 27592 27592 I ding:background: Using CollectorTypeCMC GC.
03-21 23:55:41.599  1557  7978 I InputDispatcher: Channel [Gesture Monitor] swipe-up is stealing input gesture for device 4 from [a652b08 com.android.settings/com.android.settings.SubSettings, [Gesture Monitor] edge-swipe]
03-21 23:55:41.599 26093 27562 I GmsModuleInitializer: Using ContainerGservicesDelegate
03-21 23:55:41.609  2424  2424 E Launcher.Utilities: mapToRange: range has 0 length
03-21 23:55:41.611   623  2758 W libperfmgr: Failed to write to node: /dev/stune/top-app/schedtune.boost with value: 50, fd: -1
03-21 23:55:41.611   623  2758 W libperfmgr: Failed to write to node: /proc/sys/kernel/sched_boost with value: 1, fd: -1
03-21 23:55:41.613   849  1086 I hwcomposer: [HWCDisplay] [Display_0 (type:1)] fps:62.628292,dur:1021.90,max:86.18,min:6.25  
03-21 23:55:41.633   909   985 E surfaceflinger: == MALI DEBUG ===eglp_winsys_populate_image_templates ==12288
03-21 23:55:41.635 26093 27615 I Blockstore: [PackageIntentOperation] Checking IS_RESTORE extra. [CONTEXT service_id=258 ]
03-21 23:55:41.636 27589 27589 E ashmem  : Pinning is deprecated since Android Q. Please use trim or other methods.
03-21 23:55:41.650   909   985 E surfaceflinger: == MALI DEBUG ===eglp_winsys_populate_image_templates ==12288
03-21 23:55:41.652   909   985 E surfaceflinger: == MALI DEBUG ===eglp_winsys_populate_image_templates ==12288
03-21 23:55:41.656   623  2758 W libperfmgr: Failed to write to node: /dev/stune/top-app/schedtune.boost with value: 50, fd: -1
03-21 23:55:41.656   623  2758 W libperfmgr: Failed to write to node: /proc/sys/kernel/sched_boost with value: 2, fd: -1
03-21 23:55:41.662  1557  1639 W libprocessgroup: SetCgroup::ExecuteForProcess: failed to open /dev/stune/background/cgroup.procs: No such file or directory
03-21 23:55:41.673   909   985 E surfaceflinger: == MALI DEBUG ===eglp_winsys_populate_image_templates ==12288
03-21 23:55:41.676  1557  1639 W libprocessgroup: SetCgroup::ExecuteForProcess: failed to open /dev/stune/top-app/cgroup.procs: No such file or directory
03-21 23:55:41.680 26093 27564 W TracingHelper: No RequestContext found in the trace or trace not available. [CONTEXT service_id=259 ratelimit_count=1410065408 ]
03-21 23:55:41.680   623  2758 W libperfmgr: Failed to write to node: /dev/stune/top-app/schedtune.boost with value: 50, fd: -1
03-21 23:55:41.680   623  2758 W libperfmgr: Failed to write to node: /proc/sys/kernel/sched_boost with value: 2, fd: -1
03-21 23:55:41.681 26113 26113 I bsws    : onStart
03-21 23:55:41.682 26113 26113 I bsws    : onResume
03-21 23:55:41.695 26093 27616 I NearbyDiscovery: (REDACTED) processGrantSlicePermission: %s
03-21 23:55:41.696  1557  1632 I ActivityManager: Start proc 27620:android.process.media/u0a256 for content provider {com.android.mtp/com.android.mtp.MtpDocumentsProvider}
03-21 23:55:41.696 26093 27564 W TracingHelper: Mismatched RequestContext found for module APPSEARCH. Module id from RequestContext is MODULEID_UNKNOWN [CONTEXT service_id=259 ratelimit_count=1410065408 ]
03-21 23:55:41.702 27592 27592 W ding:background: Failed to find entry 'classes.dex': Entry not found
03-21 23:55:41.704 27592 27592 W ding:background: Failed to find entry 'classes.dex': Entry not found
03-21 23:55:41.705 27592 27592 W ding:background: Failed to find entry 'classes.dex': Entry not found
03-21 23:55:41.706 27592 27592 W ding:background: Failed to find entry 'classes.dex': Entry not found
03-21 23:55:41.707 27592 27592 W ding:background: Failed to find entry 'classes.dex': Entry not found
03-21 23:55:41.708 27592 27592 W ding:background: Failed to find entry 'classes.dex': Entry not found
03-21 23:55:41.709 27592 27592 W ding:background: Failed to find entry 'classes.dex': Entry not found
03-21 23:55:41.709 27620 27620 I Zygote  : Process 27620 created for android.process.media
03-21 23:55:41.710 27620 27620 I d.process.media: Using CollectorTypeCMC GC.
03-21 23:55:41.710  1557  3459 E system_server: == MALI DEBUG ===eglp_winsys_populate_image_templates ==12288
03-21 23:55:41.746 27592 27592 I Finsky:background: [2] Process created at version: 50.5.19-31 [0] [PR] 879778031
03-21 23:55:41.748 27592 27592 I Finsky:background: [2] [BGP] Initializing early flags...
03-21 23:55:41.748 27592 27592 I Finsky:background: [2] [BGP] Initializing Gservices...
03-21 23:55:41.749 27592 27592 I Finsky:background: [2] [BGP] Initializing flags...
03-21 23:55:41.754 26093 26239 I Icing   : IndexChimeraService.getServiceInterface callingPackage=com.google.android.gms componentName=ContactsIndexer serviceId=33
03-21 23:55:41.767  1557  3104 E system_server: == MALI DEBUG ===eglp_winsys_populate_image_templates ==12288
03-21 23:55:41.772 27592 27592 I Finsky:background: [2] Finished reading experiment flags from file [0tGUNCGIkbk4o6-fQ335kUYSKwVj4lusnHT-A5Dsy08] numFlags=2201.
03-21 23:55:41.780   623  2758 W libperfmgr: Failed to write to node: /dev/stune/top-app/schedtune.boost with value: 50, fd: -1
03-21 23:55:41.780   623  2758 W libperfmgr: Failed to write to node: /proc/sys/kernel/sched_boost with value: 2, fd: -1
03-21 23:55:41.794 27620 27620 E ashmem  : Pinning is deprecated since Android Q. Please use trim or other methods.
03-21 23:55:41.805   909   985 E surfaceflinger: == MALI DEBUG ===eglp_winsys_populate_image_templates ==12288
03-21 23:55:41.805 26093 26136 I Icing   : Storage manager: low false usage 2.88MB avail 205.24GB capacity 227.96GB
03-21 23:55:41.808 27592 27592 E ashmem  : Pinning is deprecated since Android Q. Please use trim or other methods.
03-21 23:55:41.814 27592 27592 I Finsky:background: [2] Finished reading experiment flags from file [3EI-03fyf9L6L0fu3Gn0tEBYGNJJUcQ_sRm7sBZmBj4] numFlags=2017.
03-21 23:55:41.820 27592 27592 I Finsky:background: [2] Finished reading experiment flags from file [t2KBi8IQgHLO_ZLUwVI65nJ5q8fEI9xk4X6XLFiShJo] numFlags=2018.
03-21 23:55:41.825 27592 27592 I Finsky:background: [2] Finished reading experiment flags from file [jWYffJ4-e8T6PFgu8pdUw5abl8vWaF5AzfhBYKitdxA] numFlags=2017.
03-21 23:55:41.826   623  2758 W libperfmgr: Failed to write to node: /dev/stune/top-app/schedtune.boost with value: 50, fd: -1
03-21 23:55:41.826   623  2758 W libperfmgr: Failed to write to node: /proc/sys/kernel/sched_boost with value: 2, fd: -1
03-21 23:55:41.826 27592 27592 I Finsky:background: [2] [BGP] Initializing crash detector...
03-21 23:55:41.829 26093 26136 E native  : E0000 00:00:1774126541.829570   26136 model-utils.cc:41] Not a valid Model flatbuffer
03-21 23:55:41.829 26093 26136 E native  : E0000 00:00:1774126541.829692   26136 model-provider-from-fb.cc:105] Unable to initialize ModelProviderFromFlatbuffer
03-21 23:55:41.829 26093 26136 I native  : I0000 00:00:1774126541.829764   26136 model-api.cc:46] Registered model under key tmp-segmentation-model
03-21 23:55:41.830  1557  1639 W libprocessgroup: SetCgroup::ExecuteForProcess: failed to open /dev/stune/background/cgroup.procs: No such file or directory
03-21 23:55:41.830  2424  2424 I BaseDragLayer: NoButtonNavbarToOverviewTouchController
03-21 23:55:41.833  1557  1639 W libprocessgroup: SetCgroup::ExecuteForProcess: failed to open /dev/stune/background/cgroup.procs: No such file or directory
03-21 23:55:41.834  1557  1639 W libprocessgroup: SetCgroup::ExecuteForProcess: failed to open /dev/stune/background/cgroup.procs: No such file or directory
03-21 23:55:41.836  1557  1639 W libprocessgroup: SetCgroup::ExecuteForProcess: failed to open /dev/stune/background/cgroup.procs: No such file or directory
03-21 23:55:41.838  1557  1639 W libprocessgroup: SetCgroup::ExecuteForProcess: failed to open /dev/stune/background/cgroup.procs: No such file or directory
03-21 23:55:41.839 27592 27592 I Finsky:background: [2] aift - Registering in memory receiver for android.intent.action.PACKAGE_ADDED and android.intent.action.PACKAGE_REMOVED
03-21 23:55:41.851  1557  1639 W libprocessgroup: SetCgroup::ExecuteForProcess: failed to open /dev/stune/background/cgroup.procs: No such file or directory
03-21 23:55:41.854 26093 26136 I native  : I0000 00:00:1774126541.854931   26136 permission-checker.cc:82] Creating PermissionChecker based on ACL with config_version 1 having 9 permissions defined.
03-21 23:55:41.859 27592 27592 I Finsky:background: [2] This process start was not selected for Play memory metrics collection.
03-21 23:55:41.864  1557  1639 W libprocessgroup: SetCgroup::ExecuteForProcess: failed to open /dev/stune/background/cgroup.procs: No such file or directory
03-21 23:55:41.870  1557  1921 I ImeTracker: com.android.launcher3:85a333da: onRequestHide at ORIGIN_SERVER reason HIDE_UNSPECIFIED_WINDOW fromUser false
03-21 23:55:41.873  3591  3591 I GoogleInputMethodService: GoogleInputMethodService.onFinishInput():2114 
03-21 23:55:41.874  3591  3591 I Module  : DeviceLockedStatusModuleProvider$Module.updateDeviceLockedStatus():103 repeatCheckTimes = 0, locked = false
03-21 23:55:41.874  3591  3591 I GoogleInputMethodService: GoogleInputMethodService.onStartInput():1385 onStartInput(EditorInfo{EditorInfo{packageName=com.android.launcher3, inputType=0, inputTypeString=NULL, enableLearning=false, autoCorrection=false, autoComplete=false, imeOptions=0, privateImeOptions=null, actionName=UNSPECIFIED, actionLabel=null, initialSelStart=-1, initialSelEnd=-1, initialCapsMode=0, label=null, fieldId=0, fieldName=null, extras=null, hintText=null, hintLocales=[]}}, false)
03-21 23:55:41.874  1557  3459 I ImeTracker: system_server:c457f882: onRequestHide at ORIGIN_SERVER reason IME_REQUESTED_CHANGED_LISTENER fromUser false
03-21 23:55:41.874  3591  3591 I AndroidIME: LatinIMEBase.updateInputViewCoverNavigation():314 Update input view padding, extendsTouchBelowSpace=true, bottom inset=126
03-21 23:55:41.878  3591  3591 I Module  : DeviceLockedStatusModuleProvider$Module.updateDeviceLockedStatus():103 repeatCheckTimes = 1, locked = false
03-21 23:55:41.879  1557  1619 I ImeTracker: system_server:c457f882: onCancelled at PHASE_SERVER_SHOULD_HIDE
03-21 23:55:41.880  2424  2424 I ImeTracker: com.android.launcher3:85a333da: onCancelled at PHASE_CLIENT_ALREADY_HIDDEN
03-21 23:55:41.882  1557  3459 W PackageConfigPersister: App-specific configuration not found for packageName: com.android.launcher3 and userId: 0
03-21 23:55:41.885 27592 27649 W Settings: Setting download_manager_max_bytes_over_mobile has moved from android.provider.Settings.Secure to android.provider.Settings.Global.
03-21 23:55:41.888 27592 27649 I Finsky:background: [68] SettingNotFoundException, fall through to G.downloadBytesOverMobileMaximum
03-21 23:55:41.888 27592 27649 W Settings: Setting download_manager_recommended_max_bytes_over_mobile has moved from android.provider.Settings.Secure to android.provider.Settings.Global.
03-21 23:55:41.891 27592 27649 I Finsky:background: [68] SettingNotFoundException, fall through to G.downloadBytesOverMobileRecommended
03-21 23:55:41.891 27592 27649 I Finsky:background: [68] registerListener
03-21 23:55:41.896 27592 27649 I Finsky:background: [68] DFS: Listener added for rzy@8c2ba19
03-21 23:55:41.896 27592 27649 I Finsky:background: [68] registerListener
03-21 23:55:41.897 27592 27649 I Finsky:background: [68] registerListener
03-21 23:55:41.897 27592 27649 I Finsky:background: [68] DFS: Listener added for amle@6fe2078
03-21 23:55:41.908 26093 26131 I Icing   : IndexChimeraService.getServiceInterface callingPackage=com.google.android.gms componentName=null serviceId=30
03-21 23:55:41.919 27592 27649 I Finsky:background: [68] IV2: IQv2 is disabled. Recovering all active installs: []
03-21 23:55:41.930  1557  2011 W ImageReader_JNI: Unable to acquire a buffer item, very likely client tried to acquire more than maxImages buffers
03-21 23:55:41.958 27592 27646 I Finsky:background: [65] Device is eligible for platform Cronet and will attempt to use it.
03-21 23:55:41.969 27592 27662 I Finsky:background: [80] RECEIVER_ENGAGE_PACKAGE_CHANGED#logWorkEndAndFinishGoAsync: SUCCESS
03-21 23:55:41.980 27592 27592 I Finsky:background: [2] Memory trim requested to level 40
03-21 23:55:41.981 27592 27652 I Finsky:background: [70] IQ: start evaluating install requests.
03-21 23:55:41.981 27592 27652 I Finsky:background: [70] IQ: no jobs active. Skipping
03-21 23:55:41.985 27592 27658 I Finsky:background: [76] IQ: Pruning inactive install requests
03-21 23:55:41.989 26093 26136 I Icing   : updateResources: need to parse cevt{com.google.android.gms}
03-21 23:55:41.994 27592 27652 I Finsky:background: [70] IQ: 0 scheduled install statuses found to proceed. 
03-21 23:55:42.001 27592 27646 I cn_CronetLibraryLoader: Cronet version: 141.0.7340.3, arch: aarch64
03-21 23:55:42.009 27592 27646 I Finsky:background: [65] CronetEngine is present. Using Cronet for the networking stack.
03-21 23:55:42.030  2248  2263 W ndroid.settings: Reducing the number of considered missed Gc histogram windows from 191 to 100
03-21 23:55:42.040 27592 27646 I Finsky:background: [65] Finished reading experiment flags from file [Se-xCc4LzNyh3UrKMIU2sUf-PUKz4oQEbpKZDMuaFno] numFlags=2010.
03-21 23:55:42.046 26093 26140 W ShimCertificateManager: com.google.android.apps.search.googleapp.dev package is not registered for Icing AppSearch Shim !!
03-21 23:55:42.046 26093 26140 W ShimCertificateManager: com.google.android.apps.search.googleapp.search.dev package is not registered for Icing AppSearch Shim !!
03-21 23:55:42.046 26093 26140 W ShimCertificateManager: com.google.android.apps.search.googleapp.search.toast.advancedplatform.dev package is not registered for Icing AppSearch Shim !!
03-21 23:55:42.046 26093 26140 W ShimCertificateManager: com.google.android.contacts package is not registered for Icing AppSearch Shim !!
03-21 23:55:42.046 26093 26140 W ShimCertificateManager: com.google.android.apps.youtube.music package is not registered for Icing AppSearch Shim !!
03-21 23:55:42.046 26093 26140 W ShimCertificateManager: com.google.android.inputmethod.latin package is not registered for Icing AppSearch Shim !!
03-21 23:55:42.046 26093 26140 W ShimCertificateManager: com.google.android.inputmethod.latin.dev package is not registered for Icing AppSearch Shim !!
03-21 23:55:42.046 26093 26140 W ShimCertificateManager: com.google.android.inputmethod.latin.canary package is not registered for Icing AppSearch Shim !!
03-21 23:55:42.046 26093 26140 W ShimCertificateManager: com.google.android.inputmethod.latin package is not registered for Icing AppSearch Shim !!
03-21 23:55:42.046 26093 26140 W ShimCertificateManager: com.google.android.inputmethod.latin.dev package is not registered for Icing AppSearch Shim !!
03-21 23:55:42.046 26093 26140 W ShimCertificateManager: com.google.android.inputmethod.latin.canary package is not registered for Icing AppSearch Shim !!
03-21 23:55:42.046 26093 26140 W ShimCertificateManager: com.google.android.apps.youtube.music package is not registered for Icing AppSearch Shim !!
03-21 23:55:42.046 26093 26140 W ShimCertificateManager: com.google.android.apps.youtube.music package is not registered for Icing AppSearch Shim !!
03-21 23:55:42.046 26093 26140 W ShimCertificateManager: com.google.android.apps.youtube.music package is not registered for Icing AppSearch Shim !!
03-21 23:55:42.046 26093 26140 W ShimCertificateManager: com.google.android.googlequicksearchbox package is not registered for Icing AppSearch Shim !!
03-21 23:55:42.046 26093 26140 W ShimCertificateManager: com.google.android.apps.nexuslauncher package is not registered for Icing AppSearch Shim !!
03-21 23:55:42.046 26093 26140 W ShimCertificateManager: com.google.android.carassistant package is not registered for Icing AppSearch Shim !!
03-21 23:55:42.051 27592 27658 I Finsky:background: [76] Resetting scheduler db
03-21 23:55:42.054 27592 27646 I Finsky:background: [65] Subscription detail: DataSubscriptionInfo{groupIdLevel1=null, serviceProviderName=[AtrjMAvakn0dfX7rkLN6o9o_1OV0MULAWF6NYol-_M0], simCarrierId=569}
03-21 23:55:42.059 27592 27592 I Finsky:background: [2] onSubscriptionsChanged
03-21 23:55:42.063 27592 27652 I Finsky:background: [70] SCH: Scheduling phonesky job Id: 3-1178, CT: 1774125748172, Constraints: [{ L: 0, D: 86400000, C: CHARGING_REQUIRED, I: IDLE_REQUIRED, N: NET_UNMETERED, B: BATTERY_ANY }]
03-21 23:55:42.063 27592 27652 I Finsky:background: [70] SCH: Scheduling phonesky job Id: 3-1179, CT: 1774125748188, Constraints: [{ L: 4651829, D: 15451829, C: CHARGING_NONE, I: IDLE_REQUIRED, N: NET_UNMETERED, B: BATTERY_ANY }]
03-21 23:55:42.063 27592 27652 I Finsky:background: [70] SCH: Scheduling phonesky job Id: 3-1180, CT: 1774125748189, Constraints: [{ L: 0, D: 86400000, C: CHARGING_REQUIRED, I: IDLE_REQUIRED, N: NET_UNMETERED, B: BATTERY_ANY }]
03-21 23:55:42.064 27592 27652 I Finsky:background: [70] SCH: Scheduling phonesky job Id: 3-1181, CT: 1774125748189, Constraints: [{ L: 4651829, D: 15451829, C: CHARGING_NONE, I: IDLE_REQUIRED, N: NET_UNMETERED, B: BATTERY_ANY }]
03-21 23:55:42.064 27592 27652 I Finsky:background: [70] SCH: Scheduling phonesky job Id: 3-1182, CT: 1774125748189, Constraints: [{ L: 0, D: 86400000, C: CHARGING_REQUIRED, I: IDLE_REQUIRED, N: NET_UNMETERED, B: BATTERY_ANY }]
03-21 23:55:42.064 27592 27652 I Finsky:background: [70] SCH: Scheduling phonesky job Id: 47-15, CT: 1774122097460, Constraints: [{ L: 3600000, D: 21546306, C: CHARGING_NONE, I: IDLE_REQUIRED, N: NET_NONE, B: BATTERY_ANY }]
03-21 23:55:42.073 27592 27646 I Finsky:background: [65] SCH: Scheduling 0 system job(s)
03-21 23:55:42.076 27592 27679 I Finsky:background: [91] SCH: Canceling job 3-1178
03-21 23:55:42.076 27592 27679 I Finsky:background: [91] WM::SCH: Logging work end for 3-1178
03-21 23:55:42.078 27592 27644 I Finsky:background: [63] SCH: Scheduling phonesky job Id: 3-1180, CT: 1774125748189, Constraints: [{ L: 0, D: 86400000, C: CHARGING_REQUIRED, I: IDLE_REQUIRED, N: NET_UNMETERED, B: BATTERY_ANY }]
03-21 23:55:42.079 27592 27644 I Finsky:background: [63] SCH: Scheduling phonesky job Id: 3-1182, CT: 1774125748189, Constraints: [{ L: 0, D: 86400000, C: CHARGING_REQUIRED, I: IDLE_REQUIRED, N: NET_UNMETERED, B: BATTERY_ANY }]
03-21 23:55:42.086 27592 27652 I Finsky:background: [70] SCH: Scheduling 1 system job(s)
03-21 23:55:42.086 27592 27652 I Finsky:background: [70] SCH: Scheduling system job Id: 10513, L: 0, D: 85606103, C: true, I: true, N: 2
03-21 23:55:42.092 27592 27679 I Finsky:background: [91] SCH: Canceling job 3-1179
03-21 23:55:42.093 27592 27679 I Finsky:background: [91] WM::SCH: Logging work end for 3-1179
03-21 23:55:42.093 27592 27644 I Finsky:background: [63] SCH: Scheduling phonesky job Id: 3-1181, CT: 1774125748189, Constraints: [{ L: 4651829, D: 15451829, C: CHARGING_NONE, I: IDLE_REQUIRED, N: NET_UNMETERED, B: BATTERY_ANY }]
03-21 23:55:42.099 27592 27648 I Finsky:background: [67] SCH: Scheduling 1 system job(s)
03-21 23:55:42.100 27592 27648 I Finsky:background: [67] SCH: Scheduling system job Id: 10515, L: 3857919, D: 14657919, C: false, I: true, N: 2
03-21 23:55:42.102   623  2758 W libperfmgr: Failed to write to node: /dev/stune/top-app/schedtune.boost with value: 10, fd: -1
03-21 23:55:42.102   623  2758 W libperfmgr: Failed to write to node: /proc/sys/kernel/sched_boost with value: 0, fd: -1
03-21 23:55:42.106 27592 27679 I Finsky:background: [91] SCH: Canceling job 3-1180
03-21 23:55:42.106 27592 27679 I Finsky:background: [91] WM::SCH: Logging work end for 3-1180
03-21 23:55:42.107 26093 26136 I Icing   : Internal init done: storage state 0
03-21 23:55:42.107 27592 27644 I Finsky:background: [63] SCH: Scheduling phonesky job Id: 3-1182, CT: 1774125748189, Constraints: [{ L: 0, D: 86400000, C: CHARGING_REQUIRED, I: IDLE_REQUIRED, N: NET_UNMETERED, B: BATTERY_ANY }]
03-21 23:55:42.108 26093 26136 I Icing   : Post-init done
03-21 23:55:42.110 26093 26136 I Icing   : doRemovePackageData com.rnat
03-21 23:55:42.110 26093 26131 I Icing   : IndexChimeraService.getServiceInterface callingPackage=com.google.android.gms componentName=AppsCorpus serviceId=36
03-21 23:55:42.111 26093 26240 I Icing   : IndexChimeraService.getServiceInterface callingPackage=com.google.android.gms componentName=AppsCorpus serviceId=32
03-21 23:55:42.113 27592 27652 I Finsky:background: [70] SCH: Scheduling 1 system job(s)
03-21 23:55:42.114 27592 27652 I Finsky:background: [70] SCH: Scheduling system job Id: 10516, L: 0, D: 85606075, C: true, I: true, N: 2
03-21 23:55:42.118 27592 27679 I Finsky:background: [91] SCH: Canceling job 3-1181
03-21 23:55:42.119 27592 27679 I Finsky:background: [91] WM::SCH: Logging work end for 3-1181
03-21 23:55:42.120 26093 26239 I Icing   : IndexChimeraService.getServiceInterface callingPackage=com.google.android.gms componentName=null serviceId=36
03-21 23:55:42.121 27592 27644 I Finsky:background: [63] SCH: no pending jobs to schedule.
03-21 23:55:42.123 27592 27679 I Finsky:background: [91] SCH: Canceling job 3-1182
03-21 23:55:42.123 27592 27679 I Finsky:background: [91] WM::SCH: Logging work end for 3-1182
03-21 23:55:42.124 27592 27646 I Finsky:background: [65] SCH: no pending jobs to schedule.
03-21 23:55:42.130 27592 27658 I Finsky:background: [76] IQ: Creating job 1183, for (REQ_CHARGING, REQ_DEVICE_IDLE, REQ_GEARHEAD_PROJECTION_OFF, NETWORK=UNMETERED, PROVISIONING_STATE=PROVISIONED, BACKUP_MANAGER_STATE=BACKUP_READY, AUTHENTICATION_REQUIRED, PROCESS_IMPORTANCE_THRESHOLD=125)
03-21 23:55:42.132 26093 26136 I Icing   : Using regular flags by method 2
03-21 23:55:42.134 27592 27658 I Finsky:background: [76] IQ: Creating job 1184, for (REQ_DEVICE_IDLE, REQ_GEARHEAD_PROJECTION_OFF, MIN_BATTERY=20, SHOULD_APPLY_BUDGET=true, NETWORK=UNMETERED, PROVISIONING_STATE=PROVISIONED, BACKUP_MANAGER_STATE=BACKUP_READY, TIME=[2026-03-21T22:00:00Z-2026-03-22T01:00:00Z], AUTHENTICATION_REQUIRED)
03-21 23:55:42.134 27592 27658 I Finsky:background: [76] IQ: Creating job 1185, for (REQ_CHARGING, REQ_DEVICE_IDLE, REQ_GEARHEAD_PROJECTION_OFF, NETWORK=UNMETERED, PROVISIONING_STATE=PROVISIONED, BACKUP_MANAGER_STATE=BACKUP_READY, AUTHENTICATION_REQUIRED)
03-21 23:55:42.135 27592 27658 I Finsky:background: [76] IQ: Creating job 1186, for (REQ_DEVICE_IDLE, REQ_GEARHEAD_PROJECTION_OFF, MIN_BATTERY=20, SHOULD_APPLY_BUDGET=true, IGNORE_HOLDOFF=true, NETWORK=UNMETERED, PROVISIONING_STATE=PROVISIONED, BACKUP_MANAGER_STATE=BACKUP_READY, TIME=[2026-03-21T22:00:00Z-2026-03-22T01:00:00Z], AUTHENTICATION_REQUIRED)
03-21 23:55:42.135 27592 27658 I Finsky:background: [76] IQ: Creating job 1187, for (REQ_CHARGING, REQ_DEVICE_IDLE, REQ_GEARHEAD_PROJECTION_OFF, IGNORE_HOLDOFF=true, NETWORK=UNMETERED, PROVISIONING_STATE=PROVISIONED, BACKUP_MANAGER_STATE=BACKUP_READY, AUTHENTICATION_REQUIRED)
03-21 23:55:42.135 27592 27658 I Finsky:background: [76] IQ: Bulk scheduling created jobs
03-21 23:55:42.135 27592 27658 I Finsky:background: [76] SCH: Received scheduling request: Id: 3-1183, Constraints: [{ L: 0, D: 86400000, C: CHARGING_REQUIRED, I: IDLE_REQUIRED, N: NET_UNMETERED, B: BATTERY_ANY }]
03-21 23:55:42.139 27592 27658 I Finsky:background: [76] SCH: Received scheduling request: Id: 3-1184, Constraints: [{ L: 3857866, D: 14657866, C: CHARGING_NONE, I: IDLE_REQUIRED, N: NET_UNMETERED, B: BATTERY_ANY }]
03-21 23:55:42.140 27592 27658 I Finsky:background: [76] SCH: Received scheduling request: Id: 3-1185, Constraints: [{ L: 0, D: 86400000, C: CHARGING_REQUIRED, I: IDLE_REQUIRED, N: NET_UNMETERED, B: BATTERY_ANY }]
03-21 23:55:42.140 27592 27658 I Finsky:background: [76] SCH: Received scheduling request: Id: 3-1186, Constraints: [{ L: 3857865, D: 14657865, C: CHARGING_NONE, I: IDLE_REQUIRED, N: NET_UNMETERED, B: BATTERY_ANY }]
03-21 23:55:42.140 27592 27658 I Finsky:background: [76] SCH: Received scheduling request: Id: 3-1187, Constraints: [{ L: 0, D: 86400000, C: CHARGING_REQUIRED, I: IDLE_REQUIRED, N: NET_UNMETERED, B: BATTERY_ANY }]
03-21 23:55:42.142  1557  1632 I ActivityManager: Start proc 27681:android.process.acore/u0a259 for content provider {com.android.providers.contacts/com.android.providers.contacts.ContactsProvider2}
03-21 23:55:42.141 27592 27648 I Finsky:background: [67] SSM: Start staged session task with 0 tracked staged sessions
03-21 23:55:42.145   841 27683 I resolv  : GetAddrInfoHandler::run: {103 262247 103 983143 10293 0}
03-21 23:55:42.146   841 27684 I resolv  : res_nmkquery: (QUERY, IN, A)
03-21 23:55:42.154 26093 26136 I Icing   : Usage reports ok 8, Failed Usage reports 0, indexed 0, rejected 0
03-21 23:55:42.159 26093 26136 I Icing   : Usage reports ok 0, Failed Usage reports 0, indexed 0, rejected 0
03-21 23:55:42.163   841 27684 I resolv  : res_nsend: used send_dg 63 terrno: 0
03-21 23:55:42.163   841 27684 I resolv  : doQuery: rcode=0, ancount=1, return value=63
03-21 23:55:42.163 27681 27681 I Zygote  : Process 27681 created for android.process.acore
03-21 23:55:42.163 26093 26136 I Icing   : Usage reports ok 0, Failed Usage reports 0, indexed 0, rejected 0
03-21 23:55:42.163 27681 27681 I d.process.acore: Using CollectorTypeCMC GC.
03-21 23:55:42.172 26093 26136 I Icing   : Usage reports ok 0, Failed Usage reports 0, indexed 0, rejected 0
03-21 23:55:42.185 26093 26136 I Icing   : Usage reports ok 0, Failed Usage reports 0, indexed 0, rejected 0
03-21 23:55:42.210 27681 27681 I ContactsPerf: VoicemailContentProvider.onCreate start
03-21 23:55:42.215 27681 27681 I ContactsPerf: VoicemailContentProvider.onCreate finish
03-21 23:55:42.218 27681 27697 E ashmem  : Pinning is deprecated since Android Q. Please use trim or other methods.
03-21 23:55:42.222 27681 27699 I PhoneAccountHandleMigrationUtils_CallLogDatabaseHelper: updatePhoneAccountHandleMigrationPendingStatus false
03-21 23:55:42.224 27681 27700 I PhoneAccountHandleMigrationUtils_CallLogDatabaseHelper: updatePhoneAccountHandleMigrationPendingStatus false
03-21 23:55:42.231 27681 27699 I CallLogProvider: syncEntriesFrom: fromUserId=0, srcIsShadow=true, forAllUsers=false; previousTimeStamp=0, newTimeStamp=0, entries=0
03-21 23:55:42.233 27681 27681 I ContactsDatabaseHelper: updateUseStrictPhoneNumberComparison: BY
03-21 23:55:42.235 27681 27699 I CallLogProvider: delete uid/pid=10259/27681, uri=content://call_log_shadow/calls, numChanged=0
03-21 23:55:42.237 27681 27699 I CallLogProvider: Syncing call composer pics -- source user=0, isShadow=true, forAllUser=false
03-21 23:55:42.237 27681 27699 I CallLogProvider: Fetching list of Uris to sync
03-21 23:55:42.238 27681 27699 I CallLogProvider: Will sync following Uris:[]
03-21 23:55:42.238 27681 27699 I CallLogProvider: Syncing call composer pics -- got []
03-21 23:55:42.245 27681 27681 I ContactsDatabaseHelper: updateUseStrictPhoneNumberComparison: BY
03-21 23:55:42.253 27681 27702 I PhoneAccountHandleMigrationUtils_ContactsDatabaseHelper: updatePhoneAccountHandleMigrationPendingStatus false
03-21 23:55:42.257 27681 27702 I ContactLocale: AddressBook Labels [[en_US,ru_BY]]: […, A, B, C, D, E, F, G, H, I, J, K, L, M, N, O, P, Q, R, S, T, U, V, W, X, Y, Z, Α, Β, Γ, Δ, Ε, Ζ, Η, Θ, Ι, Κ, Λ, Μ, Ν, Ξ, Ο, Π, Ρ, Σ, Τ, Υ, Φ, Χ, Ψ, Ω, …, А, Б, В, Г, Д, Ђ, Е, Є, Ж, З, И, І, Й, Ј, К, Л, Љ, М, Н, Њ, О, П, Р, С, Т, Ћ, У, Ф, Х, Ц, Ч, Џ, Ш, Щ, Ы, Э, Ю, Я, …, א, ב, ג, ד, ה, ו, ז, ח, ט, י, כ, ל, מ, נ, ס, ע, פ, צ, ק, ר, ש, ת, …, ا, ب, ت, ث, ج, ح, خ, د, ذ, ر, ز, س, ش, ص, ض, ط, ظ, ع, غ, ف, ق, ك, ل, م, ن, ه, و, ي, …, ก, ข, ฃ, ค, ฅ, ฆ, ง, จ, ฉ, ช, ซ, ฌ, ญ, ฎ, ฏ, ฐ, ฑ, ฒ, ณ, ด, ต, ถ, ท, ธ, น, บ, ป, ผ, ฝ, พ, ฟ, ภ, ม, ย, ร, ฤ, ล, ฦ, ว, ศ, ษ, ส, ห, ฬ, อ, ฮ, …, ㄱ, ㄴ, ㄷ, ㄹ, ㅁ, ㅂ, ㅅ, ㅇ, ㅈ, ㅊ, ㅋ, ㅌ, ㅍ, ㅎ, …, あ, か, さ, た, な, は, ま, や, ら, わ, #, …]
03-21 23:55:42.307  3591  3591 I GoogleInputMethodService: GoogleInputMethodService.onFinishInput():2114 
03-21 23:55:42.308  3591  3591 I Module  : DeviceLockedStatusModuleProvider$Module.updateDeviceLockedStatus():103 repeatCheckTimes = 0, locked = false
03-21 23:55:42.309  3591  3591 I GoogleInputMethodService: GoogleInputMethodService.onStartInput():1385 onStartInput(EditorInfo{EditorInfo{packageName=com.android.launcher3, inputType=0, inputTypeString=NULL, enableLearning=false, autoCorrection=false, autoComplete=false, imeOptions=0, privateImeOptions=null, actionName=UNSPECIFIED, actionLabel=null, initialSelStart=-1, initialSelEnd=-1, initialCapsMode=0, label=null, fieldId=0, fieldName=null, extras=null, hintText=null, hintLocales=[]}}, false)
03-21 23:55:42.309  3591  3591 I AndroidIME: LatinIMEBase.updateInputViewCoverNavigation():314 Update input view padding, extendsTouchBelowSpace=true, bottom inset=126
03-21 23:55:42.310  3591  3591 I Module  : DeviceLockedStatusModuleProvider$Module.updateDeviceLockedStatus():103 repeatCheckTimes = 1, locked = false
03-21 23:55:42.311  1557  7977 W PackageConfigPersister: App-specific configuration not found for packageName: com.android.launcher3 and userId: 0
03-21 23:55:42.339   623  2758 W libperfmgr: Failed to write to node: /dev/stune/top-app/schedtune.boost with value: 50, fd: -1
03-21 23:55:42.339   623  2758 W libperfmgr: Failed to write to node: /proc/sys/kernel/sched_boost with value: 2, fd: -1
03-21 23:55:42.342 27592 27639 I Finsky:background: [59] WM::SCH: Logging work initialize for 3-1183
03-21 23:55:42.342 27592 27639 I Finsky:background: [59] WM::SCH: Logging work initialize for 3-1184
03-21 23:55:42.342 27592 27639 I Finsky:background: [59] WM::SCH: Logging work initialize for 3-1185
03-21 23:55:42.342 27592 27639 I Finsky:background: [59] WM::SCH: Logging work initialize for 3-1186
03-21 23:55:42.342 27592 27639 I Finsky:background: [59] WM::SCH: Logging work initialize for 3-1187
03-21 23:55:42.345 27592 27646 I Finsky:background: [65] SCH: Scheduling phonesky job Id: 3-1183, CT: 1774126542135, Constraints: [{ L: 0, D: 86400000, C: CHARGING_REQUIRED, I: IDLE_REQUIRED, N: NET_UNMETERED, B: BATTERY_ANY }]
03-21 23:55:42.345 27592 27646 I Finsky:background: [65] SCH: Scheduling phonesky job Id: 3-1184, CT: 1774126542140, Constraints: [{ L: 3857866, D: 14657866, C: CHARGING_NONE, I: IDLE_REQUIRED, N: NET_UNMETERED, B: BATTERY_ANY }]
03-21 23:55:42.345 27592 27646 I Finsky:background: [65] SCH: Scheduling phonesky job Id: 3-1185, CT: 1774126542140, Constraints: [{ L: 0, D: 86400000, C: CHARGING_REQUIRED, I: IDLE_REQUIRED, N: NET_UNMETERED, B: BATTERY_ANY }]
03-21 23:55:42.345 27592 27646 I Finsky:background: [65] SCH: Scheduling phonesky job Id: 3-1186, CT: 1774126542140, Constraints: [{ L: 3857865, D: 14657865, C: CHARGING_NONE, I: IDLE_REQUIRED, N: NET_UNMETERED, B: BATTERY_ANY }]
03-21 23:55:42.345 27592 27646 I Finsky:background: [65] SCH: Scheduling phonesky job Id: 3-1187, CT: 1774126542140, Constraints: [{ L: 0, D: 86400000, C: CHARGING_REQUIRED, I: IDLE_REQUIRED, N: NET_UNMETERED, B: BATTERY_ANY }]
03-21 23:55:42.349 27592 27652 I Finsky:background: [70] SCH: Scheduling 1 system job(s)
03-21 23:55:42.350 27592 27652 I Finsky:background: [70] SCH: Scheduling system job Id: 10515, L: 3857656, D: 14657656, C: false, I: true, N: 2
03-21 23:55:42.589   623  2758 W libperfmgr: Failed to write to node: /dev/stune/top-app/schedtune.boost with value: 10, fd: -1
03-21 23:55:42.589   623  2758 W libperfmgr: Failed to write to node: /proc/sys/kernel/sched_boost with value: 0, fd: -1
03-21 23:55:42.624   849  1086 I hwcomposer: [HWCDisplay] [Display_0 (type:1)] fps:82.105721,dur:1010.89,max:70.68,min:6.46  
03-21 23:55:42.866   849  1055 I hwcomposer: [HWC] (0)fire a callback of refresh to SF[4]  
03-21 23:55:42.879   623  2758 W libperfmgr: Failed to write to node: /dev/stune/top-app/schedtune.boost with value: 10, fd: -1
03-21 23:55:42.879   623  2758 W libperfmgr: Failed to write to node: /proc/sys/kernel/sched_boost with value: 0, fd: -1
03-21 23:55:42.947   623  2758 W libperfmgr: Failed to write to node: /dev/stune/top-app/schedtune.boost with value: 10, fd: -1
03-21 23:55:42.948   623  2758 W libperfmgr: Failed to write to node: /proc/sys/kernel/sched_boost with value: 0, fd: -1
03-21 23:55:43.027   623  2758 W libperfmgr: Failed to write to node: /dev/stune/top-app/schedtune.boost with value: 50, fd: -1
03-21 23:55:43.027   623  2758 W libperfmgr: Failed to write to node: /proc/sys/kernel/sched_boost with value: 1, fd: -1
03-21 23:55:43.031  1557  3459 I ActivityTaskManager: START u0 {act=android.intent.action.MAIN cat=[android.intent.category.LAUNCHER] flg=0x10200000 xflg=0x4 cmp=com.rnat/.MainActivity bnds=[64,1707][302,2022]} with LAUNCH_SINGLE_TASK from uid 10326 (com.android.launcher3) (sr=247306243) (BAL_ALLOW_VISIBLE_WINDOW) result code=0
03-21 23:55:43.033  2424  2424 W SplitSelectStateCtor: Missing session instanceIds
03-21 23:55:43.035  1557  1639 W libprocessgroup: SetCgroup::ExecuteForProcess: failed to open /dev/stune/top-app/cgroup.procs: No such file or directory
03-21 23:55:43.045  1557  1632 I ActivityManager: Start proc 27705:com.rnat/u0a399 for next-top-activity {com.rnat/com.rnat.MainActivity}
03-21 23:55:43.045   623  2758 W libperfmgr: Failed to write to node: /dev/stune/top-app/schedtune.boost with value: 50, fd: -1
03-21 23:55:43.045   623  2758 W libperfmgr: Failed to write to node: /proc/sys/kernel/sched_boost with value: 2, fd: -1
03-21 23:55:43.050  2040  2124 E ndroid.systemui: mali-debug: still pending callback,wait...
03-21 23:55:43.063 27705 27705 I Zygote  : Process 27705 created for com.rnat
03-21 23:55:43.063 27705 27705 I com.rnat: Late-enabling -Xcheck:jni
03-21 23:55:43.073   909   985 E surfaceflinger: == MALI DEBUG ===eglp_winsys_populate_image_templates ==12288
03-21 23:55:43.082 27705 27705 I com.rnat: Using CollectorTypeCMC GC.
03-21 23:55:43.086  1216  1257 I adbd    : jdwp connection from 27705
03-21 23:55:43.105  1557  1639 W libprocessgroup: SetCgroup::ExecuteForProcess: failed to open /dev/stune/top-app/cgroup.procs: No such file or directory
03-21 23:55:43.134 26113 26113 I bsws    : onPause
03-21 23:55:43.135   623  2758 W libperfmgr: Failed to write to node: /dev/stune/top-app/schedtune.boost with value: 50, fd: -1
03-21 23:55:43.135   623  2758 W libperfmgr: Failed to write to node: /proc/sys/kernel/sched_boost with value: 2, fd: -1
03-21 23:55:43.181   884   900 I WifiHAL : feature_set=0x8488141a
03-21 23:55:43.182  1557  1939 I HalDevMgr: bestIfaceCreationProposal is null, requestIface=STA, existingIface=[name=wlan0 type=STA]
03-21 23:55:43.226 27705 27705 W SoLoader: Initializing SoLoader: 0
03-21 23:55:43.226 27705 27705 W SoLoader: Recording new base apk path: /data/app/~~vxDmN-GaJGcAOwNajJfyIA==/com.rnat-e4vCWPr-T3jrWvYyyU6CqQ==/base.apk
03-21 23:55:43.226 27705 27705 W SoLoader: Previously recorded 0 base apk paths.
03-21 23:55:43.228 27705 27705 I SoLoader: Preparing SO source: DirectorySoSource[root = /vendor/lib64 flags = 2]
03-21 23:55:43.228 27705 27705 I SoLoader: Preparing SO source: DirectorySoSource[root = /system/lib64 flags = 2]
03-21 23:55:43.228 27705 27705 I SoLoader: Preparing SO source: DirectApkSoSource[root = [/data/app/~~vxDmN-GaJGcAOwNajJfyIA==/com.rnat-e4vCWPr-T3jrWvYyyU6CqQ==/base.apk!/lib/arm64-v8a]]
03-21 23:55:43.338 27705 27705 I SoLoader: Preparing SO source: ApplicationSoSource[DirectorySoSource[root = /data/app/~~vxDmN-GaJGcAOwNajJfyIA==/com.rnat-e4vCWPr-T3jrWvYyyU6CqQ==/lib/arm64 flags = 0]]
03-21 23:55:43.338 27705 27705 I SoLoader: init finish: 4 SO sources prepared
03-21 23:55:43.339 27705 27705 W SoLoader: SoLoader initialized: 8
03-21 23:55:43.347 27705 27719 I DisplayManager: Choreographer implicitly registered for the refresh rate.
03-21 23:55:43.354 27705 27719 E QT      : [QT]file does not exist
03-21 23:55:43.354   623  2758 W libperfmgr: Failed to write to node: /dev/stune/top-app/schedtune.boost with value: 50, fd: -1
03-21 23:55:43.354   623  2758 W libperfmgr: Failed to write to node: /proc/sys/kernel/sched_boost with value: 1, fd: -1
03-21 23:55:43.367 27705 27705 E ashmem  : Pinning is deprecated since Android Q. Please use trim or other methods.
03-21 23:55:43.368   623  2758 W libperfmgr: Failed to write to node: /dev/stune/top-app/schedtune.boost with value: 50, fd: -1
03-21 23:55:43.368   623  2758 W libperfmgr: Failed to write to node: /proc/sys/kernel/sched_boost with value: 1, fd: -1
03-21 23:55:43.454   849  1055 I hwcomposer: [HWC] (0)fire a callback of refresh to SF[4]  
03-21 23:55:43.465   623  2758 W libperfmgr: Failed to write to node: /dev/stune/top-app/schedtune.boost with value: 50, fd: -1
03-21 23:55:43.465   623  2758 W libperfmgr: Failed to write to node: /proc/sys/kernel/sched_boost with value: 1, fd: -1
03-21 23:55:43.535   623  2758 W libperfmgr: Failed to write to node: /dev/stune/top-app/schedtune.boost with value: 50, fd: -1
03-21 23:55:43.535   623  2758 W libperfmgr: Failed to write to node: /proc/sys/kernel/sched_boost with value: 1, fd: -1
03-21 23:55:43.624 27705 27705 W SoLoader: SoLoader already initialized
03-21 23:55:43.699 27705 27705 W SoLoader: SoLoader already initialized
03-21 23:55:43.720   872   872 I Accelerometer: batch: handle:0, flag:0,samplingPeriodNs:66667000 maxBatchReportLatencyNs:0
03-21 23:55:43.721   872   872 I Accelerometer: flush, flushCnt:1
03-21 23:55:43.723   872   934 I Accelerometer: flush complete, flushCnt:0
03-21 23:55:43.746   841 27741 I resolv  : GetAddrInfoHandler::run: {103 103 103 983143 10399 0}
03-21 23:55:43.747   841 27743 I resolv  : res_nmkquery: (QUERY, IN, A)
03-21 23:55:43.750 27705 27705 I com.rnat: hiddenapi: Accessing hidden method Landroid/view/ViewGroup;->makeOptionalFitsSystemWindows()V (runtime_flags=0, domain=platform, api=unsupported) from Landroidx/appcompat/widget/ViewUtils; (domain=app, TargetSdkVersion=35) using reflection: allowed
03-21 23:55:43.751   841 27744 I resolv  : GetAddrInfoHandler::run: {103 103 103 983143 10399 0}
03-21 23:55:43.751   841 27745 I resolv  : res_nmkquery: (QUERY, IN, A)
03-21 23:55:43.752   841 27745 I resolv  : resolv_cache_lookup: Waiting for previous request
03-21 23:55:43.755   841 27743 I resolv  : res_nsend: used send_dg 43 terrno: 0
03-21 23:55:43.755   841 27743 I resolv  : doQuery: rcode=0, ancount=1, return value=43
03-21 23:55:43.759   841 27745 I resolv  : res_nsend: used send_dg 43 terrno: 0
03-21 23:55:43.759   841 27745 I resolv  : doQuery: rcode=0, ancount=1, return value=43
03-21 23:55:43.777 27705 27705 W HWUI    : Unknown dataspace 0
03-21 23:55:43.790   849  1086 I hwcomposer: [HWCDisplay] [Display_0 (type:1)] fps:44.590710,dur:1166.16,max:322.06,min:10.96  
03-21 23:55:43.793 27705 27705 W unknown:ReactNative: Packager connection already open, nooping.
03-21 23:55:43.806   909   976 E SurfaceFlinger: getSupportedContentTypes: getSupportedContentTypes failed for display 4627039422300187648: UNSUPPORTED (8)
03-21 23:55:43.820   909   985 E surfaceflinger: == MALI DEBUG ===eglp_winsys_populate_image_templates ==12288
03-21 23:55:43.823  1557  1616 I ActivityTaskManager: Displayed com.rnat/.MainActivity for user 0: +802ms
03-21 23:55:43.831   909   985 E surfaceflinger: == MALI DEBUG ===eglp_winsys_populate_image_templates ==12288
03-21 23:55:43.835 27705 27705 I HWUI    : Using FreeType backend (prop=Auto)
03-21 23:55:43.841   909   985 E surfaceflinger: == MALI DEBUG ===eglp_winsys_populate_image_templates ==12288
03-21 23:55:43.849   849  1056 W hwcomposer: [DRMDEV] paramIsSame(), id 308, w 1080/1080, h 2400/2400, pitch 1088/1088, format 0x2/0x1, secure 0/0  
03-21 23:55:43.853   909   985 E surfaceflinger: == MALI DEBUG ===eglp_winsys_populate_image_templates ==12288
03-21 23:55:43.871   909   985 E surfaceflinger: == MALI DEBUG ===eglp_winsys_populate_image_templates ==12288
03-21 23:55:43.878  1557  1921 I ImeTracker: com.rnat:8f633fa8: onRequestHide at ORIGIN_SERVER reason HIDE_UNSPECIFIED_WINDOW fromUser false
03-21 23:55:43.878   623  2758 W libperfmgr: Failed to write to node: /dev/stune/top-app/schedtune.boost with value: 10, fd: -1
03-21 23:55:43.878   623  2758 W libperfmgr: Failed to write to node: /proc/sys/kernel/sched_boost with value: 0, fd: -1
03-21 23:55:43.880 27705 27705 I ImeTracker: com.rnat:8f633fa8: onCancelled at PHASE_CLIENT_ALREADY_HIDDEN
03-21 23:55:43.882  3591  3591 I GoogleInputMethodService: GoogleInputMethodService.onFinishInput():2114 
03-21 23:55:43.882  3591  3591 I Module  : DeviceLockedStatusModuleProvider$Module.updateDeviceLockedStatus():103 repeatCheckTimes = 0, locked = false
03-21 23:55:43.883  3591  3591 I GoogleInputMethodService: GoogleInputMethodService.onStartInput():1385 onStartInput(EditorInfo{EditorInfo{packageName=com.rnat, inputType=0, inputTypeString=NULL, enableLearning=false, autoCorrection=false, autoComplete=false, imeOptions=0, privateImeOptions=null, actionName=UNSPECIFIED, actionLabel=null, initialSelStart=-1, initialSelEnd=-1, initialCapsMode=0, label=null, fieldId=0, fieldName=null, extras=null, hintText=null, hintLocales=[]}}, false)
03-21 23:55:43.884  3591  3591 I AndroidIME: LatinIMEBase.updateInputViewCoverNavigation():314 Update input view padding, extendsTouchBelowSpace=true, bottom inset=126
03-21 23:55:43.884   841   880 I netd    : tetherGetStats() -> {[]} <1.33ms>
03-21 23:55:43.885  1557  3459 I ImeTracker: system_server:a9a23b66: onRequestHide at ORIGIN_SERVER reason IME_REQUESTED_CHANGED_LISTENER fromUser false
03-21 23:55:43.885  3591  3591 I Module  : DeviceLockedStatusModuleProvider$Module.updateDeviceLockedStatus():103 repeatCheckTimes = 1, locked = false
03-21 23:55:43.885  1557  1619 I ImeTracker: system_server:a9a23b66: onCancelled at PHASE_SERVER_SHOULD_HIDE
03-21 23:55:43.888  1557  3459 W PackageConfigPersister: App-specific configuration not found for packageName: com.rnat and userId: 0
03-21 23:55:44.019  2424  2424 I droid.launcher3: Explicit concurrent mark compact GC freed 5438KB AllocSpace bytes, 4(208KB) LOS objects, 50% free, 11MB/22MB, paused 1.016ms,2.653ms total 136.016ms
03-21 23:55:44.020  1557  1639 W libprocessgroup: SetCgroup::ExecuteForProcess: failed to open /dev/stune/background/cgroup.procs: No such file or directory
03-21 23:55:44.023 26113 26113 I bsws    : onStop
03-21 23:55:44.023   623  2758 W libperfmgr: Failed to write to node: /dev/stune/top-app/schedtune.boost with value: 50, fd: -1
03-21 23:55:44.023   623  2758 W libperfmgr: Failed to write to node: /proc/sys/kernel/sched_boost with value: 2, fd: -1
03-21 23:55:44.027  2424  2433 W System  : A resource failed to call release. 
03-21 23:55:44.027  2424  2433 W System  : A resource failed to call release. 
03-21 23:55:44.027  2424  2433 W System  : A resource failed to call release. 
03-21 23:55:44.027  2424  2433 W System  : A resource failed to call release. 
03-21 23:55:44.029  2424  2433 W System  : A resource failed to call HardwareBuffer.close. 
03-21 23:55:44.174   623  2758 W libperfmgr: Failed to write to node: /dev/stune/top-app/schedtune.boost with value: 10, fd: -1
03-21 23:55:44.174   623  2758 W libperfmgr: Failed to write to node: /proc/sys/kernel/sched_boost with value: 0, fd: -1
03-21 23:55:44.290  2441  7976 I FontLog : (REDACTED) Received query %s, URI %s
03-21 23:55:44.290  2441  7976 I FontLog : (REDACTED) Query [%s] resolved to %s
03-21 23:55:44.292  2441  7976 I FontLog : (REDACTED) Fetch %s end status %s
03-21 23:55:44.296  2441  7976 I FontLog : (REDACTED) Pulling font file for id = %d, cache size = %d
03-21 23:55:44.309  2441  7976 I FontLog : (REDACTED) Pulling font file for id = %d, cache size = %d
03-21 23:55:44.626 27705 27705 W unknown:ReactNative: Packager connection already open, nooping.
03-21 23:55:44.653 27705 27764 W unknown:ViewManagerPropertyUpdater: Could not find generated setter for class com.facebook.react.views.debuggingoverlay.DebuggingOverlayManager
03-21 23:55:44.656 27705 27764 W unknown:ViewManagerPropertyUpdater: Could not find generated setter for class com.facebook.react.uimanager.LayoutShadowNode
03-21 23:55:44.658 27705 27764 W unknown:ViewManagerPropertyUpdater: Could not find generated setter for class com.facebook.react.views.drawer.ReactDrawerLayoutManager
03-21 23:55:44.660 27705 27764 W unknown:ViewManagerPropertyUpdater: Could not find generated setter for class com.facebook.react.views.scroll.ReactHorizontalScrollViewManager
03-21 23:55:44.662 27705 27764 W unknown:ViewManagerPropertyUpdater: Could not find generated setter for class com.facebook.react.views.scroll.ReactHorizontalScrollContainerViewManager
03-21 23:55:44.665 27705 27764 W unknown:ViewManagerPropertyUpdater: Could not find generated setter for class com.facebook.react.views.progressbar.ReactProgressBarViewManager
03-21 23:55:44.666 27705 27764 W unknown:ViewManagerPropertyUpdater: Could not find generated setter for class com.facebook.react.views.progressbar.ProgressBarShadowNode
03-21 23:55:44.666 27705 27764 W unknown:ViewManagerPropertyUpdater: Could not find generated setter for class com.facebook.react.views.scroll.ReactScrollViewManager
03-21 23:55:44.668 27705 27764 W unknown:ViewManagerPropertyUpdater: Could not find generated setter for class com.facebook.react.views.switchview.ReactSwitchManager
03-21 23:55:44.670 27705 27764 W unknown:ViewManagerPropertyUpdater: Could not find generated setter for class com.facebook.react.views.switchview.ReactSwitchShadowNode
03-21 23:55:44.670 27705 27764 W unknown:ViewManagerPropertyUpdater: Could not find generated setter for class com.facebook.react.views.safeareaview.ReactSafeAreaViewManager
03-21 23:55:44.671 27705 27764 W unknown:ViewManagerPropertyUpdater: Could not find generated setter for class com.facebook.react.views.safeareaview.ReactSafeAreaViewShadowNode
03-21 23:55:44.671 27705 27764 W unknown:ViewManagerPropertyUpdater: Could not find generated setter for class com.facebook.react.views.swiperefresh.SwipeRefreshLayoutManager
03-21 23:55:44.673 27705 27764 W unknown:ViewManagerPropertyUpdater: Could not find generated setter for class com.facebook.react.views.text.frescosupport.FrescoBasedReactTextInlineImageViewManager
03-21 23:55:44.673 27705 27764 W unknown:ViewManagerPropertyUpdater: Could not find generated setter for class com.facebook.react.views.text.frescosupport.FrescoBasedReactTextInlineImageShadowNode
03-21 23:55:44.674   623  2758 W libperfmgr: Failed to write to node: /dev/stune/top-app/schedtune.boost with value: 10, fd: -1
03-21 23:55:44.674 27705 27764 W unknown:ViewManagerPropertyUpdater: Could not find generated setter for class com.facebook.react.views.image.ReactImageManager
03-21 23:55:44.674   623  2758 W libperfmgr: Failed to write to node: /proc/sys/kernel/sched_boost with value: 0, fd: -1
03-21 23:55:44.676 27705 27764 W unknown:ViewManagerPropertyUpdater: Could not find generated setter for class com.facebook.react.views.modal.ReactModalHostManager
03-21 23:55:44.677 27705 27764 W unknown:ViewManagerPropertyUpdater: Could not find generated setter for class com.facebook.react.views.text.ReactRawTextManager
03-21 23:55:44.678 27705 27764 W unknown:ViewManagerPropertyUpdater: Could not find generated setter for class com.facebook.react.views.text.ReactRawTextShadowNode
03-21 23:55:44.679 27705 27764 W unknown:ViewManagerPropertyUpdater: Could not find generated setter for class com.facebook.react.views.textinput.ReactTextInputManager
03-21 23:55:44.681 27705 27764 W unknown:ViewManagerPropertyUpdater: Could not find generated setter for class com.facebook.react.views.textinput.ReactTextInputShadowNode
03-21 23:55:44.683 27705 27764 W unknown:ViewManagerPropertyUpdater: Could not find generated setter for class com.facebook.react.views.text.ReactTextViewManager
03-21 23:55:44.684 27705 27764 W unknown:ViewManagerPropertyUpdater: Could not find generated setter for class com.facebook.react.views.text.ReactTextShadowNode
03-21 23:55:44.685 27705 27764 W unknown:ViewManagerPropertyUpdater: Could not find generated setter for class com.facebook.react.views.view.ReactViewManager
03-21 23:55:44.685 27705 27764 W unknown:ViewManagerPropertyUpdater: Could not find generated setter for class com.facebook.react.views.text.ReactVirtualTextViewManager
03-21 23:55:44.685 27705 27764 W unknown:ViewManagerPropertyUpdater: Could not find generated setter for class com.facebook.react.views.text.ReactVirtualTextShadowNode
03-21 23:55:44.686 27705 27764 W unknown:ViewManagerPropertyUpdater: Could not find generated setter for class com.facebook.react.views.unimplementedview.ReactUnimplementedViewManager
03-21 23:55:44.687 27705 27764 W unknown:ViewManagerPropertyUpdater: Could not find generated setter for class com.reactnativecommunity.slider.ReactSliderManager
03-21 23:55:44.688 27705 27764 W unknown:ViewManagerPropertyUpdater: Could not find generated setter for class com.reactnativecommunity.slider.ReactSliderManager$ReactSliderShadowNode
03-21 23:55:44.688 27705 27764 W unknown:ViewManagerPropertyUpdater: Could not find generated setter for class com.swmansion.gesturehandler.react.RNGestureHandlerRootViewManager
03-21 23:55:44.689 27705 27764 W unknown:ViewManagerPropertyUpdater: Could not find generated setter for class com.swmansion.gesturehandler.react.RNGestureHandlerButtonViewManager
03-21 23:55:44.691 27705 27764 W unknown:ViewManagerPropertyUpdater: Could not find generated setter for class com.BV.LinearGradient.LinearGradientManager
03-21 23:55:44.692 27705 27764 W unknown:ViewManagerPropertyUpdater: Could not find generated setter for class com.th3rdwave.safeareacontext.SafeAreaProviderManager
03-21 23:55:44.692 27705 27764 W unknown:ViewManagerPropertyUpdater: Could not find generated setter for class com.th3rdwave.safeareacontext.SafeAreaViewManager
03-21 23:55:44.693 27705 27764 W unknown:ViewManagerPropertyUpdater: Could not find generated setter for class com.th3rdwave.safeareacontext.SafeAreaViewShadowNode
03-21 23:55:44.694 27705 27764 W unknown:ViewManagerPropertyUpdater: Could not find generated setter for class com.swmansion.rnscreens.ScreenContainerViewManager
03-21 23:55:44.695 27705 27764 W unknown:ViewManagerPropertyUpdater: Could not find generated setter for class com.swmansion.rnscreens.ScreenViewManager
03-21 23:55:44.697 27705 27764 W unknown:ViewManagerPropertyUpdater: Could not find generated setter for class com.swmansion.rnscreens.ModalScreenViewManager
03-21 23:55:44.697 27705 27764 W unknown:ViewManagerPropertyUpdater: Could not find generated setter for class com.swmansion.rnscreens.ScreenStackViewManager
03-21 23:55:44.698 27705 27764 W unknown:ViewManagerPropertyUpdater: Could not find generated setter for class com.swmansion.rnscreens.ScreenStackHeaderConfigViewManager
03-21 23:55:44.700 27705 27764 W unknown:ViewManagerPropertyUpdater: Could not find generated setter for class com.swmansion.rnscreens.ScreenStackHeaderSubviewManager
03-21 23:55:44.701 27705 27764 W unknown:ViewManagerPropertyUpdater: Could not find generated setter for class com.swmansion.rnscreens.SearchBarManager
03-21 23:55:44.702 27705 27764 W unknown:ViewManagerPropertyUpdater: Could not find generated setter for class com.swmansion.rnscreens.ScreenFooterManager
03-21 23:55:44.702 27705 27764 W unknown:ViewManagerPropertyUpdater: Could not find generated setter for class com.swmansion.rnscreens.ScreenContentWrapperManager
03-21 23:55:44.703 27705 27764 W unknown:ViewManagerPropertyUpdater: Could not find generated setter for class com.swmansion.rnscreens.gamma.tabs.TabsHostViewManager
03-21 23:55:44.705 27705 27764 W unknown:ViewManagerPropertyUpdater: Could not find generated setter for class com.swmansion.rnscreens.gamma.tabs.TabsScreenViewManager
03-21 23:55:44.706 27705 27764 W unknown:ViewManagerPropertyUpdater: Could not find generated setter for class com.swmansion.rnscreens.safearea.SafeAreaViewManager
03-21 23:55:44.707 27705 27764 W unknown:ViewManagerPropertyUpdater: Could not find generated setter for class com.swmansion.rnscreens.safearea.paper.SafeAreaViewShadowNode
03-21 23:55:44.708 27705 27764 W unknown:ViewManagerPropertyUpdater: Could not find generated setter for class com.swmansion.rnscreens.gamma.stack.host.StackHostViewManager
03-21 23:55:44.709 27705 27764 W unknown:ViewManagerPropertyUpdater: Could not find generated setter for class com.swmansion.rnscreens.gamma.stack.screen.StackScreenViewManager
03-21 23:55:44.710 27705 27764 W unknown:ViewManagerPropertyUpdater: Could not find generated setter for class com.horcrux.svg.RenderableViewManager$DefsViewManager
03-21 23:55:44.711 27705 27764 W unknown:ViewManagerPropertyUpdater: Could not find generated setter for class com.horcrux.svg.VirtualViewManager$RenderableShadowNode
03-21 23:55:44.712 27705 27764 W unknown:ViewManagerPropertyUpdater: Could not find generated setter for class com.horcrux.svg.RenderableViewManager$FeMergeManager
03-21 23:55:44.713 27705 27764 W unknown:ViewManagerPropertyUpdater: Could not find generated setter for class com.horcrux.svg.RenderableViewManager$LinearGradientManager
03-21 23:55:44.715 27705 27764 W unknown:ViewManagerPropertyUpdater: Could not find generated setter for class com.horcrux.svg.RenderableViewManager$FeGaussianBlurManager
03-21 23:55:44.716 27705 27764 W unknown:ViewManagerPropertyUpdater: Could not find generated setter for class com.horcrux.svg.RenderableViewManager$FeColorMatrixManager
03-21 23:55:44.717 27705 27764 W unknown:ViewManagerPropertyUpdater: Could not find generated setter for class com.horcrux.svg.RenderableViewManager$ClipPathViewManager
03-21 23:55:44.719 27705 27764 W unknown:ViewManagerPropertyUpdater: Could not find generated setter for class com.horcrux.svg.RenderableViewManager$SymbolManager
03-21 23:55:44.721 27705 27764 W unknown:ViewManagerPropertyUpdater: Could not find generated setter for class com.horcrux.svg.RenderableViewManager$PatternManager
03-21 23:55:44.723 27705 27764 W unknown:ViewManagerPropertyUpdater: Could not find generated setter for class com.horcrux.svg.RenderableViewManager$FeBlendManager
03-21 23:55:44.724 27705 27764 W unknown:ViewManagerPropertyUpdater: Could not find generated setter for class com.horcrux.svg.SvgViewManager
03-21 23:55:44.725 27705 27764 W unknown:ViewManagerPropertyUpdater: Could not find generated setter for class com.horcrux.svg.RenderableViewManager$UseViewManager
03-21 23:55:44.727 27705 27764 W unknown:ViewManagerPropertyUpdater: Could not find generated setter for class com.horcrux.svg.RenderableViewManager$CircleViewManager
03-21 23:55:44.729 27705 27764 W unknown:ViewManagerPropertyUpdater: Could not find generated setter for class com.horcrux.svg.RenderableViewManager$TSpanViewManager
03-21 23:55:44.731 27705 27764 W unknown:ViewManagerPropertyUpdater: Could not find generated setter for class com.horcrux.svg.RenderableViewManager$FilterManager
03-21 23:55:44.732 27705 27764 W unknown:ViewManagerPropertyUpdater: Could not find generated setter for class com.horcrux.svg.RenderableViewManager$MarkerManager
03-21 23:55:44.734 27705 27764 W unknown:ViewManagerPropertyUpdater: Could not find generated setter for class com.horcrux.svg.RenderableViewManager$ForeignObjectManager
03-21 23:55:44.736 27705 27764 W unknown:ViewManagerPropertyUpdater: Could not find generated setter for class com.horcrux.svg.RenderableViewManager$EllipseViewManager
03-21 23:55:44.737 27705 27764 W unknown:ViewManagerPropertyUpdater: Could not find generated setter for class com.horcrux.svg.RenderableViewManager$LineViewManager
03-21 23:55:44.739 27705 27764 W unknown:ViewManagerPropertyUpdater: Could not find generated setter for class com.horcrux.svg.RenderableViewManager$FeFloodManager
03-21 23:55:44.740 27705 27764 W unknown:ViewManagerPropertyUpdater: Could not find generated setter for class com.horcrux.svg.RenderableViewManager$GroupViewManager
03-21 23:55:44.741 27705 27764 W unknown:ViewManagerPropertyUpdater: Could not find generated setter for class com.horcrux.svg.RenderableViewManager$TextViewManager
03-21 23:55:44.742 27705 27764 W unknown:ViewManagerPropertyUpdater: Could not find generated setter for class com.horcrux.svg.RenderableViewManager$ImageViewManager
03-21 23:55:44.744 27705 27764 W unknown:ViewManagerPropertyUpdater: Could not find generated setter for class com.horcrux.svg.RenderableViewManager$FeCompositeManager
03-21 23:55:44.746 27705 27764 W unknown:ViewManagerPropertyUpdater: Could not find generated setter for class com.horcrux.svg.RenderableViewManager$RadialGradientManager
03-21 23:55:44.747 27705 27764 W unknown:ViewManagerPropertyUpdater: Could not find generated setter for class com.horcrux.svg.RenderableViewManager$MaskManager
03-21 23:55:44.749 27705 27764 W unknown:ViewManagerPropertyUpdater: Could not find generated setter for class com.horcrux.svg.RenderableViewManager$RectViewManager
03-21 23:55:44.751 27705 27764 W unknown:ViewManagerPropertyUpdater: Could not find generated setter for class com.horcrux.svg.RenderableViewManager$TextPathViewManager
03-21 23:55:44.753 27705 27764 W unknown:ViewManagerPropertyUpdater: Could not find generated setter for class com.horcrux.svg.RenderableViewManager$FeOffsetManager
03-21 23:55:44.754 27705 27764 W unknown:ViewManagerPropertyUpdater: Could not find generated setter for class com.horcrux.svg.RenderableViewManager$PathViewManager
03-21 23:55:44.756 27705 27764 W unknown:ViewManagerPropertyUpdater: Could not find generated setter for class com.brentvatne.exoplayer.ReactExoplayerViewManager
03-21 23:55:44.759 27705 27764 I com.rnat: hiddenapi: Accessing hidden field Ljava/lang/reflect/Field;->accessFlags:I (runtime_flags=0, domain=core-platform, api=unsupported) from Lcom/swmansion/reanimated/layoutReanimation/ReanimatedNativeHierarchyManager; (domain=app, TargetSdkVersion=35) using reflection: allowed
03-21 23:55:44.963   841   880 I netd    : tetherGetStats() -> {[]} <2.07ms>
03-21 23:55:44.971   841   880 I netd    : bandwidthSetGlobalAlert(2097152) <0.73ms>
03-21 23:55:44.977   841   880 I netd    : bandwidthRemoveInterfaceQuota(ccmni1) <2.19ms>
03-21 23:55:44.980   841   880 I netd    : bandwidthSetInterfaceQuota(ccmni1, 9223372036854775807) <2.19ms>
03-21 23:55:45.027   868 19875 W C2BqBuffer: last successful dequeue was 798257659 us ago, 0 consecutive failures
03-21 23:55:45.143 27705 27764 I WebViewFactory: Loading com.google.android.webview version 145.0.7632.162 (code 763216203)
03-21 23:55:45.174   623  2758 W libperfmgr: Failed to write to node: /dev/stune/top-app/schedtune.boost with value: 10, fd: -1
03-21 23:55:45.175   623  2758 W libperfmgr: Failed to write to node: /proc/sys/kernel/sched_boost with value: 0, fd: -1
03-21 23:55:45.175 27705 27764 I cr_WVCFactoryProvider: version=145.0.7632.162 (763216203) minSdkVersion=29 multiprocess=true packageId=2 splits=<none>
03-21 23:55:45.188 27705 27770 I chromium: [0321/235545.185938:INFO:android_webview/browser/variations/variations_seed_loader.cc:67] Failed to open file for reading.: No such file or directory (2)
03-21 23:55:45.188 27705 27770 I chromium: [0321/235545.188322:INFO:android_webview/browser/variations/variations_seed_loader.cc:67] Failed to open file for reading.: No such file or directory (2)
03-21 23:55:45.192 27705 27764 I cr_LibraryLoader: Successfully loaded native library
03-21 23:55:45.193 27705 27764 I cr_CachingUmaRecorder: Flushed 18 samples from 18 histograms, 0 samples were dropped.
03-21 23:55:45.214   849  1055 I hwcomposer: [HWC] (0)fire a callback of refresh to SF[4]  
03-21 23:55:45.224   623  2758 W libperfmgr: Failed to write to node: /dev/stune/top-app/schedtune.boost with value: 10, fd: -1
03-21 23:55:45.225   623  2758 W libperfmgr: Failed to write to node: /proc/sys/kernel/sched_boost with value: 0, fd: -1
03-21 23:55:45.225   849  1086 I hwcomposer: [HWCDisplay] [Display_0 (type:1)] fps:23.706373,dur:1434.21,max:612.25,min:11.05  
03-21 23:55:45.295   623  2758 W libperfmgr: Failed to write to node: /dev/stune/top-app/schedtune.boost with value: 10, fd: -1
03-21 23:55:45.296   623  2758 W libperfmgr: Failed to write to node: /proc/sys/kernel/sched_boost with value: 0, fd: -1
03-21 23:55:45.431 27459 27459 I Finsky  : [2] Memory trim requested to level 40
03-21 23:55:45.432 27459 27459 I Finsky  : [2] Flushing in-memory image cache
03-21 23:55:45.432 27459 27459 I Finsky  : [2] Device is eligible for platform Cronet and will attempt to use it.
03-21 23:55:45.448 27459 27459 I cn_CronetLibraryLoader: Cronet version: 141.0.7340.3, arch: aarch64
03-21 23:55:45.452 27459 27459 I Finsky  : [2] CronetEngine is present. Using Cronet for the networking stack.
03-21 23:55:45.796   623  2758 W libperfmgr: Failed to write to node: /dev/stune/top-app/schedtune.boost with value: 10, fd: -1
03-21 23:55:45.796   623  2758 W libperfmgr: Failed to write to node: /proc/sys/kernel/sched_boost with value: 0, fd: -1
03-21 23:55:45.907 27789 27789 W libbinder.BackendUnifiedServiceManager: Thread Pool max thread count is 0. Cannot cache binder as linkToDeath cannot be implemented. serviceName: deviceidle
03-21 23:55:45.935 27791 27791 W libbinder.BackendUnifiedServiceManager: Thread Pool max thread count is 0. Cannot cache binder as linkToDeath cannot be implemented. serviceName: battery
03-21 23:55:45.964 27793 27793 W libbinder.BackendUnifiedServiceManager: Thread Pool max thread count is 0. Cannot cache binder as linkToDeath cannot be implemented. serviceName: deviceidle
03-21 23:55:45.994 27796 27796 W libbinder.BackendUnifiedServiceManager: Thread Pool max thread count is 0. Cannot cache binder as linkToDeath cannot be implemented. serviceName: activity
03-21 23:55:46.056 27805 27805 W libbinder.BackendUnifiedServiceManager: Thread Pool max thread count is 0. Cannot cache binder as linkToDeath cannot be implemented. serviceName: battery
03-21 23:55:46.193   884   900 I WifiHAL : feature_set=0x8488141a
03-21 23:55:46.194  1557  1939 I HalDevMgr: bestIfaceCreationProposal is null, requestIface=STA, existingIface=[name=wlan0 type=STA]
03-21 23:55:46.285 27705 27763 I ReactNativeJS: Running "rnat" with {"rootTag":11}
03-21 23:55:46.291   841 27815 I resolv  : GetAddrInfoHandler::run: {103 103 103 983143 10399 0}
03-21 23:55:46.292   841 27816 I resolv  : res_nmkquery: (QUERY, IN, A)
03-21 23:55:46.296   623  2758 W libperfmgr: Failed to write to node: /dev/stune/top-app/schedtune.boost with value: 10, fd: -1
03-21 23:55:46.297   623  2758 W libperfmgr: Failed to write to node: /proc/sys/kernel/sched_boost with value: 0, fd: -1
03-21 23:55:46.300   841 27816 I resolv  : res_nsend: used send_dg 43 terrno: 0
03-21 23:55:46.300   841 27816 I resolv  : doQuery: rcode=0, ancount=1, return value=43
03-21 23:55:46.346  2441 26229 W GetConfigSnapshotOp: Succeeded but not registered: com.google.android.libraries.performance.primes#com.android.vending [CONTEXT service_id=51 ]
03-21 23:55:46.797   623  2758 W libperfmgr: Failed to write to node: /dev/stune/top-app/schedtune.boost with value: 10, fd: -1
03-21 23:55:46.797   623  2758 W libperfmgr: Failed to write to node: /proc/sys/kernel/sched_boost with value: 0, fd: -1
03-21 23:55:46.950 27705 27764 W unknown:ViewManagerPropertyUpdater: Could not find generated setter for class com.swmansion.rnscreens.ScreenStackHeaderConfigShadowNode
03-21 23:55:46.967 27705 27764 W unknown:ReactNative: Attempt to set local data for view with unknown tag: -1
03-21 23:55:46.970 27705 27764 W unknown:ViewManagerPropertyUpdater: Could not find generated setter for class com.swmansion.rnscreens.ScreensShadowNode
03-21 23:55:46.971 27705 27764 W unknown:ReactNative: Attempt to set local data for view with unknown tag: -1
03-21 23:55:46.974 27705 27764 W unknown:ReactNative: Attempt to set local data for view with unknown tag: -1
03-21 23:55:47.003 27705 27764 W unknown:ReactNative: Attempt to set local data for view with unknown tag: -1
03-21 23:55:47.005 27705 27764 W unknown:ReactNative: Attempt to set local data for view with unknown tag: -1
03-21 23:55:47.006 27705 27764 W unknown:ReactNative: Attempt to set local data for view with unknown tag: -1
03-21 23:55:47.038 27705 27705 W [RNScreens]: topInsetEnabled prop is not available on Android
03-21 23:55:47.199   909   985 E surfaceflinger: == MALI DEBUG ===eglp_winsys_populate_image_templates ==12288
03-21 23:55:47.201   849  1086 I hwcomposer: [HWCDisplay] [Display_0 (type:1)] fps:0.505898,dur:1976.68,max:1976.68,min:1976.68  
03-21 23:55:47.249 27705 27705 I ReactNative: [GESTURE HANDLER] Initialize gesture handler for root view com.facebook.react.ReactRootView{129ac25 V.E...... ......ID 0,0-1080,2400 #b}
03-21 23:55:47.286   849  1055 I hwcomposer: [HWC] (0)fire a callback of refresh to SF[4]  
03-21 23:55:47.297   623  2758 W libperfmgr: Failed to write to node: /dev/stune/top-app/schedtune.boost with value: 10, fd: -1
03-21 23:55:47.297   623  2758 W libperfmgr: Failed to write to node: /proc/sys/kernel/sched_boost with value: 0, fd: -1
03-21 23:55:47.367   623  2758 W libperfmgr: Failed to write to node: /dev/stune/top-app/schedtune.boost with value: 10, fd: -1
03-21 23:55:47.367   623  2758 W libperfmgr: Failed to write to node: /proc/sys/kernel/sched_boost with value: 0, fd: -1
03-21 23:55:47.467   909   985 E surfaceflinger: == MALI DEBUG ===eglp_winsys_populate_image_templates ==12288
03-21 23:55:47.469   909   985 E surfaceflinger: == MALI DEBUG ===eglp_winsys_populate_image_templates ==12288
03-21 23:55:47.574   849  1055 I hwcomposer: [HWC] (0)fire a callback of refresh to SF[4]  
03-21 23:55:47.588   623  2758 W libperfmgr: Failed to write to node: /dev/stune/top-app/schedtune.boost with value: 10, fd: -1
03-21 23:55:47.588   623  2758 W libperfmgr: Failed to write to node: /proc/sys/kernel/sched_boost with value: 0, fd: -1
03-21 23:55:47.655   623  2758 W libperfmgr: Failed to write to node: /dev/stune/top-app/schedtune.boost with value: 10, fd: -1
03-21 23:55:47.656   623  2758 W libperfmgr: Failed to write to node: /proc/sys/kernel/sched_boost with value: 0, fd: -1
03-21 23:55:48.156   623  2758 W libperfmgr: Failed to write to node: /dev/stune/top-app/schedtune.boost with value: 10, fd: -1
03-21 23:55:48.156   623  2758 W libperfmgr: Failed to write to node: /proc/sys/kernel/sched_boost with value: 0, fd: -1
03-21 23:55:48.287  1557  1639 W libprocessgroup: SetCgroup::ExecuteForProcess: failed to open /dev/stune/background/cgroup.procs: No such file or directory
03-21 23:55:48.290   841   880 I netd    : tetherGetStats() -> {[]} <0.86ms>
03-21 23:55:48.293  1557  3459 I AppsFilter: interaction: PackageSetting{a33d3d3 com.rnat/10399} -> PackageSetting{563cac6 com.google.android.inputmethod.latin/10312} BLOCKED
03-21 23:55:48.293  1557  3459 W FillRequestEventLogger: Couldn't find packageName: com.google.android.inputmethod.latin
03-21 23:55:48.295 27705 27705 I ImeTracker: com.rnat:935e35d8: onRequestShow at ORIGIN_CLIENT reason SHOW_SOFT_INPUT fromUser false
03-21 23:55:48.306  3591  3591 I GoogleInputMethodService: GoogleInputMethodService.onFinishInput():2114 
03-21 23:55:48.307  3591  3591 I Module  : DeviceLockedStatusModuleProvider$Module.updateDeviceLockedStatus():103 repeatCheckTimes = 0, locked = false
03-21 23:55:48.307  3591  3591 W TooltipLifecycleManager: TooltipLifecycleManager.dismissTooltips():153 Tooltip with id SUGGESTION_VIEW_EDU_MINI_DIALOG not found in tooltipManager.
03-21 23:55:48.310  3591  3591 I GoogleInputMethodService: GoogleInputMethodService.onStartInput():1385 onStartInput(EditorInfo{EditorInfo{packageName=com.rnat, inputType=21, inputTypeString=EmailAddress[], enableLearning=true, autoCorrection=false, autoComplete=true, imeOptions=8000006, privateImeOptions=null, actionName=DONE, actionLabel=null, initialSelStart=0, initialSelEnd=0, initialCapsMode=0, label=null, fieldId=45, fieldName=null, extras=Bundle[mParcelledData.dataSize=404], hintText=non-empty, hintLocales=[]}}, false)
03-21 23:55:48.310  3591  3591 I AndroidIME: LatinIMEBase.updateInputViewCoverNavigation():314 Update input view padding, extendsTouchBelowSpace=true, bottom inset=126
03-21 23:55:48.311  3591  3591 I Module  : DeviceLockedStatusModuleProvider$Module.updateDeviceLockedStatus():103 repeatCheckTimes = 1, locked = false
03-21 23:55:48.312  3591  3591 I StylusModule: StylusModule.onUpdateToolType():774 Update tool type = 1
03-21 23:55:48.312  1557  7977 W PackageConfigPersister: App-specific configuration not found for packageName: com.rnat and userId: 0
03-21 23:55:48.312 27705 27705 I AssistStructure: Flattened final assist data: 2404 bytes, containing 1 windows, 16 views
03-21 23:55:48.314  3591  3591 I GoogleInputMethodService: GoogleInputMethodService.onStartInputView():1473 onStartInputView(EditorInfo{EditorInfo{packageName=com.rnat, inputType=21, inputTypeString=EmailAddress[], enableLearning=true, autoCorrection=false, autoComplete=true, imeOptions=8000006, privateImeOptions=null, actionName=DONE, actionLabel=null, initialSelStart=0, initialSelEnd=0, initialCapsMode=0, label=null, fieldId=45, fieldName=null, extras=Bundle[{android.support.text.emoji.emojiCompat_metadataVersion=11, androidx.core.view.inputmethod.EditorInfoCompat.STYLUS_HANDWRITING_ENABLED=true, android.support.text.emoji.emojiCompat_replaceAll=false}], hintText=non-empty, hintLocales=[]}}, false)
03-21 23:55:48.314  3591  3591 I KeyboardHeightUtil: KeyboardHeightUtil.getOemKeyboardHeightRatio():81 systemKeyboardHeightRatio:1.000000.
03-21 23:55:48.314  3591  3591 I AndroidIME: InputBundleManager.loadActiveInputBundleId():531 loadActiveInputBundleId: en-US, ime_english_united_states
03-21 23:55:48.315  3591  3591 I AndroidIME: AbstractIme.onActivate():95 LatinIme.onActivate() : EditorInfo = EditorInfo{packageName=com.rnat, inputType=21, inputTypeString=EmailAddress[], enableLearning=true, autoCorrection=false, autoComplete=true, imeOptions=8000006, privateImeOptions=null, actionName=DONE, actionLabel=null, initialSelStart=0, initialSelEnd=0, initialCapsMode=0, label=null, fieldId=45, fieldName=null, extras=Bundle[{android.support.text.emoji.emojiCompat_metadataVersion=11, androidx.core.view.inputmethod.EditorInfoCompat.STYLUS_HANDWRITING_ENABLED=true, android.support.text.emoji.emojiCompat_replaceAll=false}], hintText=non-empty, hintLocales=[]}, IncognitoMode = false, DeviceLocked = false
03-21 23:55:48.315  3591  3591 I InputBundle: InputBundle.consumeEvent():1041 Skip consuming an event as keyboard status is INACTIVE
03-21 23:55:48.315  3591  3591 I Delight5Facilitator: Delight5Facilitator.initializeForIme():745 initializeForIme() : Locale = [en_US], layout = qwerty
03-21 23:55:48.315  3591  3591 I LatinIme: LatinIme.updateEnableInlineSuggestionsOnDecoderSideFlags():1271 inline flag updated to:false
03-21 23:55:48.316  3591  3591 I LatinIme: LatinIme.updateEnableInlineSuggestionsOnDecoderSideFlags():1271 inline flag updated to:false
03-21 23:55:48.316  3591  3840 W ModuleManager: ModuleManager.loadModule():634 Module prd is not available
03-21 23:55:48.317  3591  3591 I InputBundle: InputBundle.consumeEvent():1041 Skip consuming an event as keyboard status is INACTIVE
03-21 23:55:48.317  3591  3591 I LatinIme: LatinIme.resetInputContext():2278 resetInputContext(): reason=1, externalEditsInfo=ExternalEditsInfo{action=0, offset=-1, text=null, originalText=null, edits=null}
03-21 23:55:48.317  3591  3591 I InputBundle: InputBundle.consumeEvent():1041 Skip consuming an event as keyboard status is INACTIVE
03-21 23:55:48.319  3591  3591 I KeyboardWrapper: KeyboardWrapper.activateKeyboard():582 activateKeyboard(): type=prime, status=INACTIVE, imeDef=nwb{stringId=ime_english_united_states, language=en-US, languageTag=en-US, processedConditions={writing_helper_enable_by_word_revert=false, true=true, enable_number_row=false, device=phone, enable_pk_simulator=false}, className=com.google.android.apps.inputmethod.libs.latin5.LatinIme, label=0, keyEventInterpreter=null, inlineComposing=true, autoCapital=true, announceAutoSelectedCandidate=true, statusIcon=0, indicatorIcon=0, indicatorLabel=US, displayAppCompletions=true, extraValues=nvu{#0x7f0b02e3=TypedValue{t=0x3/d=0x0 "com.google.android.apps.inputmethod.libs.latin5.LatinIme"}}, processors=nxu@33d1bb6, unacceptableMetaKeys=4098, languageSpecificSettings=0, asciiCapable=true, alwaysShowSuggestions=false, useAsciiPasswordKeyboard=false, keyboardGroupDef=nxd@98a47f0, phenotypeFlagId=0, localizationLanguageTag=null, supportsInlineSuggestion=true}
03-21 23:55:48.319  3591  3591 I KeyboardManager: KeyboardManager.requestKeyboard():249 Creating keyboard prime, imeId=ime_english_united_states, cacheKey=theme,!gsf,!pgsans,!pgsf,!use_system_font,BORDER,FLAVOR_DPI=XXHDPI,KEYBOARD_WIDTH_CATEGORY=NORMAL,KEY_BORDER_SHAPE=1,LIGHT_THEME=false,PHYSICAL_DIAGONAL=6.0649586,POPUP,SCREEN_SHORTEST_WIDTH=411,SCREEN_SHORTEST_WIDTH_NO_SCALE=411,SW400DP,XXHDPI,bottom4dp,enable_popup_on_keypress=true,keyboard_redesign_google_sans=true,non_linear_scale,noshadow,overlay_builtin_dynamic_color_dark_base.binarypb:gm3-dark-ff0d0e12-ffb8c6ee-4dd27a30afe06facd02255cbda95da6f,silkpopup
03-21 23:55:48.320  3591  3591 I KeyboardWrapper: KeyboardWrapper.onKeyboardReady():224 onKeyboardReady(): type=prime(prime), kb=com.google.android.apps.inputmethod.latin.keyboard.LatinPrimeKeyboard@1e3f31c
03-21 23:55:48.320  3591  3591 I KeyboardWrapper: KeyboardWrapper.doActivateKeyboard():612 doActivateKeyboard(): prime
03-21 23:55:48.326  3591  3591 I BaseKeyboardSizeHelper: BaseKeyboardSizeHelper.calculateMaxKeyboardBodyHeight():73 leave 281 height for app when ime window height:2181, header height:116 and isFullscreenMode:false, so the max keyboard body height is:1784
03-21 23:55:48.326  3591  3591 W TooltipLifecycleManager: TooltipLifecycleManager.dismissTooltips():153 Tooltip with id undo_access_point_promotion_banner not found in tooltipManager.
03-21 23:55:48.328  3591  3591 I KeyboardModeUtils: KeyboardModeUtils.getKeyboardBottomOffset():435 inch: 0.000000 ydpi: 409.127014 adjustKeyboardBottomByDisplaySize: false currentDensityDpi: 420 defaultDensityDpi: 420 keyboardBottomToScreenPx: 0 keyboardBottomToNavBarPx: -126 navBarHeight: 126
03-21 23:55:48.328  3591  3591 I BaseKeyboardSizeHelper: BaseKeyboardSizeHelper.calculateMaxKeyboardBodyHeight():73 leave 281 height for app when ime window height:2181, header height:116 and isFullscreenMode:false, so the max keyboard body height is:1784
03-21 23:55:48.328  3591  3591 I BaseKeyboardSizeHelper: BaseKeyboardSizeHelper.calculateMaxKeyboardBodyHeight():73 leave 281 height for app when ime window height:2181, header height:116 and isFullscreenMode:false, so the max keyboard body height is:1784
03-21 23:55:48.328  3591  3591 I BaseKeyboardSizeHelper: BaseKeyboardSizeHelper.calculateMaxKeyboardBodyHeight():73 leave 281 height for app when ime window height:2181, header height:116 and isFullscreenMode:false, so the max keyboard body height is:1784
03-21 23:55:48.328  3591  3591 I BaseKeyboardSizeHelper: BaseKeyboardSizeHelper.calculateMaxKeyboardBodyHeight():73 leave 281 height for app when ime window height:2181, header height:116 and isFullscreenMode:false, so the max keyboard body height is:1784
03-21 23:55:48.329  3591  3591 I GlobeKeyExtension: GlobeKeyExtension.getKeyboardInitialStates():185 
03-21 23:55:48.330  3591  3591 W Keyboard: Keyboard.getKeyboardViewHelper():604 null helper is returned: keyboardDef=nww{processedConditions={show_comma_key=true, enable_more_candidates_view_for_multilingual=false, layout_9key_split=false, enable_secondary_symbols=false, pref_enable_flick_symbols=false, enable_scrub_move=true, language=en-US, deprecate_long_press_space_for_ime_picker=false, expressions=normal, android_software_xr_api_spatial=false, variant=qwerty, free_cursor=false, show_period_key=true, device=phone, keyboard_mode=normal, show_secondary_digits=true, enable_pk_simulator=false, enable_preemptive_decode=true}, globalConditions={global_theme_key=theme,!gsf,!pgsans,!pgsf,!use_system_font,BORDER,FLAVOR_DPI=XXHDPI,KEYBOARD_WIDTH_CATEGORY=NORMAL,KEY_BORDER_SHAPE=1,LIGHT_THEME=false,PHYSICAL_DIAGONAL=6.0649586,POPUP,SCREEN_SHORTEST_WIDTH=411,SCREEN_SHORTEST_WIDTH_NO_SCALE=411,SW400DP,XXHDPI,bottom4dp,enable_popup_on_keypress=true,keyboard_redesign_google_sans=true,non_linear_scale,noshadow,overlay_builtin_dynamic_color_dark_base.binarypb:gm3-dark-ff0d0e12-ffb8c6ee-4dd27a30afe06facd02255cbda95da6f,silkpopup, global_locale=en_US, global_density_dpi=420, global_orientation=1}, className=.latin.keyboard.LatinPrimeKeyboard, resourceIds=[#0x7f1705f8, #0x7f17088a], initialStates=0, keyboardViewDefs=[nxl{direction=null, id=#0x7f0b0226, isScalable=true, layoutId=#0x7f0e037b, type=BODY, touchable=true, defaultShow=true}, nxl{direction=null, id=#0x7f0b0226, isScalable=false, layoutId=#0x7f0e0211, type=FLOATING_CANDIDATES, touchable=false, defaultShow=false}, nxl{direction=LOCALE, id=#0x7f0b0226, isScalable=false, layoutId=#0x7f0e0518, type=HEADER, touchable=true, defaultShow=true}], persistentStates=0, persistentStatesPrefKey=null, popupBubbleLayoutId=#0x7f0e0606, recentKeyLayoutId=#0x0, recentKeyPopupLayoutId=#0x0, recentKeyType=null, rememberRecentKey=NONE, sessionStates=17592186044419}, type=WIDGET, helpersCreated={HEADER=nhw@153cef9, BODY=nhw@7552e3e, FLOATING_CANDIDATES=nhw@54fc49f}, context.getResources().getConfiguration(): {1.0 257mcc2mnc [en_US,ru_BY] ldltr sw411dp w411dp h914dp 420dpi nrml long compactNeeded port night finger -keyb/v/h -nav/h winConfig={ mBounds=Rect(0, 0 - 1080, 2400) mAppBounds=Rect(0, 0 - 1080, 2400) mMaxBounds=Rect(0, 0 - 1080, 2400) mDisplayRotation=ROTATION_0 mWindowingMode=fullscreen mActivityType=undefined mAlwaysOnTop=undefined mRotation=ROTATION_0} as.3 s.42 fontWeightAdjustment=0}
03-21 23:55:48.330  3591  3591 I BaseKeyboardSizeHelper: BaseKeyboardSizeHelper.calculateMaxKeyboardBodyHeight():73 leave 281 height for app when ime window height:2181, header height:116 and isFullscreenMode:false, so the max keyboard body height is:1784
03-21 23:55:48.332  3591  3591 I AndroidIME: InputBundleManager.startInput():361 startInput() with nxh[keyboardType=prime, payload=null]
03-21 23:55:48.332  3591  3591 I PkModeUpdater: PkModeUpdater.onActivate():76 onActivate false true
03-21 23:55:48.332  3591  3591 I AccessoryInputModeManager: AccessoryInputModeManager.onModeStarted():324 Accessory input mode started: null
03-21 23:55:48.332  3591  3591 W SupplementaryKeyboardsWrapper: SupplementaryKeyboardsWrapper.deactivateKeyboard():162 keyboard accessory_candidates_consumer is not activated before!
03-21 23:55:48.332  3591  3591 I GlobeKeyExtension: GlobeKeyExtension.onActivate():129 
03-21 23:55:48.333  3591  3591 I KeyboardModeUtils: KeyboardModeUtils.getKeyboardBottomOffset():435 inch: 0.000000 ydpi: 409.127014 adjustKeyboardBottomByDisplaySize: false currentDensityDpi: 420 defaultDensityDpi: 420 keyboardBottomToScreenPx: 0 keyboardBottomToNavBarPx: -126 navBarHeight: 126
03-21 23:55:48.333  3591  3591 I BaseKeyboardSizeHelper: BaseKeyboardSizeHelper.calculateMaxKeyboardBodyHeight():73 leave 281 height for app when ime window height:2181, header height:116 and isFullscreenMode:false, so the max keyboard body height is:1784
03-21 23:55:48.333  3591  3591 I BaseKeyboardSizeHelper: BaseKeyboardSizeHelper.calculateMaxKeyboardBodyHeight():73 leave 281 height for app when ime window height:2181, header height:116 and isFullscreenMode:false, so the max keyboard body height is:1784
03-21 23:55:48.333  3591  3591 I BaseKeyboardSizeHelper: BaseKeyboardSizeHelper.calculateMaxKeyboardBodyHeight():73 leave 281 height for app when ime window height:2181, header height:116 and isFullscreenMode:false, so the max keyboard body height is:1784
03-21 23:55:48.333  3591  3591 I BaseKeyboardSizeHelper: BaseKeyboardSizeHelper.calculateMaxKeyboardBodyHeight():73 leave 281 height for app when ime window height:2181, header height:116 and isFullscreenMode:false, so the max keyboard body height is:1784
03-21 23:55:48.333  3591  3591 W ExtensionWrapper: ExtensionWrapper.setExtensionViewVisibility():876 interface nlm is not activate
03-21 23:55:48.334  3591  3591 I VoiceInputManagerWrapper: VoiceInputManagerWrapper.cancelShutdown():109 cancelShutdown()
03-21 23:55:48.334  3591  3591 I VoiceInputManagerWrapper: VoiceInputManagerWrapper.syncLanguagePacks():121 syncLanguagePacks()
03-21 23:55:48.334  3591  3591 I VoiceInputManager: VoiceInputManager.onKeyboardActivated():1216 onKeyboardActivated() [UD]
03-21 23:55:48.334  3591  3591 I HardKeyTracker: HardKeyTracker.unregisterKeySequence():229 Unregister key sequence oum{labelResId=2132020519, callback=fdl@119120c, lastModifier=2, keyCodes=[56], actions=[0]}
03-21 23:55:48.334  3591  3591 I HardKeyTracker: HardKeyTracker.unregisterKeySequence():229 Unregister key sequence oum{labelResId=2132020519, callback=fdl@c748755, lastModifier=0, keyCodes=[317], actions=[0]}
03-21 23:55:48.334  3591  3591 I HardKeyTracker: HardKeyTracker.registerKeySequence():178 Register key sequence oum{labelResId=2132020519, callback=fdl@ec61fb, lastModifier=2, keyCodes=[56], actions=[0]}
03-21 23:55:48.334  3591  3591 I HardKeyTracker: HardKeyTracker.registerKeySequence():178 Register key sequence oum{labelResId=2132020519, callback=fdl@da26218, lastModifier=0, keyCodes=[317], actions=[0]}
03-21 23:55:48.334  3591  5961 I SpeechFactory: SpeechRecognitionFactory.maybeScheduleAutoPackDownloadForFallback():217 maybeScheduleAutoPackDownloadForFallback()
03-21 23:55:48.334  3591  3591 W AccessPointsManager: AccessPointsManager.addAccessPoint():1092 The holder controller #0x7f0b2471 is not registered
03-21 23:55:48.334  3591  5961 I FallbackOnDeviceRecognitionProvider: FallbackOnDeviceRecognitionProvider.maybeScheduleAutoPackDownload():213 maybeScheduleAutoPackDownload() for language tag en-US
03-21 23:55:48.335  3591  3591 I Module  : DeviceLockedStatusModuleProvider$Module.updateDeviceLockedStatus():103 repeatCheckTimes = 1, locked = false
03-21 23:55:48.335  3591  3591 I HardKeyTracker: HardKeyTracker.unregisterKeySequence():229 Unregister key sequence oum{labelResId=2132020523, callback=fdl@6daba5b, lastModifier=2, keyCodes=[48], actions=[0]}
03-21 23:55:48.335  3591  3591 I HardKeyTracker: HardKeyTracker.registerKeySequence():178 Register key sequence oum{labelResId=2132020523, callback=fdl@da8c256, lastModifier=2, keyCodes=[48], actions=[0]}
03-21 23:55:48.336  3591  3591 I HardKeyTracker: HardKeyTracker.unregisterKeySequence():229 Unregister key sequence oum{labelResId=2132020523, callback=fdl@d4b42f8, lastModifier=2, keyCodes=[48], actions=[0]}
03-21 23:55:48.336  3591  3591 I HardKeyTracker: HardKeyTracker.registerKeySequence():178 Register key sequence oum{labelResId=2132020523, callback=fdl@96787c4, lastModifier=2, keyCodes=[48], actions=[0]}
03-21 23:55:48.336  3591  3591 W AccessPointsManager: AccessPointsManager.addAccessPoint():1092 The holder controller #0x7f0b2471 is not registered
03-21 23:55:48.336  3591  3591 I HardKeyTracker: HardKeyTracker.unregisterKeySequence():229 Unregister key sequence oum{labelResId=2132020519, callback=fdl@b4343d1, lastModifier=2, keyCodes=[56], actions=[0]}
03-21 23:55:48.336  3591  3591 I HardKeyTracker: HardKeyTracker.unregisterKeySequence():229 Unregister key sequence oum{labelResId=2132020519, callback=fdl@ef3be36, lastModifier=0, keyCodes=[317], actions=[0]}
03-21 23:55:48.336  3591  3591 I HardKeyTracker: HardKeyTracker.registerKeySequence():178 Register key sequence oum{labelResId=2132020519, callback=fdl@20ab6ad, lastModifier=2, keyCodes=[56], actions=[0]}
03-21 23:55:48.336  3591  3591 I HardKeyTracker: HardKeyTracker.registerKeySequence():178 Register key sequence oum{labelResId=2132020519, callback=fdl@906ade2, lastModifier=0, keyCodes=[317], actions=[0]}
03-21 23:55:48.337  3591  3591 I HardKeyTracker: HardKeyTracker.unregisterKeySequence():229 Unregister key sequence oum{labelResId=2132020524, callback=fdl@580a137, lastModifier=2, keyCodes=[32], actions=[0]}
03-21 23:55:48.337  3591  3591 I HardKeyTracker: HardKeyTracker.unregisterKeySequence():229 Unregister key sequence oum{labelResId=2132020524, callback=fdl@6d96a4, lastModifier=0, keyCodes=[319], actions=[0]}
03-21 23:55:48.337  3591  3591 I HardKeyTracker: HardKeyTracker.registerKeySequence():178 Register key sequence oum{labelResId=2132020524, callback=fdl@f9f1573, lastModifier=2, keyCodes=[32], actions=[0]}
03-21 23:55:48.337  3591  3591 I HardKeyTracker: HardKeyTracker.registerKeySequence():178 Register key sequence oum{labelResId=2132020524, callback=fdl@9375c30, lastModifier=0, keyCodes=[319], actions=[0]}
03-21 23:55:48.338  3591  3591 I HardKeyTracker: HardKeyTracker.unregisterKeySequence():229 Unregister key sequence oum{labelResId=2132020524, callback=fdl@d3419d3, lastModifier=2, keyCodes=[32], actions=[0]}
03-21 23:55:48.338  3591  3591 I HardKeyTracker: HardKeyTracker.unregisterKeySequence():229 Unregister key sequence oum{labelResId=2132020524, callback=fdl@b3f7910, lastModifier=0, keyCodes=[319], actions=[0]}
03-21 23:55:48.338  3591  3591 I HardKeyTracker: HardKeyTracker.registerKeySequence():178 Register key sequence oum{labelResId=2132020524, callback=fdl@64b95cf, lastModifier=2, keyCodes=[32], actions=[0]}
03-21 23:55:48.338  3591  3591 I HardKeyTracker: HardKeyTracker.registerKeySequence():178 Register key sequence oum{labelResId=2132020524, callback=fdl@2ee0b5c, lastModifier=0, keyCodes=[319], actions=[0]}
03-21 23:55:48.338  3591  3591 I VoiceImeExtension: VoiceImeExtension.shouldStartVoiceInputAutomaticallyInCurrentInputBox():384 No private IME option set to start voice input.
03-21 23:55:48.345   849  1086 I hwcomposer: [HWCDisplay] [Display_0 (type:1)] fps:6.995986,dur:1143.51,max:753.29,min:11.09  
03-21 23:55:48.371   909   985 E surfaceflinger: == MALI DEBUG ===eglp_winsys_populate_image_templates ==12288
03-21 23:55:48.372  3591  3591 I GoogleInputMethodService: GoogleInputMethodService$1.onKeyboardViewShown():331 onKeyboardViewShown: keyboardType=prime, keyboardViewType=HEADER keyboardView=com.google.android.libraries.inputmethod.widgets.SoftKeyboardView{ed73005 V.E...... ........ 0,0-1080,116}
03-21 23:55:48.372  3591  3591 I BaseKeyboardSizeHelper: BaseKeyboardSizeHelper.calculateMaxKeyboardBodyHeight():73 leave 281 height for app when ime window height:2181, header height:116 and isFullscreenMode:false, so the max keyboard body height is:1784
03-21 23:55:48.373  3591  3591 I GoogleInputMethodService: GoogleInputMethodService$1.onKeyboardViewShown():331 onKeyboardViewShown: keyboardType=prime, keyboardViewType=BODY keyboardView=com.google.android.libraries.inputmethod.widgets.SoftKeyboardView{1ddb117 V.E...... ........ 0,0-1080,641}
03-21 23:55:48.374  3591  3591 I BaseKeyboardSizeHelper: BaseKeyboardSizeHelper.calculateMaxKeyboardBodyHeight():73 leave 281 height for app when ime window height:2181, header height:116 and isFullscreenMode:false, so the max keyboard body height is:1784
03-21 23:55:48.374  3591  3591 I GlobeKeyExtension: GlobeKeyExtension$1.onKeyboardViewShown():76 maybeDisableLanguageSwitchKeyPref when the keyboard is shown
03-21 23:55:48.374  3591  3591 I GlobeKeyExtension: GlobeKeyExtension.maybeDisableLanguageSwitchKeyPref():210 maybeDisableLanguageSwitchKeyPref hasGlobeKeyBeenDisabled: false, shouldDisableLanguageSwitchKey: false
03-21 23:55:48.374  3591  3591 I NewLanguagePromptExtension: NewLanguagePromptExtension$1.onKeyboardViewShown():98 Not show new language banner: no change in enabled input method entries
03-21 23:55:48.375  3591  3591 I DynamicLayoutHandler: DynamicLayoutHandler.loadDynamicKeys():92 This isn't a dynamic layout.
03-21 23:55:48.375  3591  3591 I KeyboardModeUtils: KeyboardModeUtils.getKeyboardBottomOffset():435 inch: 0.000000 ydpi: 409.127014 adjustKeyboardBottomByDisplaySize: false currentDensityDpi: 420 defaultDensityDpi: 420 keyboardBottomToScreenPx: 0 keyboardBottomToNavBarPx: -126 navBarHeight: 126
03-21 23:55:48.375  3591  3982 I Delight5Decoder: Delight5DecoderWrapper.setKeyboardLayout():552 setKeyboardLayout()
03-21 23:55:48.375  3591  3591 I BaseKeyboardSizeHelper: BaseKeyboardSizeHelper.calculateMaxKeyboardBodyHeight():73 leave 281 height for app when ime window height:2181, header height:116 and isFullscreenMode:false, so the max keyboard body height is:1784
03-21 23:55:48.376  3591  3591 I BaseKeyboardSizeHelper: BaseKeyboardSizeHelper.calculateMaxKeyboardBodyHeight():73 leave 281 height for app when ime window height:2181, header height:116 and isFullscreenMode:false, so the max keyboard body height is:1784
03-21 23:55:48.378  3591  3591 I KeyboardModeUtils: KeyboardModeUtils.getKeyboardBottomOffset():435 inch: 0.000000 ydpi: 409.127014 adjustKeyboardBottomByDisplaySize: false currentDensityDpi: 420 defaultDensityDpi: 420 keyboardBottomToScreenPx: 0 keyboardBottomToNavBarPx: -126 navBarHeight: 126
03-21 23:55:48.378  3591  3591 I BaseKeyboardSizeHelper: BaseKeyboardSizeHelper.calculateMaxKeyboardBodyHeight():73 leave 281 height for app when ime window height:2181, header height:116 and isFullscreenMode:false, so the max keyboard body height is:1784
03-21 23:55:48.378  3591  3591 I BaseKeyboardSizeHelper: BaseKeyboardSizeHelper.calculateMaxKeyboardBodyHeight():73 leave 281 height for app when ime window height:2181, header height:116 and isFullscreenMode:false, so the max keyboard body height is:1784
03-21 23:55:48.383  1557  3459 I AssistStructure: Flattened final assist data: 2184 bytes, containing 1 windows, 16 views
03-21 23:55:48.385  2441 26229 W aqxu    : Failed to retrieve prediction data. [CONTEXT service_id=177 ]
03-21 23:55:48.385  2441 26229 W aqxu    : java.util.concurrent.ExecutionException: galh: No data was found for the table autofill-domain-predictions-prod-spanner.
03-21 23:55:48.385  2441 26229 W aqxu    : 	at heuv.j(:com.google.android.gms@261035035@26.10.35 (260400-885717106):21)
03-21 23:55:48.385  2441 26229 W aqxu    : 	at heve.v(:com.google.android.gms@261035035@26.10.35 (260400-885717106):107)
03-21 23:55:48.385  2441 26229 W aqxu    : 	at heuv.get(:com.google.android.gms@261035035@26.10.35 (260400-885717106):6)
03-21 23:55:48.385  2441 26229 W aqxu    : 	at aqxu.e(:com.google.android.gms@261035035@26.10.35 (260400-885717106):81)
03-21 23:55:48.385  2441 26229 W aqxu    : 	at aqxu.a(:com.google.android.gms@261035035@26.10.35 (260400-885717106):124)
03-21 23:55:48.385  2441 26229 W aqxu    : 	at aquw.call(:com.google.android.gms@261035035@26.10.35 (260400-885717106):5)
03-21 23:55:48.385  2441 26229 W aqxu    : 	at java.util.concurrent.FutureTask.run(FutureTask.java:317)
03-21 23:55:48.385  2441 26229 W aqxu    : 	at bhxh.c(:com.google.android.gms@261035035@26.10.35 (260400-885717106):50)
03-21 23:55:48.385  2441 26229 W aqxu    : 	at bhxh.run(:com.google.android.gms@261035035@26.10.35 (260400-885717106):73)
03-21 23:55:48.385  2441 26229 W aqxu    : 	at java.util.concurrent.ThreadPoolExecutor.runWorker(ThreadPoolExecutor.java:1154)
03-21 23:55:48.385  2441 26229 W aqxu    : 	at java.util.concurrent.ThreadPoolExecutor$Worker.run(ThreadPoolExecutor.java:652)
03-21 23:55:48.385  2441 26229 W aqxu    : 	at bicy.run(:com.google.android.gms@261035035@26.10.35 (260400-885717106):8)
03-21 23:55:48.385  2441 26229 W aqxu    : 	at java.lang.Thread.run(Thread.java:1563)
03-21 23:55:48.385  2441 26229 W aqxu    : Caused by: galh: No data was found for the table autofill-domain-predictions-prod-spanner.
03-21 23:55:48.385  2441 26229 W aqxu    : 	at galy.a(:com.google.android.gms@261035035@26.10.35 (260400-885717106):217)
03-21 23:55:48.385  2441 26229 W aqxu    : 	at hevg.d(:com.google.android.gms@261035035@26.10.35 (260400-885717106):3)
03-21 23:55:48.385  2441 26229 W aqxu    : 	at hevi.run(:com.google.android.gms@261035035@26.10.35 (260400-885717106):38)
03-21 23:55:48.385  2441 26229 W aqxu    : 	at hewu.execute(:com.google.android.gms@261035035@26.10.35 (260400-885717106):1)
03-21 23:55:48.385  2441 26229 W aqxu    : 	at heuv.f(:com.google.android.gms@261035035@26.10.35 (260400-885717106):1)
03-21 23:55:48.385  2441 26229 W aqxu    : 	at heuv.m(:com.google.android.gms@261035035@26.10.35 (260400-885717106):99)
03-21 23:55:48.385  2441 26229 W aqxu    : 	at heuv.t(:com.google.android.gms@261035035@26.10.35 (260400-885717106):26)
03-21 23:55:48.385  2441 26229 W aqxu    : 	at hevg.e(:com.google.android.gms@261035035@26.10.35 (260400-885717106):3)
03-21 23:55:48.385  2441 26229 W aqxu    : 	at hevi.run(:com.google.android.gms@261035035@26.10.35 (260400-885717106):44)
03-21 23:55:48.385  2441 26229 W aqxu    : 	at hewu.execute(:com.google.android.gms@261035035@26.10.35 (260400-885717106):1)
03-21 23:55:48.385  2441 26229 W aqxu    : 	at heuv.f(:com.google.android.gms@261035035@26.10.35 (260400-885717106):1)
03-21 23:55:48.385  2441 26229 W aqxu    : 	at heuv.m(:com.google.android.gms@261035035@26.10.35 (260400-885717106):99)
03-21 23:55:48.385  2441 26229 W aqxu    : 	at heuv.q(:com.google.android.gms@261035035@26.10.35 (260400-885717106):13)
03-21 23:55:48.385  2441 26229 W aqxu    : 	at heun.run(:com.google.android.gms@261035035@26.10.35 (260400-885717106):120)
03-21 23:55:48.385  2441 26229 W aqxu    : 	at hewu.execute(:com.google.android.gms@261035035@26.10.35 (260400-885717106):1)
03-21 23:55:48.385  2441 26229 W aqxu    : 	at heuv.f(:com.google.android.gms@261035035@26.10.35 (260400-885717106):1)
03-21 23:55:48.385  2441 26229 W aqxu    : 	at heuv.m(:com.google.android.gms@261035035@26.10.35 (260400-885717106):99)
03-21 23:55:48.385  2441 26229 W aqxu    : 	at heuv.q(:com.google.android.gms@261035035@26.10.35 (260400-885717106):13)
03-21 23:55:48.385  2441 26229 W aqxu    : 	at hevh.e(:com.google.android.gms@261035035@26.10.35 (260400-885717106):1)
03-21 23:55:48.385  2441 26229 W aqxu    : 	at hevi.run(:com.google.android.gms@261035035@26.10.35 (260400-885717106):44)
03-21 23:55:48.385  2441 26229 W aqxu    : 	at hewu.execute(:com.google.android.gms@261035035@26.10.35 (260400-885717106):1)
03-21 23:55:48.385  2441 26229 W aqxu    : 	at heuv.f(:com.google.android.gms@261035035@26.10.35 (260400-885717106):1)
03-21 23:55:48.385  2441 26229 W aqxu    : 	at heuv.m(:com.google.android.gms@261035035@26.10.35 (260400-885717106):99)
03-21 23:55:48.385  2441 26229 W aqxu    : 	at heuv.q(:com.google.android.gms@261035035@26.10.35 (260400-885717106):13)
03-21 23:55:48.385  2441 26229 W aqxu    : 	at heun.run(:com.google.android.gms@261035035@26.10.35 (260400-885717106):120)
03-21 23:55:48.385  2441 26229 W aqxu    : 	at hewu.execute(:com.google.android.gms@261035035@26.10.35 (260400-885717106):1)
03-21 23:55:48.385  2441 26229 W aqxu    : 	at heuv.f(:com.google.android.gms@261035035@26.10.35 (260400-885717106):1)
03-21 23:55:48.385  2441 26229 W aqxu    : 	at heuv.m(:com.google.android.gms@261035035@26.10.35 (260400-885717106):99)
03-21 23:55:48.385  2441 26229 W aqxu    : 	at heuv.q(:com.google.android.gms@261035035@26.10.35 (260400-885717106):13)
03-21 23:55:48.385  2441 26229 W aqxu    : 	at hevh.e(:com.google.android.gms@261035035@26.10.35 (260400-885717106):1)
03-21 23:55:48.385  2441 26229 W aqxu    : 	at hevi.run(:com.google.android.gms@261035035@26.10.35 (260400-885717106):44)
03-21 23:55:48.385  2441 26229 W aqxu    : 	at hewu.execute(:com.google.android.gms@261035035@26.10.35 (260400-885717106):1)
03-21 23:55:48.385  2441 26229 W aqxu    : 	at heuv.f(:com.google.android.gms@261035035@26.10.35 (260400-885717106):1)
03-21 23:55:48.385  2441 26229 W aqxu    : 	at heuv.m(:com.google.android.gms@261035035@26.10.35 (260400-885717106):99)
03-21 23:55:48.385  2441 26229 W aqxu    : 	at heuv.t(:com.google.android.gms@261035035@26.10.35 (260400-885717106):26)
03-21 23:55:48.385  2441 26229 W aqxu    : 	at hexr.run(:com.google.android.gms@261035035@26.10.35 (260400-885717106):5)
03-21 23:55:48.385  2441 26229 W aqxu    : 	at hewu.execute(:com.google.android.gms@261035035@26.10.35 (260400-885717106):1)
03-21 23:55:48.385  2441 26229 W aqxu    : 	at heuv.f(:com.google.android.gms@261035035@26.10.35 (260400-885717106):1)
03-21 23:55:48.385  2441 26229 W aqxu    : 	at heuv.m(:com.google.android.gms@261035035@26.10.35 (260400-885717106):99)
03-21 23:55:48.385  2441 26229 W aqxu    : 	at heuv.t(:com.google.android.gms@261035035@26.10.35 (260400-885717106):26)
03-21 23:55:48.385  2441 26229 W aqxu    : 	at hevg.e(:com.google.android.gms@261035035@26.10.35 (260400-885717106):3)
03-21 23:55:48.385  2441 26229 W aqxu    : 	at hevi.run(:com.google.android.gms@261035035@26.10.35 (260400-885717106):44)
03-21 23:55:48.385  2441 26229 W aqxu    : 	at heyx.run(:com.google.android.gms@261035035@26.10.35 (260400-885717106):64)
03-21 23:55:48.385  2441 26229 W aqxu    : 	... 6 more
03-21 23:55:48.387   909   985 E surfaceflinger: == MALI DEBUG ===eglp_winsys_populate_image_templates ==12288
03-21 23:55:48.392   909   985 E surfaceflinger: == MALI DEBUG ===eglp_winsys_populate_image_templates ==12288
03-21 23:55:48.392 27705 27828 W InteractionJankMonitor: Initializing without READ_DEVICE_CONFIG permission. enabled=false, interval=1, missedFrameThreshold=3, frameTimeThreshold=64, package=com.rnat
03-21 23:55:48.402   909   985 E surfaceflinger: == MALI DEBUG ===eglp_winsys_populate_image_templates ==12288
03-21 23:55:48.417  2441 26228 I aqui    : (REDACTED) Detector ignoring field with types: %s
03-21 23:55:48.425 26093 26248 I SyncManager: (REDACTED) Executing sync(type=%s%s)
03-21 23:55:48.436  2441 26228 I PasswordSaveInfoFactory: Form has a username and is not a password only form. [CONTEXT service_id=177 ]
03-21 23:55:48.436  2441 26228 I PasswordSaveInfoFactory: Form is not a password only form. [CONTEXT service_id=177 ]
03-21 23:55:48.436  2441 26228 I UsernameSaveInfoFactory: Form has a password and is not a username only form. [CONTEXT service_id=177 ]
03-21 23:55:48.436 26093 26248 I SyncManager: (REDACTED) Executing sync(type=%s) finished in %s
03-21 23:55:48.441  1557  1639 W libprocessgroup: SetCgroup::ExecuteForProcess: failed to open /dev/stune/background/cgroup.procs: No such file or directory
03-21 23:55:48.442 26093 26248 I SyncManager: (REDACTED) Executing sync(type=%s%s)
03-21 23:55:48.448 26093 26248 I SyncManager: (REDACTED) Executing sync(type=%s) finished in %s
03-21 23:55:48.449 26093 26248 I SyncManager: (REDACTED) Executing sync(type=%s%s)
03-21 23:55:48.452 26093 26248 I SyncManager: (REDACTED) Executing sync(type=%s) finished in %s
03-21 23:55:48.453 26093 26248 I SyncManager: (REDACTED) Executing sync(type=%s%s)
03-21 23:55:48.455 26093 26248 I SyncManager: (REDACTED) Executing sync(type=%s) finished in %s
03-21 23:55:48.456 26093 26248 I SyncManager: (REDACTED) Executing sync(type=%s%s)
03-21 23:55:48.460 26093 26248 I SyncManager: (REDACTED) Executing sync(type=%s) finished in %s
03-21 23:55:48.479 26241 26245 W .android.gms.ui: userfaultfd: MOVE ioctl seems unsupported: Try again
03-21 23:55:48.497 26093 26239 I SyncManager: (REDACTED) Executing sync(type=%s%s)
03-21 23:55:48.501 26093 26239 I SyncManager: (REDACTED) Executing sync(type=%s) finished in %s
03-21 23:55:48.502 26241 26277 W TracingHelper: Mismatched RequestContext found for module CORE. Module id from RequestContext is MODULEID_UNKNOWN [CONTEXT service_id=259 ratelimit_count=1410065408 ]
03-21 23:55:48.504 27705 27705 I ImeTracker: com.rnat:935e35d8: onShown
03-21 23:55:48.519  3591  3591 W TooltipLifecycleManager: TooltipLifecycleManager.dismissTooltips():153 Tooltip with id spell_check_add_to_dictionary not found in tooltipManager.
03-21 23:55:48.586   849  1055 I hwcomposer: [HWC] (0)fire a callback of refresh to SF[4]  
03-21 23:55:48.599   623  2758 W libperfmgr: Failed to write to node: /dev/stune/top-app/schedtune.boost with value: 10, fd: -1
03-21 23:55:48.599   623  2758 W libperfmgr: Failed to write to node: /proc/sys/kernel/sched_boost with value: 0, fd: -1
03-21 23:55:48.667   623  2758 W libperfmgr: Failed to write to node: /dev/stune/top-app/schedtune.boost with value: 10, fd: -1
03-21 23:55:48.667   623  2758 W libperfmgr: Failed to write to node: /proc/sys/kernel/sched_boost with value: 0, fd: -1
03-21 23:55:48.843 27592 27839 I Finsky:background: [96] playLoggingServerUrl: https://play.googleapis.com/play/log
03-21 23:55:48.843 27592 27839 I Finsky:background: [96] playLoggingServerTimestampUrl: https://play.googleapis.com/play/log/timestamp
03-21 23:55:48.850  2441 26228 W GetConfigSnapshotOp: Succeeded but not registered: com.google.android.libraries.performance.primes#com.android.vending [CONTEXT service_id=51 ]
03-21 23:55:48.870   849  1055 I hwcomposer: [HWC] (0)fire a callback of refresh to SF[4]  
03-21 23:55:48.874   623  2758 W libperfmgr: Failed to write to node: /dev/stune/top-app/schedtune.boost with value: 10, fd: -1
03-21 23:55:48.875   623  2758 W libperfmgr: Failed to write to node: /proc/sys/kernel/sched_boost with value: 0, fd: -1
03-21 23:55:48.951   623  2758 W libperfmgr: Failed to write to node: /dev/stune/top-app/schedtune.boost with value: 10, fd: -1
03-21 23:55:48.951   623  2758 W libperfmgr: Failed to write to node: /proc/sys/kernel/sched_boost with value: 0, fd: -1
03-21 23:55:49.204 27407 27411 W .android.chrome: userfaultfd: MOVE ioctl seems unsupported: Connection timed out
03-21 23:55:49.204   884   900 I WifiHAL : feature_set=0x8488141a
03-21 23:55:49.205  1557  1939 I HalDevMgr: bestIfaceCreationProposal is null, requestIface=STA, existingIface=[name=wlan0 type=STA]
03-21 23:55:49.348   841 27844 I resolv  : GetAddrInfoHandler::run: {103 262247 103 983143 10293 0}
03-21 23:55:49.349   841 27845 I resolv  : res_nmkquery: (QUERY, IN, A)
03-21 23:55:49.351  2441 26228 W GetConfigSnapshotOp: Succeeded but not registered: com.google.android.libraries.onegoogle#com.android.vending [CONTEXT service_id=51 ]
03-21 23:55:49.356   849  1086 I hwcomposer: [HWCDisplay] [Display_0 (type:1)] fps:20.776819,dur:1010.74,max:433.48,min:10.84  
03-21 23:55:49.364 27459 27487 I Finsky  : [61] ApplicationRestrictions: {}
03-21 23:55:49.367 27459 27499 I Finsky  : [69] CronetEngine is present. Using Cronet for the networking stack.
03-21 23:55:49.367   841 27845 I resolv  : res_nsend: used send_dg 324 terrno: 0
03-21 23:55:49.367   841 27845 I resolv  : doQuery: rcode=0, ancount=17, return value=324
03-21 23:55:49.370   841 27852 I resolv  : GetAddrInfoHandler::run: {103 262247 103 983143 10293 0}
03-21 23:55:49.371   841 27853 I resolv  : res_nmkquery: (QUERY, IN, A)
03-21 23:55:49.383   841 27853 I resolv  : res_nsend: used send_dg 136 terrno: 0
03-21 23:55:49.384   841 27853 I resolv  : doQuery: rcode=0, ancount=6, return value=136
03-21 23:55:49.385   841 27856 I resolv  : GetAddrInfoHandler::run: {103 262247 103 983143 10293 0}
03-21 23:55:49.385   841 27857 I resolv  : res_nmkquery: (QUERY, IN, A)
03-21 23:55:49.396 27459 27537 I Finsky  : [82] Initializing pausers from value store.
03-21 23:55:49.397   841 27857 I resolv  : res_nsend: used send_dg 101 terrno: 0
03-21 23:55:49.397   841 27857 I resolv  : doQuery: rcode=0, ancount=4, return value=101
03-21 23:55:49.400  3591  3591 W TooltipLifecycleManager: TooltipLifecycleManager.dismissTooltips():153 Tooltip with id SUGGESTION_VIEW_EDU_MINI_DIALOG not found in tooltipManager.
03-21 23:55:49.405  1557  3104 W PresentationStatsEventLogger: Bad view state for: -1, state: ViewState: [id=1073741824@1434279259, state:10, currentValue:android.view.autofill.AutofillValue@c3c]
03-21 23:55:49.406  1557  3459 W PresentationStatsEventLogger: Bad view state for: -1, state: ViewState: [id=1073741855@1434279259, state:1, currentValue:android.view.autofill.AutofillValue@c3c]
03-21 23:55:49.406   841 27859 I resolv  : GetAddrInfoHandler::run: {103 262247 103 983143 10293 0}
03-21 23:55:49.407   841 27860 I resolv  : res_nmkquery: (QUERY, IN, A)
03-21 23:55:49.409 27459 27537 I Finsky  : [82] IQ::HLD: Callers (Pausers) in PauseUpdatesCallersValueStore: []
03-21 23:55:49.411 27459 27485 I Finsky  : [59] registerListener
03-21 23:55:49.412   841 27861 I resolv  : GetAddrInfoHandler::run: {103 262247 103 983143 10293 0}
03-21 23:55:49.412   841 27862 I resolv  : res_nmkquery: (QUERY, IN, A)
03-21 23:55:49.412   841 27862 I resolv  : resolv_cache_lookup: FOUND IN CACHE entry=0xb400007b271266b0
03-21 23:55:49.412   841 27862 I resolv  : doQuery: rcode=0, ancount=6, return value=136
03-21 23:55:49.423   841 27860 I resolv  : res_nsend: used send_dg 123 terrno: 0
03-21 23:55:49.423   841 27860 I resolv  : doQuery: rcode=0, ancount=4, return value=123
03-21 23:55:49.427 27459 27485 I Finsky  : [59] DFS: Listener added for rzy@97aa17e
03-21 23:55:49.427 27459 27485 I Finsky  : [59] registerListener
03-21 23:55:49.430 27459 27459 I Finsky  : [2] Memory trim requested to level 40
03-21 23:55:49.430 27459 27459 I Finsky  : [2] Flushing in-memory image cache
03-21 23:55:49.435 27592 27592 I Finsky:background: [2] Memory trim requested to level 40
03-21 23:55:49.440  3591  3591 I KeyboardModeUtils: KeyboardModeUtils.getKeyboardBottomOffset():435 inch: 0.000000 ydpi: 409.127014 adjustKeyboardBottomByDisplaySize: false currentDensityDpi: 420 defaultDensityDpi: 420 keyboardBottomToScreenPx: 0 keyboardBottomToNavBarPx: -126 navBarHeight: 126
03-21 23:55:49.440  3591  3591 I BaseKeyboardSizeHelper: BaseKeyboardSizeHelper.calculateMaxKeyboardBodyHeight():73 leave 281 height for app when ime window height:2181, header height:116 and isFullscreenMode:false, so the max keyboard body height is:1784
03-21 23:55:49.440  3591  3591 I BaseKeyboardSizeHelper: BaseKeyboardSizeHelper.calculateMaxKeyboardBodyHeight():73 leave 281 height for app when ime window height:2181, header height:116 and isFullscreenMode:false, so the max keyboard body height is:1784
03-21 23:55:49.443   841 27864 I resolv  : GetAddrInfoHandler::run: {103 262247 103 983143 10293 0}
03-21 23:55:49.444   841 27865 I resolv  : res_nmkquery: (QUERY, IN, A)
03-21 23:55:49.451   623  2758 W libperfmgr: Failed to write to node: /dev/stune/top-app/schedtune.boost with value: 10, fd: -1
03-21 23:55:49.452   623  2758 W libperfmgr: Failed to write to node: /proc/sys/kernel/sched_boost with value: 0, fd: -1
03-21 23:55:49.456   841 27865 I resolv  : res_nsend: used send_dg 131 terrno: 0
03-21 23:55:49.456   841 27865 I resolv  : doQuery: rcode=0, ancount=4, return value=131
03-21 23:55:49.459   841 27867 I resolv  : GetAddrInfoHandler::run: {103 262247 103 983143 10293 0}
03-21 23:55:49.459   841 27868 I resolv  : res_nmkquery: (QUERY, IN, A)
03-21 23:55:49.471   841 27868 I resolv  : res_nsend: used send_dg 63 terrno: 0
03-21 23:55:49.471   841 27868 I resolv  : doQuery: rcode=0, ancount=1, return value=63
03-21 23:55:49.476 27459 27464 W android.vending: userfaultfd: MOVE ioctl seems unsupported: Try again
03-21 23:55:49.482 27459 27487 I Finsky  : [61] Triggered update for experiment package com.google.android.finsky.stable.
03-21 23:55:49.491   841 27869 I resolv  : GetAddrInfoHandler::run: {103 262247 103 983143 10293 0}
03-21 23:55:49.491   841 27870 I resolv  : res_nmkquery: (QUERY, IN, A)
03-21 23:55:49.499 27459 27487 I android.vending: Waiting for a blocking GC ClassLinker
03-21 23:55:49.500 27459 27500 I Finsky  : [70] Component class com.google.android.finsky.wearsupport.WearSupportService disabled via PackageManager.
03-21 23:55:49.502 27459 27500 I Finsky  : [70] Component class com.google.android.finsky.wearsupport.WearChangeListenerService disabled via PackageManager.
03-21 23:55:49.502   841 27870 I resolv  : res_nsend: used send_dg 93 terrno: 0
03-21 23:55:49.502   841 27870 I resolv  : doQuery: rcode=0, ancount=4, return value=93
03-21 23:55:49.525 27459 27874 I Finsky  : [116] SM: There are no stale sessions to be pruned
03-21 23:55:49.530 27459 27459 I Finsky  : [2] Connecting InstallListener to SplitInstallService broadcaster...
03-21 23:55:49.542   593   593 I beanpodkeymaster: Enter BeanpodKeymaster BeginOperation
03-21 23:55:49.542   849  1055 I hwcomposer: [HWC] (0)fire a callback of refresh to SF[4]  
03-21 23:55:49.543   593   593 I beanpodkeymaster: cmd:4 Received 48 byte response
03-21 23:55:49.543   593   593 I beanpodkeymaster: Exit BeanpodKeymaster BeginOperation
03-21 23:55:49.545   593   593 I beanpodkeymaster: Enter BeanpodKeymaster UpdateOperation
03-21 23:55:49.546   593   593 I beanpodkeymaster: cmd:8 Received 34 byte response
03-21 23:55:49.546   593   593 I beanpodkeymaster: Exit BeanpodKeymaster UpdateOperation
03-21 23:55:49.546   593   593 I beanpodkeymaster: Enter BeanpodKeymaster FinishOperation
03-21 23:55:49.546   593   593 I beanpodkeymaster: cmd:c Received 36 byte response
03-21 23:55:49.546   593   593 I beanpodkeymaster: Exit BeanpodKeymaster FinishOperation
03-21 23:55:49.548   593   593 I beanpodkeymaster: Enter BeanpodKeymaster BeginOperation
03-21 23:55:49.548   593   593 I beanpodkeymaster: cmd:4 Received 24 byte response
03-21 23:55:49.548   593   593 I beanpodkeymaster: Exit BeanpodKeymaster BeginOperation
03-21 23:55:49.549   593   593 I beanpodkeymaster: Enter BeanpodKeymaster UpdateOperation
03-21 23:55:49.549   593   593 I beanpodkeymaster: cmd:8 Received 34 byte response
03-21 23:55:49.549   593   593 I beanpodkeymaster: Exit BeanpodKeymaster UpdateOperation
03-21 23:55:49.550   593   593 I beanpodkeymaster: Enter BeanpodKeymaster FinishOperation
03-21 23:55:49.550   593   593 I beanpodkeymaster: cmd:c Received 20 byte response
03-21 23:55:49.550   593   593 I beanpodkeymaster: Exit BeanpodKeymaster FinishOperation
03-21 23:55:49.552   623  2758 W libperfmgr: Failed to write to node: /dev/stune/top-app/schedtune.boost with value: 10, fd: -1
03-21 23:55:49.552   593   593 I beanpodkeymaster: Enter BeanpodKeymaster BeginOperation
03-21 23:55:49.552   623  2758 W libperfmgr: Failed to write to node: /proc/sys/kernel/sched_boost with value: 0, fd: -1
03-21 23:55:49.552   593   593 I beanpodkeymaster: cmd:4 Received 24 byte response
03-21 23:55:49.552   593   593 I beanpodkeymaster: Exit BeanpodKeymaster BeginOperation
03-21 23:55:49.553   593   593 I beanpodkeymaster: Enter BeanpodKeymaster UpdateOperation
03-21 23:55:49.553   593   593 I beanpodkeymaster: cmd:8 Received 138 byte response
03-21 23:55:49.553   593   593 I beanpodkeymaster: Exit BeanpodKeymaster UpdateOperation
03-21 23:55:49.554   593   593 I beanpodkeymaster: Enter BeanpodKeymaster FinishOperation
03-21 23:55:49.554   593   593 I beanpodkeymaster: cmd:c Received 20 byte response
03-21 23:55:49.554   593   593 I beanpodkeymaster: Exit BeanpodKeymaster FinishOperation
03-21 23:55:49.561 27459 27487 I Finsky  : [61] Already at the latest configurations for experiment package com.google.android.finsky.stable.
03-21 23:55:49.562 27459 27487 I Finsky  : [61] Triggered update for experiment package com.google.android.finsky.regular.
03-21 23:55:49.571 27459 27779 I cn_CronetUrlRequestContext: destroyNativeStreamLocked android.net.connectivity.org.chromium.net.impl.CronetBidirectionalStream@9a821de
03-21 23:55:49.575   623  2758 W libperfmgr: Failed to write to node: /dev/stune/top-app/schedtune.boost with value: 10, fd: -1
03-21 23:55:49.575   623  2758 W libperfmgr: Failed to write to node: /proc/sys/kernel/sched_boost with value: 0, fd: -1
03-21 23:55:49.581 27459 27487 I Finsky  : [61] Already at the latest configurations for experiment package com.google.android.finsky.regular.
03-21 23:55:49.581 27459 27487 I Finsky  : [61] Triggered update for experiment package com.google.android.finsky.regular.
03-21 23:55:49.597 27459 27487 I Finsky  : [61] Already at the latest configurations for experiment package com.google.android.finsky.regular.
03-21 23:55:49.597 27459 27487 I Finsky  : [61] Triggered update for experiment package com.google.android.finsky.regular.
03-21 23:55:49.619 27459 27487 I Finsky  : [61] Already at the latest configurations for experiment package com.google.android.finsky.regular.
03-21 23:55:49.619 27459 27487 I Finsky  : [61] Triggered update for experiment package com.google.android.finsky.regular.
03-21 23:55:49.623  3591  3591 W TooltipLifecycleManager: TooltipLifecycleManager.dismissTooltips():153 Tooltip with id SUGGESTION_VIEW_EDU_MINI_DIALOG not found in tooltipManager.
03-21 23:55:49.629  1557  3561 W PresentationStatsEventLogger: Bad view state for: 1073741824, state: ViewState: [id=1073741855@1434279259, state:8, currentValue:android.view.autofill.AutofillValue@189ae]
03-21 23:55:49.640 27459 27487 I Finsky  : [61] Already at the latest configurations for experiment package com.google.android.finsky.regular.
03-21 23:55:49.767   849  1055 I hwcomposer: [HWC] (0)fire a callback of refresh to SF[4]  
03-21 23:55:49.776   623  2758 W libperfmgr: Failed to write to node: /dev/stune/top-app/schedtune.boost with value: 10, fd: -1
03-21 23:55:49.776   623  2758 W libperfmgr: Failed to write to node: /proc/sys/kernel/sched_boost with value: 0, fd: -1
03-21 23:55:49.787   623  2758 W libperfmgr: Failed to write to node: /dev/stune/top-app/schedtune.boost with value: 10, fd: -1
03-21 23:55:49.787   623  2758 W libperfmgr: Failed to write to node: /proc/sys/kernel/sched_boost with value: 0, fd: -1
03-21 23:55:49.843  3591  3591 W TooltipLifecycleManager: TooltipLifecycleManager.dismissTooltips():153 Tooltip with id SUGGESTION_VIEW_EDU_MINI_DIALOG not found in tooltipManager.
03-21 23:55:49.849  1557  3561 W PresentationStatsEventLogger: Bad view state for: 1073741824, state: ViewState: [id=1073741855@1434279259, state:8, currentValue:android.view.autofill.AutofillValue@2fb7b3]
03-21 23:55:49.862   849  1055 I hwcomposer: [HWC] (0)fire a callback of refresh to SF[4]  
03-21 23:55:49.865   623  2758 W libperfmgr: Failed to write to node: /dev/stune/top-app/schedtune.boost with value: 10, fd: -1
03-21 23:55:49.865   623  2758 W libperfmgr: Failed to write to node: /proc/sys/kernel/sched_boost with value: 0, fd: -1
03-21 23:55:49.876   623  2758 W libperfmgr: Failed to write to node: /dev/stune/top-app/schedtune.boost with value: 10, fd: -1
03-21 23:55:49.876   623  2758 W libperfmgr: Failed to write to node: /proc/sys/kernel/sched_boost with value: 0, fd: -1
03-21 23:55:49.944  3591  3591 W TooltipLifecycleManager: TooltipLifecycleManager.dismissTooltips():153 Tooltip with id SUGGESTION_VIEW_EDU_MINI_DIALOG not found in tooltipManager.
03-21 23:55:49.949  1557  3561 W PresentationStatsEventLogger: Bad view state for: 1073741824, state: ViewState: [id=1073741855@1434279259, state:8, currentValue:android.view.autofill.AutofillValue@5c74bc2]
03-21 23:55:50.047   868 19875 W C2BqBuffer: last successful dequeue was 803277332 us ago, 0 consecutive failures
03-21 23:55:50.070   849  1055 I hwcomposer: [HWC] (0)fire a callback of refresh to SF[4]  
03-21 23:55:50.076   623  2758 W libperfmgr: Failed to write to node: /dev/stune/top-app/schedtune.boost with value: 10, fd: -1
03-21 23:55:50.076   623  2758 W libperfmgr: Failed to write to node: /proc/sys/kernel/sched_boost with value: 0, fd: -1
03-21 23:55:50.121   623  2758 W libperfmgr: Failed to write to node: /dev/stune/top-app/schedtune.boost with value: 10, fd: -1
03-21 23:55:50.121   623  2758 W libperfmgr: Failed to write to node: /proc/sys/kernel/sched_boost with value: 0, fd: -1
03-21 23:55:50.122  3591  3591 W TooltipLifecycleManager: TooltipLifecycleManager.dismissTooltips():153 Tooltip with id SUGGESTION_VIEW_EDU_MINI_DIALOG not found in tooltipManager.
03-21 23:55:50.130  1557  3561 W PresentationStatsEventLogger: Bad view state for: 1073741824, state: ViewState: [id=1073741855@1434279259, state:8, currentValue:android.view.autofill.AutofillValue@b32239f0]
03-21 23:55:50.270   849  1055 I hwcomposer: [HWC] (0)fire a callback of refresh to SF[4]  
03-21 23:55:50.277   623  2758 W libperfmgr: Failed to write to node: /dev/stune/top-app/schedtune.boost with value: 10, fd: -1
03-21 23:55:50.277   623  2758 W libperfmgr: Failed to write to node: /proc/sys/kernel/sched_boost with value: 0, fd: -1
03-21 23:55:50.277 27407 27445 W chromium: [WARNING:net/cert/ev_root_ca_metadata.cc:118] Not implemented
03-21 23:55:50.287  3591  3591 W TooltipLifecycleManager: TooltipLifecycleManager.dismissTooltips():153 Tooltip with id SUGGESTION_VIEW_EDU_MINI_DIALOG not found in tooltipManager.
03-21 23:55:50.288   623  2758 W libperfmgr: Failed to write to node: /dev/stune/top-app/schedtune.boost with value: 10, fd: -1
03-21 23:55:50.288   623  2758 W libperfmgr: Failed to write to node: /proc/sys/kernel/sched_boost with value: 0, fd: -1
03-21 23:55:50.295  1557  4381 W PresentationStatsEventLogger: Bad view state for: 1073741824, state: ViewState: [id=1073741855@1434279259, state:8, currentValue:android.view.autofill.AutofillValue@b1251106]
03-21 23:55:50.321   841   880 I netd    : tetherGetStats() -> {[]} <1.28ms>
03-21 23:55:50.366   849  1086 I hwcomposer: [HWCDisplay] [Display_0 (type:1)] fps:40.565498,dur:1010.71,max:81.33,min:7.64  
03-21 23:55:50.426   849  1055 I hwcomposer: [HWC] (0)fire a callback of refresh to SF[4]  
03-21 23:55:50.432   623  2758 W libperfmgr: Failed to write to node: /dev/stune/top-app/schedtune.boost with value: 10, fd: -1
03-21 23:55:50.432   623  2758 W libperfmgr: Failed to write to node: /proc/sys/kernel/sched_boost with value: 0, fd: -1
03-21 23:55:50.488   623  2758 W libperfmgr: Failed to write to node: /dev/stune/top-app/schedtune.boost with value: 10, fd: -1
03-21 23:55:50.488   623  2758 W libperfmgr: Failed to write to node: /proc/sys/kernel/sched_boost with value: 0, fd: -1
03-21 23:55:50.550  3591  3591 W TooltipLifecycleManager: TooltipLifecycleManager.dismissTooltips():153 Tooltip with id SUGGESTION_VIEW_EDU_MINI_DIALOG not found in tooltipManager.
03-21 23:55:50.554  1557  4381 W PresentationStatsEventLogger: Bad view state for: 1073741824, state: ViewState: [id=1073741855@1434279259, state:8, currentValue:android.view.autofill.AutofillValue@737d1bd7]
03-21 23:55:50.562   849  1055 I hwcomposer: [HWC] (0)fire a callback of refresh to SF[4]  
03-21 23:55:50.576   623  2758 W libperfmgr: Failed to write to node: /dev/stune/top-app/schedtune.boost with value: 10, fd: -1
03-21 23:55:50.576   623  2758 W libperfmgr: Failed to write to node: /proc/sys/kernel/sched_boost with value: 0, fd: -1
03-21 23:55:50.586   623  2758 W libperfmgr: Failed to write to node: /dev/stune/top-app/schedtune.boost with value: 10, fd: -1
03-21 23:55:50.586   623  2758 W libperfmgr: Failed to write to node: /proc/sys/kernel/sched_boost with value: 0, fd: -1
03-21 23:55:50.694   849  1055 I hwcomposer: [HWC] (0)fire a callback of refresh to SF[4]  
03-21 23:55:50.709   623  2758 W libperfmgr: Failed to write to node: /dev/stune/top-app/schedtune.boost with value: 10, fd: -1
03-21 23:55:50.709   623  2758 W libperfmgr: Failed to write to node: /proc/sys/kernel/sched_boost with value: 0, fd: -1
03-21 23:55:50.776   623  2758 W libperfmgr: Failed to write to node: /dev/stune/top-app/schedtune.boost with value: 10, fd: -1
03-21 23:55:50.776   623  2758 W libperfmgr: Failed to write to node: /proc/sys/kernel/sched_boost with value: 0, fd: -1
03-21 23:55:51.202   849  1055 I hwcomposer: [HWC] (0)fire a callback of refresh to SF[4]  
03-21 23:55:51.208   623  2758 W libperfmgr: Failed to write to node: /dev/stune/top-app/schedtune.boost with value: 10, fd: -1
03-21 23:55:51.208   623  2758 W libperfmgr: Failed to write to node: /proc/sys/kernel/sched_boost with value: 0, fd: -1
03-21 23:55:51.283   623  2758 W libperfmgr: Failed to write to node: /dev/stune/top-app/schedtune.boost with value: 10, fd: -1
03-21 23:55:51.283   623  2758 W libperfmgr: Failed to write to node: /proc/sys/kernel/sched_boost with value: 0, fd: -1
03-21 23:55:51.388   849  1086 I hwcomposer: [HWCDisplay] [Display_0 (type:1)] fps:9.785759,dur:1021.89,max:429.30,min:8.73  
03-21 23:55:51.466   849  1055 I hwcomposer: [HWC] (0)fire a callback of refresh to SF[4]  
03-21 23:55:51.475   623  2758 W libperfmgr: Failed to write to node: /dev/stune/top-app/schedtune.boost with value: 10, fd: -1
03-21 23:55:51.475   623  2758 W libperfmgr: Failed to write to node: /proc/sys/kernel/sched_boost with value: 0, fd: -1
03-21 23:55:51.547   623  2758 W libperfmgr: Failed to write to node: /dev/stune/top-app/schedtune.boost with value: 10, fd: -1
03-21 23:55:51.547   623  2758 W libperfmgr: Failed to write to node: /proc/sys/kernel/sched_boost with value: 0, fd: -1
03-21 23:55:51.702   849  1055 I hwcomposer: [HWC] (0)fire a callback of refresh to SF[4]  
03-21 23:55:51.709   623  2758 W libperfmgr: Failed to write to node: /dev/stune/top-app/schedtune.boost with value: 10, fd: -1
03-21 23:55:51.709   623  2758 W libperfmgr: Failed to write to node: /proc/sys/kernel/sched_boost with value: 0, fd: -1
03-21 23:55:51.762  3591  3591 W TooltipLifecycleManager: TooltipLifecycleManager.dismissTooltips():153 Tooltip with id SUGGESTION_VIEW_EDU_MINI_DIALOG not found in tooltipManager.
03-21 23:55:51.780  1557  3561 W PresentationStatsEventLogger: Bad view state for: 1073741824, state: ViewState: [id=1073741855@1434279259, state:4008, currentValue:android.view.autofill.AutofillValue@b1251106]
03-21 23:55:51.787   623  2758 W libperfmgr: Failed to write to node: /dev/stune/top-app/schedtune.boost with value: 10, fd: -1
03-21 23:55:51.787   623  2758 W libperfmgr: Failed to write to node: /proc/sys/kernel/sched_boost with value: 0, fd: -1
03-21 23:55:51.815  3591  3591 W TooltipLifecycleManager: TooltipLifecycleManager.dismissTooltips():153 Tooltip with id SUGGESTION_VIEW_EDU_MINI_DIALOG not found in tooltipManager.
03-21 23:55:51.826  1557  4381 W PresentationStatsEventLogger: Bad view state for: 1073741824, state: ViewState: [id=1073741855@1434279259, state:4008, currentValue:android.view.autofill.AutofillValue@b32239f0]
03-21 23:55:51.867  3591  3591 W TooltipLifecycleManager: TooltipLifecycleManager.dismissTooltips():153 Tooltip with id SUGGESTION_VIEW_EDU_MINI_DIALOG not found in tooltipManager.
03-21 23:55:51.871  1557  4381 W PresentationStatsEventLogger: Bad view state for: 1073741824, state: ViewState: [id=1073741855@1434279259, state:4008, currentValue:android.view.autofill.AutofillValue@5c74bc2]
03-21 23:55:51.919  3591  3591 W TooltipLifecycleManager: TooltipLifecycleManager.dismissTooltips():153 Tooltip with id SUGGESTION_VIEW_EDU_MINI_DIALOG not found in tooltipManager.
03-21 23:55:51.923  1557  3561 W PresentationStatsEventLogger: Bad view state for: 1073741824, state: ViewState: [id=1073741855@1434279259, state:4008, currentValue:android.view.autofill.AutofillValue@2fb7b3]
03-21 23:55:51.971  3591  3591 W TooltipLifecycleManager: TooltipLifecycleManager.dismissTooltips():153 Tooltip with id SUGGESTION_VIEW_EDU_MINI_DIALOG not found in tooltipManager.
03-21 23:55:51.975  1557  3561 W PresentationStatsEventLogger: Bad view state for: 1073741824, state: ViewState: [id=1073741855@1434279259, state:4008, currentValue:android.view.autofill.AutofillValue@189ae]
03-21 23:55:52.023  3591  3591 W TooltipLifecycleManager: TooltipLifecycleManager.dismissTooltips():153 Tooltip with id SUGGESTION_VIEW_EDU_MINI_DIALOG not found in tooltipManager.
03-21 23:55:52.029  1557  4381 W PresentationStatsEventLogger: Bad view state for: 1073741824, state: ViewState: [id=1073741855@1434279259, state:4008, currentValue:android.view.autofill.AutofillValue@c3c]
03-21 23:55:52.090  1557  3561 W PresentationStatsEventLogger: Bad view state for: 1073741824, state: ViewState: [id=1073741855@1434279259, state:4008, currentValue:android.view.autofill.AutofillValue@1]
03-21 23:55:52.136 27705 27705 W RemoteInputConnectionImpl: Session id mismatch header.sessionId: 0 currentSessionId: 1 while calling android.view.inputmethod.RemoteInputConnectionImpl.lambda$sendKeyEvent$30:881
03-21 23:55:52.137 27705 27705 W RemoteInputConnectionImpl: Session id mismatch header.sessionId: 0 currentSessionId: 1 while calling android.view.inputmethod.RemoteInputConnectionImpl.lambda$sendKeyEvent$30:881
03-21 23:55:52.138  3591  3591 I KeyboardModeUtils: KeyboardModeUtils.getKeyboardBottomOffset():435 inch: 0.000000 ydpi: 409.127014 adjustKeyboardBottomByDisplaySize: false currentDensityDpi: 420 defaultDensityDpi: 420 keyboardBottomToScreenPx: 0 keyboardBottomToNavBarPx: -126 navBarHeight: 126
03-21 23:55:52.138  3591  3591 I BaseKeyboardSizeHelper: BaseKeyboardSizeHelper.calculateMaxKeyboardBodyHeight():73 leave 281 height for app when ime window height:2181, header height:116 and isFullscreenMode:false, so the max keyboard body height is:1784
03-21 23:55:52.139  3591  3591 I BaseKeyboardSizeHelper: BaseKeyboardSizeHelper.calculateMaxKeyboardBodyHeight():73 leave 281 height for app when ime window height:2181, header height:116 and isFullscreenMode:false, so the max keyboard body height is:1784
03-21 23:55:52.140  3591  3591 I GoogleInputMethodService: GoogleInputMethodService.onStartInput():1385 onStartInput(EditorInfo{EditorInfo{packageName=com.rnat, inputType=21, inputTypeString=EmailAddress[], enableLearning=true, autoCorrection=false, autoComplete=true, imeOptions=8000006, privateImeOptions=null, actionName=DONE, actionLabel=null, initialSelStart=0, initialSelEnd=0, initialCapsMode=3000, label=null, fieldId=45, fieldName=null, extras=Bundle[mParcelledData.dataSize=404], hintText=non-empty, hintLocales=[]}}, true)
03-21 23:55:52.142  3591  3591 W SessionManager: SessionManager.beginSession():53 Try to begin an already begun session [INPUT_SESSION], end it first
03-21 23:55:52.143  3591  3591 W SessionManager: SessionManager.endSession():96 Child session [INPUT_VIEW_SESSION] is not ended while ending session [{IME_SESSION=1774126548314, INPUT_VIEW_SESSION=1774126548314, TRAINING_CACHE_SESSION=1774126548315, INPUT_SESSION=1774126548310}], ending it now.
03-21 23:55:52.143  3591  3591 W SessionManager: SessionManager.endSession():96 Child session [IME_SESSION] is not ended while ending session [{IME_SESSION=1774126548314, INPUT_VIEW_SESSION=1774126548314, TRAINING_CACHE_SESSION=1774126548315, INPUT_SESSION=1774126548310}], ending it now.
03-21 23:55:52.143  3591  3591 I AndroidIME: LatinIMEBase.updateInputViewCoverNavigation():314 Update input view padding, extendsTouchBelowSpace=true, bottom inset=126
03-21 23:55:52.145  3591  3591 I Module  : DeviceLockedStatusModuleProvider$Module.updateDeviceLockedStatus():103 repeatCheckTimes = 1, locked = false
03-21 23:55:52.146  3591  3591 I GoogleInputMethodService: GoogleInputMethodService.onStartInputView():1473 onStartInputView(EditorInfo{EditorInfo{packageName=com.rnat, inputType=21, inputTypeString=EmailAddress[], enableLearning=true, autoCorrection=false, autoComplete=true, imeOptions=8000006, privateImeOptions=null, actionName=DONE, actionLabel=null, initialSelStart=0, initialSelEnd=0, initialCapsMode=3000, label=null, fieldId=45, fieldName=null, extras=Bundle[{android.support.text.emoji.emojiCompat_metadataVersion=11, androidx.core.view.inputmethod.EditorInfoCompat.STYLUS_HANDWRITING_ENABLED=true, android.support.text.emoji.emojiCompat_replaceAll=false}], hintText=non-empty, hintLocales=[]}}, true)
03-21 23:55:52.146  1557  4381 W PackageConfigPersister: App-specific configuration not found for packageName: com.rnat and userId: 0
03-21 23:55:52.146  3591  3591 I InputBundle: InputBundle.consumeEvent():1041 Skip consuming an event as keyboard status is INACTIVE
03-21 23:55:52.148  3591  3591 I AndroidIME: AbstractIme.onDeactivate():213 LatinIme.onDeactivate()
03-21 23:55:52.148  3591  3591 W SessionManager: SessionManager.endSession():88 Try to end a not begun session [IME_SESSION].
03-21 23:55:52.148  3591  3591 I KeyboardHeightUtil: KeyboardHeightUtil.getOemKeyboardHeightRatio():81 systemKeyboardHeightRatio:1.000000.
03-21 23:55:52.150  3591  3840 I OnDeviceWmrCalculator: OnDeviceWmrCalculator.calculateWmr():94 WMR: -1.0000 (0 / 0)
03-21 23:55:52.151  3591  3591 I AndroidIME: InputBundleManager.loadActiveInputBundleId():531 loadActiveInputBundleId: en-US, ime_english_united_states
03-21 23:55:52.151  3591  3591 I AndroidIME: AbstractIme.onActivate():95 LatinIme.onActivate() : EditorInfo = EditorInfo{packageName=com.rnat, inputType=21, inputTypeString=EmailAddress[], enableLearning=true, autoCorrection=false, autoComplete=true, imeOptions=8000006, privateImeOptions=null, actionName=DONE, actionLabel=null, initialSelStart=0, initialSelEnd=0, initialCapsMode=3000, label=null, fieldId=45, fieldName=null, extras=Bundle[{android.support.text.emoji.emojiCompat_metadataVersion=11, androidx.core.view.inputmethod.EditorInfoCompat.STYLUS_HANDWRITING_ENABLED=true, android.support.text.emoji.emojiCompat_replaceAll=false}], hintText=non-empty, hintLocales=[]}, IncognitoMode = false, DeviceLocked = false
03-21 23:55:52.151  3591  3591 I Delight5Facilitator: Delight5Facilitator.initializeForIme():745 initializeForIme() : Locale = [en_US], layout = qwerty
03-21 23:55:52.152  3591  3591 I LatinIme: LatinIme.updateEnableInlineSuggestionsOnDecoderSideFlags():1271 inline flag updated to:false
03-21 23:55:52.152  3591  3591 I LatinIme: LatinIme.updateEnableInlineSuggestionsOnDecoderSideFlags():1271 inline flag updated to:false
03-21 23:55:52.152  3591  3840 W ModuleManager: ModuleManager.loadModule():634 Module prd is not available
03-21 23:55:52.154  3591  3591 I LatinIme: LatinIme.resetInputContext():2278 resetInputContext(): reason=1, externalEditsInfo=ExternalEditsInfo{action=0, offset=-1, text=null, originalText=null, edits=null}
03-21 23:55:52.155  3591  3591 I InputBundle: InputBundle.consumeEvent():1041 Skip consuming an event as keyboard status is INACTIVE
03-21 23:55:52.156  3591  3591 I KeyboardWrapper: KeyboardWrapper.activateKeyboard():582 activateKeyboard(): type=prime, status=INACTIVE, imeDef=nwb{stringId=ime_english_united_states, language=en-US, languageTag=en-US, processedConditions={writing_helper_enable_by_word_revert=false, true=true, enable_number_row=false, device=phone, enable_pk_simulator=false}, className=com.google.android.apps.inputmethod.libs.latin5.LatinIme, label=0, keyEventInterpreter=null, inlineComposing=true, autoCapital=true, announceAutoSelectedCandidate=true, statusIcon=0, indicatorIcon=0, indicatorLabel=US, displayAppCompletions=true, extraValues=nvu{#0x7f0b02e3=TypedValue{t=0x3/d=0x0 "com.google.android.apps.inputmethod.libs.latin5.LatinIme"}}, processors=nxu@33d1bb6, unacceptableMetaKeys=4098, languageSpecificSettings=0, asciiCapable=true, alwaysShowSuggestions=false, useAsciiPasswordKeyboard=false, keyboardGroupDef=nxd@98a47f0, phenotypeFlagId=0, localizationLanguageTag=null, supportsInlineSuggestion=true}
03-21 23:55:52.156  3591  3591 I KeyboardManager: KeyboardManager.requestKeyboard():249 Creating keyboard prime, imeId=ime_english_united_states, cacheKey=theme,!gsf,!pgsans,!pgsf,!use_system_font,BORDER,FLAVOR_DPI=XXHDPI,KEYBOARD_WIDTH_CATEGORY=NORMAL,KEY_BORDER_SHAPE=1,LIGHT_THEME=false,PHYSICAL_DIAGONAL=6.0649586,POPUP,SCREEN_SHORTEST_WIDTH=411,SCREEN_SHORTEST_WIDTH_NO_SCALE=411,SW400DP,XXHDPI,bottom4dp,enable_popup_on_keypress=true,keyboard_redesign_google_sans=true,non_linear_scale,noshadow,overlay_builtin_dynamic_color_dark_base.binarypb:gm3-dark-ff0d0e12-ffb8c6ee-4dd27a30afe06facd02255cbda95da6f,silkpopup
03-21 23:55:52.157  3591  3591 I KeyboardWrapper: KeyboardWrapper.onKeyboardReady():224 onKeyboardReady(): type=prime(prime), kb=com.google.android.apps.inputmethod.latin.keyboard.LatinPrimeKeyboard@1e3f31c
03-21 23:55:52.157  3591  3591 I KeyboardWrapper: KeyboardWrapper.doActivateKeyboard():612 doActivateKeyboard(): prime
03-21 23:55:52.159  3591  3591 I BaseKeyboardSizeHelper: BaseKeyboardSizeHelper.calculateMaxKeyboardBodyHeight():73 leave 281 height for app when ime window height:2181, header height:116 and isFullscreenMode:false, so the max keyboard body height is:1784
03-21 23:55:52.159  3591  3591 W TooltipLifecycleManager: TooltipLifecycleManager.dismissTooltips():153 Tooltip with id undo_access_point_promotion_banner not found in tooltipManager.
03-21 23:55:52.159  3591  3591 I GlobeKeyExtension: GlobeKeyExtension.getKeyboardInitialStates():185 
03-21 23:55:52.160  3591  3591 W Keyboard: Keyboard.getKeyboardViewHelper():604 null helper is returned: keyboardDef=nww{processedConditions={show_comma_key=true, enable_more_candidates_view_for_multilingual=false, layout_9key_split=false, enable_secondary_symbols=false, pref_enable_flick_symbols=false, enable_scrub_move=true, language=en-US, deprecate_long_press_space_for_ime_picker=false, expressions=normal, android_software_xr_api_spatial=false, variant=qwerty, free_cursor=false, show_period_key=true, device=phone, keyboard_mode=normal, show_secondary_digits=true, enable_pk_simulator=false, enable_preemptive_decode=true}, globalConditions={global_theme_key=theme,!gsf,!pgsans,!pgsf,!use_system_font,BORDER,FLAVOR_DPI=XXHDPI,KEYBOARD_WIDTH_CATEGORY=NORMAL,KEY_BORDER_SHAPE=1,LIGHT_THEME=false,PHYSICAL_DIAGONAL=6.0649586,POPUP,SCREEN_SHORTEST_WIDTH=411,SCREEN_SHORTEST_WIDTH_NO_SCALE=411,SW400DP,XXHDPI,bottom4dp,enable_popup_on_keypress=true,keyboard_redesign_google_sans=true,non_linear_scale,noshadow,overlay_builtin_dynamic_color_dark_base.binarypb:gm3-dark-ff0d0e12-ffb8c6ee-4dd27a30afe06facd02255cbda95da6f,silkpopup, global_locale=en_US, global_density_dpi=420, global_orientation=1}, className=.latin.keyboard.LatinPrimeKeyboard, resourceIds=[#0x7f1705f8, #0x7f17088a], initialStates=0, keyboardViewDefs=[nxl{direction=null, id=#0x7f0b0226, isScalable=true, layoutId=#0x7f0e037b, type=BODY, touchable=true, defaultShow=true}, nxl{direction=null, id=#0x7f0b0226, isScalable=false, layoutId=#0x7f0e0211, type=FLOATING_CANDIDATES, touchable=false, defaultShow=false}, nxl{direction=LOCALE, id=#0x7f0b0226, isScalable=false, layoutId=#0x7f0e0518, type=HEADER, touchable=true, defaultShow=true}], persistentStates=0, persistentStatesPrefKey=null, popupBubbleLayoutId=#0x7f0e0606, recentKeyLayoutId=#0x0, recentKeyPopupLayoutId=#0x0, recentKeyType=null, rememberRecentKey=NONE, sessionStates=17592186044419}, type=WIDGET, helpersCreated={HEADER=nhw@153cef9, BODY=nhw@7552e3e, FLOATING_CANDIDATES=nhw@54fc49f}, context.getResources().getConfiguration(): {1.0 257mcc2mnc [en_US,ru_BY] ldltr sw411dp w411dp h914dp 420dpi nrml long compactNeeded port night finger -keyb/v/h -nav/h winConfig={ mBounds=Rect(0, 0 - 1080, 2400) mAppBounds=Rect(0, 0 - 1080, 2400) mMaxBounds=Rect(0, 0 - 1080, 2400) mDisplayRotation=ROTATION_0 mWindowingMode=fullscreen mActivityType=undefined mAlwaysOnTop=undefined mRotation=ROTATION_0} as.3 s.42 fontWeightAdjustment=0}
03-21 23:55:52.160  3591  3591 I BaseKeyboardSizeHelper: BaseKeyboardSizeHelper.calculateMaxKeyboardBodyHeight():73 leave 281 height for app when ime window height:2181, header height:116 and isFullscreenMode:false, so the max keyboard body height is:1784
03-21 23:55:52.162  3591  3591 I AndroidIME: InputBundleManager.startInput():361 startInput() with nxh[keyboardType=prime, payload=null]
03-21 23:55:52.162  3591  3591 W TooltipLifecycleManager: TooltipLifecycleManager.dismissTooltips():153 Tooltip with id SUGGESTION_VIEW_EDU_MINI_DIALOG not found in tooltipManager.
03-21 23:55:52.162  3591  3591 I GlobeKeyExtension: GlobeKeyExtension.onDeactivate():153 
03-21 23:55:52.163  3591  3591 I VoiceInputManagerWrapper: VoiceInputManagerWrapper.shutdown():131 shutdown()
03-21 23:55:52.164  3591  3591 I PkModeUpdater: PkModeUpdater.onActivate():76 onActivate false true
03-21 23:55:52.164  3591  3591 I AccessoryInputModeManager: AccessoryInputModeManager.onModeStarted():324 Accessory input mode started: null
03-21 23:55:52.164  3591  3591 W SupplementaryKeyboardsWrapper: SupplementaryKeyboardsWrapper.deactivateKeyboard():162 keyboard accessory_candidates_consumer is not activated before!
03-21 23:55:52.165  3591  3591 I GlobeKeyExtension: GlobeKeyExtension.onActivate():129 
03-21 23:55:52.165  3591  3591 I KeyboardModeUtils: KeyboardModeUtils.getKeyboardBottomOffset():435 inch: 0.000000 ydpi: 409.127014 adjustKeyboardBottomByDisplaySize: false currentDensityDpi: 420 defaultDensityDpi: 420 keyboardBottomToScreenPx: 0 keyboardBottomToNavBarPx: -126 navBarHeight: 126
03-21 23:55:52.165  3591  3591 I BaseKeyboardSizeHelper: BaseKeyboardSizeHelper.calculateMaxKeyboardBodyHeight():73 leave 281 height for app when ime window height:2181, header height:116 and isFullscreenMode:false, so the max keyboard body height is:1784
03-21 23:55:52.166  3591  3591 I BaseKeyboardSizeHelper: BaseKeyboardSizeHelper.calculateMaxKeyboardBodyHeight():73 leave 281 height for app when ime window height:2181, header height:116 and isFullscreenMode:false, so the max keyboard body height is:1784
03-21 23:55:52.166  3591  3591 I BaseKeyboardSizeHelper: BaseKeyboardSizeHelper.calculateMaxKeyboardBodyHeight():73 leave 281 height for app when ime window height:2181, header height:116 and isFullscreenMode:false, so the max keyboard body height is:1784
03-21 23:55:52.166  3591  3591 I BaseKeyboardSizeHelper: BaseKeyboardSizeHelper.calculateMaxKeyboardBodyHeight():73 leave 281 height for app when ime window height:2181, header height:116 and isFullscreenMode:false, so the max keyboard body height is:1784
03-21 23:55:52.166  3591  3591 W ExtensionWrapper: ExtensionWrapper.setExtensionViewVisibility():876 interface nlm is not activate
03-21 23:55:52.166  3591  3591 I VoiceInputManagerWrapper: VoiceInputManagerWrapper.cancelShutdown():109 cancelShutdown()
03-21 23:55:52.166  3591  3591 I VoiceInputManagerWrapper: VoiceInputManagerWrapper.syncLanguagePacks():121 syncLanguagePacks()
03-21 23:55:52.167  3591  3591 I VoiceInputManager: VoiceInputManager.onKeyboardActivated():1216 onKeyboardActivated() [UD]
03-21 23:55:52.167  3591  5961 I SpeechFactory: SpeechRecognitionFactory.maybeScheduleAutoPackDownloadForFallback():217 maybeScheduleAutoPackDownloadForFallback()
03-21 23:55:52.167  3591  5961 I FallbackOnDeviceRecognitionProvider: FallbackOnDeviceRecognitionProvider.maybeScheduleAutoPackDownload():213 maybeScheduleAutoPackDownload() for language tag en-US
03-21 23:55:52.168  3591  3591 I Module  : DeviceLockedStatusModuleProvider$Module.updateDeviceLockedStatus():103 repeatCheckTimes = 1, locked = false
03-21 23:55:52.168  3591  3591 I VoiceImeExtension: VoiceImeExtension.shouldStartVoiceInputAutomaticallyInCurrentInputBox():384 No private IME option set to start voice input.
03-21 23:55:52.169  3591  3591 W InputContextProxy: InputContextProxy.applyClientDiffInternal():933 Ignore [FetchSuggestions] diff due to stale request: 92<96, inputStateId=87, lastInputStateId=89
03-21 23:55:52.179  3591  3591 I GoogleInputMethodService: GoogleInputMethodService$1.onKeyboardViewShown():331 onKeyboardViewShown: keyboardType=prime, keyboardViewType=HEADER keyboardView=com.google.android.libraries.inputmethod.widgets.SoftKeyboardView{ed73005 V.E...... ........ 0,0-1080,116}
03-21 23:55:52.180  3591  3591 I BaseKeyboardSizeHelper: BaseKeyboardSizeHelper.calculateMaxKeyboardBodyHeight():73 leave 281 height for app when ime window height:2181, header height:116 and isFullscreenMode:false, so the max keyboard body height is:1784
03-21 23:55:52.180  3591  3591 I GoogleInputMethodService: GoogleInputMethodService$1.onKeyboardViewShown():331 onKeyboardViewShown: keyboardType=prime, keyboardViewType=BODY keyboardView=com.google.android.libraries.inputmethod.widgets.SoftKeyboardView{1ddb117 V.E...... ........ 0,0-1080,641}
03-21 23:55:52.180  3591  3591 I BaseKeyboardSizeHelper: BaseKeyboardSizeHelper.calculateMaxKeyboardBodyHeight():73 leave 281 height for app when ime window height:2181, header height:116 and isFullscreenMode:false, so the max keyboard body height is:1784
03-21 23:55:52.180  3591  3591 I GlobeKeyExtension: GlobeKeyExtension$1.onKeyboardViewShown():76 maybeDisableLanguageSwitchKeyPref when the keyboard is shown
03-21 23:55:52.180  3591  3591 I GlobeKeyExtension: GlobeKeyExtension.maybeDisableLanguageSwitchKeyPref():210 maybeDisableLanguageSwitchKeyPref hasGlobeKeyBeenDisabled: false, shouldDisableLanguageSwitchKey: false
03-21 23:55:52.180  3591  3591 I NewLanguagePromptExtension: NewLanguagePromptExtension$1.onKeyboardViewShown():98 Not show new language banner: no change in enabled input method entries
03-21 23:55:52.181  3591  3591 I DynamicLayoutHandler: DynamicLayoutHandler.loadDynamicKeys():92 This isn't a dynamic layout.
03-21 23:55:52.181  3591  3982 I Delight5Decoder: Delight5DecoderWrapper.setKeyboardLayout():552 setKeyboardLayout()
03-21 23:55:52.181  3591  3591 I KeyboardModeUtils: KeyboardModeUtils.getKeyboardBottomOffset():435 inch: 0.000000 ydpi: 409.127014 adjustKeyboardBottomByDisplaySize: false currentDensityDpi: 420 defaultDensityDpi: 420 keyboardBottomToScreenPx: 0 keyboardBottomToNavBarPx: -126 navBarHeight: 126
03-21 23:55:52.181  3591  3591 I BaseKeyboardSizeHelper: BaseKeyboardSizeHelper.calculateMaxKeyboardBodyHeight():73 leave 281 height for app when ime window height:2181, header height:116 and isFullscreenMode:false, so the max keyboard body height is:1784
03-21 23:55:52.182  3591  3591 I BaseKeyboardSizeHelper: BaseKeyboardSizeHelper.calculateMaxKeyboardBodyHeight():73 leave 281 height for app when ime window height:2181, header height:116 and isFullscreenMode:false, so the max keyboard body height is:1784
03-21 23:55:52.218   884   900 I WifiHAL : feature_set=0x8488141a
03-21 23:55:52.219  1557  1939 I HalDevMgr: bestIfaceCreationProposal is null, requestIface=STA, existingIface=[name=wlan0 type=STA]
03-21 23:55:52.262   849  1055 I hwcomposer: [HWC] (0)fire a callback of refresh to SF[4]  
03-21 23:55:52.276   623  2758 W libperfmgr: Failed to write to node: /dev/stune/top-app/schedtune.boost with value: 10, fd: -1
03-21 23:55:52.276   623  2758 W libperfmgr: Failed to write to node: /proc/sys/kernel/sched_boost with value: 0, fd: -1
03-21 23:55:52.302 27876 27876 W libbinder.BackendUnifiedServiceManager: Thread Pool max thread count is 0. Cannot cache binder as linkToDeath cannot be implemented. serviceName: deviceidle
03-21 23:55:52.331 27878 27878 W libbinder.BackendUnifiedServiceManager: Thread Pool max thread count is 0. Cannot cache binder as linkToDeath cannot be implemented. serviceName: battery
03-21 23:55:52.344   623  2758 W libperfmgr: Failed to write to node: /dev/stune/top-app/schedtune.boost with value: 10, fd: -1
03-21 23:55:52.344   623  2758 W libperfmgr: Failed to write to node: /proc/sys/kernel/sched_boost with value: 0, fd: -1
03-21 23:55:52.347 27880 27880 W libbinder.BackendUnifiedServiceManager: Thread Pool max thread count is 0. Cannot cache binder as linkToDeath cannot be implemented. serviceName: deviceidle
03-21 23:55:52.356  3591  3591 W TooltipLifecycleManager: TooltipLifecycleManager.dismissTooltips():153 Tooltip with id spell_check_add_to_dictionary not found in tooltipManager.
03-21 23:55:52.371 27883 27883 W libbinder.BackendUnifiedServiceManager: Thread Pool max thread count is 0. Cannot cache binder as linkToDeath cannot be implemented. serviceName: activity
03-21 23:55:52.377  1557  3561 I ImeTracker: system_server:3b159179: onRequestShow at ORIGIN_SERVER reason CONTROLS_CHANGED fromUser false
03-21 23:55:52.429 27892 27892 W libbinder.BackendUnifiedServiceManager: Thread Pool max thread count is 0. Cannot cache binder as linkToDeath cannot be implemented. serviceName: battery
03-21 23:55:52.532   849  1086 I hwcomposer: [HWCDisplay] [Display_0 (type:1)] fps:19.229326,dur:1144.09,max:251.51,min:10.91  
03-21 23:55:52.560  3591  3591 W TooltipLifecycleManager: TooltipLifecycleManager.dismissTooltips():153 Tooltip with id SUGGESTION_VIEW_EDU_MINI_DIALOG not found in tooltipManager.
03-21 23:55:52.568  1557  3561 W PresentationStatsEventLogger: Bad view state for: 1073741824, state: ViewState: [id=1073741855@1434279259, state:c008, currentValue:android.view.autofill.AutofillValue@e2c]
03-21 23:55:52.581  3591  3591 I KeyboardModeUtils: KeyboardModeUtils.getKeyboardBottomOffset():435 inch: 0.000000 ydpi: 409.127014 adjustKeyboardBottomByDisplaySize: false currentDensityDpi: 420 defaultDensityDpi: 420 keyboardBottomToScreenPx: 0 keyboardBottomToNavBarPx: -126 navBarHeight: 126
03-21 23:55:52.581  3591  3591 I BaseKeyboardSizeHelper: BaseKeyboardSizeHelper.calculateMaxKeyboardBodyHeight():73 leave 281 height for app when ime window height:2181, header height:116 and isFullscreenMode:false, so the max keyboard body height is:1784
03-21 23:55:52.582  3591  3591 I BaseKeyboardSizeHelper: BaseKeyboardSizeHelper.calculateMaxKeyboardBodyHeight():73 leave 281 height for app when ime window height:2181, header height:116 and isFullscreenMode:false, so the max keyboard body height is:1784
03-21 23:55:52.694  3591  3591 W TooltipLifecycleManager: TooltipLifecycleManager.dismissTooltips():153 Tooltip with id SUGGESTION_VIEW_EDU_MINI_DIALOG not found in tooltipManager.
03-21 23:55:52.699  1557  3561 W PresentationStatsEventLogger: Bad view state for: 1073741824, state: ViewState: [id=1073741855@1434279259, state:c008, currentValue:android.view.autofill.AutofillValue@1c523]
03-21 23:55:52.720  3591  3591 I KeyboardModeUtils: KeyboardModeUtils.getKeyboardBottomOffset():435 inch: 0.000000 ydpi: 409.127014 adjustKeyboardBottomByDisplaySize: false currentDensityDpi: 420 defaultDensityDpi: 420 keyboardBottomToScreenPx: 0 keyboardBottomToNavBarPx: -126 navBarHeight: 126
03-21 23:55:52.720  3591  3591 I BaseKeyboardSizeHelper: BaseKeyboardSizeHelper.calculateMaxKeyboardBodyHeight():73 leave 281 height for app when ime window height:2181, header height:116 and isFullscreenMode:false, so the max keyboard body height is:1784
03-21 23:55:52.720  3591  3591 I BaseKeyboardSizeHelper: BaseKeyboardSizeHelper.calculateMaxKeyboardBodyHeight():73 leave 281 height for app when ime window height:2181, header height:116 and isFullscreenMode:false, so the max keyboard body height is:1784
03-21 23:55:52.830   849  1055 I hwcomposer: [HWC] (0)fire a callback of refresh to SF[4]  
03-21 23:55:52.842   623  2758 W libperfmgr: Failed to write to node: /dev/stune/top-app/schedtune.boost with value: 10, fd: -1
03-21 23:55:52.842   623  2758 W libperfmgr: Failed to write to node: /proc/sys/kernel/sched_boost with value: 0, fd: -1
03-21 23:55:52.876   623  2758 W libperfmgr: Failed to write to node: /dev/stune/top-app/schedtune.boost with value: 10, fd: -1
03-21 23:55:52.876   623  2758 W libperfmgr: Failed to write to node: /proc/sys/kernel/sched_boost with value: 0, fd: -1
03-21 23:55:52.921  3591  3591 W TooltipLifecycleManager: TooltipLifecycleManager.dismissTooltips():153 Tooltip with id SUGGESTION_VIEW_EDU_MINI_DIALOG not found in tooltipManager.
03-21 23:55:52.930  1557  4381 W PresentationStatsEventLogger: Bad view state for: 1073741824, state: ViewState: [id=1073741855@1434279259, state:c008, currentValue:android.view.autofill.AutofillValue@36eb5a]
03-21 23:55:52.949  3591  3591 I KeyboardModeUtils: KeyboardModeUtils.getKeyboardBottomOffset():435 inch: 0.000000 ydpi: 409.127014 adjustKeyboardBottomByDisplaySize: false currentDensityDpi: 420 defaultDensityDpi: 420 keyboardBottomToScreenPx: 0 keyboardBottomToNavBarPx: -126 navBarHeight: 126
03-21 23:55:52.950  3591  3591 I BaseKeyboardSizeHelper: BaseKeyboardSizeHelper.calculateMaxKeyboardBodyHeight():73 leave 281 height for app when ime window height:2181, header height:116 and isFullscreenMode:false, so the max keyboard body height is:1784
03-21 23:55:52.950  3591  3591 I BaseKeyboardSizeHelper: BaseKeyboardSizeHelper.calculateMaxKeyboardBodyHeight():73 leave 281 height for app when ime window height:2181, header height:116 and isFullscreenMode:false, so the max keyboard body height is:1784
03-21 23:55:53.093  3591  3591 W TooltipLifecycleManager: TooltipLifecycleManager.dismissTooltips():153 Tooltip with id SUGGESTION_VIEW_EDU_MINI_DIALOG not found in tooltipManager.
03-21 23:55:53.103  1557  4381 W PresentationStatsEventLogger: Bad view state for: 1073741824, state: ViewState: [id=1073741855@1434279259, state:c008, currentValue:android.view.autofill.AutofillValue@6a68d96]
03-21 23:55:53.106   849  1055 I hwcomposer: [HWC] (0)fire a callback of refresh to SF[4]  
03-21 23:55:53.116  3591  3591 I KeyboardModeUtils: KeyboardModeUtils.getKeyboardBottomOffset():435 inch: 0.000000 ydpi: 409.127014 adjustKeyboardBottomByDisplaySize: false currentDensityDpi: 420 defaultDensityDpi: 420 keyboardBottomToScreenPx: 0 keyboardBottomToNavBarPx: -126 navBarHeight: 126
03-21 23:55:53.117  3591  3591 I BaseKeyboardSizeHelper: BaseKeyboardSizeHelper.calculateMaxKeyboardBodyHeight():73 leave 281 height for app when ime window height:2181, header height:116 and isFullscreenMode:false, so the max keyboard body height is:1784
03-21 23:55:53.117  3591  3591 I BaseKeyboardSizeHelper: BaseKeyboardSizeHelper.calculateMaxKeyboardBodyHeight():73 leave 281 height for app when ime window height:2181, header height:116 and isFullscreenMode:false, so the max keyboard body height is:1784
03-21 23:55:53.120   623  2758 W libperfmgr: Failed to write to node: /dev/stune/top-app/schedtune.boost with value: 10, fd: -1
03-21 23:55:53.120   623  2758 W libperfmgr: Failed to write to node: /proc/sys/kernel/sched_boost with value: 0, fd: -1
03-21 23:55:53.130   623  2758 W libperfmgr: Failed to write to node: /dev/stune/top-app/schedtune.boost with value: 10, fd: -1
03-21 23:55:53.130   623  2758 W libperfmgr: Failed to write to node: /proc/sys/kernel/sched_boost with value: 0, fd: -1
03-21 23:55:53.142 27705 27711 W com.rnat: userfaultfd: MOVE ioctl seems unsupported: Connection timed out
03-21 23:55:53.246   849  1055 I hwcomposer: [HWC] (0)fire a callback of refresh to SF[4]  
03-21 23:55:53.253   623  2758 W libperfmgr: Failed to write to node: /dev/stune/top-app/schedtune.boost with value: 10, fd: -1
03-21 23:55:53.253   623  2758 W libperfmgr: Failed to write to node: /proc/sys/kernel/sched_boost with value: 0, fd: -1
03-21 23:55:53.331   623  2758 W libperfmgr: Failed to write to node: /dev/stune/top-app/schedtune.boost with value: 10, fd: -1
03-21 23:55:53.332   623  2758 W libperfmgr: Failed to write to node: /proc/sys/kernel/sched_boost with value: 0, fd: -1
03-21 23:55:53.337  3591  3591 W TooltipLifecycleManager: TooltipLifecycleManager.dismissTooltips():153 Tooltip with id SUGGESTION_VIEW_EDU_MINI_DIALOG not found in tooltipManager.
03-21 23:55:53.344  1557  3561 W PresentationStatsEventLogger: Bad view state for: 1073741824, state: ViewState: [id=1073741855@1434279259, state:c008, currentValue:android.view.autofill.AutofillValue@d3359ef9]
03-21 23:55:53.360  3591  3591 I KeyboardModeUtils: KeyboardModeUtils.getKeyboardBottomOffset():435 inch: 0.000000 ydpi: 409.127014 adjustKeyboardBottomByDisplaySize: false currentDensityDpi: 420 defaultDensityDpi: 420 keyboardBottomToScreenPx: 0 keyboardBottomToNavBarPx: -126 navBarHeight: 126
03-21 23:55:53.361  3591  3591 I BaseKeyboardSizeHelper: BaseKeyboardSizeHelper.calculateMaxKeyboardBodyHeight():73 leave 281 height for app when ime window height:2181, header height:116 and isFullscreenMode:false, so the max keyboard body height is:1784
03-21 23:55:53.361  3591  3591 I BaseKeyboardSizeHelper: BaseKeyboardSizeHelper.calculateMaxKeyboardBodyHeight():73 leave 281 height for app when ime window height:2181, header height:116 and isFullscreenMode:false, so the max keyboard body height is:1784
03-21 23:55:53.481  2441  4330 I libbinder.IPCThreadState: oneway function results for code 1 on binder at 0xb400006f97eb45e0 will be dropped but finished with status UNKNOWN_TRANSACTION and reply parcel size 80
03-21 23:55:53.494   849  1055 I hwcomposer: [HWC] (0)fire a callback of refresh to SF[4]  
03-21 23:55:53.506  3591  3591 I KeyboardModeUtils: KeyboardModeUtils.getKeyboardBottomOffset():435 inch: 0.000000 ydpi: 409.127014 adjustKeyboardBottomByDisplaySize: false currentDensityDpi: 420 defaultDensityDpi: 420 keyboardBottomToScreenPx: 0 keyboardBottomToNavBarPx: -126 navBarHeight: 126
03-21 23:55:53.506  3591  3591 I BaseKeyboardSizeHelper: BaseKeyboardSizeHelper.calculateMaxKeyboardBodyHeight():73 leave 281 height for app when ime window height:2181, header height:116 and isFullscreenMode:false, so the max keyboard body height is:1784
03-21 23:55:53.506  3591  3591 I BaseKeyboardSizeHelper: BaseKeyboardSizeHelper.calculateMaxKeyboardBodyHeight():73 leave 281 height for app when ime window height:2181, header height:116 and isFullscreenMode:false, so the max keyboard body height is:1784
03-21 23:55:53.509   623  2758 W libperfmgr: Failed to write to node: /dev/stune/top-app/schedtune.boost with value: 10, fd: -1
03-21 23:55:53.509   623  2758 W libperfmgr: Failed to write to node: /proc/sys/kernel/sched_boost with value: 0, fd: -1
03-21 23:55:53.520   623  2758 W libperfmgr: Failed to write to node: /dev/stune/top-app/schedtune.boost with value: 10, fd: -1
03-21 23:55:53.520   623  2758 W libperfmgr: Failed to write to node: /proc/sys/kernel/sched_boost with value: 0, fd: -1
03-21 23:55:53.574   849  1055 I hwcomposer: [HWC] (0)fire a callback of refresh to SF[4]  
03-21 23:55:53.586   623  2758 W libperfmgr: Failed to write to node: /dev/stune/top-app/schedtune.boost with value: 10, fd: -1
03-21 23:55:53.586   623  2758 W libperfmgr: Failed to write to node: /proc/sys/kernel/sched_boost with value: 0, fd: -1
03-21 23:55:53.592   849  1086 I hwcomposer: [HWCDisplay] [Display_0 (type:1)] fps:29.254557,dur:1059.66,max:82.15,min:7.64  
03-21 23:55:53.656   623  2758 W libperfmgr: Failed to write to node: /dev/stune/top-app/schedtune.boost with value: 10, fd: -1
03-21 23:55:53.656   623  2758 W libperfmgr: Failed to write to node: /proc/sys/kernel/sched_boost with value: 0, fd: -1
03-21 23:55:53.716  1557  3561 W PresentationStatsEventLogger: Empty dataset. Autofill ignoring log
03-21 23:55:53.716 27705 27705 I ImeTracker: com.rnat:37d2a164: onRequestShow at ORIGIN_CLIENT reason SHOW_SOFT_INPUT fromUser false
03-21 23:55:53.720 27705 27705 I ImeTracker: com.rnat:37d2a164: onCancelled at PHASE_CLIENT_APPLY_ANIMATION
03-21 23:55:53.723  1557  1921 I ImeTracker: com.rnat:b60c9a0c: onRequestShow at ORIGIN_SERVER reason ATTACH_NEW_INPUT fromUser false
03-21 23:55:53.723  3591  3591 I GoogleInputMethodService: GoogleInputMethodService.onFinishInputView():1602 onFinishInputView(true)
03-21 23:55:53.723  1557  1921 I ImeTracker: com.rnat:b60c9a0c: onCancelled at PHASE_SERVER_ALREADY_VISIBLE
03-21 23:55:53.724  3591  3591 W TooltipLifecycleManager: TooltipLifecycleManager.dismissTooltips():153 Tooltip with id SUGGESTION_VIEW_EDU_MINI_DIALOG not found in tooltipManager.
03-21 23:55:53.724  3591  3591 I GlobeKeyExtension: GlobeKeyExtension.onDeactivate():153 
03-21 23:55:53.724  1557  3561 I AppsFilter: interaction: PackageSetting{a33d3d3 com.rnat/10399} -> PackageSetting{563cac6 com.google.android.inputmethod.latin/10312} BLOCKED
03-21 23:55:53.724  1557  3561 W PresentationStatsEventLogger: Couldn't find packageName: com.google.android.inputmethod.latin
03-21 23:55:53.724  3591  3591 W TooltipLifecycleManager: TooltipLifecycleManager.dismissTooltips():153 Tooltip with id spell_check_add_to_dictionary not found in tooltipManager.
03-21 23:55:53.725  3591  3591 I VoiceInputManagerWrapper: VoiceInputManagerWrapper.shutdown():131 shutdown()
03-21 23:55:53.725  3591  3591 I InputBundle: InputBundle.consumeEvent():1041 Skip consuming an event as keyboard status is INACTIVE
03-21 23:55:53.725 27705 27705 W RemoteInputConnectionImpl: requestCursorUpdates on inactive InputConnection
03-21 23:55:53.726  3591  3591 I AndroidIME: AbstractIme.onDeactivate():213 LatinIme.onDeactivate()
03-21 23:55:53.727  3591  3591 I PrimesLoggerHolder: FrameMetricServiceImpl.stopAsFuture():213 Measurement not found: OnConfigurationChanged
03-21 23:55:53.727  3591  3591 I GoogleInputMethodService: GoogleInputMethodService.onFinishInput():2114 
03-21 23:55:53.727  3591  3591 I Module  : DeviceLockedStatusModuleProvider$Module.updateDeviceLockedStatus():103 repeatCheckTimes = 0, locked = false
03-21 23:55:53.728  3591  3840 I OnDeviceWmrCalculator: OnDeviceWmrCalculator.calculateWmr():94 WMR: 0.0000 (0 / 2)
03-21 23:55:53.728  3591  3591 I GoogleInputMethodService: GoogleInputMethodService.onStartInput():1385 onStartInput(EditorInfo{EditorInfo{packageName=com.rnat, inputType=4081, inputTypeString=Password[CapSentences], enableLearning=false, autoCorrection=false, autoComplete=true, imeOptions=4000006, privateImeOptions=null, actionName=DONE, actionLabel=null, initialSelStart=0, initialSelEnd=0, initialCapsMode=2000, label=null, fieldId=55, fieldName=null, extras=Bundle[mParcelledData.dataSize=404], hintText=non-empty, hintLocales=[]}}, false)
03-21 23:55:53.728  3591  3591 I AndroidIME: LatinIMEBase.updateInputViewCoverNavigation():314 Update input view padding, extendsTouchBelowSpace=true, bottom inset=126
03-21 23:55:53.728  3591  3591 I HardKeyTracker: HardKeyTracker.unregisterKeySequence():229 Unregister key sequence oum{labelResId=0, callback=ctk@19c0f22, lastModifier=0, keyCodes=[57, 57], actions=[1, 0]}
03-21 23:55:53.729  3591  3591 I HardKeyTracker: HardKeyTracker.unregisterKeySequence():229 Unregister key sequence oum{labelResId=0, callback=ctk@25afdb3, lastModifier=0, keyCodes=[58, 58], actions=[1, 0]}
03-21 23:55:53.729  3591  3591 I Module  : DeviceLockedStatusModuleProvider$Module.updateDeviceLockedStatus():103 repeatCheckTimes = 1, locked = false
03-21 23:55:53.730  3591  3591 I GoogleInputMethodService: GoogleInputMethodService.onStartInputView():1473 onStartInputView(EditorInfo{EditorInfo{packageName=com.rnat, inputType=4081, inputTypeString=Password[CapSentences], enableLearning=false, autoCorrection=false, autoComplete=true, imeOptions=4000006, privateImeOptions=null, actionName=DONE, actionLabel=null, initialSelStart=0, initialSelEnd=0, initialCapsMode=2000, label=null, fieldId=55, fieldName=null, extras=Bundle[{android.support.text.emoji.emojiCompat_metadataVersion=11, androidx.core.view.inputmethod.EditorInfoCompat.STYLUS_HANDWRITING_ENABLED=false, android.support.text.emoji.emojiCompat_replaceAll=false}], hintText=non-empty, hintLocales=[]}}, false)
03-21 23:55:53.730  3591  3591 I KeyboardHeightUtil: KeyboardHeightUtil.getOemKeyboardHeightRatio():81 systemKeyboardHeightRatio:1.000000.
03-21 23:55:53.730  1557  3361 W PackageConfigPersister: App-specific configuration not found for packageName: com.rnat and userId: 0
03-21 23:55:53.732  3591  3591 I AndroidIME: InputBundleManager.loadActiveInputBundleId():531 loadActiveInputBundleId: und-Latn-x-password, password
03-21 23:55:53.732  3591  3591 I AndroidIME: AbstractIme.onActivate():95 PasswordIme.onActivate() : EditorInfo = EditorInfo{packageName=com.rnat, inputType=4081, inputTypeString=Password[CapSentences], enableLearning=false, autoCorrection=false, autoComplete=true, imeOptions=4000006, privateImeOptions=null, actionName=DONE, actionLabel=null, initialSelStart=0, initialSelEnd=0, initialCapsMode=2000, label=null, fieldId=55, fieldName=null, extras=Bundle[{android.support.text.emoji.emojiCompat_metadataVersion=11, androidx.core.view.inputmethod.EditorInfoCompat.STYLUS_HANDWRITING_ENABLED=false, android.support.text.emoji.emojiCompat_replaceAll=false}], hintText=non-empty, hintLocales=[]}, IncognitoMode = false, DeviceLocked = false
03-21 23:55:53.733  3591  3840 W ModuleManager: ModuleManager.loadModule():634 Module prd is not available
03-21 23:55:53.733  3591  3591 I KeyboardWrapper: KeyboardWrapper.activateKeyboard():582 activateKeyboard(): type=prime, status=INACTIVE, imeDef=nwb{stringId=password, language=und-Latn-x-password, languageTag=und-Latn-x-password, processedConditions={writing_helper_enable_by_word_revert=false, variant=qwerty, true=true, language=en-US, enable_number_row=true, device=phone, enable_number_row_in_password=true, enable_pk_simulator=false}, className=com.google.android.libraries.inputmethod.ime.password.PasswordIme, label=2132019349, keyEventInterpreter=null, inlineComposing=true, autoCapital=true, announceAutoSelectedCandidate=true, statusIcon=0, indicatorIcon=0, indicatorLabel=null, displayAppCompletions=false, extraValues=nvu{}, processors=nxu@33d1bb6, unacceptableMetaKeys=4098, languageSpecificSettings=0, asciiCapable=false, alwaysShowSuggestions=false, useAsciiPasswordKeyboard=false, keyboardGroupDef=nxd@43a70b7, phenotypeFlagId=0, localizationLanguageTag=null, supportsInlineSuggestion=false}
03-21 23:55:53.733  3591  3591 I KeyboardManager: KeyboardManager.requestKeyboard():249 Creating keyboard prime, imeId=password, cacheKey=theme,!gsf,!pgsans,!pgsf,!use_system_font,BORDER,FLAVOR_DPI=XXHDPI,KEYBOARD_WIDTH_CATEGORY=NORMAL,KEY_BORDER_SHAPE=1,LIGHT_THEME=false,PHYSICAL_DIAGONAL=6.0649586,POPUP,SCREEN_SHORTEST_WIDTH=411,SCREEN_SHORTEST_WIDTH_NO_SCALE=411,SW400DP,XXHDPI,bottom4dp,enable_popup_on_keypress=true,keyboard_redesign_google_sans=true,non_linear_scale,noshadow,overlay_builtin_dynamic_color_dark_base.binarypb:gm3-dark-ff0d0e12-ffb8c6ee-4dd27a30afe06facd02255cbda95da6f,silkpopup
03-21 23:55:53.734  3591  3591 I KeyboardWrapper: KeyboardWrapper.onKeyboardReady():224 onKeyboardReady(): type=prime(prime), kb=com.google.android.apps.inputmethod.latin.keyboard.LatinPasswordKeyboard@2ce57f1
03-21 23:55:53.734  3591  3591 I KeyboardWrapper: KeyboardWrapper.doActivateKeyboard():612 doActivateKeyboard(): prime
03-21 23:55:53.740  3591  3591 I BaseKeyboardSizeHelper: BaseKeyboardSizeHelper.calculateMaxKeyboardBodyHeight():73 leave 281 height for app when ime window height:2181, header height:116 and isFullscreenMode:false, so the max keyboard body height is:1784
03-21 23:55:53.740  3591  3591 W TooltipLifecycleManager: TooltipLifecycleManager.dismissTooltips():153 Tooltip with id undo_access_point_promotion_banner not found in tooltipManager.
03-21 23:55:53.742  3591  3591 I KeyboardModeUtils: KeyboardModeUtils.getKeyboardBottomOffset():435 inch: 0.000000 ydpi: 409.127014 adjustKeyboardBottomByDisplaySize: false currentDensityDpi: 420 defaultDensityDpi: 420 keyboardBottomToScreenPx: 0 keyboardBottomToNavBarPx: -126 navBarHeight: 126
03-21 23:55:53.742  3591  3591 I BaseKeyboardSizeHelper: BaseKeyboardSizeHelper.calculateMaxKeyboardBodyHeight():73 leave 281 height for app when ime window height:2181, header height:116 and isFullscreenMode:false, so the max keyboard body height is:1784
03-21 23:55:53.742  3591  3591 I BaseKeyboardSizeHelper: BaseKeyboardSizeHelper.calculateMaxKeyboardBodyHeight():73 leave 281 height for app when ime window height:2181, header height:116 and isFullscreenMode:false, so the max keyboard body height is:1784
03-21 23:55:53.742  3591  3591 I BaseKeyboardSizeHelper: BaseKeyboardSizeHelper.calculateMaxKeyboardBodyHeight():73 leave 281 height for app when ime window height:2181, header height:116 and isFullscreenMode:false, so the max keyboard body height is:1784
03-21 23:55:53.742  3591  3591 I BaseKeyboardSizeHelper: BaseKeyboardSizeHelper.calculateMaxKeyboardBodyHeight():73 leave 281 height for app when ime window height:2181, header height:116 and isFullscreenMode:false, so the max keyboard body height is:1784
03-21 23:55:53.743  3591  3591 I GlobeKeyExtension: GlobeKeyExtension.getKeyboardInitialStates():185 
03-21 23:55:53.743  3591  3591 W Keyboard: Keyboard.getKeyboardViewHelper():604 null helper is returned: keyboardDef=nww{processedConditions={show_comma_key=true, enable_more_candidates_view_for_multilingual=false, layout_9key_split=false, enable_secondary_symbols=false, pref_enable_flick_symbols=false, enable_scrub_move=true, language=en-US, deprecate_long_press_space_for_ime_picker=false, show_suggestion_strip=true, expressions=normal, android_software_xr_api_spatial=false, variant=qwerty, free_cursor=false, show_period_key=true, enable_number_row=true, device=phone, keyboard_mode=normal, show_secondary_digits=false, enable_pk_simulator=false, enable_preemptive_decode=true}, globalConditions={global_theme_key=theme,!gsf,!pgsans,!pgsf,!use_system_font,BORDER,FLAVOR_DPI=XXHDPI,KEYBOARD_WIDTH_CATEGORY=NORMAL,KEY_BORDER_SHAPE=1,LIGHT_THEME=false,PHYSICAL_DIAGONAL=6.0649586,POPUP,SCREEN_SHORTEST_WIDTH=411,SCREEN_SHORTEST_WIDTH_NO_SCALE=411,SW400DP,XXHDPI,bottom4dp,enable_popup_on_keypress=true,keyboard_redesign_google_sans=true,non_linear_scale,noshadow,overlay_builtin_dynamic_color_dark_base.binarypb:gm3-dark-ff0d0e12-ffb8c6ee-4dd27a30afe06facd02255cbda95da6f,silkpopup, global_locale=en_US, global_density_dpi=420, global_orientation=1}, className=.latin.keyboard.LatinPasswordKeyboard, resourceIds=[#0x7f1705f8, #0x7f17088a, #0x7f1706b8], initialStates=0, keyboardViewDefs=[nxl{direction=null, id=#0x7f0b0226, isScalable=true, layoutId=#0x7f0e02b5, type=BODY, touchable=true, defaultShow=true}, nxl{direction=null, id=#0x7f0b0226, isScalable=false, layoutId=#0x7f0e0211, type=FLOATING_CANDIDATES, touchable=false, defaultShow=false}, nxl{direction=LOCALE, id=#0x7f0b0226, isScalable=false, layoutId=#0x7f0e0518, type=HEADER, touchable=true, defaultShow=true}], persistentStates=0, persistentStatesPrefKey=null, popupBubbleLayoutId=#0x7f0e0606, recentKeyLayoutId=#0x0, recentKeyPopupLayoutId=#0x0, recentKeyType=null, rememberRecentKey=NONE, sessionStates=17592186044419}, type=WIDGET, helpersCreated={HEADER=nhw@a1feaf, BODY=nhw@aecf2bc, FLOATING_CANDIDATES=nhw@240d245}, context.getResources().getConfiguration(): {1.0 257mcc2mnc [en_US,ru_BY] ldltr sw411dp w411dp h914dp 420dpi nrml long compactNeeded port night finger -keyb/v/h -nav/h winConfig={ mBounds=Rect(0, 0 - 1080, 2400) mAppBounds=Rect(0, 0 - 1080, 2400) mMaxBounds=Rect(0, 0 - 1080, 2400) mDisplayRotation=ROTATION_0 mWindowingMode=fullscreen mActivityType=undefined mAlwaysOnTop=undefined mRotation=ROTATION_0} as.3 s.42 fontWeightAdjustment=0}
03-21 23:55:53.744  3591  3591 I BaseKeyboardSizeHelper: BaseKeyboardSizeHelper.calculateMaxKeyboardBodyHeight():73 leave 281 height for app when ime window height:2181, header height:116 and isFullscreenMode:false, so the max keyboard body height is:1784
03-21 23:55:53.748  3591  3591 I AndroidIME: InputBundleManager.startInput():361 startInput() with nxh[keyboardType=prime, payload=null]
03-21 23:55:53.749  3591  3591 I PkModeUpdater: PkModeUpdater.onActivate():76 onActivate false true
03-21 23:55:53.749  3591  3591 I AccessoryInputModeManager: AccessoryInputModeManager.onModeStarted():324 Accessory input mode started: null
03-21 23:55:53.749  3591  3591 W SupplementaryKeyboardsWrapper: SupplementaryKeyboardsWrapper.deactivateKeyboard():162 keyboard accessory_candidates_consumer is not activated before!
03-21 23:55:53.750  3591  3591 I GlobeKeyExtension: GlobeKeyExtension.onActivate():129 
03-21 23:55:53.751  3591  3591 I KeyboardModeUtils: KeyboardModeUtils.getKeyboardBottomOffset():435 inch: 0.000000 ydpi: 409.127014 adjustKeyboardBottomByDisplaySize: false currentDensityDpi: 420 defaultDensityDpi: 420 keyboardBottomToScreenPx: 0 keyboardBottomToNavBarPx: -126 navBarHeight: 126
03-21 23:55:53.751  3591  3591 I BaseKeyboardSizeHelper: BaseKeyboardSizeHelper.calculateMaxKeyboardBodyHeight():73 leave 281 height for app when ime window height:2181, header height:116 and isFullscreenMode:false, so the max keyboard body height is:1784
03-21 23:55:53.751  3591  3591 I BaseKeyboardSizeHelper: BaseKeyboardSizeHelper.calculateMaxKeyboardBodyHeight():73 leave 281 height for app when ime window height:2181, header height:116 and isFullscreenMode:false, so the max keyboard body height is:1784
03-21 23:55:53.751  3591  3591 I BaseKeyboardSizeHelper: BaseKeyboardSizeHelper.calculateMaxKeyboardBodyHeight():73 leave 281 height for app when ime window height:2181, header height:116 and isFullscreenMode:false, so the max keyboard body height is:1784
03-21 23:55:53.751  3591  3591 I BaseKeyboardSizeHelper: BaseKeyboardSizeHelper.calculateMaxKeyboardBodyHeight():73 leave 281 height for app when ime window height:2181, header height:116 and isFullscreenMode:false, so the max keyboard body height is:1784
03-21 23:55:53.751  3591  3591 W ExtensionWrapper: ExtensionWrapper.setExtensionViewVisibility():876 interface nlm is not activate
03-21 23:55:53.751  3591  3591 I NewLanguagePromptExtension: NewLanguagePromptExtension.onActivate():189 Not activated NewLanguagePromptExtension: not a normal text input box.
03-21 23:55:53.752  3591  3591 I VoiceInputManagerWrapper: VoiceInputManagerWrapper.cancelShutdown():109 cancelShutdown()
03-21 23:55:53.752  3591  3591 I VoiceInputManagerWrapper: VoiceInputManagerWrapper.syncLanguagePacks():121 syncLanguagePacks()
03-21 23:55:53.752  3591  3591 I VoiceInputManager: VoiceInputManager.onKeyboardActivated():1216 onKeyboardActivated() [UD]
03-21 23:55:53.752  3591  5961 I SpeechFactory: SpeechRecognitionFactory.maybeScheduleAutoPackDownloadForFallback():217 maybeScheduleAutoPackDownloadForFallback()
03-21 23:55:53.752  3591  5961 I FallbackOnDeviceRecognitionProvider: FallbackOnDeviceRecognitionProvider.maybeScheduleAutoPackDownload():213 maybeScheduleAutoPackDownload() for language tag en-US
03-21 23:55:53.752  3591  3591 I HardKeyTracker: HardKeyTracker.unregisterKeySequence():229 Unregister key sequence oum{labelResId=2132020519, callback=fdl@ec61fb, lastModifier=2, keyCodes=[56], actions=[0]}
03-21 23:55:53.752  3591  3591 I HardKeyTracker: HardKeyTracker.unregisterKeySequence():229 Unregister key sequence oum{labelResId=2132020519, callback=fdl@da26218, lastModifier=0, keyCodes=[317], actions=[0]}
03-21 23:55:53.752  3591  3591 I HardKeyTracker: HardKeyTracker.registerKeySequence():178 Register key sequence oum{labelResId=2132020519, callback=fdl@348f4f9, lastModifier=2, keyCodes=[56], actions=[0]}
03-21 23:55:53.753  3591  3591 I HardKeyTracker: HardKeyTracker.registerKeySequence():178 Register key sequence oum{labelResId=2132020519, callback=fdl@24a5c3e, lastModifier=0, keyCodes=[317], actions=[0]}
03-21 23:55:53.753  3591  3591 W AccessPointsManager: AccessPointsManager.addAccessPoint():1092 The holder controller #0x7f0b2471 is not registered
03-21 23:55:53.754  3591  3591 I Module  : DeviceLockedStatusModuleProvider$Module.updateDeviceLockedStatus():103 repeatCheckTimes = 1, locked = false
03-21 23:55:53.754  3591  3591 I HardKeyTracker: HardKeyTracker.unregisterKeySequence():229 Unregister key sequence oum{labelResId=2132020523, callback=fdl@da8c256, lastModifier=2, keyCodes=[48], actions=[0]}
03-21 23:55:53.754  3591  3591 I HardKeyTracker: HardKeyTracker.registerKeySequence():178 Register key sequence oum{labelResId=2132020523, callback=fdl@b1537ec, lastModifier=2, keyCodes=[48], actions=[0]}
03-21 23:55:53.755  3591  3591 I HardKeyTracker: HardKeyTracker.unregisterKeySequence():229 Unregister key sequence oum{labelResId=2132020523, callback=fdl@96787c4, lastModifier=2, keyCodes=[48], actions=[0]}
03-21 23:55:53.755  3591  3591 I HardKeyTracker: HardKeyTracker.registerKeySequence():178 Register key sequence oum{labelResId=2132020523, callback=fdl@b9ae7b5, lastModifier=2, keyCodes=[48], actions=[0]}
03-21 23:55:53.755  3591  3591 W AccessPointsManager: AccessPointsManager.addAccessPoint():1092 The holder controller #0x7f0b2471 is not registered
03-21 23:55:53.756  3591  3591 I HardKeyTracker: HardKeyTracker.unregisterKeySequence():229 Unregister key sequence oum{labelResId=2132020519, callback=fdl@20ab6ad, lastModifier=2, keyCodes=[56], actions=[0]}
03-21 23:55:53.756  3591  3591 I HardKeyTracker: HardKeyTracker.unregisterKeySequence():229 Unregister key sequence oum{labelResId=2132020519, callback=fdl@906ade2, lastModifier=0, keyCodes=[317], actions=[0]}
03-21 23:55:53.756  3591  3591 I HardKeyTracker: HardKeyTracker.registerKeySequence():178 Register key sequence oum{labelResId=2132020519, callback=fdl@e8bfe4a, lastModifier=2, keyCodes=[56], actions=[0]}
03-21 23:55:53.756  3591  3591 I HardKeyTracker: HardKeyTracker.registerKeySequence():178 Register key sequence oum{labelResId=2132020519, callback=fdl@5201bb, lastModifier=0, keyCodes=[317], actions=[0]}
03-21 23:55:53.757  3591  3591 I HardKeyTracker: HardKeyTracker.unregisterKeySequence():229 Unregister key sequence oum{labelResId=2132020524, callback=fdl@f9f1573, lastModifier=2, keyCodes=[32], actions=[0]}
03-21 23:55:53.757  3591  3591 I HardKeyTracker: HardKeyTracker.unregisterKeySequence():229 Unregister key sequence oum{labelResId=2132020524, callback=fdl@9375c30, lastModifier=0, keyCodes=[319], actions=[0]}
03-21 23:55:53.757  3591  3591 I HardKeyTracker: HardKeyTracker.registerKeySequence():178 Register key sequence oum{labelResId=2132020524, callback=fdl@113e6d8, lastModifier=2, keyCodes=[32], actions=[0]}
03-21 23:55:53.757  3591  3591 I HardKeyTracker: HardKeyTracker.registerKeySequence():178 Register key sequence oum{labelResId=2132020524, callback=fdl@8df4a31, lastModifier=0, keyCodes=[319], actions=[0]}
03-21 23:55:53.758  3591  3591 I HardKeyTracker: HardKeyTracker.unregisterKeySequence():229 Unregister key sequence oum{labelResId=2132020524, callback=fdl@64b95cf, lastModifier=2, keyCodes=[32], actions=[0]}
03-21 23:55:53.759  3591  3591 I HardKeyTracker: HardKeyTracker.unregisterKeySequence():229 Unregister key sequence oum{labelResId=2132020524, callback=fdl@2ee0b5c, lastModifier=0, keyCodes=[319], actions=[0]}
03-21 23:55:53.759  3591  3591 I HardKeyTracker: HardKeyTracker.registerKeySequence():178 Register key sequence oum{labelResId=2132020524, callback=fdl@14c9884, lastModifier=2, keyCodes=[32], actions=[0]}
03-21 23:55:53.759  3591  3591 I HardKeyTracker: HardKeyTracker.registerKeySequence():178 Register key sequence oum{labelResId=2132020524, callback=fdl@e2d586d, lastModifier=0, keyCodes=[319], actions=[0]}
03-21 23:55:53.759  3591  3591 I StylusModule: StylusModule.onUpdateToolType():774 Update tool type = 1
03-21 23:55:53.770  3591  3591 I GoogleInputMethodService: GoogleInputMethodService$1.onKeyboardViewShown():331 onKeyboardViewShown: keyboardType=prime, keyboardViewType=HEADER keyboardView=com.google.android.libraries.inputmethod.widgets.SoftKeyboardView{213f86a V.E...... ........ 0,0-1080,116}
03-21 23:55:53.770  3591  3591 I BaseKeyboardSizeHelper: BaseKeyboardSizeHelper.calculateMaxKeyboardBodyHeight():73 leave 281 height for app when ime window height:2181, header height:116 and isFullscreenMode:false, so the max keyboard body height is:1784
03-21 23:55:53.771  3591  3591 I GoogleInputMethodService: GoogleInputMethodService$1.onKeyboardViewShown():331 onKeyboardViewShown: keyboardType=prime, keyboardViewType=BODY keyboardView=com.google.android.libraries.inputmethod.widgets.SoftKeyboardView{a5b9ccd V.E...... ........ 0,0-1080,764}
03-21 23:55:53.771  3591  3591 I BaseKeyboardSizeHelper: BaseKeyboardSizeHelper.calculateMaxKeyboardBodyHeight():73 leave 281 height for app when ime window height:2181, header height:116 and isFullscreenMode:false, so the max keyboard body height is:1784
03-21 23:55:53.771  3591  3591 I GlobeKeyExtension: GlobeKeyExtension$1.onKeyboardViewShown():76 maybeDisableLanguageSwitchKeyPref when the keyboard is shown
03-21 23:55:53.772  3591  3591 I GlobeKeyExtension: GlobeKeyExtension.maybeDisableLanguageSwitchKeyPref():210 maybeDisableLanguageSwitchKeyPref hasGlobeKeyBeenDisabled: false, shouldDisableLanguageSwitchKey: false
03-21 23:55:53.772  3591  3591 I NewLanguagePromptExtension: NewLanguagePromptExtension$1.onKeyboardViewShown():88 Not show new language banner: not prime keyboard, or the extension not activated.
03-21 23:55:53.772  3591  3591 I KeyboardModeUtils: KeyboardModeUtils.getKeyboardBottomOffset():435 inch: 0.000000 ydpi: 409.127014 adjustKeyboardBottomByDisplaySize: false currentDensityDpi: 420 defaultDensityDpi: 420 keyboardBottomToScreenPx: 0 keyboardBottomToNavBarPx: -126 navBarHeight: 126
03-21 23:55:53.772  3591  3591 I BaseKeyboardSizeHelper: BaseKeyboardSizeHelper.calculateMaxKeyboardBodyHeight():73 leave 281 height for app when ime window height:2181, header height:116 and isFullscreenMode:false, so the max keyboard body height is:1784
03-21 23:55:53.772  3591  3591 I BaseKeyboardSizeHelper: BaseKeyboardSizeHelper.calculateMaxKeyboardBodyHeight():73 leave 281 height for app when ime window height:2181, header height:116 and isFullscreenMode:false, so the max keyboard body height is:1784
03-21 23:55:53.780  3591  3591 I KeyboardModeUtils: KeyboardModeUtils.getKeyboardBottomOffset():435 inch: 0.000000 ydpi: 409.127014 adjustKeyboardBottomByDisplaySize: false currentDensityDpi: 420 defaultDensityDpi: 420 keyboardBottomToScreenPx: 0 keyboardBottomToNavBarPx: -126 navBarHeight: 126
03-21 23:55:53.780  3591  3591 I BaseKeyboardSizeHelper: BaseKeyboardSizeHelper.calculateMaxKeyboardBodyHeight():73 leave 281 height for app when ime window height:2181, header height:116 and isFullscreenMode:false, so the max keyboard body height is:1784
03-21 23:55:53.780  3591  3591 I BaseKeyboardSizeHelper: BaseKeyboardSizeHelper.calculateMaxKeyboardBodyHeight():73 leave 281 height for app when ime window height:2181, header height:116 and isFullscreenMode:false, so the max keyboard body height is:1784
03-21 23:55:53.785  1557  4381 W WindowManager: Requires INTERNAL_SYSTEM_WINDOW permission if assign type to input. New type will be 0.
03-21 23:55:53.786  1557  1620 I ImeTracker: system_server:5e9f0425: onRequestShow at ORIGIN_SERVER reason CONTROLS_CHANGED fromUser false
03-21 23:55:53.791 27705 27705 I ImeTracker: system_server:5e9f0425: onCancelled at PHASE_CLIENT_ON_CONTROLS_CHANGED
03-21 23:55:53.804  3591  3591 I ProactiveSuggestionsHolderManager: ProactiveSuggestionsHolderManager$displaySuggestionsListener$1.display():211 Requesting to show proactive suggestions: AUTO_FILL PREEMPTIVE_WITH_SUPPRESSION
03-21 23:55:53.806   909   985 E surfaceflinger: == MALI DEBUG ===eglp_winsys_populate_image_templates ==12288
03-21 23:55:53.808   909   985 E surfaceflinger: == MALI DEBUG ===eglp_winsys_populate_image_templates ==12288
03-21 23:55:53.815   909   985 E surfaceflinger: == MALI DEBUG ===eglp_winsys_populate_image_templates ==12288
03-21 23:55:53.821   909   985 E surfaceflinger: == MALI DEBUG ===eglp_winsys_populate_image_templates ==12288
03-21 23:55:53.823  3591  3591 I KeyboardModeUtils: KeyboardModeUtils.getKeyboardBottomOffset():435 inch: 0.000000 ydpi: 409.127014 adjustKeyboardBottomByDisplaySize: false currentDensityDpi: 420 defaultDensityDpi: 420 keyboardBottomToScreenPx: 0 keyboardBottomToNavBarPx: -126 navBarHeight: 126
03-21 23:55:53.823  3591  3591 I BaseKeyboardSizeHelper: BaseKeyboardSizeHelper.calculateMaxKeyboardBodyHeight():73 leave 281 height for app when ime window height:2181, header height:116 and isFullscreenMode:false, so the max keyboard body height is:1784
03-21 23:55:53.823  3591  3591 I BaseKeyboardSizeHelper: BaseKeyboardSizeHelper.calculateMaxKeyboardBodyHeight():73 leave 281 height for app when ime window height:2181, header height:116 and isFullscreenMode:false, so the max keyboard body height is:1784
03-21 23:55:53.826   909   985 E surfaceflinger: == MALI DEBUG ===eglp_winsys_populate_image_templates ==12288
03-21 23:55:53.844   623  2758 W libperfmgr: Failed to write to node: /dev/stune/top-app/schedtune.boost with value: 10, fd: -1
03-21 23:55:53.844   623  2758 W libperfmgr: Failed to write to node: /proc/sys/kernel/sched_boost with value: 0, fd: -1
03-21 23:55:53.921   623  2758 W libperfmgr: Failed to write to node: /dev/stune/top-app/schedtune.boost with value: 10, fd: -1
03-21 23:55:53.921   623  2758 W libperfmgr: Failed to write to node: /proc/sys/kernel/sched_boost with value: 0, fd: -1
03-21 23:55:53.982   849  1055 I hwcomposer: [HWC] (0)fire a callback of refresh to SF[4]  
03-21 23:55:53.997   623  2758 W libperfmgr: Failed to write to node: /dev/stune/top-app/schedtune.boost with value: 10, fd: -1
03-21 23:55:53.997   623  2758 W libperfmgr: Failed to write to node: /proc/sys/kernel/sched_boost with value: 0, fd: -1
03-21 23:55:54.064   623  2758 W libperfmgr: Failed to write to node: /dev/stune/top-app/schedtune.boost with value: 10, fd: -1
03-21 23:55:54.064   623  2758 W libperfmgr: Failed to write to node: /proc/sys/kernel/sched_boost with value: 0, fd: -1
03-21 23:55:54.306   849  1055 I hwcomposer: [HWC] (0)fire a callback of refresh to SF[4]  
03-21 23:55:54.320   623  2758 W libperfmgr: Failed to write to node: /dev/stune/top-app/schedtune.boost with value: 10, fd: -1
03-21 23:55:54.320   623  2758 W libperfmgr: Failed to write to node: /proc/sys/kernel/sched_boost with value: 0, fd: -1
03-21 23:55:54.388   623  2758 W libperfmgr: Failed to write to node: /dev/stune/top-app/schedtune.boost with value: 10, fd: -1
03-21 23:55:54.388   623  2758 W libperfmgr: Failed to write to node: /proc/sys/kernel/sched_boost with value: 0, fd: -1
03-21 23:55:54.474  2220  2220 E SatelliteController: registerForSatelliteModemStateChanged: mSatelliteSessionController is not initialized yet
03-21 23:55:54.480  2220  2220 E SatelliteController: registerForSatelliteModemStateChanged: mSatelliteSessionController is not initialized yet
03-21 23:55:54.485  2220  2364 E SatelliteController: notifyNtnEligibility: mSatellitePhone is null
03-21 23:55:54.500  1557  3361 W ContextImpl: Calling a method in the system process without a qualified user: android.app.ContextImpl.sendBroadcastMultiplePermissions:1358 android.content.Context.sendBroadcastMultiplePermissions:2796 com.android.server.TelephonyRegistry.broadcastServiceStateChanged:4172 com.android.server.TelephonyRegistry.notifyServiceStateForPhoneId:1848 com.android.internal.telephony.ITelephonyRegistry$Stub.onTransact:613 
03-21 23:55:54.503  1557  3361 W ContextImpl: Calling a method in the system process without a qualified user: android.app.ContextImpl.sendBroadcastMultiplePermissions:1391 com.android.server.TelephonyRegistry.broadcastServiceStateChanged:4177 com.android.server.TelephonyRegistry.notifyServiceStateForPhoneId:1848 com.android.internal.telephony.ITelephonyRegistry$Stub.onTransact:613 android.os.Binder.execTransactInternal:1473 
03-21 23:55:54.506  1557  3361 W ContextImpl: Calling a method in the system process without a qualified user: android.app.ContextImpl.sendBroadcastMultiplePermissions:1391 com.android.server.TelephonyRegistry.broadcastServiceStateChanged:4186 com.android.server.TelephonyRegistry.notifyServiceStateForPhoneId:1848 com.android.internal.telephony.ITelephonyRegistry$Stub.onTransact:613 android.os.Binder.execTransactInternal:1473 
03-21 23:55:54.508  1557  3361 W ContextImpl: Calling a method in the system process without a qualified user: android.app.ContextImpl.sendBroadcastMultiplePermissions:1391 com.android.server.TelephonyRegistry.broadcastServiceStateChanged:4192 com.android.server.TelephonyRegistry.notifyServiceStateForPhoneId:1848 com.android.internal.telephony.ITelephonyRegistry$Stub.onTransact:613 android.os.Binder.execTransactInternal:1473 
03-21 23:55:54.518  1557  1639 W libprocessgroup: SetCgroup::ExecuteForProcess: failed to open /dev/stune/background/cgroup.procs: No such file or directory
03-21 23:55:54.518   841   880 I netd    : tetherGetStats() -> {[]} <1.08ms>
03-21 23:55:54.524  2220  2220 I Telephony: TelecomAccountRegistry$TelecomAccountTelephonyCallback: TelecomAccountRegistry: onServiceStateChanged: newState=0, mServiceState=0
03-21 23:55:54.524  2220  2220 W Telephony: registerMmTelCapabilityCallback: registration failed, no ImsService available. Exception: code: 1
03-21 23:55:54.527  2220  2220 I Telephony: isRttCurrentlySupported -- regular acct, hasVoiceAvailability: false
03-21 23:55:54.527  2220  2220 I Telephony:  isRttSupported: false
03-21 23:55:54.527  2220  2220 I Telephony:  alwaysAllowWhileRoaming: false
03-21 23:55:54.527  2220  2220 I Telephony:  isRoaming: false
03-21 23:55:54.527  2220  2220 I Telephony:  isOnWfc: false
03-21 23:55:54.743   849  1086 I hwcomposer: [HWCDisplay] [Display_0 (type:1)] fps:15.640139,dur:1150.88,max:416.91,min:7.79  
03-21 23:55:54.802   849  1055 I hwcomposer: [HWC] (0)fire a callback of refresh to SF[4]  
03-21 23:55:54.808   623  2758 W libperfmgr: Failed to write to node: /dev/stune/top-app/schedtune.boost with value: 10, fd: -1
03-21 23:55:54.808   623  2758 W libperfmgr: Failed to write to node: /proc/sys/kernel/sched_boost with value: 0, fd: -1
03-21 23:55:54.884   623  2758 W libperfmgr: Failed to write to node: /dev/stune/top-app/schedtune.boost with value: 10, fd: -1
03-21 23:55:54.884   623  2758 W libperfmgr: Failed to write to node: /proc/sys/kernel/sched_boost with value: 0, fd: -1
03-21 23:55:55.021 26093 27902 I Authzen : [DeviceStateSyncManager] The server is in sync with current state. Nothing to do
03-21 23:55:55.051   868 19875 W C2BqBuffer: last successful dequeue was 808281382 us ago, 0 consecutive failures
03-21 23:55:55.115   909   985 E surfaceflinger: == MALI DEBUG ===eglp_winsys_populate_image_templates ==12288
03-21 23:55:55.117  3591  3591 W TooltipLifecycleManager: TooltipLifecycleManager.dismissTooltips():153 Tooltip with id SUGGESTION_VIEW_EDU_MINI_DIALOG not found in tooltipManager.
03-21 23:55:55.123  3591  3968 E BufferQueueProducer: [9f3298f SurfaceView[InputMethod]#23(BLAST Consumer)23](id:e0700000017,api:0,p:-1,c:3591) disconnect: not connected (req=1)
03-21 23:55:55.123  3591  3968 E Surface : [9f3298f SurfaceView[InputMethod]#23(BLAST Consumer)23-DISCONNECTED](id:0) Surface failed to disconnect. Cleaning up internals anyway. Error -19 (NO_INIT).
03-21 23:55:55.123  3591  3968 W libEGL  : EGLNativeWindowType 0xb400007087f499b0 disconnect failed
03-21 23:55:55.124  3591  3591 W TooltipLifecycleManager: TooltipLifecycleManager.dismissTooltips():153 Tooltip with id SUGGESTION_VIEW_EDU_MINI_DIALOG not found in tooltipManager.
03-21 23:55:55.128   909   985 E surfaceflinger: == MALI DEBUG ===eglp_winsys_populate_image_templates ==12288
03-21 23:55:55.131  3591  3591 I KeyboardModeUtils: KeyboardModeUtils.getKeyboardBottomOffset():435 inch: 0.000000 ydpi: 409.127014 adjustKeyboardBottomByDisplaySize: false currentDensityDpi: 420 defaultDensityDpi: 420 keyboardBottomToScreenPx: 0 keyboardBottomToNavBarPx: -126 navBarHeight: 126
03-21 23:55:55.131  3591  3591 I BaseKeyboardSizeHelper: BaseKeyboardSizeHelper.calculateMaxKeyboardBodyHeight():73 leave 281 height for app when ime window height:2181, header height:116 and isFullscreenMode:false, so the max keyboard body height is:1784
03-21 23:55:55.131  3591  3591 I BaseKeyboardSizeHelper: BaseKeyboardSizeHelper.calculateMaxKeyboardBodyHeight():73 leave 281 height for app when ime window height:2181, header height:116 and isFullscreenMode:false, so the max keyboard body height is:1784
03-21 23:55:55.131  1557  3361 W PresentationStatsEventLogger: Bad view state for: 1073741825, state: ViewState: [id=1073741856@1434279259, state:1, currentValue:android.view.autofill.AutofillValue@9b1]
03-21 23:55:55.133   623  2758 W libperfmgr: Failed to write to node: /dev/stune/top-app/schedtune.boost with value: 10, fd: -1
03-21 23:55:55.133   623  2758 W libperfmgr: Failed to write to node: /proc/sys/kernel/sched_boost with value: 0, fd: -1
03-21 23:55:55.137   909   985 E surfaceflinger: == MALI DEBUG ===eglp_winsys_populate_image_templates ==12288
03-21 23:55:55.138  3591  3591 W TooltipLifecycleManager: TooltipLifecycleManager.dismissTooltips():153 Tooltip with id SUGGESTION_VIEW_EDU_MINI_DIALOG not found in tooltipManager.
03-21 23:55:55.145   623  2758 W libperfmgr: Failed to write to node: /dev/stune/top-app/schedtune.boost with value: 10, fd: -1
03-21 23:55:55.145   623  2758 W libperfmgr: Failed to write to node: /proc/sys/kernel/sched_boost with value: 0, fd: -1
03-21 23:55:55.171  3591  3591 I KeyboardModeUtils: KeyboardModeUtils.getKeyboardBottomOffset():435 inch: 0.000000 ydpi: 409.127014 adjustKeyboardBottomByDisplaySize: false currentDensityDpi: 420 defaultDensityDpi: 420 keyboardBottomToScreenPx: 0 keyboardBottomToNavBarPx: -126 navBarHeight: 126
03-21 23:55:55.172  3591  3591 I BaseKeyboardSizeHelper: BaseKeyboardSizeHelper.calculateMaxKeyboardBodyHeight():73 leave 281 height for app when ime window height:2181, header height:116 and isFullscreenMode:false, so the max keyboard body height is:1784
03-21 23:55:55.172  3591  3591 I BaseKeyboardSizeHelper: BaseKeyboardSizeHelper.calculateMaxKeyboardBodyHeight():73 leave 281 height for app when ime window height:2181, header height:116 and isFullscreenMode:false, so the max keyboard body height is:1784
03-21 23:55:55.185  3591  3591 E BufferQueueProducer: [e87c1b9 SurfaceView[InputMethod]#22(BLAST Consumer)22](id:e0700000016,api:0,p:-1,c:3591) disconnect: not connected (req=2)
03-21 23:55:55.185  3591  3591 E Surface : [e87c1b9 SurfaceView[InputMethod]#22(BLAST Consumer)22-DISCONNECTED](id:0) Surface failed to disconnect. Cleaning up internals anyway. Error -19 (NO_INIT).
03-21 23:55:55.194  3591  3591 I KeyboardModeUtils: KeyboardModeUtils.getKeyboardBottomOffset():435 inch: 0.000000 ydpi: 409.127014 adjustKeyboardBottomByDisplaySize: false currentDensityDpi: 420 defaultDensityDpi: 420 keyboardBottomToScreenPx: 0 keyboardBottomToNavBarPx: -126 navBarHeight: 126
03-21 23:55:55.194  3591  3591 I BaseKeyboardSizeHelper: BaseKeyboardSizeHelper.calculateMaxKeyboardBodyHeight():73 leave 281 height for app when ime window height:2181, header height:116 and isFullscreenMode:false, so the max keyboard body height is:1784
03-21 23:55:55.194  3591  3591 I BaseKeyboardSizeHelper: BaseKeyboardSizeHelper.calculateMaxKeyboardBodyHeight():73 leave 281 height for app when ime window height:2181, header height:116 and isFullscreenMode:false, so the max keyboard body height is:1784
03-21 23:55:55.233   884   900 I WifiHAL : feature_set=0x8488141a
03-21 23:55:55.235  1557  1939 I HalDevMgr: bestIfaceCreationProposal is null, requestIface=STA, existingIface=[name=wlan0 type=STA]
03-21 23:55:55.279  3591  3591 I KeyboardModeUtils: KeyboardModeUtils.getKeyboardBottomOffset():435 inch: 0.000000 ydpi: 409.127014 adjustKeyboardBottomByDisplaySize: false currentDensityDpi: 420 defaultDensityDpi: 420 keyboardBottomToScreenPx: 0 keyboardBottomToNavBarPx: -126 navBarHeight: 126
03-21 23:55:55.280  3591  3591 I BaseKeyboardSizeHelper: BaseKeyboardSizeHelper.calculateMaxKeyboardBodyHeight():73 leave 281 height for app when ime window height:2181, header height:116 and isFullscreenMode:false, so the max keyboard body height is:1784
03-21 23:55:55.280  3591  3591 I BaseKeyboardSizeHelper: BaseKeyboardSizeHelper.calculateMaxKeyboardBodyHeight():73 leave 281 height for app when ime window height:2181, header height:116 and isFullscreenMode:false, so the max keyboard body height is:1784
03-21 23:55:55.282   849  1055 I hwcomposer: [HWC] (0)fire a callback of refresh to SF[4]  
03-21 23:55:55.297   623  2758 W libperfmgr: Failed to write to node: /dev/stune/top-app/schedtune.boost with value: 10, fd: -1
03-21 23:55:55.297   623  2758 W libperfmgr: Failed to write to node: /proc/sys/kernel/sched_boost with value: 0, fd: -1
03-21 23:55:55.336  1557  3361 W WindowManager: Failed looking up window session=Session{5f5517 2734:u0a10357} callers=com.android.server.wm.WindowManagerService.removeClientToken:2241 com.android.server.wm.Session.remove:283 android.view.IWindowSession$Stub.onTransact:639 
03-21 23:55:55.344   623  2758 W libperfmgr: Failed to write to node: /dev/stune/top-app/schedtune.boost with value: 10, fd: -1
03-21 23:55:55.344   623  2758 W libperfmgr: Failed to write to node: /proc/sys/kernel/sched_boost with value: 0, fd: -1
03-21 23:55:55.418   849  1055 I hwcomposer: [HWC] (0)fire a callback of refresh to SF[4]  
03-21 23:55:55.431   623  2758 W libperfmgr: Failed to write to node: /dev/stune/top-app/schedtune.boost with value: 10, fd: -1
03-21 23:55:55.431   623  2758 W libperfmgr: Failed to write to node: /proc/sys/kernel/sched_boost with value: 0, fd: -1
03-21 23:55:55.441   623  2758 W libperfmgr: Failed to write to node: /dev/stune/top-app/schedtune.boost with value: 10, fd: -1
03-21 23:55:55.441   623  2758 W libperfmgr: Failed to write to node: /proc/sys/kernel/sched_boost with value: 0, fd: -1
03-21 23:55:55.488  1557  3361 W PresentationStatsEventLogger: Bad view state for: 1073741825, state: ViewState: [id=1073741856@1434279259, state:4008, currentValue:android.view.autofill.AutofillValue@1]
03-21 23:55:55.495   849  1055 I hwcomposer: [HWC] (0)fire a callback of refresh to SF[4]  
03-21 23:55:55.506  1557  3361 W WindowManager: Requires INTERNAL_SYSTEM_WINDOW permission if assign type to input. New type will be 0.
03-21 23:55:55.510   623  2758 W libperfmgr: Failed to write to node: /dev/stune/top-app/schedtune.boost with value: 10, fd: -1
03-21 23:55:55.510   623  2758 W libperfmgr: Failed to write to node: /proc/sys/kernel/sched_boost with value: 0, fd: -1
03-21 23:55:55.519   623  2758 W libperfmgr: Failed to write to node: /dev/stune/top-app/schedtune.boost with value: 10, fd: -1
03-21 23:55:55.519  3591  3591 I KeyboardModeUtils: KeyboardModeUtils.getKeyboardBottomOffset():435 inch: 0.000000 ydpi: 409.127014 adjustKeyboardBottomByDisplaySize: false currentDensityDpi: 420 defaultDensityDpi: 420 keyboardBottomToScreenPx: 0 keyboardBottomToNavBarPx: -126 navBarHeight: 126
03-21 23:55:55.519   623  2758 W libperfmgr: Failed to write to node: /proc/sys/kernel/sched_boost with value: 0, fd: -1
03-21 23:55:55.519  3591  3591 I BaseKeyboardSizeHelper: BaseKeyboardSizeHelper.calculateMaxKeyboardBodyHeight():73 leave 281 height for app when ime window height:2181, header height:116 and isFullscreenMode:false, so the max keyboard body height is:1784
03-21 23:55:55.519  3591  3591 I BaseKeyboardSizeHelper: BaseKeyboardSizeHelper.calculateMaxKeyboardBodyHeight():73 leave 281 height for app when ime window height:2181, header height:116 and isFullscreenMode:false, so the max keyboard body height is:1784
03-21 23:55:55.520  3591  3591 I ProactiveSuggestionsHolderManager: ProactiveSuggestionsHolderManager$displaySuggestionsListener$1.display():211 Requesting to show proactive suggestions: AUTO_FILL PREEMPTIVE_WITH_SUPPRESSION
03-21 23:55:55.523   909   985 E surfaceflinger: == MALI DEBUG ===eglp_winsys_populate_image_templates ==12288
03-21 23:55:55.526   909   985 E surfaceflinger: == MALI DEBUG ===eglp_winsys_populate_image_templates ==12288
03-21 23:55:55.537   909   985 E surfaceflinger: == MALI DEBUG ===eglp_winsys_populate_image_templates ==12288
03-21 23:55:55.541   909   985 E surfaceflinger: == MALI DEBUG ===eglp_winsys_populate_image_templates ==12288
03-21 23:55:55.543  3591  3591 I KeyboardModeUtils: KeyboardModeUtils.getKeyboardBottomOffset():435 inch: 0.000000 ydpi: 409.127014 adjustKeyboardBottomByDisplaySize: false currentDensityDpi: 420 defaultDensityDpi: 420 keyboardBottomToScreenPx: 0 keyboardBottomToNavBarPx: -126 navBarHeight: 126
03-21 23:55:55.544  3591  3591 I BaseKeyboardSizeHelper: BaseKeyboardSizeHelper.calculateMaxKeyboardBodyHeight():73 leave 281 height for app when ime window height:2181, header height:116 and isFullscreenMode:false, so the max keyboard body height is:1784
03-21 23:55:55.544  3591  3591 I BaseKeyboardSizeHelper: BaseKeyboardSizeHelper.calculateMaxKeyboardBodyHeight():73 leave 281 height for app when ime window height:2181, header height:116 and isFullscreenMode:false, so the max keyboard body height is:1784
03-21 23:55:55.547   909   985 E surfaceflinger: == MALI DEBUG ===eglp_winsys_populate_image_templates ==12288
03-21 23:55:55.553   623  2758 W libperfmgr: Failed to write to node: /dev/stune/top-app/schedtune.boost with value: 10, fd: -1
03-21 23:55:55.553   623  2758 W libperfmgr: Failed to write to node: /proc/sys/kernel/sched_boost with value: 0, fd: -1
03-21 23:55:55.631   623  2758 W libperfmgr: Failed to write to node: /dev/stune/top-app/schedtune.boost with value: 10, fd: -1
03-21 23:55:55.631   623  2758 W libperfmgr: Failed to write to node: /proc/sys/kernel/sched_boost with value: 0, fd: -1
03-21 23:55:55.698   849  1055 I hwcomposer: [HWC] (0)fire a callback of refresh to SF[4]  
03-21 23:55:55.708   623  2758 W libperfmgr: Failed to write to node: /dev/stune/top-app/schedtune.boost with value: 10, fd: -1
03-21 23:55:55.708   623  2758 W libperfmgr: Failed to write to node: /proc/sys/kernel/sched_boost with value: 0, fd: -1
03-21 23:55:55.780   623  2758 W libperfmgr: Failed to write to node: /dev/stune/top-app/schedtune.boost with value: 10, fd: -1
03-21 23:55:55.780   623  2758 W libperfmgr: Failed to write to node: /proc/sys/kernel/sched_boost with value: 0, fd: -1
03-21 23:55:55.954   849  1086 I hwcomposer: [HWCDisplay] [Display_0 (type:1)] fps:25.606874,dur:1210.61,max:306.65,min:6.35  
03-21 23:55:56.004  3591  3591 I KeyboardModeUtils: KeyboardModeUtils.getKeyboardBottomOffset():435 inch: 0.000000 ydpi: 409.127014 adjustKeyboardBottomByDisplaySize: false currentDensityDpi: 420 defaultDensityDpi: 420 keyboardBottomToScreenPx: 0 keyboardBottomToNavBarPx: -126 navBarHeight: 126
03-21 23:55:56.004  3591  3591 I BaseKeyboardSizeHelper: BaseKeyboardSizeHelper.calculateMaxKeyboardBodyHeight():73 leave 281 height for app when ime window height:2181, header height:116 and isFullscreenMode:false, so the max keyboard body height is:1784
03-21 23:55:56.004  3591  3591 I BaseKeyboardSizeHelper: BaseKeyboardSizeHelper.calculateMaxKeyboardBodyHeight():73 leave 281 height for app when ime window height:2181, header height:116 and isFullscreenMode:false, so the max keyboard body height is:1784
03-21 23:55:56.106   849  1055 I hwcomposer: [HWC] (0)fire a callback of refresh to SF[4]  
03-21 23:55:56.121   623  2758 W libperfmgr: Failed to write to node: /dev/stune/top-app/schedtune.boost with value: 10, fd: -1
03-21 23:55:56.121   623  2758 W libperfmgr: Failed to write to node: /proc/sys/kernel/sched_boost with value: 0, fd: -1
03-21 23:55:56.187   623  2758 W libperfmgr: Failed to write to node: /dev/stune/top-app/schedtune.boost with value: 10, fd: -1
03-21 23:55:56.187   623  2758 W libperfmgr: Failed to write to node: /proc/sys/kernel/sched_boost with value: 0, fd: -1
03-21 23:55:56.491   909   985 E surfaceflinger: == MALI DEBUG ===eglp_winsys_populate_image_templates ==12288
03-21 23:55:56.502   909   985 E surfaceflinger: == MALI DEBUG ===eglp_winsys_populate_image_templates ==12288
03-21 23:55:56.513   909   985 E surfaceflinger: == MALI DEBUG ===eglp_winsys_populate_image_templates ==12288
03-21 23:55:56.525   623  2758 W libperfmgr: Failed to write to node: /dev/stune/top-app/schedtune.boost with value: 10, fd: -1
03-21 23:55:56.525   623  2758 W libperfmgr: Failed to write to node: /proc/sys/kernel/sched_boost with value: 0, fd: -1
03-21 23:55:56.543  3591  3591 W TooltipLifecycleManager: TooltipLifecycleManager.dismissTooltips():153 Tooltip with id SUGGESTION_VIEW_EDU_MINI_DIALOG not found in tooltipManager.
03-21 23:55:56.543  3591  3968 E BufferQueueProducer: [e3af99b SurfaceView[InputMethod]#25(BLAST Consumer)25](id:e0700000019,api:0,p:-1,c:3591) disconnect: not connected (req=1)
03-21 23:55:56.543  3591  3968 E Surface : [e3af99b SurfaceView[InputMethod]#25(BLAST Consumer)25-DISCONNECTED](id:0) Surface failed to disconnect. Cleaning up internals anyway. Error -19 (NO_INIT).
03-21 23:55:56.543  3591  3968 W libEGL  : EGLNativeWindowType 0xb400007087fddab0 disconnect failed
03-21 23:55:56.546  3591  3591 W TooltipLifecycleManager: TooltipLifecycleManager.dismissTooltips():153 Tooltip with id SUGGESTION_VIEW_EDU_MINI_DIALOG not found in tooltipManager.
03-21 23:55:56.551  1557  4381 W PresentationStatsEventLogger: Bad view state for: 1073741825, state: ViewState: [id=1073741856@1434279259, state:c008, currentValue:android.view.autofill.AutofillValue@d91]
03-21 23:55:56.557  3591  3591 I KeyboardModeUtils: KeyboardModeUtils.getKeyboardBottomOffset():435 inch: 0.000000 ydpi: 409.127014 adjustKeyboardBottomByDisplaySize: false currentDensityDpi: 420 defaultDensityDpi: 420 keyboardBottomToScreenPx: 0 keyboardBottomToNavBarPx: -126 navBarHeight: 126
03-21 23:55:56.557  3591  3591 I BaseKeyboardSizeHelper: BaseKeyboardSizeHelper.calculateMaxKeyboardBodyHeight():73 leave 281 height for app when ime window height:2181, header height:116 and isFullscreenMode:false, so the max keyboard body height is:1784
03-21 23:55:56.557  3591  3591 I BaseKeyboardSizeHelper: BaseKeyboardSizeHelper.calculateMaxKeyboardBodyHeight():73 leave 281 height for app when ime window height:2181, header height:116 and isFullscreenMode:false, so the max keyboard body height is:1784
03-21 23:55:56.557  3591  3591 W TooltipLifecycleManager: TooltipLifecycleManager.dismissTooltips():153 Tooltip with id SUGGESTION_VIEW_EDU_MINI_DIALOG not found in tooltipManager.
03-21 23:55:56.579   623  2758 W libperfmgr: Failed to write to node: /dev/stune/top-app/schedtune.boost with value: 10, fd: -1
03-21 23:55:56.579   623  2758 W libperfmgr: Failed to write to node: /proc/sys/kernel/sched_boost with value: 0, fd: -1
03-21 23:55:56.580  3591  3591 I KeyboardModeUtils: KeyboardModeUtils.getKeyboardBottomOffset():435 inch: 0.000000 ydpi: 409.127014 adjustKeyboardBottomByDisplaySize: false currentDensityDpi: 420 defaultDensityDpi: 420 keyboardBottomToScreenPx: 0 keyboardBottomToNavBarPx: -126 navBarHeight: 126
03-21 23:55:56.581  3591  3591 I BaseKeyboardSizeHelper: BaseKeyboardSizeHelper.calculateMaxKeyboardBodyHeight():73 leave 281 height for app when ime window height:2181, header height:116 and isFullscreenMode:false, so the max keyboard body height is:1784
03-21 23:55:56.581  3591  3591 I BaseKeyboardSizeHelper: BaseKeyboardSizeHelper.calculateMaxKeyboardBodyHeight():73 leave 281 height for app when ime window height:2181, header height:116 and isFullscreenMode:false, so the max keyboard body height is:1784
03-21 23:55:56.603  3591  3591 E BufferQueueProducer: [e87c1b9 SurfaceView[InputMethod]#24(BLAST Consumer)24](id:e0700000018,api:0,p:-1,c:3591) disconnect: not connected (req=2)
03-21 23:55:56.603  3591  3591 E Surface : [e87c1b9 SurfaceView[InputMethod]#24(BLAST Consumer)24-DISCONNECTED](id:0) Surface failed to disconnect. Cleaning up internals anyway. Error -19 (NO_INIT).
03-21 23:55:56.612  3591  3591 I KeyboardModeUtils: KeyboardModeUtils.getKeyboardBottomOffset():435 inch: 0.000000 ydpi: 409.127014 adjustKeyboardBottomByDisplaySize: false currentDensityDpi: 420 defaultDensityDpi: 420 keyboardBottomToScreenPx: 0 keyboardBottomToNavBarPx: -126 navBarHeight: 126
03-21 23:55:56.612  3591  3591 I BaseKeyboardSizeHelper: BaseKeyboardSizeHelper.calculateMaxKeyboardBodyHeight():73 leave 281 height for app when ime window height:2181, header height:116 and isFullscreenMode:false, so the max keyboard body height is:1784
03-21 23:55:56.613  3591  3591 I BaseKeyboardSizeHelper: BaseKeyboardSizeHelper.calculateMaxKeyboardBodyHeight():73 leave 281 height for app when ime window height:2181, header height:116 and isFullscreenMode:false, so the max keyboard body height is:1784
03-21 23:55:56.705  3591  3591 I KeyboardModeUtils: KeyboardModeUtils.getKeyboardBottomOffset():435 inch: 0.000000 ydpi: 409.127014 adjustKeyboardBottomByDisplaySize: false currentDensityDpi: 420 defaultDensityDpi: 420 keyboardBottomToScreenPx: 0 keyboardBottomToNavBarPx: -126 navBarHeight: 126
03-21 23:55:56.705  3591  3591 I BaseKeyboardSizeHelper: BaseKeyboardSizeHelper.calculateMaxKeyboardBodyHeight():73 leave 281 height for app when ime window height:2181, header height:116 and isFullscreenMode:false, so the max keyboard body height is:1784
03-21 23:55:56.705  3591  3591 I BaseKeyboardSizeHelper: BaseKeyboardSizeHelper.calculateMaxKeyboardBodyHeight():73 leave 281 height for app when ime window height:2181, header height:116 and isFullscreenMode:false, so the max keyboard body height is:1784
03-21 23:55:56.757  3591  3591 W TooltipLifecycleManager: TooltipLifecycleManager.dismissTooltips():153 Tooltip with id SUGGESTION_VIEW_EDU_MINI_DIALOG not found in tooltipManager.
03-21 23:55:56.761  1557  3361 W WindowManager: Failed looking up window session=Session{5f5517 2734:u0a10357} callers=com.android.server.wm.WindowManagerService.removeClientToken:2241 com.android.server.wm.Session.remove:283 android.view.IWindowSession$Stub.onTransact:639 
03-21 23:55:56.765  1557  3361 W PresentationStatsEventLogger: Bad view state for: 1073741825, state: ViewState: [id=1073741856@1434279259, state:c008, currentValue:android.view.autofill.AutofillValue@1b030]
03-21 23:55:56.890   849  1055 I hwcomposer: [HWC] (0)fire a callback of refresh to SF[4]  
03-21 23:55:56.897   623  2758 W libperfmgr: Failed to write to node: /dev/stune/top-app/schedtune.boost with value: 10, fd: -1
03-21 23:55:56.898   623  2758 W libperfmgr: Failed to write to node: /proc/sys/kernel/sched_boost with value: 0, fd: -1
03-21 23:55:56.974   623  2758 W libperfmgr: Failed to write to node: /dev/stune/top-app/schedtune.boost with value: 10, fd: -1
03-21 23:55:56.974   623  2758 W libperfmgr: Failed to write to node: /proc/sys/kernel/sched_boost with value: 0, fd: -1
03-21 23:55:56.975   849  1086 I hwcomposer: [HWCDisplay] [Display_0 (type:1)] fps:24.464691,dur:1021.88,max:374.69,min:8.27  
03-21 23:55:57.030  3591  3591 W TooltipLifecycleManager: TooltipLifecycleManager.dismissTooltips():153 Tooltip with id SUGGESTION_VIEW_EDU_MINI_DIALOG not found in tooltipManager.
03-21 23:55:57.036  1557  3361 W PresentationStatsEventLogger: Bad view state for: 1073741825, state: ViewState: [id=1073741856@1434279259, state:c008, currentValue:android.view.autofill.AutofillValue@34639f]
03-21 23:55:57.046   849  1055 I hwcomposer: [HWC] (0)fire a callback of refresh to SF[4]  
03-21 23:55:57.052   623  2758 W libperfmgr: Failed to write to node: /dev/stune/top-app/schedtune.boost with value: 10, fd: -1
03-21 23:55:57.052   623  2758 W libperfmgr: Failed to write to node: /proc/sys/kernel/sched_boost with value: 0, fd: -1
03-21 23:55:57.062   623  2758 W libperfmgr: Failed to write to node: /dev/stune/top-app/schedtune.boost with value: 10, fd: -1
03-21 23:55:57.062   623  2758 W libperfmgr: Failed to write to node: /proc/sys/kernel/sched_boost with value: 0, fd: -1
03-21 23:55:57.186   849  1055 I hwcomposer: [HWC] (0)fire a callback of refresh to SF[4]  
03-21 23:55:57.196   623  2758 W libperfmgr: Failed to write to node: /dev/stune/top-app/schedtune.boost with value: 10, fd: -1
03-21 23:55:57.196   623  2758 W libperfmgr: Failed to write to node: /proc/sys/kernel/sched_boost with value: 0, fd: -1
03-21 23:55:57.268   623  2758 W libperfmgr: Failed to write to node: /dev/stune/top-app/schedtune.boost with value: 10, fd: -1
03-21 23:55:57.268   623  2758 W libperfmgr: Failed to write to node: /proc/sys/kernel/sched_boost with value: 0, fd: -1
03-21 23:55:57.520  3591  3591 W TooltipLifecycleManager: TooltipLifecycleManager.dismissTooltips():153 Tooltip with id SUGGESTION_VIEW_EDU_MINI_DIALOG not found in tooltipManager.
03-21 23:55:57.527  1557  3361 W PresentationStatsEventLogger: Bad view state for: 1073741825, state: ViewState: [id=1073741856@1434279259, state:c008, currentValue:android.view.autofill.AutofillValue@6581e10]
03-21 23:55:57.670   849  1055 I hwcomposer: [HWC] (0)fire a callback of refresh to SF[4]  
03-21 23:55:57.685   623  2758 W libperfmgr: Failed to write to node: /dev/stune/top-app/schedtune.boost with value: 10, fd: -1
03-21 23:55:57.685   623  2758 W libperfmgr: Failed to write to node: /proc/sys/kernel/sched_boost with value: 0, fd: -1
03-21 23:55:57.752   623  2758 W libperfmgr: Failed to write to node: /dev/stune/top-app/schedtune.boost with value: 10, fd: -1
03-21 23:55:57.752   623  2758 W libperfmgr: Failed to write to node: /proc/sys/kernel/sched_boost with value: 0, fd: -1
03-21 23:55:57.992  3591  3591 W TooltipLifecycleManager: TooltipLifecycleManager.dismissTooltips():153 Tooltip with id SUGGESTION_VIEW_EDU_MINI_DIALOG not found in tooltipManager.
03-21 23:55:57.997  1557  4381 W PresentationStatsEventLogger: Bad view state for: 1073741825, state: ViewState: [id=1073741856@1434279259, state:c008, currentValue:android.view.autofill.AutofillValue@c4abb23b]
03-21 23:55:58.019   849  1086 I hwcomposer: [HWCDisplay] [Display_0 (type:1)] fps:14.366275,dur:1044.11,max:274.87,min:9.55  
03-21 23:55:58.138   849  1055 I hwcomposer: [HWC] (0)fire a callback of refresh to SF[4]  
03-21 23:55:58.152   623  2758 W libperfmgr: Failed to write to node: /dev/stune/top-app/schedtune.boost with value: 10, fd: -1
03-21 23:55:58.153   623  2758 W libperfmgr: Failed to write to node: /proc/sys/kernel/sched_boost with value: 0, fd: -1
03-21 23:55:58.163   623  2758 W libperfmgr: Failed to write to node: /dev/stune/top-app/schedtune.boost with value: 10, fd: -1
03-21 23:55:58.163   623  2758 W libperfmgr: Failed to write to node: /proc/sys/kernel/sched_boost with value: 0, fd: -1
03-21 23:55:58.184  3591  3591 W TooltipLifecycleManager: TooltipLifecycleManager.dismissTooltips():153 Tooltip with id SUGGESTION_VIEW_EDU_MINI_DIALOG not found in tooltipManager.
03-21 23:55:58.189  1557  4381 W PresentationStatsEventLogger: Bad view state for: 1073741825, state: ViewState: [id=1073741856@1434279259, state:c008, currentValue:android.view.autofill.AutofillValue@d0caa278]
03-21 23:55:58.244   884   900 I WifiHAL : feature_set=0x8488141a
03-21 23:55:58.245  1557  1939 I HalDevMgr: bestIfaceCreationProposal is null, requestIface=STA, existingIface=[name=wlan0 type=STA]
03-21 23:55:58.373  3591  3591 W TooltipLifecycleManager: TooltipLifecycleManager.dismissTooltips():153 Tooltip with id SUGGESTION_VIEW_EDU_MINI_DIALOG not found in tooltipManager.
03-21 23:55:58.378  1557  4381 W PresentationStatsEventLogger: Bad view state for: 1073741825, state: ViewState: [id=1073741856@1434279259, state:c008, currentValue:android.view.autofill.AutofillValue@4889ba38]
03-21 23:55:58.514   849  1055 I hwcomposer: [HWC] (0)fire a callback of refresh to SF[4]  
03-21 23:55:58.530   623  2758 W libperfmgr: Failed to write to node: /dev/stune/top-app/schedtune.boost with value: 10, fd: -1
03-21 23:55:58.530   623  2758 W libperfmgr: Failed to write to node: /proc/sys/kernel/sched_boost with value: 0, fd: -1
03-21 23:55:58.541   623  2758 W libperfmgr: Failed to write to node: /dev/stune/top-app/schedtune.boost with value: 10, fd: -1
03-21 23:55:58.541   623  2758 W libperfmgr: Failed to write to node: /proc/sys/kernel/sched_boost with value: 0, fd: -1
03-21 23:55:58.590  3591  3591 W TooltipLifecycleManager: TooltipLifecycleManager.dismissTooltips():153 Tooltip with id SUGGESTION_VIEW_EDU_MINI_DIALOG not found in tooltipManager.
03-21 23:55:58.595  1557  4381 W PresentationStatsEventLogger: Bad view state for: 1073741825, state: ViewState: [id=1073741856@1434279259, state:c008, currentValue:android.view.autofill.AutofillValue@c8ad98c6]
03-21 23:55:58.598   849  1055 I hwcomposer: [HWC] (0)fire a callback of refresh to SF[4]  
03-21 23:55:58.607   623  2758 W libperfmgr: Failed to write to node: /dev/stune/top-app/schedtune.boost with value: 10, fd: -1
03-21 23:55:58.607   623  2758 W libperfmgr: Failed to write to node: /proc/sys/kernel/sched_boost with value: 0, fd: -1
03-21 23:55:58.618   623  2758 W libperfmgr: Failed to write to node: /dev/stune/top-app/schedtune.boost with value: 10, fd: -1
03-21 23:55:58.618   623  2758 W libperfmgr: Failed to write to node: /proc/sys/kernel/sched_boost with value: 0, fd: -1
03-21 23:55:58.663 27905 27905 W libbinder.BackendUnifiedServiceManager: Thread Pool max thread count is 0. Cannot cache binder as linkToDeath cannot be implemented. serviceName: deviceidle
03-21 23:55:58.679 27907 27907 W libbinder.BackendUnifiedServiceManager: Thread Pool max thread count is 0. Cannot cache binder as linkToDeath cannot be implemented. serviceName: battery
03-21 23:55:58.695 27909 27909 W libbinder.BackendUnifiedServiceManager: Thread Pool max thread count is 0. Cannot cache binder as linkToDeath cannot be implemented. serviceName: deviceidle
03-21 23:55:58.721 27912 27912 W libbinder.BackendUnifiedServiceManager: Thread Pool max thread count is 0. Cannot cache binder as linkToDeath cannot be implemented. serviceName: activity
03-21 23:55:58.729  1557  4381 I ImeTracker: system_server:5667b55b: onRequestShow at ORIGIN_SERVER reason CONTROLS_CHANGED fromUser false
03-21 23:55:58.730   849  1055 I hwcomposer: [HWC] (0)fire a callback of refresh to SF[4]  
03-21 23:55:58.738   623  2758 W libperfmgr: Failed to write to node: /dev/stune/top-app/schedtune.boost with value: 10, fd: -1
03-21 23:55:58.738   623  2758 W libperfmgr: Failed to write to node: /proc/sys/kernel/sched_boost with value: 0, fd: -1
03-21 23:55:58.782 27921 27921 W libbinder.BackendUnifiedServiceManager: Thread Pool max thread count is 0. Cannot cache binder as linkToDeath cannot be implemented. serviceName: battery
03-21 23:55:58.811   623  2758 W libperfmgr: Failed to write to node: /dev/stune/top-app/schedtune.boost with value: 10, fd: -1
03-21 23:55:58.811   623  2758 W libperfmgr: Failed to write to node: /proc/sys/kernel/sched_boost with value: 0, fd: -1
03-21 23:55:59.119   849  1086 I hwcomposer: [HWCDisplay] [Display_0 (type:1)] fps:20.917082,dur:1099.58,max:375.14,min:6.99  
03-21 23:55:59.178   849  1055 I hwcomposer: [HWC] (0)fire a callback of refresh to SF[4]  
03-21 23:55:59.184   623  2758 W libperfmgr: Failed to write to node: /dev/stune/top-app/schedtune.boost with value: 10, fd: -1
03-21 23:55:59.184   623  2758 W libperfmgr: Failed to write to node: /proc/sys/kernel/sched_boost with value: 0, fd: -1
03-21 23:55:59.260   623  2758 W libperfmgr: Failed to write to node: /dev/stune/top-app/schedtune.boost with value: 10, fd: -1
03-21 23:55:59.260   623  2758 W libperfmgr: Failed to write to node: /proc/sys/kernel/sched_boost with value: 0, fd: -1
03-21 23:55:59.269  3591  3591 W TooltipLifecycleManager: TooltipLifecycleManager.dismissTooltips():153 Tooltip with id SUGGESTION_VIEW_EDU_MINI_DIALOG not found in tooltipManager.
03-21 23:55:59.274  1557  4381 W PresentationStatsEventLogger: Bad view state for: 1073741825, state: ViewState: [id=1073741856@1434279259, state:c008, currentValue:android.view.autofill.AutofillValue@4d0585cb]
03-21 23:55:59.411 27459 27502 I Finsky  : [72] Initializing the instant apps module.
03-21 23:55:59.418   849  1055 I hwcomposer: [HWC] (0)fire a callback of refresh to SF[4]  
03-21 23:55:59.429   623  2758 W libperfmgr: Failed to write to node: /dev/stune/top-app/schedtune.boost with value: 10, fd: -1
03-21 23:55:59.429   623  2758 W libperfmgr: Failed to write to node: /proc/sys/kernel/sched_boost with value: 0, fd: -1
03-21 23:55:59.455 27459 27459 I Finsky  : [2] setup::RES: shouldRecoverRestoredPackages: versionCodeSystem 84571730
03-21 23:55:59.456 27459 27459 I Finsky  : [2] Detected restoreservicev2://recovery not needed, will not run
03-21 23:55:59.499   623  2758 W libperfmgr: Failed to write to node: /dev/stune/top-app/schedtune.boost with value: 10, fd: -1
03-21 23:55:59.499   623  2758 W libperfmgr: Failed to write to node: /proc/sys/kernel/sched_boost with value: 0, fd: -1
03-21 23:55:59.690   849  1055 I hwcomposer: [HWC] (0)fire a callback of refresh to SF[4]  
03-21 23:55:59.693   623  2758 W libperfmgr: Failed to write to node: /dev/stune/top-app/schedtune.boost with value: 10, fd: -1
03-21 23:55:59.693   623  2758 W libperfmgr: Failed to write to node: /proc/sys/kernel/sched_boost with value: 0, fd: -1
03-21 23:55:59.728   623  2758 W libperfmgr: Failed to write to node: /dev/stune/top-app/schedtune.boost with value: 10, fd: -1
03-21 23:55:59.728   623  2758 W libperfmgr: Failed to write to node: /proc/sys/kernel/sched_boost with value: 0, fd: -1
03-21 23:56:00.054   592 27555 I keystore2: system/security/keystore2/watchdog/src/lib.rs:371 - Watchdog thread idle -> terminating. Have a great day.
03-21 23:56:00.055   868 19875 W C2BqBuffer: last successful dequeue was 813285563 us ago, 0 consecutive failures
03-21 23:56:00.130   849  1086 I hwcomposer: [HWCDisplay] [Display_0 (type:1)] fps:43.530476,dur:1010.79,max:197.48,min:10.94  
03-21 23:56:00.228   623  2758 W libperfmgr: Failed to write to node: /dev/stune/top-app/schedtune.boost with value: 10, fd: -1
03-21 23:56:00.228   623  2758 W libperfmgr: Failed to write to node: /proc/sys/kernel/sched_boost with value: 0, fd: -1
03-21 23:56:00.728   623  2758 W libperfmgr: Failed to write to node: /dev/stune/top-app/schedtune.boost with value: 10, fd: -1
03-21 23:56:00.728   623  2758 W libperfmgr: Failed to write to node: /proc/sys/kernel/sched_boost with value: 0, fd: -1
03-21 23:56:01.141   849  1086 I hwcomposer: [HWCDisplay] [Display_0 (type:1)] fps:90.027420,dur:1010.80,max:11.26,min:10.97  
03-21 23:56:01.229   623  2758 W libperfmgr: Failed to write to node: /dev/stune/top-app/schedtune.boost with value: 10, fd: -1
03-21 23:56:01.229   623  2758 W libperfmgr: Failed to write to node: /proc/sys/kernel/sched_boost with value: 0, fd: -1
03-21 23:56:01.261   841   880 I netd    : networkAddUidRangesParcel(NativeUidRangeConfig{netId: 103, uidRanges: [UidRangeParcel{start: 0, stop: 2147483647}], subPriority: 998}) <0.45ms>
03-21 23:56:01.262   884   900 I WifiHAL : feature_set=0x8488141a
03-21 23:56:01.262   841   880 I netd    : networkRemoveUidRangesParcel(NativeUidRangeConfig{netId: 103, uidRanges: [UidRangeParcel{start: 0, stop: 2147483647}], subPriority: 998}) <1.01ms>
03-21 23:56:01.264  1557  1939 I HalDevMgr: bestIfaceCreationProposal is null, requestIface=STA, existingIface=[name=wlan0 type=STA]
03-21 23:56:01.290  2441  4330 I NullBinder: NullBinder for android.net.action.RECOMMEND_NETWORKS triggering remote TransactionTooLargeException due to Service without Chimera impl, calling uid: 1000, calling pid: 0
03-21 23:56:01.290  2441  4330 W libbinder.Binder: Large reply transaction of 1056768 bytes, interface descriptor , code 1, flags 17
03-21 23:56:01.729   623  2758 W libperfmgr: Failed to write to node: /dev/stune/top-app/schedtune.boost with value: 10, fd: -1
03-21 23:56:01.730   623  2758 W libperfmgr: Failed to write to node: /proc/sys/kernel/sched_boost with value: 0, fd: -1
03-21 23:56:01.780  2441 26229 I NearbySharing: Network state changed: NetworkState(isRestricted=false, isOnline=true, isCongested=false, isMetered=false, isWifiConnected=true)
03-21 23:56:02.152   849  1086 I hwcomposer: [HWCDisplay] [Display_0 (type:1)] fps:90.023491,dur:1010.85,max:11.23,min:10.97  
03-21 23:56:02.230   623  2758 W libperfmgr: Failed to write to node: /dev/stune/top-app/schedtune.boost with value: 10, fd: -1
03-21 23:56:02.230   623  2758 W libperfmgr: Failed to write to node: /proc/sys/kernel/sched_boost with value: 0, fd: -1
03-21 23:56:02.298 27705 27763 I ReactNativeJS: 'Token:', 'eyJhbGciOiJIUzI1NiIsInR5cCI6IkpXVCJ9.eyJyb2xlcyI6WyJ1c2VyIl0sInN1YiI6IjY5YmVlMTA1N2EyYjk0NGQ4ODBkNTI5MyIsImV4cCI6MTc3NDIxMjk2MywiaWF0IjoxNzc0MTI2NTYzfQ.qqk_aNLPsKV8IC9Grec27R-ejrl4kOW4T-U_-Pqi3_c'
03-21 23:56:02.330 27705 27763 I ReactNativeJS: 'User при логине:', { _id: '69bee1057a2b944d880d5293',
03-21 23:56:02.330 27705 27763 I ReactNativeJS:   username: 'user',
03-21 23:56:02.330 27705 27763 I ReactNativeJS:   token: 'eyJhbGciOiJIUzI1NiIsInR5cCI6IkpXVCJ9.eyJyb2xlcyI6WyJ1c2VyIl0sInN1YiI6IjY5YmVlMTA1N2EyYjk0NGQ4ODBkNTI5MyIsImV4cCI6MTc3NDIxMjk2MywiaWF0IjoxNzc0MTI2NTYzfQ.qqk_aNLPsKV8IC9Grec27R-ejrl4kOW4T-U_-Pqi3_c' }
03-21 23:56:02.387  1557  1921 I ImeTracker: system_server:3b159179: onTimeout at PHASE_WM_GET_CONTROL_WITH_LEASH
03-21 23:56:02.490   849  1055 I hwcomposer: [HWC] (0)fire a callback of refresh to SF[4]  
03-21 23:56:02.495   623  2758 W libperfmgr: Failed to write to node: /dev/stune/top-app/schedtune.boost with value: 10, fd: -1
03-21 23:56:02.495   623  2758 W libperfmgr: Failed to write to node: /proc/sys/kernel/sched_boost with value: 0, fd: -1
03-21 23:56:02.566 27705 27705 W [RNScreens]: topInsetEnabled prop is not available on Android
03-21 23:56:02.571   623  2758 W libperfmgr: Failed to write to node: /dev/stune/top-app/schedtune.boost with value: 10, fd: -1
03-21 23:56:02.571   623  2758 W libperfmgr: Failed to write to node: /proc/sys/kernel/sched_boost with value: 0, fd: -1
03-21 23:56:02.620 27705 27705 I ImeTracker: com.rnat:fb093969: onRequestHide at ORIGIN_CLIENT reason HIDE_SOFT_INPUT fromUser false
03-21 23:56:02.622  1557  3361 I ImeTracker: system_server:2062a1ab: onRequestShow at ORIGIN_SERVER reason IME_REQUESTED_CHANGED_LISTENER fromUser false
03-21 23:56:02.625  1557  1619 I ImeTracker: system_server:2062a1ab: onCancelled at PHASE_SERVER_ALREADY_VISIBLE
03-21 23:56:02.626  3591  3591 I StylusModule: StylusModule.onUpdateToolType():774 Update tool type = 1
03-21 23:56:02.637  1557  1620 I ImeTracker: system_server:9688d966: onRequestShow at ORIGIN_SERVER reason CONTROLS_CHANGED fromUser false
03-21 23:56:02.682 27705 27705 I ImeTracker: system_server:9688d966: onCancelled at PHASE_CLIENT_ON_CONTROLS_CHANGED
03-21 23:56:02.794  1557  3561 I ImeTracker: com.rnat:fb093969: onFailed at PHASE_WM_NOTIFY_HIDE_ANIMATION_FINISHED
03-21 23:56:02.795  3591  3591 I GoogleInputMethodService: GoogleInputMethodService.onFinishInputView():1602 onFinishInputView(false)
03-21 23:56:02.796  3591  3591 W TooltipLifecycleManager: TooltipLifecycleManager.dismissTooltips():153 Tooltip with id SUGGESTION_VIEW_EDU_MINI_DIALOG not found in tooltipManager.
03-21 23:56:02.797  3591  3591 I GlobeKeyExtension: GlobeKeyExtension.onDeactivate():153 
03-21 23:56:02.798  3591  3591 W TooltipLifecycleManager: TooltipLifecycleManager.dismissTooltips():153 Tooltip with id spell_check_add_to_dictionary not found in tooltipManager.
03-21 23:56:02.798  3591  3591 I VoiceInputManagerWrapper: VoiceInputManagerWrapper.shutdown():131 shutdown()
03-21 23:56:02.798  3591  3591 I AndroidIME: AbstractIme.onDeactivate():213 PasswordIme.onDeactivate()
03-21 23:56:02.799  3591  3591 I PrimesLoggerHolder: FrameMetricServiceImpl.stopAsFuture():213 Measurement not found: OnConfigurationChanged
03-21 23:56:02.799  3591  3591 W TooltipLifecycleManager: TooltipLifecycleManager.dismissTooltips():153 Tooltip with id undo_access_point_promotion_banner not found in tooltipManager.
03-21 23:56:02.800   841   880 I netd    : tetherGetStats() -> {[]} <0.94ms>
03-21 23:56:02.801  3591  3591 I ImeTracker: com.rnat:fb093969: onHidden
03-21 23:56:02.801  1557  4381 I ImeTracker: com.rnat:fb093969: onFinished on previously finished token at PHASE_NOT_SET with STATUS_SUCCESS
03-21 23:56:02.805  3591  3591 I KeyboardModeUtils: KeyboardModeUtils.getKeyboardBottomOffset():435 inch: 0.000000 ydpi: 409.127014 adjustKeyboardBottomByDisplaySize: false currentDensityDpi: 420 defaultDensityDpi: 420 keyboardBottomToScreenPx: 0 keyboardBottomToNavBarPx: -126 navBarHeight: 126
03-21 23:56:02.806  3591  3591 I BaseKeyboardSizeHelper: BaseKeyboardSizeHelper.calculateMaxKeyboardBodyHeight():73 leave 281 height for app when ime window height:2181, header height:116 and isFullscreenMode:false, so the max keyboard body height is:1784
03-21 23:56:02.806  3591  3591 I BaseKeyboardSizeHelper: BaseKeyboardSizeHelper.calculateMaxKeyboardBodyHeight():73 leave 281 height for app when ime window height:2181, header height:116 and isFullscreenMode:false, so the max keyboard body height is:1784
03-21 23:56:02.871  1557  4381 W PresentationStatsEventLogger: Bad view state for: 1073741825, state: ViewState: [id=1073741857@1434279259, state:1, currentValue:android.view.autofill.AutofillValue@1]
03-21 23:56:02.877  1557  4381 W PresentationStatsEventLogger: Bad view state for: 1073741825, state: ViewState: [id=1073741858@1434279259, state:1, currentValue:android.view.autofill.AutofillValue@1]
03-21 23:56:02.901 27705 27764 W unknown:ReactNative: Attempt to set local data for view with unknown tag: -1
03-21 23:56:02.901 27705 27764 W unknown:ReactNative: Attempt to set local data for view with unknown tag: -1
03-21 23:56:02.901 27705 27764 W unknown:ReactNative: Attempt to set local data for view with unknown tag: -1
03-21 23:56:03.071   623  2758 W libperfmgr: Failed to write to node: /dev/stune/top-app/schedtune.boost with value: 10, fd: -1
03-21 23:56:03.072   623  2758 W libperfmgr: Failed to write to node: /proc/sys/kernel/sched_boost with value: 0, fd: -1
03-21 23:56:03.131  1557  4381 W PresentationStatsEventLogger: Bad view state for: 1073741825, state: ViewState: [id=1073741859@1434279259, state:1, currentValue:android.view.autofill.AutofillValue@1]
03-21 23:56:03.162   849  1086 I hwcomposer: [HWCDisplay] [Display_0 (type:1)] fps:71.234200,dur:1010.75,max:133.05,min:10.98  
03-21 23:56:03.197  1557  4381 W PresentationStatsEventLogger: Bad view state for: 1073741825, state: ViewState: [id=1073741860@1434279259, state:1, currentValue:android.view.autofill.AutofillValue@1]
03-21 23:56:03.235 27705 27705 I com.rnat: hiddenapi: Accessing hidden field Landroid/widget/ScrollView;->mScroller:Landroid/widget/OverScroller; (runtime_flags=0, domain=platform, api=unsupported) from Lcom/facebook/react/views/scroll/ReactScrollView; (domain=app, TargetSdkVersion=35) using reflection: allowed
03-21 23:56:03.279 27705 27764 W unknown:ReactNative: Attempt to set local data for view with unknown tag: 357
03-21 23:56:03.283 27705 27764 W unknown:ReactNative: Attempt to set local data for view with unknown tag: 357
03-21 23:56:03.286 27705 27764 W unknown:ReactNative: Attempt to set local data for view with unknown tag: 357
03-21 23:56:03.308  3591  3591 W TooltipLifecycleManager: TooltipLifecycleManager.dismissTooltips():153 Tooltip with id undo_access_point_promotion_banner not found in tooltipManager.
03-21 23:56:03.317  1557  4381 I ImeTracker: system_server:6d971a74: onRequestHide at ORIGIN_SERVER reason IME_REQUESTED_CHANGED_LISTENER fromUser false
03-21 23:56:03.317  1557  1619 I ImeTracker: system_server:6d971a74: onCancelled at PHASE_SERVER_SHOULD_HIDE
03-21 23:56:03.397  1557  4381 W PresentationStatsEventLogger: Bad view state for: 1073741825, state: ViewState: [id=1073741861@1434279259, state:1, currentValue:android.view.autofill.AutofillValue@1]
03-21 23:56:03.398 27705 27705 I ImeTracker: com.rnat:dc7f315f: onRequestHide at ORIGIN_CLIENT reason HIDE_SOFT_INPUT_CLOSE_CURRENT_SESSION fromUser false
03-21 23:56:03.398 27705 27705 I ImeTracker: com.rnat:dc7f315f: onCancelled at PHASE_CLIENT_ALREADY_HIDDEN
03-21 23:56:03.425 27705 27764 W unknown:ReactNative: Attempt to set local data for view with unknown tag: 357
03-21 23:56:03.425 27705 27764 W unknown:ReactNative: Attempt to set local data for view with unknown tag: 357
03-21 23:56:03.428 27705 27764 W unknown:ReactNative: Attempt to set local data for view with unknown tag: -1
03-21 23:56:03.428 27705 27764 W unknown:ReactNative: Attempt to set local data for view with unknown tag: -1
03-21 23:56:03.428 27705 27764 W unknown:ReactNative: Attempt to set local data for view with unknown tag: -1
03-21 23:56:03.428 27705 27764 W unknown:ReactNative: Attempt to set local data for view with unknown tag: 1059
03-21 23:56:03.428 27705 27764 W unknown:ReactNative: Attempt to set local data for view with unknown tag: 1059
03-21 23:56:03.428 27705 27764 W unknown:ReactNative: Attempt to set local data for view with unknown tag: 1059
03-21 23:56:03.428 27705 27764 W unknown:ReactNative: Attempt to set local data for view with unknown tag: 1059
03-21 23:56:03.428 27705 27764 W unknown:ReactNative: Attempt to set local data for view with unknown tag: 1059
03-21 23:56:03.462   849  1055 I hwcomposer: [HWC] (0)fire a callback of refresh to SF[4]  
03-21 23:56:03.471   623  2758 W libperfmgr: Failed to write to node: /dev/stune/top-app/schedtune.boost with value: 10, fd: -1
03-21 23:56:03.471   623  2758 W libperfmgr: Failed to write to node: /proc/sys/kernel/sched_boost with value: 0, fd: -1
03-21 23:56:03.483  1557  4381 W PresentationStatsEventLogger: Bad view state for: 1073741825, state: ViewState: [id=1073741862@1434279259, state:1, currentValue:android.view.autofill.AutofillValue@1]
03-21 23:56:03.484 27705 27764 W unknown:ReactNative: Attempt to set local data for view with unknown tag: -1
03-21 23:56:03.485 27705 27764 W unknown:ReactNative: Attempt to set local data for view with unknown tag: -1
03-21 23:56:03.485 27705 27764 W unknown:ReactNative: Attempt to set local data for view with unknown tag: -1
03-21 23:56:03.492   623  2758 W libperfmgr: Failed to write to node: /dev/stune/top-app/schedtune.boost with value: 10, fd: -1
03-21 23:56:03.493   623  2758 W libperfmgr: Failed to write to node: /proc/sys/kernel/sched_boost with value: 0, fd: -1
03-21 23:56:03.516  1557  4381 W PresentationStatsEventLogger: Bad view state for: 1073741825, state: ViewState: [id=1073741863@1434279259, state:1, currentValue:android.view.autofill.AutofillValue@1]
03-21 23:56:03.554   849  1055 I hwcomposer: [HWC] (0)fire a callback of refresh to SF[4]  
03-21 23:56:03.562   623  2758 W libperfmgr: Failed to write to node: /dev/stune/top-app/schedtune.boost with value: 10, fd: -1
03-21 23:56:03.562   623  2758 W libperfmgr: Failed to write to node: /proc/sys/kernel/sched_boost with value: 0, fd: -1
03-21 23:56:03.635   623  2758 W libperfmgr: Failed to write to node: /dev/stune/top-app/schedtune.boost with value: 10, fd: -1
03-21 23:56:03.636   623  2758 W libperfmgr: Failed to write to node: /proc/sys/kernel/sched_boost with value: 0, fd: -1
03-21 23:56:03.660 27705 27764 W unknown:ReactNative: Attempt to set local data for view with unknown tag: 1107
03-21 23:56:03.660 27705 27764 W unknown:ReactNative: Attempt to set local data for view with unknown tag: 1107
03-21 23:56:03.661 27705 27764 W unknown:ReactNative: Attempt to set local data for view with unknown tag: 1107
03-21 23:56:03.693 27705 27764 W unknown:ReactNative: Attempt to set local data for view with unknown tag: 1107
03-21 23:56:03.693 27705 27764 W unknown:ReactNative: Attempt to set local data for view with unknown tag: 1107
03-21 23:56:03.720  1557  4381 W PresentationStatsEventLogger: Bad view state for: 1073741825, state: ViewState: [id=1073741864@1434279259, state:1, currentValue:android.view.autofill.AutofillValue@1]
03-21 23:56:03.721 27705 27764 W unknown:ReactNative: Attempt to set local data for view with unknown tag: -1
03-21 23:56:03.722 27705 27764 W unknown:ReactNative: Attempt to set local data for view with unknown tag: -1
03-21 23:56:03.722 27705 27764 W unknown:ReactNative: Attempt to set local data for view with unknown tag: -1
03-21 23:56:03.826   849  1055 I hwcomposer: [HWC] (0)fire a callback of refresh to SF[4]  
03-21 23:56:03.840   623  2758 W libperfmgr: Failed to write to node: /dev/stune/top-app/schedtune.boost with value: 10, fd: -1
03-21 23:56:03.840   623  2758 W libperfmgr: Failed to write to node: /proc/sys/kernel/sched_boost with value: 0, fd: -1
03-21 23:56:03.908   623  2758 W libperfmgr: Failed to write to node: /dev/stune/top-app/schedtune.boost with value: 10, fd: -1
03-21 23:56:03.908   623  2758 W libperfmgr: Failed to write to node: /proc/sys/kernel/sched_boost with value: 0, fd: -1
03-21 23:56:04.275   884   900 I WifiHAL : feature_set=0x8488141a
03-21 23:56:04.275   841   880 I netd    : networkAddUidRangesParcel(NativeUidRangeConfig{netId: 103, uidRanges: [UidRangeParcel{start: 0, stop: 2147483647}], subPriority: 998}) <1.55ms>
03-21 23:56:04.276  1557  1939 I HalDevMgr: bestIfaceCreationProposal is null, requestIface=STA, existingIface=[name=wlan0 type=STA]
03-21 23:56:04.277   841   880 I netd    : networkRemoveUidRangesParcel(NativeUidRangeConfig{netId: 103, uidRanges: [UidRangeParcel{start: 0, stop: 2147483647}], subPriority: 998}) <1.17ms>
03-21 23:56:04.304  2441  4330 I NullBinder: NullBinder for android.net.action.RECOMMEND_NETWORKS triggering remote TransactionTooLargeException due to Service without Chimera impl, calling uid: 1000, calling pid: 0
03-21 23:56:04.305  2441  4330 W libbinder.Binder: Large reply transaction of 1056768 bytes, interface descriptor , code 1, flags 17
03-21 23:56:04.318   849  1086 I hwcomposer: [HWCDisplay] [Display_0 (type:1)] fps:24.232967,dur:1155.45,max:475.95,min:11.07  
03-21 23:56:04.382   849  1055 I hwcomposer: [HWC] (0)fire a callback of refresh to SF[4]  
03-21 23:56:04.394   623  2758 W libperfmgr: Failed to write to node: /dev/stune/top-app/schedtune.boost with value: 10, fd: -1
03-21 23:56:04.394   623  2758 W libperfmgr: Failed to write to node: /proc/sys/kernel/sched_boost with value: 0, fd: -1
03-21 23:56:04.464   623  2758 W libperfmgr: Failed to write to node: /dev/stune/top-app/schedtune.boost with value: 10, fd: -1
03-21 23:56:04.464   623  2758 W libperfmgr: Failed to write to node: /proc/sys/kernel/sched_boost with value: 0, fd: -1
03-21 23:56:04.792  2441 26228 I NearbySharing: Network state changed: NetworkState(isRestricted=false, isOnline=true, isCongested=false, isMetered=false, isWifiConnected=true)
03-21 23:56:04.964   623  2758 W libperfmgr: Failed to write to node: /dev/stune/top-app/schedtune.boost with value: 10, fd: -1
03-21 23:56:04.965   623  2758 W libperfmgr: Failed to write to node: /proc/sys/kernel/sched_boost with value: 0, fd: -1
03-21 23:56:05.002 27938 27938 W libbinder.BackendUnifiedServiceManager: Thread Pool max thread count is 0. Cannot cache binder as linkToDeath cannot be implemented. serviceName: deviceidle
03-21 23:56:05.019 27940 27940 W libbinder.BackendUnifiedServiceManager: Thread Pool max thread count is 0. Cannot cache binder as linkToDeath cannot be implemented. serviceName: battery
03-21 23:56:05.036 27942 27942 W libbinder.BackendUnifiedServiceManager: Thread Pool max thread count is 0. Cannot cache binder as linkToDeath cannot be implemented. serviceName: deviceidle
03-21 23:56:05.059   868 19875 W C2BqBuffer: last successful dequeue was 818290071 us ago, 0 consecutive failures
03-21 23:56:05.061 27945 27945 W libbinder.BackendUnifiedServiceManager: Thread Pool max thread count is 0. Cannot cache binder as linkToDeath cannot be implemented. serviceName: activity
03-21 23:56:05.113 27954 27954 W libbinder.BackendUnifiedServiceManager: Thread Pool max thread count is 0. Cannot cache binder as linkToDeath cannot be implemented. serviceName: battery
03-21 23:56:05.266   849  1055 I hwcomposer: [HWC] (0)fire a callback of refresh to SF[4]  
03-21 23:56:05.270   623  2758 W libperfmgr: Failed to write to node: /dev/stune/top-app/schedtune.boost with value: 10, fd: -1
03-21 23:56:05.271   623  2758 W libperfmgr: Failed to write to node: /proc/sys/kernel/sched_boost with value: 0, fd: -1
03-21 23:56:05.330 27705 27763 W ReactNativeJS: Warning: TypeError: Cannot read property 'id' of undefined
03-21 23:56:05.330 27705 27763 W ReactNativeJS: 
03-21 23:56:05.330 27705 27763 W ReactNativeJS: This error is located at:
03-21 23:56:05.330 27705 27763 W ReactNativeJS:     at BeatDetailsScreen (http://localhost:8081/index.bundle//&platform=android&dev=true&lazy=true&minify=false&app=com.rnat&modulesOnly=false&runModule=true&excludeSource=true&sourcePaths=url-server:124134:21)
03-21 23:56:05.330 27705 27763 W ReactNativeJS:     at StaticContainer (http://localhost:8081/index.bundle//&platform=android&dev=true&lazy=true&minify=false&app=com.rnat&modulesOnly=false&runModule=true&excludeSource=true&sourcePaths=url-server:135009:17)
03-21 23:56:05.330 27705 27763 W ReactNativeJS:     at EnsureSingleNavigator (http://localhost:8081/index.bundle//&platform=android&dev=true&lazy=true&minify=false&app=com.rnat&modulesOnly=false&runModule=true&excludeSource=true&sourcePaths=url-server:130422:24)
03-21 23:56:05.330 27705 27763 W ReactNativeJS:     at SceneView (http://localhost:8081/index.bundle//&platform=android&dev=true&lazy=true&minify=false&app=com.rnat&modulesOnly=false&runModule=true&excludeSource=true&sourcePaths=url-server:134865:22)
03-21 23:56:05.330 27705 27763 W ReactNativeJS:     at NavigationProvider (http://localhost:8081/index.bundle//&platform=android&dev=true&lazy=true&minify=false&app=com.rnat&modulesOnly=false&runModule=true&excludeSource=true&sourcePaths=url-server:130579:21)
03-21 23:56:05.330 27705 27763 W ReactNativeJS:     at RNSScreenContentWrapper (<anonymous>)
03-21 23:56:05.330 27705 27763 W ReactNativeJS:     at ScreenContentWrapper (<anonymous>)
03-21 23:56:05.330 27705 27763 W ReactNativeJS:     at DebugContainer (http://localhost:8081/index.bundle//&platform=android&dev=true&lazy=true&minify=false&app=com.rnat&modulesOnly=false&runModule=true&excludeSource=true&sourcePaths=url-server:175738:31)
03-21 23:56:05.330 27705 27763 W ReactNativeJS:     at RNSScreen (<anonymous>)
03-21 23:56:05.330 27705 27763 W ReactNativeJS:     at Animated(Anonymous) (http://localhost:8081/index.bundle//&platform=android&dev=true&lazy=true&minify=false&app=com.rnat&modulesOnly=false&runModule=true&excludeSource=true&sourcePaths=url-server:59644:62)
03-21 23:56:05.330 27705 27763 W ReactNativeJS:     at Suspender (http://localhost:8081/index.bundle//&platform=android&dev=true&lazy=true&minify=false&app=com.rnat&modulesOnly=false&runModule=true&excludeSource=true&sourcePaths=url-server:174769:22)
03-21 23:56:05.330 27705 27763 W ReactNativeJS:     at Suspense (<anonymous>)
03-21 23:56:05.330 27705 27763 W ReactNativeJS:     at Freeze (http://localhost:8081/index.bundle//&platform=android&dev=true&lazy=true&minify=false&app=com.rnat&modulesOnly=false&runModule=true&excludeSource=true&sourcePaths=url-server:174779:23)
03-21 23:56:05.330 27705 27763 W ReactNativeJS:     at DelayedFreeze (http://localhost:8081/index.bundle//&platform=android&dev=true&lazy=true&minify=false&app=com.rnat&modulesOnly=false&runModule=true&excludeSource=true&sourcePaths=url-server:174734:22)
03-21 23:56:05.330 27705 27763 W ReactNativeJS:     at InnerScreen (http://localhost:8081/index.bundle//&platform=android&dev=true&lazy=true&minify=false&app=com.rnat&modulesOnly=false&runModule=true&excludeSource=true&sourcePaths=url-server:174506:41)
03-21 23:56:05.330 27705 27763 W ReactNativeJS:     at Screen (http://localhost:8081/index.bundle//&platform=android&dev=true&lazy=true&minify=false&app=com.rnat&modulesOnly=false&runModule=true&excludeSource=true&sourcePaths=url-server:174702:50)
03-21 23:56:05.330 27705 27763 W ReactNativeJS:     at ScreenStackItem (http://localhost:8081/index.bundle//&platform=android&dev=true&lazy=true&minify=false&app=com.rnat&modulesOnly=false&runModule=true&excludeSource=true&sourcePaths=url-server:175533:24)
03-21 23:56:05.330 27705 27763 W ReactNativeJS:     at NavigationProvider (http://localhost:8081/index.bundle//&platform=android&dev=true&lazy=true&minify=false&app=com.rnat&modulesOnly=false&runModule=true&excludeSource=true&sourcePaths=url-server:130579:21)
03-21 23:56:05.330 27705 27763 W ReactNativeJS:     at SceneView (http://localhost:8081/index.bundle//&platform=android&dev=true&lazy=true&minify=false&app=com.rnat&modulesOnly=false&runModule=true&excludeSource=true&sourcePaths=url-server:169383:21)
03-21 23:56:05.330 27705 27763 W ReactNativeJS:     at RNSScreenStack (<anonymous>)
03-21 23:56:05.330 27705 27763 W ReactNativeJS:     at anonymous (http://localhost:8081/index.bundle//&platform=android&dev=true&lazy=true&minify=false&app=com.rnat&modulesOnly=false&runModule=true&excludeSource=true&sourcePaths=url-server:175507:22)
03-21 23:56:05.330 27705 27763 W ReactNativeJS:     at ScreenStack (http://localhost:8081/index.bundle//&platform=android&dev=true&lazy=true&minify=false&app=com.rnat&modulesOnly=false&runModule=true&excludeSource=true&sourcePaths=url-server:175415:30)
03-21 23:56:05.330 27705 27763 W ReactNativeJS:     at RNCSafeAreaProvider (<anonymous>)
03-21 23:56:05.330 27705 27763 W ReactNativeJS:     at SafeAreaProvider (http://localhost:8081/index.bundle//&platform=android&dev=true&lazy=true&minify=false&app=com.rnat&modulesOnly=false&runModule=true&excludeSource=true&sourcePaths=url-server:141590:24)
03-21 23:56:05.330 27705 27763 W ReactNativeJS:     at FrameSizeProvider (http://localhost:8081/index.bundle//&platform=android&dev=true&lazy=true&minify=false&app=com.rnat&modulesOnly=false&runModule=true&excludeSource=true&sourcePaths=url-server:172195:28)
03-21 23:56:05.330 27705 27763 W ReactNativeJS:     at SafeAreaProviderCompat (http://localhost:8081/index.bundle//&platform=android&dev=true&lazy=true&minify=false&app=com.rnat&modulesOnly=false&runModule=true&excludeSource=true&sourcePaths=url-server:173460:24)
03-21 23:56:05.330 27705 27763 W ReactNativeJS:     at NativeStackView (http://localhost:8081/index.bundle//&platform=android&dev=true&lazy=true&minify=false&app=com.rnat&modulesOnly=false&runModule=true&excludeSource=true&sourcePaths=url-server:169723:22)
03-21 23:56:05.330 27705 27763 W ReactNativeJS:     at PreventRemoveProvider (http://localhost:8081/index.bundle//&platform=android&dev=true&lazy=true&minify=false&app=com.rnat&modulesOnly=false&runModule=true&excludeSource=true&sourcePaths=url-server:130738:25)
03-21 23:56:05.330 27705 27763 W ReactNativeJS:     at NavigationStateListenerProvider (http://localhost:8081/index.bundle//&platform=android&dev=true&lazy=true&minify=false&app=com.rnat&modulesOnly=false&runModule=true&excludeSource=true&sourcePaths=url-server:135117:21)
03-21 23:56:05.330 27705 27763 W ReactNativeJS:     at NavigationContent (http://localhost:8081/index.bundle//&platform=android&dev=true&lazy=true&minify=false&app=com.rnat&modulesOnly=false&runModule=true&excludeSource=true&sourcePaths=url-server:135061:22)
03-21 23:56:05.330 27705 27763 W ReactNativeJS:     at anonymous (http://localhost:8081/index.bundle//&platform=android&dev=true&lazy=true&minify=false&app=com.rnat&modulesOnly=false&runModule=true&excludeSource=true&sourcePaths=url-server:135076:27)
03-21 23:56:05.330 27705 27763 W ReactNativeJS:     at NativeStackNavigator (http://localhost:8081/index.bundle//&platform=android&dev=true&lazy=true&minify=false&app=com.rnat&modulesOnly=false&runModule=true&excludeSource=true&sourcePaths=url-server:177061:18)
03-21 23:56:05.330 27705 27763 W ReactNativeJS:     at ThemeProvider (http://localhost:8081/index.bundle//&platform=android&dev=true&lazy=true&minify=false&app=com.rnat&modulesOnly=false&runModule=true&excludeSource=true&sourcePaths=url-server:130459:21)
03-21 23:56:05.330 27705 27763 W ReactNativeJS:     at EnsureSingleNavigator (http://localhost:8081/index.bundle//&platform=android&dev=true&lazy=true&minify=false&app=com.rnat&modulesOnly=false&runModule=true&excludeSource=true&sourcePaths=url-server:130422:24)
03-21 23:56:05.330 27705 27763 W ReactNativeJS:     at BaseNavigationContainer (http://localhost:8081/index.bundle//&platform=android&dev=true&lazy=true&minify=false&app=com.rnat&modulesOnly=false&runModule=true&excludeSource=true&sourcePaths=url-server:128053:28)
03-21 23:56:05.330 27705 27763 W ReactNativeJS:     at NavigationContainerInner (http://localhost:8081/index.bundle//&platform=android&dev=true&lazy=true&minify=false&app=com.rnat&modulesOnly=false&runModule=true&excludeSource=true&sourcePaths=url-server:135567:30)
03-21 23:56:05.330 27705 27763 W ReactNativeJS:     at RNGestureHandlerRootView (<anonymous>)
03-21 23:56:05.330 27705 27763 W ReactNativeJS:     at GestureHandlerRootView (http://localhost:8081/index.bundle//&platform=android&dev=true&lazy=true&minify=false&app=com.rnat&modulesOnly=false&runModule=true&excludeSource=true&sourcePaths=url-server:206840:21)
03-21 23:56:05.330 27705 27763 W ReactNativeJS:     at AppContent (http://localhost:8081/index.bundle//&platform=android&dev=true&lazy=true&minify=false&app=com.rnat&modulesOnly=false&runModule=true&excludeSource=true&sourcePaths=url-server:96401:48)
03-21 23:56:05.330 27705 27763 W ReactNativeJS:     at AuthProvider (http://localhost:8081/index.bundle//&platform=android&dev=true&lazy=true&minify=false&app=com.rnat&modulesOnly=false&runModule=true&excludeSource=true&sourcePaths=url-server:97660:24)
03-21 23:56:05.330 27705 27763 W ReactNativeJS:     at App (<anonymous>)
03-21 23:56:05.330 27705 27763 W ReactNativeJS:     at RCTView (<anonymous>)
03-21 23:56:05.330 27705 27763 W ReactNativeJS:     at View (http://localhost:8081/index.bundle//&platform=android&dev=true&lazy=true&minify=false&app=com.rnat&modulesOnly=false&runModule=true&excludeSource=true&sourcePaths=url-server:47415:43)
03-21 23:56:05.330 27705 27763 W ReactNativeJS:     at RCTView (<anonymous>)
03-21 23:56:05.330 27705 27763 W ReactNativeJS:     at View (http://localhost:8081/index.bundle//&platform=android&dev=true&lazy=true&minify=false&app=com.rnat&modulesOnly=false&runModule=true&excludeSource=true&sourcePaths=url-server:47415:43)
03-21 23:56:05.330 27705 27763 W ReactNativeJS:     at AppContainer (http://localhost:8081/index.bundle//&platform=android&dev=true&lazy=true&minify=false&app=com.rnat&modulesOnly=false&runModule=true&excludeSource=true&sourcePaths=url-server:47309:25)
03-21 23:56:05.330 27705 27763 W ReactNativeJS:     at rnat(RootComponent) (http://localhost:8081/index.bundle//&platform=android&dev=true&lazy=true&minify=false&app=com.rnat&modulesOnly=false&runModule=true&excludeSource=true&sourcePaths=url-server:67011:28), js engine: hermes
03-21 23:56:05.348   623  2758 W libperfmgr: Failed to write to node: /dev/stune/top-app/schedtune.boost with value: 10, fd: -1
03-21 23:56:05.348   623  2758 W libperfmgr: Failed to write to node: /proc/sys/kernel/sched_boost with value: 0, fd: -1
03-21 23:56:05.359   841 27965 I resolv  : GetAddrInfoHandler::run: {103 103 103 983143 10399 0}
03-21 23:56:05.359   841 27966 I resolv  : GetAddrInfoHandler::run: {103 103 103 983143 10399 0}
03-21 23:56:05.360   841 27967 I resolv  : res_nmkquery: (QUERY, IN, A)
03-21 23:56:05.360   841 27968 I resolv  : res_nmkquery: (QUERY, IN, A)
03-21 23:56:05.360   841 27967 I resolv  : resolv_cache_lookup: Waiting for previous request
03-21 23:56:05.368   841 27968 I resolv  : res_nsend: used send_dg 43 terrno: 0
03-21 23:56:05.368   841 27968 I resolv  : doQuery: rcode=0, ancount=1, return value=43
03-21 23:56:05.372   841 27967 I resolv  : res_nsend: used send_dg 43 terrno: 0
03-21 23:56:05.372   841 27967 I resolv  : doQuery: rcode=0, ancount=1, return value=43
03-21 23:56:05.390 27705 27705 I ReactNative: [GESTURE HANDLER] Tearing down gesture handler registered for root view com.facebook.react.ReactRootView{129ac25 V.E...... ......ID 0,0-1080,2400 #b}
03-21 23:56:05.417   849  1086 I hwcomposer: [HWCDisplay] [Display_0 (type:1)] fps:4.547445,dur:1099.52,max:751.65,min:55.52  
03-21 23:56:05.479   849  1055 I hwcomposer: [HWC] (0)fire a callback of refresh to SF[4]  
03-21 23:56:05.495   623  2758 W libperfmgr: Failed to write to node: /dev/stune/top-app/schedtune.boost with value: 10, fd: -1
03-21 23:56:05.495   623  2758 W libperfmgr: Failed to write to node: /proc/sys/kernel/sched_boost with value: 0, fd: -1
03-21 23:56:05.507   623  2758 W libperfmgr: Failed to write to node: /dev/stune/top-app/schedtune.boost with value: 10, fd: -1
03-21 23:56:05.507   623  2758 W libperfmgr: Failed to write to node: /proc/sys/kernel/sched_boost with value: 0, fd: -1
03-21 23:56:05.525   909   985 E surfaceflinger: == MALI DEBUG ===eglp_winsys_populate_image_templates ==12288
03-21 23:56:05.536   623  2758 W libperfmgr: Failed to write to node: /dev/stune/top-app/schedtune.boost with value: 50, fd: -1
03-21 23:56:05.536   623  2758 W libperfmgr: Failed to write to node: /proc/sys/kernel/sched_boost with value: 2, fd: -1
03-21 23:56:05.564  1557  1921 I ImeTracker: com.rnat:208c4bbd: onRequestHide at ORIGIN_SERVER reason HIDE_UNSPECIFIED_WINDOW fromUser false
03-21 23:56:05.565 27705 27705 I ImeTracker: com.rnat:208c4bbd: onCancelled at PHASE_CLIENT_ALREADY_HIDDEN
03-21 23:56:05.565  3591  3591 I GoogleInputMethodService: GoogleInputMethodService.onFinishInput():2114 
03-21 23:56:05.566  1557  3361 I ImeTracker: system_server:b9c50a41: onRequestHide at ORIGIN_SERVER reason IME_REQUESTED_CHANGED_LISTENER fromUser false
03-21 23:56:05.566  3591  3591 I Module  : DeviceLockedStatusModuleProvider$Module.updateDeviceLockedStatus():103 repeatCheckTimes = 0, locked = false
03-21 23:56:05.566  1557  1619 I ImeTracker: system_server:b9c50a41: onCancelled at PHASE_SERVER_SHOULD_HIDE
03-21 23:56:05.567  3591  3591 I GoogleInputMethodService: GoogleInputMethodService.onStartInput():1385 onStartInput(EditorInfo{EditorInfo{packageName=com.rnat, inputType=0, inputTypeString=NULL, enableLearning=false, autoCorrection=false, autoComplete=false, imeOptions=0, privateImeOptions=null, actionName=UNSPECIFIED, actionLabel=null, initialSelStart=-1, initialSelEnd=-1, initialCapsMode=0, label=null, fieldId=0, fieldName=null, extras=null, hintText=null, hintLocales=[]}}, false)
03-21 23:56:05.567  3591  3591 I AndroidIME: LatinIMEBase.updateInputViewCoverNavigation():314 Update input view padding, extendsTouchBelowSpace=true, bottom inset=126
03-21 23:56:05.567  3591  3591 I HardKeyTracker: HardKeyTracker.registerKeySequence():178 Register key sequence oum{labelResId=0, callback=ctk@e710481, lastModifier=0, keyCodes=[57, 57], actions=[1, 0]}
03-21 23:56:05.567  3591  3591 I HardKeyTracker: HardKeyTracker.registerKeySequence():178 Register key sequence oum{labelResId=0, callback=ctk@2446926, lastModifier=0, keyCodes=[58, 58], actions=[1, 0]}
03-21 23:56:05.568  3591  3591 I Module  : DeviceLockedStatusModuleProvider$Module.updateDeviceLockedStatus():103 repeatCheckTimes = 1, locked = false
03-21 23:56:05.569  1557  3361 W PackageConfigPersister: App-specific configuration not found for packageName: com.rnat and userId: 0
03-21 23:56:05.606   849  1056 W hwcomposer: [DRMDEV] paramIsSame(), id 318, w 1080/1080, h 2400/2400, pitch 1088/1088, format 0x1/0x2, secure 0/0  
03-21 23:56:05.675 27705 27705 I com.rnat: hiddenapi: Accessing hidden field Landroid/widget/HorizontalScrollView;->mScroller:Landroid/widget/OverScroller; (runtime_flags=0, domain=platform, api=unsupported) from Lcom/facebook/react/views/scroll/ReactHorizontalScrollView; (domain=app, TargetSdkVersion=35) using reflection: allowed
03-21 23:56:05.686   623  2758 W libperfmgr: Failed to write to node: /dev/stune/top-app/schedtune.boost with value: 10, fd: -1
03-21 23:56:05.686   623  2758 W libperfmgr: Failed to write to node: /proc/sys/kernel/sched_boost with value: 0, fd: -1
03-21 23:56:05.695   849  1055 I hwcomposer: [HWC] (0)fire a callback of refresh to SF[4]  
03-21 23:56:05.705   623  2758 W libperfmgr: Failed to write to node: /dev/stune/top-app/schedtune.boost with value: 10, fd: -1
03-21 23:56:05.705   623  2758 W libperfmgr: Failed to write to node: /proc/sys/kernel/sched_boost with value: 0, fd: -1
03-21 23:56:05.775   623  2758 W libperfmgr: Failed to write to node: /dev/stune/top-app/schedtune.boost with value: 10, fd: -1
03-21 23:56:05.775   623  2758 W libperfmgr: Failed to write to node: /proc/sys/kernel/sched_boost with value: 0, fd: -1
03-21 23:56:05.824   909   985 E surfaceflinger: == MALI DEBUG ===eglp_winsys_populate_image_templates ==12288
03-21 23:56:05.829   909   985 E surfaceflinger: == MALI DEBUG ===eglp_winsys_populate_image_templates ==12288
03-21 23:56:05.849   909   985 E surfaceflinger: == MALI DEBUG ===eglp_winsys_populate_image_templates ==12288
03-21 23:56:06.222   849  1055 I hwcomposer: [HWC] (0)fire a callback of refresh to SF[4]  
03-21 23:56:06.237   623  2758 W libperfmgr: Failed to write to node: /dev/stune/top-app/schedtune.boost with value: 10, fd: -1
03-21 23:56:06.237   623  2758 W libperfmgr: Failed to write to node: /proc/sys/kernel/sched_boost with value: 0, fd: -1
03-21 23:56:06.303   623  2758 W libperfmgr: Failed to write to node: /dev/stune/top-app/schedtune.boost with value: 10, fd: -1
03-21 23:56:06.303   623  2758 W libperfmgr: Failed to write to node: /proc/sys/kernel/sched_boost with value: 0, fd: -1
03-21 23:56:06.804   623  2758 W libperfmgr: Failed to write to node: /dev/stune/top-app/schedtune.boost with value: 10, fd: -1
03-21 23:56:06.804   623  2758 W libperfmgr: Failed to write to node: /proc/sys/kernel/sched_boost with value: 0, fd: -1
03-21 23:56:07.216   849  1086 I hwcomposer: [HWCDisplay] [Display_0 (type:1)] fps:25.565948,dur:1799.27,max:973.74,min:5.51  
03-21 23:56:07.274   849  1055 I hwcomposer: [HWC] (0)fire a callback of refresh to SF[4]  
03-21 23:56:07.284   623  2758 W libperfmgr: Failed to write to node: /dev/stune/top-app/schedtune.boost with value: 10, fd: -1
03-21 23:56:07.284   623  2758 W libperfmgr: Failed to write to node: /proc/sys/kernel/sched_boost with value: 0, fd: -1
03-21 23:56:07.290   884   900 I WifiHAL : feature_set=0x8488141a
03-21 23:56:07.292  1557  1939 I HalDevMgr: bestIfaceCreationProposal is null, requestIface=STA, existingIface=[name=wlan0 type=STA]
03-21 23:56:07.338   623  2758 W libperfmgr: Failed to write to node: /dev/stune/top-app/schedtune.boost with value: 10, fd: -1
03-21 23:56:07.339   623  2758 W libperfmgr: Failed to write to node: /proc/sys/kernel/sched_boost with value: 0, fd: -1
03-21 23:56:07.710   849  1055 I hwcomposer: [HWC] (0)fire a callback of refresh to SF[4]  
03-21 23:56:07.714   623  2758 W libperfmgr: Failed to write to node: /dev/stune/top-app/schedtune.boost with value: 10, fd: -1
03-21 23:56:07.714   623  2758 W libperfmgr: Failed to write to node: /proc/sys/kernel/sched_boost with value: 0, fd: -1
03-21 23:56:07.791   623  2758 W libperfmgr: Failed to write to node: /dev/stune/top-app/schedtune.boost with value: 10, fd: -1
03-21 23:56:07.791   623  2758 W libperfmgr: Failed to write to node: /proc/sys/kernel/sched_boost with value: 0, fd: -1
03-21 23:56:08.292   623  2758 W libperfmgr: Failed to write to node: /dev/stune/top-app/schedtune.boost with value: 10, fd: -1
03-21 23:56:08.292   623  2758 W libperfmgr: Failed to write to node: /proc/sys/kernel/sched_boost with value: 0, fd: -1
03-21 23:56:08.295   841   880 I netd    : tetherGetStats() -> {[]} <0.92ms>
03-21 23:56:08.730  1557  1921 I ImeTracker: system_server:5667b55b: onTimeout at PHASE_WM_GET_CONTROL_WITH_LEASH
03-21 23:56:08.792   623  2758 W libperfmgr: Failed to write to node: /dev/stune/top-app/schedtune.boost with value: 10, fd: -1
03-21 23:56:08.792   623  2758 W libperfmgr: Failed to write to node: /proc/sys/kernel/sched_boost with value: 0, fd: -1
03-21 23:56:08.853  1557  1639 W libprocessgroup: SetCgroup::ExecuteForProcess: failed to open /dev/stune/background/cgroup.procs: No such file or directory
03-21 23:56:09.292   623  2758 W libperfmgr: Failed to write to node: /dev/stune/top-app/schedtune.boost with value: 10, fd: -1
03-21 23:56:09.292   623  2758 W libperfmgr: Failed to write to node: /proc/sys/kernel/sched_boost with value: 0, fd: -1
03-21 23:56:09.792   623  2758 W libperfmgr: Failed to write to node: /dev/stune/top-app/schedtune.boost with value: 10, fd: -1
03-21 23:56:09.793   623  2758 W libperfmgr: Failed to write to node: /proc/sys/kernel/sched_boost with value: 0, fd: -1
03-21 23:56:10.079   868 19875 W C2BqBuffer: last successful dequeue was 823309417 us ago, 0 consecutive failures
03-21 23:56:10.293   623  2758 W libperfmgr: Failed to write to node: /dev/stune/top-app/schedtune.boost with value: 10, fd: -1
03-21 23:56:10.293   623  2758 W libperfmgr: Failed to write to node: /proc/sys/kernel/sched_boost with value: 0, fd: -1
03-21 23:56:10.304   884   900 I WifiHAL : feature_set=0x8488141a
03-21 23:56:10.305  1557  1939 I HalDevMgr: bestIfaceCreationProposal is null, requestIface=STA, existingIface=[name=wlan0 type=STA]
03-21 23:56:10.793   623  2758 W libperfmgr: Failed to write to node: /dev/stune/top-app/schedtune.boost with value: 10, fd: -1
03-21 23:56:10.793   623  2758 W libperfmgr: Failed to write to node: /proc/sys/kernel/sched_boost with value: 0, fd: -1
03-21 23:56:11.293   623  2758 W libperfmgr: Failed to write to node: /dev/stune/top-app/schedtune.boost with value: 10, fd: -1
03-21 23:56:11.293   623  2758 W libperfmgr: Failed to write to node: /proc/sys/kernel/sched_boost with value: 0, fd: -1
03-21 23:56:11.323 27978 27978 W libbinder.BackendUnifiedServiceManager: Thread Pool max thread count is 0. Cannot cache binder as linkToDeath cannot be implemented. serviceName: deviceidle
03-21 23:56:11.341 27980 27980 W libbinder.BackendUnifiedServiceManager: Thread Pool max thread count is 0. Cannot cache binder as linkToDeath cannot be implemented. serviceName: battery
03-21 23:56:11.369 27982 27982 W libbinder.BackendUnifiedServiceManager: Thread Pool max thread count is 0. Cannot cache binder as linkToDeath cannot be implemented. serviceName: deviceidle
03-21 23:56:11.394 27985 27985 W libbinder.BackendUnifiedServiceManager: Thread Pool max thread count is 0. Cannot cache binder as linkToDeath cannot be implemented. serviceName: activity
03-21 23:56:11.452 27994 27994 W libbinder.BackendUnifiedServiceManager: Thread Pool max thread count is 0. Cannot cache binder as linkToDeath cannot be implemented. serviceName: battery
03-21 23:56:11.794   623  2758 W libperfmgr: Failed to write to node: /dev/stune/top-app/schedtune.boost with value: 10, fd: -1
03-21 23:56:11.794   623  2758 W libperfmgr: Failed to write to node: /proc/sys/kernel/sched_boost with value: 0, fd: -1
03-21 23:56:12.294   623  2758 W libperfmgr: Failed to write to node: /dev/stune/top-app/schedtune.boost with value: 10, fd: -1
03-21 23:56:12.294   623  2758 W libperfmgr: Failed to write to node: /proc/sys/kernel/sched_boost with value: 0, fd: -1
03-21 23:56:12.794   623  2758 W libperfmgr: Failed to write to node: /dev/stune/top-app/schedtune.boost with value: 10, fd: -1
03-21 23:56:12.794   623  2758 W libperfmgr: Failed to write to node: /proc/sys/kernel/sched_boost with value: 0, fd: -1
03-21 23:56:13.295   623  2758 W libperfmgr: Failed to write to node: /dev/stune/top-app/schedtune.boost with value: 10, fd: -1
03-21 23:56:13.295   623  2758 W libperfmgr: Failed to write to node: /proc/sys/kernel/sched_boost with value: 0, fd: -1
03-21 23:56:13.319   884   900 I WifiHAL : feature_set=0x8488141a
03-21 23:56:13.321  1557  1939 I HalDevMgr: bestIfaceCreationProposal is null, requestIface=STA, existingIface=[name=wlan0 type=STA]
03-21 23:56:13.795   623  2758 W libperfmgr: Failed to write to node: /dev/stune/top-app/schedtune.boost with value: 10, fd: -1
03-21 23:56:13.795   623  2758 W libperfmgr: Failed to write to node: /proc/sys/kernel/sched_boost with value: 0, fd: -1
03-21 23:56:14.295   623  2758 W libperfmgr: Failed to write to node: /dev/stune/top-app/schedtune.boost with value: 10, fd: -1
03-21 23:56:14.295   623  2758 W libperfmgr: Failed to write to node: /proc/sys/kernel/sched_boost with value: 0, fd: -1
03-21 23:56:14.550 27681 27689 W d.process.acore: userfaultfd: MOVE ioctl seems unsupported: Connection timed out
03-21 23:56:14.795   623  2758 W libperfmgr: Failed to write to node: /dev/stune/top-app/schedtune.boost with value: 10, fd: -1
03-21 23:56:14.796   623  2758 W libperfmgr: Failed to write to node: /proc/sys/kernel/sched_boost with value: 0, fd: -1
03-21 23:56:14.928  2220  2220 E SatelliteController: registerForSatelliteModemStateChanged: mSatelliteSessionController is not initialized yet
03-21 23:56:14.930  2220  2220 E SatelliteController: registerForSatelliteModemStateChanged: mSatelliteSessionController is not initialized yet
03-21 23:56:14.933  2220  2364 E SatelliteController: notifyNtnEligibility: mSatellitePhone is null
03-21 23:56:14.948  1557  4381 W ContextImpl: Calling a method in the system process without a qualified user: android.app.ContextImpl.sendBroadcastMultiplePermissions:1358 android.content.Context.sendBroadcastMultiplePermissions:2796 com.android.server.TelephonyRegistry.broadcastServiceStateChanged:4172 com.android.server.TelephonyRegistry.notifyServiceStateForPhoneId:1848 com.android.internal.telephony.ITelephonyRegistry$Stub.onTransact:613 
03-21 23:56:14.951  1557  4381 W ContextImpl: Calling a method in the system process without a qualified user: android.app.ContextImpl.sendBroadcastMultiplePermissions:1391 com.android.server.TelephonyRegistry.broadcastServiceStateChanged:4177 com.android.server.TelephonyRegistry.notifyServiceStateForPhoneId:1848 com.android.internal.telephony.ITelephonyRegistry$Stub.onTransact:613 android.os.Binder.execTransactInternal:1473 
03-21 23:56:14.953  1557  4381 W ContextImpl: Calling a method in the system process without a qualified user: android.app.ContextImpl.sendBroadcastMultiplePermissions:1391 com.android.server.TelephonyRegistry.broadcastServiceStateChanged:4186 com.android.server.TelephonyRegistry.notifyServiceStateForPhoneId:1848 com.android.internal.telephony.ITelephonyRegistry$Stub.onTransact:613 android.os.Binder.execTransactInternal:1473 
03-21 23:56:14.955  1557  4381 W ContextImpl: Calling a method in the system process without a qualified user: android.app.ContextImpl.sendBroadcastMultiplePermissions:1391 com.android.server.TelephonyRegistry.broadcastServiceStateChanged:4192 com.android.server.TelephonyRegistry.notifyServiceStateForPhoneId:1848 com.android.internal.telephony.ITelephonyRegistry$Stub.onTransact:613 android.os.Binder.execTransactInternal:1473 
03-21 23:56:14.964  1557  1639 W libprocessgroup: SetCgroup::ExecuteForProcess: failed to open /dev/stune/background/cgroup.procs: No such file or directory
03-21 23:56:14.967   841   880 I netd    : tetherGetStats() -> {[]} <1.68ms>
03-21 23:56:14.969  2220  2220 I Telephony: TelecomAccountRegistry$TelecomAccountTelephonyCallback: TelecomAccountRegistry: onServiceStateChanged: newState=0, mServiceState=0
03-21 23:56:14.969  2220  2220 W Telephony: registerMmTelCapabilityCallback: registration failed, no ImsService available. Exception: code: 1
03-21 23:56:14.971  2220  2220 I Telephony: isRttCurrentlySupported -- regular acct, hasVoiceAvailability: false
03-21 23:56:14.971  2220  2220 I Telephony:  isRttSupported: false
03-21 23:56:14.971  2220  2220 I Telephony:  alwaysAllowWhileRoaming: false
03-21 23:56:14.971  2220  2220 I Telephony:  isRoaming: false
03-21 23:56:14.971  2220  2220 I Telephony:  isOnWfc: false
03-21 23:56:15.096   868 19875 W C2BqBuffer: last successful dequeue was 828327083 us ago, 0 consecutive failures
03-21 23:56:15.296   623  2758 W libperfmgr: Failed to write to node: /dev/stune/top-app/schedtune.boost with value: 10, fd: -1
03-21 23:56:15.296   623  2758 W libperfmgr: Failed to write to node: /proc/sys/kernel/sched_boost with value: 0, fd: -1
03-21 23:56:15.796   623  2758 W libperfmgr: Failed to write to node: /dev/stune/top-app/schedtune.boost with value: 10, fd: -1
03-21 23:56:15.796   623  2758 W libperfmgr: Failed to write to node: /proc/sys/kernel/sched_boost with value: 0, fd: -1
03-21 23:56:15.962  1216  1216 W adbd    : timeout expired while flushing socket, closing
03-21 23:56:16.296   623  2758 W libperfmgr: Failed to write to node: /dev/stune/top-app/schedtune.boost with value: 10, fd: -1
03-21 23:56:16.296   623  2758 W libperfmgr: Failed to write to node: /proc/sys/kernel/sched_boost with value: 0, fd: -1
03-21 23:56:16.332   884   900 I WifiHAL : feature_set=0x8488141a
03-21 23:56:16.333  1557  1939 I HalDevMgr: bestIfaceCreationProposal is null, requestIface=STA, existingIface=[name=wlan0 type=STA]
03-21 23:56:16.797   623  2758 W libperfmgr: Failed to write to node: /dev/stune/top-app/schedtune.boost with value: 10, fd: -1
03-21 23:56:16.797   623  2758 W libperfmgr: Failed to write to node: /proc/sys/kernel/sched_boost with value: 0, fd: -1
03-21 23:56:17.297   623  2758 W libperfmgr: Failed to write to node: /dev/stune/top-app/schedtune.boost with value: 10, fd: -1
03-21 23:56:17.298   623  2758 W libperfmgr: Failed to write to node: /proc/sys/kernel/sched_boost with value: 0, fd: -1
03-21 23:56:17.673 28003 28003 W libbinder.BackendUnifiedServiceManager: Thread Pool max thread count is 0. Cannot cache binder as linkToDeath cannot be implemented. serviceName: deviceidle
03-21 23:56:17.689 28005 28005 W libbinder.BackendUnifiedServiceManager: Thread Pool max thread count is 0. Cannot cache binder as linkToDeath cannot be implemented. serviceName: battery
03-21 23:56:17.706 28007 28007 W libbinder.BackendUnifiedServiceManager: Thread Pool max thread count is 0. Cannot cache binder as linkToDeath cannot be implemented. serviceName: deviceidle
03-21 23:56:17.731 28010 28010 W libbinder.BackendUnifiedServiceManager: Thread Pool max thread count is 0. Cannot cache binder as linkToDeath cannot be implemented. serviceName: activity
03-21 23:56:17.795 28019 28019 W libbinder.BackendUnifiedServiceManager: Thread Pool max thread count is 0. Cannot cache binder as linkToDeath cannot be implemented. serviceName: battery
03-21 23:56:17.798   623  2758 W libperfmgr: Failed to write to node: /dev/stune/top-app/schedtune.boost with value: 10, fd: -1
03-21 23:56:17.798   623  2758 W libperfmgr: Failed to write to node: /proc/sys/kernel/sched_boost with value: 0, fd: -1
03-21 23:56:18.299   623  2758 W libperfmgr: Failed to write to node: /dev/stune/top-app/schedtune.boost with value: 10, fd: -1
03-21 23:56:18.299   623  2758 W libperfmgr: Failed to write to node: /proc/sys/kernel/sched_boost with value: 0, fd: -1
03-21 23:56:18.799   623  2758 W libperfmgr: Failed to write to node: /dev/stune/top-app/schedtune.boost with value: 10, fd: -1
03-21 23:56:18.799   623  2758 W libperfmgr: Failed to write to node: /proc/sys/kernel/sched_boost with value: 0, fd: -1
03-21 23:56:19.300   623  2758 W libperfmgr: Failed to write to node: /dev/stune/top-app/schedtune.boost with value: 10, fd: -1
03-21 23:56:19.300   623  2758 W libperfmgr: Failed to write to node: /proc/sys/kernel/sched_boost with value: 0, fd: -1
03-21 23:56:19.346   884   900 I WifiHAL : feature_set=0x8488141a
03-21 23:56:19.347  1557  1939 I HalDevMgr: bestIfaceCreationProposal is null, requestIface=STA, existingIface=[name=wlan0 type=STA]
03-21 23:56:19.801   623  2758 W libperfmgr: Failed to write to node: /dev/stune/top-app/schedtune.boost with value: 10, fd: -1
03-21 23:56:19.801   623  2758 W libperfmgr: Failed to write to node: /proc/sys/kernel/sched_boost with value: 0, fd: -1
03-21 23:56:20.116   868 19875 W C2BqBuffer: last successful dequeue was 833346515 us ago, 0 consecutive failures
03-21 23:56:20.301   623  2758 W libperfmgr: Failed to write to node: /dev/stune/top-app/schedtune.boost with value: 10, fd: -1
03-21 23:56:20.301   623  2758 W libperfmgr: Failed to write to node: /proc/sys/kernel/sched_boost with value: 0, fd: -1
03-21 23:56:20.802   623  2758 W libperfmgr: Failed to write to node: /dev/stune/top-app/schedtune.boost with value: 10, fd: -1
03-21 23:56:20.802   623  2758 W libperfmgr: Failed to write to node: /proc/sys/kernel/sched_boost with value: 0, fd: -1
03-21 23:56:21.303   623  2758 W libperfmgr: Failed to write to node: /dev/stune/top-app/schedtune.boost with value: 10, fd: -1
03-21 23:56:21.303   623  2758 W libperfmgr: Failed to write to node: /proc/sys/kernel/sched_boost with value: 0, fd: -1
03-21 23:56:21.803   623  2758 W libperfmgr: Failed to write to node: /dev/stune/top-app/schedtune.boost with value: 10, fd: -1
03-21 23:56:21.803   623  2758 W libperfmgr: Failed to write to node: /proc/sys/kernel/sched_boost with value: 0, fd: -1
03-21 23:56:22.304   623  2758 W libperfmgr: Failed to write to node: /dev/stune/top-app/schedtune.boost with value: 10, fd: -1
03-21 23:56:22.304   623  2758 W libperfmgr: Failed to write to node: /proc/sys/kernel/sched_boost with value: 0, fd: -1
03-21 23:56:22.361   884   900 I WifiHAL : feature_set=0x8488141a
03-21 23:56:22.362  1557  1939 I HalDevMgr: bestIfaceCreationProposal is null, requestIface=STA, existingIface=[name=wlan0 type=STA]
03-21 23:56:22.804   623  2758 W libperfmgr: Failed to write to node: /dev/stune/top-app/schedtune.boost with value: 10, fd: -1
03-21 23:56:22.805   623  2758 W libperfmgr: Failed to write to node: /proc/sys/kernel/sched_boost with value: 0, fd: -1
03-21 23:56:22.806  3591  3591 I VoiceInputManagerWrapper: VoiceInputManagerWrapper.shutdownVoiceInternal():148 shutdownVoiceInternal()
03-21 23:56:22.807  3591  3591 W NotificationCenter: NotificationCenter.unregisterListener():480 Listener iwn@7097b0f was not registered for notification class owg
03-21 23:56:23.305   623  2758 W libperfmgr: Failed to write to node: /dev/stune/top-app/schedtune.boost with value: 10, fd: -1
03-21 23:56:23.305   623  2758 W libperfmgr: Failed to write to node: /proc/sys/kernel/sched_boost with value: 0, fd: -1
03-21 23:56:23.806   623  2758 W libperfmgr: Failed to write to node: /dev/stune/top-app/schedtune.boost with value: 10, fd: -1
03-21 23:56:23.806   623  2758 W libperfmgr: Failed to write to node: /proc/sys/kernel/sched_boost with value: 0, fd: -1
03-21 23:56:24.011 28028 28028 W libbinder.BackendUnifiedServiceManager: Thread Pool max thread count is 0. Cannot cache binder as linkToDeath cannot be implemented. serviceName: deviceidle
03-21 23:56:24.029 28030 28030 W libbinder.BackendUnifiedServiceManager: Thread Pool max thread count is 0. Cannot cache binder as linkToDeath cannot be implemented. serviceName: battery
03-21 23:56:24.044 28032 28032 W libbinder.BackendUnifiedServiceManager: Thread Pool max thread count is 0. Cannot cache binder as linkToDeath cannot be implemented. serviceName: deviceidle
03-21 23:56:24.069 28035 28035 W libbinder.BackendUnifiedServiceManager: Thread Pool max thread count is 0. Cannot cache binder as linkToDeath cannot be implemented. serviceName: activity
03-21 23:56:24.131 28044 28044 W libbinder.BackendUnifiedServiceManager: Thread Pool max thread count is 0. Cannot cache binder as linkToDeath cannot be implemented. serviceName: battery
03-21 23:56:24.306   623  2758 W libperfmgr: Failed to write to node: /dev/stune/top-app/schedtune.boost with value: 10, fd: -1
03-21 23:56:24.306   623  2758 W libperfmgr: Failed to write to node: /proc/sys/kernel/sched_boost with value: 0, fd: -1
03-21 23:56:24.807   623  2758 W libperfmgr: Failed to write to node: /dev/stune/top-app/schedtune.boost with value: 10, fd: -1
03-21 23:56:24.807   623  2758 W libperfmgr: Failed to write to node: /proc/sys/kernel/sched_boost with value: 0, fd: -1
03-21 23:56:25.135   868 19875 W C2BqBuffer: last successful dequeue was 838365951 us ago, 0 consecutive failures
03-21 23:56:25.308   623  2758 W libperfmgr: Failed to write to node: /dev/stune/top-app/schedtune.boost with value: 10, fd: -1
03-21 23:56:25.308   623  2758 W libperfmgr: Failed to write to node: /proc/sys/kernel/sched_boost with value: 0, fd: -1
03-21 23:56:25.374   884   900 I WifiHAL : feature_set=0x8488141a
03-21 23:56:25.374  1557  1939 I HalDevMgr: bestIfaceCreationProposal is null, requestIface=STA, existingIface=[name=wlan0 type=STA]
03-21 23:56:25.808   623  2758 W libperfmgr: Failed to write to node: /dev/stune/top-app/schedtune.boost with value: 10, fd: -1
03-21 23:56:25.808   623  2758 W libperfmgr: Failed to write to node: /proc/sys/kernel/sched_boost with value: 0, fd: -1
03-21 23:56:26.309   623  2758 W libperfmgr: Failed to write to node: /dev/stune/top-app/schedtune.boost with value: 10, fd: -1
03-21 23:56:26.309   623  2758 W libperfmgr: Failed to write to node: /proc/sys/kernel/sched_boost with value: 0, fd: -1
03-21 23:56:26.809   623  2758 W libperfmgr: Failed to write to node: /dev/stune/top-app/schedtune.boost with value: 10, fd: -1
03-21 23:56:26.809   623  2758 W libperfmgr: Failed to write to node: /proc/sys/kernel/sched_boost with value: 0, fd: -1
03-21 23:56:27.309   623  2758 W libperfmgr: Failed to write to node: /dev/stune/top-app/schedtune.boost with value: 10, fd: -1
03-21 23:56:27.309   623  2758 W libperfmgr: Failed to write to node: /proc/sys/kernel/sched_boost with value: 0, fd: -1
03-21 23:56:27.810   623  2758 W libperfmgr: Failed to write to node: /dev/stune/top-app/schedtune.boost with value: 10, fd: -1
03-21 23:56:27.810   623  2758 W libperfmgr: Failed to write to node: /proc/sys/kernel/sched_boost with value: 0, fd: -1
03-21 23:56:28.243   849  1086 I hwcomposer: [HWCDisplay] [Display_0 (type:1)] fps:1.426748,dur:21026.83,max:20523.49,min:11.00  
03-21 23:56:28.302   849  1055 I hwcomposer: [HWC] (0)fire a callback of refresh to SF[4]  
03-21 23:56:28.308   623  2758 W libperfmgr: Failed to write to node: /dev/stune/top-app/schedtune.boost with value: 10, fd: -1
03-21 23:56:28.308   623  2758 W libperfmgr: Failed to write to node: /proc/sys/kernel/sched_boost with value: 0, fd: -1
03-21 23:56:28.381   884   900 I WifiHAL : feature_set=0x8488141a
03-21 23:56:28.382  1557  1939 I HalDevMgr: bestIfaceCreationProposal is null, requestIface=STA, existingIface=[name=wlan0 type=STA]
03-21 23:56:28.384   623  2758 W libperfmgr: Failed to write to node: /dev/stune/top-app/schedtune.boost with value: 10, fd: -1
03-21 23:56:28.384   623  2758 W libperfmgr: Failed to write to node: /proc/sys/kernel/sched_boost with value: 0, fd: -1
03-21 23:56:28.884   623  2758 W libperfmgr: Failed to write to node: /dev/stune/top-app/schedtune.boost with value: 10, fd: -1
03-21 23:56:28.884   623  2758 W libperfmgr: Failed to write to node: /proc/sys/kernel/sched_boost with value: 0, fd: -1
03-21 23:56:29.385   623  2758 W libperfmgr: Failed to write to node: /dev/stune/top-app/schedtune.boost with value: 10, fd: -1
03-21 23:56:29.385   623  2758 W libperfmgr: Failed to write to node: /proc/sys/kernel/sched_boost with value: 0, fd: -1
03-21 23:56:29.886   623  2758 W libperfmgr: Failed to write to node: /dev/stune/top-app/schedtune.boost with value: 10, fd: -1
03-21 23:56:29.886   623  2758 W libperfmgr: Failed to write to node: /proc/sys/kernel/sched_boost with value: 0, fd: -1
03-21 23:56:30.135   868 19875 W C2BqBuffer: last successful dequeue was 843366118 us ago, 0 consecutive failures
03-21 23:56:30.364 28053 28053 W libbinder.BackendUnifiedServiceManager: Thread Pool max thread count is 0. Cannot cache binder as linkToDeath cannot be implemented. serviceName: deviceidle
03-21 23:56:30.386   623  2758 W libperfmgr: Failed to write to node: /dev/stune/top-app/schedtune.boost with value: 10, fd: -1
03-21 23:56:30.386   623  2758 W libperfmgr: Failed to write to node: /proc/sys/kernel/sched_boost with value: 0, fd: -1
03-21 23:56:30.393 28055 28055 W libbinder.BackendUnifiedServiceManager: Thread Pool max thread count is 0. Cannot cache binder as linkToDeath cannot be implemented. serviceName: battery
03-21 23:56:30.422 28057 28057 W libbinder.BackendUnifiedServiceManager: Thread Pool max thread count is 0. Cannot cache binder as linkToDeath cannot be implemented. serviceName: deviceidle
03-21 23:56:30.448 28060 28060 W libbinder.BackendUnifiedServiceManager: Thread Pool max thread count is 0. Cannot cache binder as linkToDeath cannot be implemented. serviceName: activity
03-21 23:56:30.504 28069 28069 W libbinder.BackendUnifiedServiceManager: Thread Pool max thread count is 0. Cannot cache binder as linkToDeath cannot be implemented. serviceName: battery
03-21 23:56:30.887   623  2758 W libperfmgr: Failed to write to node: /dev/stune/top-app/schedtune.boost with value: 10, fd: -1
03-21 23:56:30.887   623  2758 W libperfmgr: Failed to write to node: /proc/sys/kernel/sched_boost with value: 0, fd: -1
03-21 23:56:31.182  1557  1659 I DisplayPowerController[0]: BrightnessEvent: brt=8.54597E-4(5.0%), nits=3.4861262, lux=-1.0, reason=manual [ dim ], strat=FallbackBrightnessStrategy, state=ON, stateReason=DEFAULT_POLICY, policy=DIM, flags=, initBrt=1.0, rcmdBrt=NaN, preBrt=NaN, preLux=0.0, wasShortTermModelActive=false, autoBrightness=false (default), unclampedBrt=1.0, hbmMax=1.0, hbmMode=sunlight, thrmMax=1.0, rbcStrength=50, powerFactor=1.0, physDisp=Built-in Screen(local:4627039422300187648), logicalId=0, slowChange=false, rampSpeed=0.70472443
03-21 23:56:31.212  2220  2220 E SatelliteController: registerForSatelliteModemStateChanged: mSatelliteSessionController is not initialized yet
03-21 23:56:31.214  2220  2220 E SatelliteController: registerForSatelliteModemStateChanged: mSatelliteSessionController is not initialized yet
03-21 23:56:31.223  2220  2364 E SatelliteController: notifyNtnEligibility: mSatellitePhone is null
03-21 23:56:31.228  1557  4381 W ContextImpl: Calling a method in the system process without a qualified user: android.app.ContextImpl.sendBroadcastMultiplePermissions:1358 android.content.Context.sendBroadcastMultiplePermissions:2796 com.android.server.TelephonyRegistry.broadcastServiceStateChanged:4172 com.android.server.TelephonyRegistry.notifyServiceStateForPhoneId:1848 com.android.internal.telephony.ITelephonyRegistry$Stub.onTransact:613 
03-21 23:56:31.230  1557  4381 W ContextImpl: Calling a method in the system process without a qualified user: android.app.ContextImpl.sendBroadcastMultiplePermissions:1391 com.android.server.TelephonyRegistry.broadcastServiceStateChanged:4177 com.android.server.TelephonyRegistry.notifyServiceStateForPhoneId:1848 com.android.internal.telephony.ITelephonyRegistry$Stub.onTransact:613 android.os.Binder.execTransactInternal:1473 
03-21 23:56:31.232  1557  4381 W ContextImpl: Calling a method in the system process without a qualified user: android.app.ContextImpl.sendBroadcastMultiplePermissions:1391 com.android.server.TelephonyRegistry.broadcastServiceStateChanged:4186 com.android.server.TelephonyRegistry.notifyServiceStateForPhoneId:1848 com.android.internal.telephony.ITelephonyRegistry$Stub.onTransact:613 android.os.Binder.execTransactInternal:1473 
03-21 23:56:31.233  1557  4381 W ContextImpl: Calling a method in the system process without a qualified user: android.app.ContextImpl.sendBroadcastMultiplePermissions:1391 com.android.server.TelephonyRegistry.broadcastServiceStateChanged:4192 com.android.server.TelephonyRegistry.notifyServiceStateForPhoneId:1848 com.android.internal.telephony.ITelephonyRegistry$Stub.onTransact:613 android.os.Binder.execTransactInternal:1473 
03-21 23:56:31.238  1557  1639 W libprocessgroup: SetCgroup::ExecuteForProcess: failed to open /dev/stune/background/cgroup.procs: No such file or directory
03-21 23:56:31.239   841   880 I netd    : tetherGetStats() -> {[]} <1.44ms>
03-21 23:56:31.250  2220  2220 I Telephony: TelecomAccountRegistry$TelecomAccountTelephonyCallback: TelecomAccountRegistry: onServiceStateChanged: newState=0, mServiceState=0
03-21 23:56:31.251  2220  2220 W Telephony: registerMmTelCapabilityCallback: registration failed, no ImsService available. Exception: code: 1
03-21 23:56:31.253  2220  2220 I Telephony: isRttCurrentlySupported -- regular acct, hasVoiceAvailability: false
03-21 23:56:31.253  2220  2220 I Telephony:  isRttSupported: false
03-21 23:56:31.253  2220  2220 I Telephony:  alwaysAllowWhileRoaming: false
03-21 23:56:31.253  2220  2220 I Telephony:  isRoaming: false
03-21 23:56:31.253  2220  2220 I Telephony:  isOnWfc: false
03-21 23:56:31.387   623  2758 W libperfmgr: Failed to write to node: /dev/stune/top-app/schedtune.boost with value: 10, fd: -1
03-21 23:56:31.388   623  2758 W libperfmgr: Failed to write to node: /proc/sys/kernel/sched_boost with value: 0, fd: -1
03-21 23:56:31.394   884   900 I WifiHAL : feature_set=0x8488141a
03-21 23:56:31.395  1557  1939 I HalDevMgr: bestIfaceCreationProposal is null, requestIface=STA, existingIface=[name=wlan0 type=STA]
03-21 23:56:31.888   623  2758 W libperfmgr: Failed to write to node: /dev/stune/top-app/schedtune.boost with value: 10, fd: -1
03-21 23:56:31.888   623  2758 W libperfmgr: Failed to write to node: /proc/sys/kernel/sched_boost with value: 0, fd: -1
03-21 23:56:32.389   623  2758 W libperfmgr: Failed to write to node: /dev/stune/top-app/schedtune.boost with value: 10, fd: -1
03-21 23:56:32.389   623  2758 W libperfmgr: Failed to write to node: /proc/sys/kernel/sched_boost with value: 0, fd: -1
03-21 23:56:32.889   623  2758 W libperfmgr: Failed to write to node: /dev/stune/top-app/schedtune.boost with value: 10, fd: -1
03-21 23:56:32.889   623  2758 W libperfmgr: Failed to write to node: /proc/sys/kernel/sched_boost with value: 0, fd: -1
03-21 23:56:33.390   623  2758 W libperfmgr: Failed to write to node: /dev/stune/top-app/schedtune.boost with value: 10, fd: -1
03-21 23:56:33.390   623  2758 W libperfmgr: Failed to write to node: /proc/sys/kernel/sched_boost with value: 0, fd: -1
03-21 23:56:33.891   623  2758 W libperfmgr: Failed to write to node: /dev/stune/top-app/schedtune.boost with value: 10, fd: -1
03-21 23:56:33.891   623  2758 W libperfmgr: Failed to write to node: /proc/sys/kernel/sched_boost with value: 0, fd: -1
03-21 23:56:34.391   623  2758 W libperfmgr: Failed to write to node: /dev/stune/top-app/schedtune.boost with value: 10, fd: -1
03-21 23:56:34.391   623  2758 W libperfmgr: Failed to write to node: /proc/sys/kernel/sched_boost with value: 0, fd: -1
03-21 23:56:34.407   884   900 I WifiHAL : feature_set=0x8488141a
03-21 23:56:34.408  1557  1939 I HalDevMgr: bestIfaceCreationProposal is null, requestIface=STA, existingIface=[name=wlan0 type=STA]
03-21 23:56:34.892   623  2758 W libperfmgr: Failed to write to node: /dev/stune/top-app/schedtune.boost with value: 10, fd: -1
03-21 23:56:34.892   623  2758 W libperfmgr: Failed to write to node: /proc/sys/kernel/sched_boost with value: 0, fd: -1
03-21 23:56:35.151   868 19875 W C2BqBuffer: last successful dequeue was 848381631 us ago, 0 consecutive failures
03-21 23:56:35.392   623  2758 W libperfmgr: Failed to write to node: /dev/stune/top-app/schedtune.boost with value: 10, fd: -1
03-21 23:56:35.392   623  2758 W libperfmgr: Failed to write to node: /proc/sys/kernel/sched_boost with value: 0, fd: -1
