--------- beginning of main
03-21 21:10:11.156   625  2778 W libperfmgr: Failed to write to node: /dev/stune/top-app/schedtune.boost with value: 10, fd: -1
03-21 21:10:11.156   625  2778 W libperfmgr: Failed to write to node: /proc/sys/kernel/sched_boost with value: 0, fd: -1
03-21 21:10:11.656   625  2778 W libperfmgr: Failed to write to node: /dev/stune/top-app/schedtune.boost with value: 10, fd: -1
03-21 21:10:11.656   625  2778 W libperfmgr: Failed to write to node: /proc/sys/kernel/sched_boost with value: 0, fd: -1
--------- beginning of system
03-21 21:10:11.693   594 32691 I keystore2: system/security/keystore2/watchdog/src/lib.rs:371 - Watchdog thread idle -> terminating. Have a great day.
03-21 21:10:11.804   844   878 I netd    : networkAddUidRangesParcel(NativeUidRangeConfig{netId: 105, uidRanges: [UidRangeParcel{start: 0, stop: 2147483647}], subPriority: 999}) <0.36ms>
03-21 21:10:11.804   844   878 I netd    : networkRemoveUidRangesParcel(NativeUidRangeConfig{netId: 105, uidRanges: [UidRangeParcel{start: 0, stop: 2147483647}], subPriority: 999}) <0.24ms>
03-21 21:10:12.106   877   924 W AString : ctor got NULL, using empty string instead
03-21 21:10:12.107   877   924 I Gyroscope: write temp cali: [-49, 1958, 3112, -48067, -29461, -170053]
03-21 21:10:12.107   877   924 W AString : ctor got NULL, using empty string instead
03-21 21:10:12.107   877   924 I Gyroscope: write bias: [-0.004936, 0.003042, -0.007474]
03-21 21:10:12.157   625  2778 W libperfmgr: Failed to write to node: /dev/stune/top-app/schedtune.boost with value: 10, fd: -1
03-21 21:10:12.157   625  2778 W libperfmgr: Failed to write to node: /proc/sys/kernel/sched_boost with value: 0, fd: -1
03-21 21:10:12.310  2458 32349 I NearbySharing: Network state changed: NetworkState(isRestricted=false, isOnline=true, isCongested=false, isMetered=false, isWifiConnected=true)
03-21 21:10:12.657   625  2778 W libperfmgr: Failed to write to node: /dev/stune/top-app/schedtune.boost with value: 10, fd: -1
03-21 21:10:12.657   625  2778 W libperfmgr: Failed to write to node: /proc/sys/kernel/sched_boost with value: 0, fd: -1
03-21 21:10:13.157   625  2778 W libperfmgr: Failed to write to node: /dev/stune/top-app/schedtune.boost with value: 10, fd: -1
03-21 21:10:13.157   625  2778 W libperfmgr: Failed to write to node: /proc/sys/kernel/sched_boost with value: 0, fd: -1
03-21 21:10:13.657   625  2778 W libperfmgr: Failed to write to node: /dev/stune/top-app/schedtune.boost with value: 10, fd: -1
03-21 21:10:13.657   625  2778 W libperfmgr: Failed to write to node: /proc/sys/kernel/sched_boost with value: 0, fd: -1
03-21 21:10:13.743 32750 32750 W libbinder.BackendUnifiedServiceManager: Thread Pool max thread count is 0. Cannot cache binder as linkToDeath cannot be implemented. serviceName: deviceidle
03-21 21:10:13.828 32752 32752 W libbinder.BackendUnifiedServiceManager: Thread Pool max thread count is 0. Cannot cache binder as linkToDeath cannot be implemented. serviceName: battery
03-21 21:10:13.914 32754 32754 W libbinder.BackendUnifiedServiceManager: Thread Pool max thread count is 0. Cannot cache binder as linkToDeath cannot be implemented. serviceName: deviceidle
03-21 21:10:14.158   625  2778 W libperfmgr: Failed to write to node: /dev/stune/top-app/schedtune.boost with value: 10, fd: -1
03-21 21:10:14.158   625  2778 W libperfmgr: Failed to write to node: /proc/sys/kernel/sched_boost with value: 0, fd: -1
03-21 21:10:14.658   625  2778 W libperfmgr: Failed to write to node: /dev/stune/top-app/schedtune.boost with value: 10, fd: -1
03-21 21:10:14.658   625  2778 W libperfmgr: Failed to write to node: /proc/sys/kernel/sched_boost with value: 0, fd: -1
03-21 21:10:15.158   625  2778 W libperfmgr: Failed to write to node: /dev/stune/top-app/schedtune.boost with value: 10, fd: -1
03-21 21:10:15.158   625  2778 W libperfmgr: Failed to write to node: /proc/sys/kernel/sched_boost with value: 0, fd: -1
03-21 21:10:15.658   625  2778 W libperfmgr: Failed to write to node: /dev/stune/top-app/schedtune.boost with value: 10, fd: -1
03-21 21:10:15.658   625  2778 W libperfmgr: Failed to write to node: /proc/sys/kernel/sched_boost with value: 0, fd: -1
03-21 21:10:16.159   625  2778 W libperfmgr: Failed to write to node: /dev/stune/top-app/schedtune.boost with value: 10, fd: -1
03-21 21:10:16.159   625  2778 W libperfmgr: Failed to write to node: /proc/sys/kernel/sched_boost with value: 0, fd: -1
03-21 21:10:16.633   877   877 I ApFusion: enable, handle:9, en:0
03-21 21:10:16.644   877   877 I ApFusion: enable, handle:10, en:0
03-21 21:10:16.644   877   877 I Gyroscope: enable: handle:3, en:0
03-21 21:10:16.645   877   877 I Accelerometer: enable: handle:0, en:0
03-21 21:10:16.647   877   877 I Magnetic: enable: handle:1, en:0 
03-21 21:10:16.659   625  2778 W libperfmgr: Failed to write to node: /dev/stune/top-app/schedtune.boost with value: 10, fd: -1
03-21 21:10:16.659   625  2778 W libperfmgr: Failed to write to node: /proc/sys/kernel/sched_boost with value: 0, fd: -1
03-21 21:10:17.159   625  2778 W libperfmgr: Failed to write to node: /dev/stune/top-app/schedtune.boost with value: 10, fd: -1
03-21 21:10:17.159   625  2778 W libperfmgr: Failed to write to node: /proc/sys/kernel/sched_boost with value: 0, fd: -1
03-21 21:10:17.659   625  2778 W libperfmgr: Failed to write to node: /dev/stune/top-app/schedtune.boost with value: 10, fd: -1
03-21 21:10:17.660   625  2778 W libperfmgr: Failed to write to node: /proc/sys/kernel/sched_boost with value: 0, fd: -1
03-21 21:10:18.160   625  2778 W libperfmgr: Failed to write to node: /dev/stune/top-app/schedtune.boost with value: 10, fd: -1
03-21 21:10:18.160   625  2778 W libperfmgr: Failed to write to node: /proc/sys/kernel/sched_boost with value: 0, fd: -1
03-21 21:10:18.474  1587  2260 W ProcessStats: Tracking association SourceState{26b1e8b com.google.android.gms.unstable/10300 BFgs #18814} whose proc state 4 is better than process ProcessState{b944812 com.google.android.gms/10300 pkg=com.google.android.gms} proc state 14 (7 skipped)
03-21 21:10:18.660   625  2778 W libperfmgr: Failed to write to node: /dev/stune/top-app/schedtune.boost with value: 10, fd: -1
03-21 21:10:18.660   625  2778 W libperfmgr: Failed to write to node: /proc/sys/kernel/sched_boost with value: 0, fd: -1
03-21 21:10:19.160   625  2778 W libperfmgr: Failed to write to node: /dev/stune/top-app/schedtune.boost with value: 10, fd: -1
03-21 21:10:19.160   625  2778 W libperfmgr: Failed to write to node: /proc/sys/kernel/sched_boost with value: 0, fd: -1
03-21 21:10:19.660   625  2778 W libperfmgr: Failed to write to node: /dev/stune/top-app/schedtune.boost with value: 10, fd: -1
03-21 21:10:19.660   625  2778 W libperfmgr: Failed to write to node: /proc/sys/kernel/sched_boost with value: 0, fd: -1
03-21 21:10:19.714   877   924 W AString : ctor got NULL, using empty string instead
03-21 21:10:19.714   877   924 I Gyroscope: write temp cali: [-62, 1851, 3043, -47570, -26467, -168057]
03-21 21:10:19.715   877   924 W AString : ctor got NULL, using empty string instead
03-21 21:10:19.715   877   924 I Gyroscope: write bias: [-0.004902, 0.002926, -0.007568]
03-21 21:10:19.999 32756 32756 W libbinder.BackendUnifiedServiceManager: Thread Pool max thread count is 0. Cannot cache binder as linkToDeath cannot be implemented. serviceName: deviceidle
03-21 21:10:20.085 32758 32758 W libbinder.BackendUnifiedServiceManager: Thread Pool max thread count is 0. Cannot cache binder as linkToDeath cannot be implemented. serviceName: battery
03-21 21:10:20.161   625  2778 W libperfmgr: Failed to write to node: /dev/stune/top-app/schedtune.boost with value: 10, fd: -1
03-21 21:10:20.161   625  2778 W libperfmgr: Failed to write to node: /proc/sys/kernel/sched_boost with value: 0, fd: -1
03-21 21:10:20.170 32760 32760 W libbinder.BackendUnifiedServiceManager: Thread Pool max thread count is 0. Cannot cache binder as linkToDeath cannot be implemented. serviceName: deviceidle
03-21 21:10:20.661   625  2778 W libperfmgr: Failed to write to node: /dev/stune/top-app/schedtune.boost with value: 10, fd: -1
03-21 21:10:20.661   625  2778 W libperfmgr: Failed to write to node: /proc/sys/kernel/sched_boost with value: 0, fd: -1
03-21 21:10:21.161   625  2778 W libperfmgr: Failed to write to node: /dev/stune/top-app/schedtune.boost with value: 10, fd: -1
03-21 21:10:21.161   625  2778 W libperfmgr: Failed to write to node: /proc/sys/kernel/sched_boost with value: 0, fd: -1
03-21 21:10:21.199  1587  1680 W libprocessgroup: SetCgroup::ExecuteForProcess: failed to open /dev/stune/background/cgroup.procs: No such file or directory
03-21 21:10:21.661   625  2778 W libperfmgr: Failed to write to node: /dev/stune/top-app/schedtune.boost with value: 10, fd: -1
03-21 21:10:21.661   625  2778 W libperfmgr: Failed to write to node: /proc/sys/kernel/sched_boost with value: 0, fd: -1
03-21 21:10:22.162   625  2778 W libperfmgr: Failed to write to node: /dev/stune/top-app/schedtune.boost with value: 10, fd: -1
03-21 21:10:22.162   625  2778 W libperfmgr: Failed to write to node: /proc/sys/kernel/sched_boost with value: 0, fd: -1
03-21 21:10:22.662   625  2778 W libperfmgr: Failed to write to node: /dev/stune/top-app/schedtune.boost with value: 10, fd: -1
03-21 21:10:22.662   625  2778 W libperfmgr: Failed to write to node: /proc/sys/kernel/sched_boost with value: 0, fd: -1
03-21 21:10:23.162   625  2778 W libperfmgr: Failed to write to node: /dev/stune/top-app/schedtune.boost with value: 10, fd: -1
03-21 21:10:23.162   625  2778 W libperfmgr: Failed to write to node: /proc/sys/kernel/sched_boost with value: 0, fd: -1
03-21 21:10:23.662   625  2778 W libperfmgr: Failed to write to node: /dev/stune/top-app/schedtune.boost with value: 10, fd: -1
03-21 21:10:23.663   625  2778 W libperfmgr: Failed to write to node: /proc/sys/kernel/sched_boost with value: 0, fd: -1
03-21 21:10:24.163   625  2778 W libperfmgr: Failed to write to node: /dev/stune/top-app/schedtune.boost with value: 10, fd: -1
03-21 21:10:24.163   625  2778 W libperfmgr: Failed to write to node: /proc/sys/kernel/sched_boost with value: 0, fd: -1
03-21 21:10:24.663   625  2778 W libperfmgr: Failed to write to node: /dev/stune/top-app/schedtune.boost with value: 10, fd: -1
03-21 21:10:24.663   625  2778 W libperfmgr: Failed to write to node: /proc/sys/kernel/sched_boost with value: 0, fd: -1
03-21 21:10:25.080 32699 32703 W id.gms.unstable: userfaultfd: MOVE ioctl seems unsupported: Connection timed out
03-21 21:10:25.163   625  2778 W libperfmgr: Failed to write to node: /dev/stune/top-app/schedtune.boost with value: 10, fd: -1
03-21 21:10:25.163   625  2778 W libperfmgr: Failed to write to node: /proc/sys/kernel/sched_boost with value: 0, fd: -1
03-21 21:10:25.664   625  2778 W libperfmgr: Failed to write to node: /dev/stune/top-app/schedtune.boost with value: 10, fd: -1
03-21 21:10:25.664   625  2778 W libperfmgr: Failed to write to node: /proc/sys/kernel/sched_boost with value: 0, fd: -1
03-21 21:10:26.164   625  2778 W libperfmgr: Failed to write to node: /dev/stune/top-app/schedtune.boost with value: 10, fd: -1
03-21 21:10:26.164   625  2778 W libperfmgr: Failed to write to node: /proc/sys/kernel/sched_boost with value: 0, fd: -1
03-21 21:10:26.256 32763 32763 W libbinder.BackendUnifiedServiceManager: Thread Pool max thread count is 0. Cannot cache binder as linkToDeath cannot be implemented. serviceName: deviceidle
03-21 21:10:26.342 32765 32765 W libbinder.BackendUnifiedServiceManager: Thread Pool max thread count is 0. Cannot cache binder as linkToDeath cannot be implemented. serviceName: battery
03-21 21:10:26.426 32767 32767 W libbinder.BackendUnifiedServiceManager: Thread Pool max thread count is 0. Cannot cache binder as linkToDeath cannot be implemented. serviceName: deviceidle
03-21 21:10:26.664   625  2778 W libperfmgr: Failed to write to node: /dev/stune/top-app/schedtune.boost with value: 10, fd: -1
03-21 21:10:26.664   625  2778 W libperfmgr: Failed to write to node: /proc/sys/kernel/sched_boost with value: 0, fd: -1
03-21 21:10:27.164   625  2778 W libperfmgr: Failed to write to node: /dev/stune/top-app/schedtune.boost with value: 10, fd: -1
03-21 21:10:27.165   625  2778 W libperfmgr: Failed to write to node: /proc/sys/kernel/sched_boost with value: 0, fd: -1
03-21 21:10:27.303   877   924 W AString : ctor got NULL, using empty string instead
03-21 21:10:27.303   877   924 I Gyroscope: write temp cali: [-165, 1939, 3052, -44602, -29309, -168441]
03-21 21:10:27.303   877   924 W AString : ctor got NULL, using empty string instead
03-21 21:10:27.304   877   924 I Gyroscope: write bias: [-0.004951, 0.002840, -0.007648]
03-21 21:10:27.665   625  2778 W libperfmgr: Failed to write to node: /dev/stune/top-app/schedtune.boost with value: 10, fd: -1
03-21 21:10:27.665   625  2778 W libperfmgr: Failed to write to node: /proc/sys/kernel/sched_boost with value: 0, fd: -1
03-21 21:10:28.165   625  2778 W libperfmgr: Failed to write to node: /dev/stune/top-app/schedtune.boost with value: 10, fd: -1
03-21 21:10:28.165   625  2778 W libperfmgr: Failed to write to node: /proc/sys/kernel/sched_boost with value: 0, fd: -1
03-21 21:10:28.665   625  2778 W libperfmgr: Failed to write to node: /dev/stune/top-app/schedtune.boost with value: 10, fd: -1
03-21 21:10:28.665   625  2778 W libperfmgr: Failed to write to node: /proc/sys/kernel/sched_boost with value: 0, fd: -1
03-21 21:10:29.166   625  2778 W libperfmgr: Failed to write to node: /dev/stune/top-app/schedtune.boost with value: 10, fd: -1
03-21 21:10:29.166   625  2778 W libperfmgr: Failed to write to node: /proc/sys/kernel/sched_boost with value: 0, fd: -1
03-21 21:10:29.666   625  2778 W libperfmgr: Failed to write to node: /dev/stune/top-app/schedtune.boost with value: 10, fd: -1
03-21 21:10:29.666   625  2778 W libperfmgr: Failed to write to node: /proc/sys/kernel/sched_boost with value: 0, fd: -1
03-21 21:10:30.166   625  2778 W libperfmgr: Failed to write to node: /dev/stune/top-app/schedtune.boost with value: 10, fd: -1
03-21 21:10:30.166   625  2778 W libperfmgr: Failed to write to node: /proc/sys/kernel/sched_boost with value: 0, fd: -1
03-21 21:10:30.666   625  2778 W libperfmgr: Failed to write to node: /dev/stune/top-app/schedtune.boost with value: 10, fd: -1
03-21 21:10:30.666   625  2778 W libperfmgr: Failed to write to node: /proc/sys/kernel/sched_boost with value: 0, fd: -1
03-21 21:10:31.167   625  2778 W libperfmgr: Failed to write to node: /dev/stune/top-app/schedtune.boost with value: 10, fd: -1
03-21 21:10:31.167   625  2778 W libperfmgr: Failed to write to node: /proc/sys/kernel/sched_boost with value: 0, fd: -1
03-21 21:10:31.667   625  2778 W libperfmgr: Failed to write to node: /dev/stune/top-app/schedtune.boost with value: 10, fd: -1
03-21 21:10:31.667   625  2778 W libperfmgr: Failed to write to node: /proc/sys/kernel/sched_boost with value: 0, fd: -1
03-21 21:10:32.167   625  2778 W libperfmgr: Failed to write to node: /dev/stune/top-app/schedtune.boost with value: 10, fd: -1
03-21 21:10:32.167   625  2778 W libperfmgr: Failed to write to node: /proc/sys/kernel/sched_boost with value: 0, fd: -1
03-21 21:10:32.512   309   309 W libbinder.BackendUnifiedServiceManager: Thread Pool max thread count is 0. Cannot cache binder as linkToDeath cannot be implemented. serviceName: deviceidle
03-21 21:10:32.598   311   311 W libbinder.BackendUnifiedServiceManager: Thread Pool max thread count is 0. Cannot cache binder as linkToDeath cannot be implemented. serviceName: battery
03-21 21:10:32.667   625  2778 W libperfmgr: Failed to write to node: /dev/stune/top-app/schedtune.boost with value: 10, fd: -1
03-21 21:10:32.667   625  2778 W libperfmgr: Failed to write to node: /proc/sys/kernel/sched_boost with value: 0, fd: -1
03-21 21:10:32.684   333   333 W libbinder.BackendUnifiedServiceManager: Thread Pool max thread count is 0. Cannot cache binder as linkToDeath cannot be implemented. serviceName: deviceidle
03-21 21:10:33.168   625  2778 W libperfmgr: Failed to write to node: /dev/stune/top-app/schedtune.boost with value: 10, fd: -1
03-21 21:10:33.168   625  2778 W libperfmgr: Failed to write to node: /proc/sys/kernel/sched_boost with value: 0, fd: -1
03-21 21:10:33.668   625  2778 W libperfmgr: Failed to write to node: /dev/stune/top-app/schedtune.boost with value: 10, fd: -1
03-21 21:10:33.668   625  2778 W libperfmgr: Failed to write to node: /proc/sys/kernel/sched_boost with value: 0, fd: -1
03-21 21:10:34.168   625  2778 W libperfmgr: Failed to write to node: /dev/stune/top-app/schedtune.boost with value: 10, fd: -1
03-21 21:10:34.168   625  2778 W libperfmgr: Failed to write to node: /proc/sys/kernel/sched_boost with value: 0, fd: -1
03-21 21:10:34.668   625  2778 W libperfmgr: Failed to write to node: /dev/stune/top-app/schedtune.boost with value: 10, fd: -1
03-21 21:10:34.668   625  2778 W libperfmgr: Failed to write to node: /proc/sys/kernel/sched_boost with value: 0, fd: -1
03-21 21:10:34.891   877   924 W AString : ctor got NULL, using empty string instead
03-21 21:10:34.892   877   924 I Gyroscope: write temp cali: [-199, 2074, 3090, -43495, -33440, -169556]
03-21 21:10:34.892   877   924 W AString : ctor got NULL, using empty string instead
03-21 21:10:34.892   877   924 I Gyroscope: write bias: [-0.004920, 0.002810, -0.007663]
03-21 21:10:35.169   625  2778 W libperfmgr: Failed to write to node: /dev/stune/top-app/schedtune.boost with value: 10, fd: -1
03-21 21:10:35.169   625  2778 W libperfmgr: Failed to write to node: /proc/sys/kernel/sched_boost with value: 0, fd: -1
03-21 21:10:35.669   625  2778 W libperfmgr: Failed to write to node: /dev/stune/top-app/schedtune.boost with value: 10, fd: -1
03-21 21:10:35.669   625  2778 W libperfmgr: Failed to write to node: /proc/sys/kernel/sched_boost with value: 0, fd: -1
03-21 21:10:36.169   625  2778 W libperfmgr: Failed to write to node: /dev/stune/top-app/schedtune.boost with value: 10, fd: -1
03-21 21:10:36.169   625  2778 W libperfmgr: Failed to write to node: /proc/sys/kernel/sched_boost with value: 0, fd: -1
03-21 21:10:36.670   625  2778 W libperfmgr: Failed to write to node: /dev/stune/top-app/schedtune.boost with value: 10, fd: -1
03-21 21:10:36.670   625  2778 W libperfmgr: Failed to write to node: /proc/sys/kernel/sched_boost with value: 0, fd: -1
03-21 21:10:37.170   625  2778 W libperfmgr: Failed to write to node: /dev/stune/top-app/schedtune.boost with value: 10, fd: -1
03-21 21:10:37.170   625  2778 W libperfmgr: Failed to write to node: /proc/sys/kernel/sched_boost with value: 0, fd: -1
03-21 21:10:37.670   625  2778 W libperfmgr: Failed to write to node: /dev/stune/top-app/schedtune.boost with value: 10, fd: -1
03-21 21:10:37.670   625  2778 W libperfmgr: Failed to write to node: /proc/sys/kernel/sched_boost with value: 0, fd: -1
03-21 21:10:38.170   625  2778 W libperfmgr: Failed to write to node: /dev/stune/top-app/schedtune.boost with value: 10, fd: -1
03-21 21:10:38.170   625  2778 W libperfmgr: Failed to write to node: /proc/sys/kernel/sched_boost with value: 0, fd: -1
03-21 21:10:38.671   625  2778 W libperfmgr: Failed to write to node: /dev/stune/top-app/schedtune.boost with value: 10, fd: -1
03-21 21:10:38.671   625  2778 W libperfmgr: Failed to write to node: /proc/sys/kernel/sched_boost with value: 0, fd: -1
03-21 21:10:38.769   338   338 W libbinder.BackendUnifiedServiceManager: Thread Pool max thread count is 0. Cannot cache binder as linkToDeath cannot be implemented. serviceName: deviceidle
03-21 21:10:38.854   373   373 W libbinder.BackendUnifiedServiceManager: Thread Pool max thread count is 0. Cannot cache binder as linkToDeath cannot be implemented. serviceName: battery
03-21 21:10:38.939   376   376 W libbinder.BackendUnifiedServiceManager: Thread Pool max thread count is 0. Cannot cache binder as linkToDeath cannot be implemented. serviceName: deviceidle
03-21 21:10:39.171   625  2778 W libperfmgr: Failed to write to node: /dev/stune/top-app/schedtune.boost with value: 10, fd: -1
03-21 21:10:39.171   625  2778 W libperfmgr: Failed to write to node: /proc/sys/kernel/sched_boost with value: 0, fd: -1
03-21 21:10:39.671   625  2778 W libperfmgr: Failed to write to node: /dev/stune/top-app/schedtune.boost with value: 10, fd: -1
03-21 21:10:39.671   625  2778 W libperfmgr: Failed to write to node: /proc/sys/kernel/sched_boost with value: 0, fd: -1
03-21 21:10:40.171   625  2778 W libperfmgr: Failed to write to node: /dev/stune/top-app/schedtune.boost with value: 10, fd: -1
03-21 21:10:40.171   625  2778 W libperfmgr: Failed to write to node: /proc/sys/kernel/sched_boost with value: 0, fd: -1
03-21 21:10:40.672   625  2778 W libperfmgr: Failed to write to node: /dev/stune/top-app/schedtune.boost with value: 10, fd: -1
03-21 21:10:40.672   625  2778 W libperfmgr: Failed to write to node: /proc/sys/kernel/sched_boost with value: 0, fd: -1
03-21 21:10:41.172   625  2778 W libperfmgr: Failed to write to node: /dev/stune/top-app/schedtune.boost with value: 10, fd: -1
03-21 21:10:41.172   625  2778 W libperfmgr: Failed to write to node: /proc/sys/kernel/sched_boost with value: 0, fd: -1
03-21 21:10:41.672   625  2778 W libperfmgr: Failed to write to node: /dev/stune/top-app/schedtune.boost with value: 10, fd: -1
03-21 21:10:41.672   625  2778 W libperfmgr: Failed to write to node: /proc/sys/kernel/sched_boost with value: 0, fd: -1
03-21 21:10:42.172   625  2778 W libperfmgr: Failed to write to node: /dev/stune/top-app/schedtune.boost with value: 10, fd: -1
03-21 21:10:42.173   625  2778 W libperfmgr: Failed to write to node: /proc/sys/kernel/sched_boost with value: 0, fd: -1
03-21 21:10:42.480   877   924 W AString : ctor got NULL, using empty string instead
03-21 21:10:42.480   877   924 I Gyroscope: write temp cali: [-236, 2095, 3070, -42354, -33877, -168839]
03-21 21:10:42.480   877   924 W AString : ctor got NULL, using empty string instead
03-21 21:10:42.481   877   924 I Gyroscope: write bias: [-0.004914, 0.002856, -0.007651]
03-21 21:10:42.673   625  2778 W libperfmgr: Failed to write to node: /dev/stune/top-app/schedtune.boost with value: 10, fd: -1
03-21 21:10:42.673   625  2778 W libperfmgr: Failed to write to node: /proc/sys/kernel/sched_boost with value: 0, fd: -1
03-21 21:10:43.011   877   924 E Situation: processEvent, handle:24, flush_action:0
03-21 21:10:43.024  1587  2667 I PowerGroup: Waking up power group from Dozing (groupId=0, uid=10325, reason=WAKE_REASON_LIFT, details=com.android.systemui:NODOZE pickup)...
03-21 21:10:43.024  1587  2667 I PowerGroup: dreamManagerAttemptedDozing status changed to false for group 0
03-21 21:10:43.025  1587  2667 I PowerManagerService: Waking up from Dozing (uid=10325, reason=WAKE_REASON_LIFT, details=com.android.systemui:NODOZE pickup)...
03-21 21:10:43.031  1587  1708 I DisplayPowerController[0]: Blocking screen on until initial contents have been drawn.
03-21 21:10:43.032  1587  1708 I DisplayPowerController: Window Manager Policy screenTurningOn complete
03-21 21:10:43.033  1587  1708 I DisplayBrightnessStrategySelector: Changing the DisplayBrightnessStrategy from ScreenOffBrightnessStrategy to FallbackBrightnessStrategy for display 0
03-21 21:10:43.035  1587  1708 I DisplayPowerController[0]: BrightnessEvent: brt=1.0(100.0%), nits=700.0, lux=-1.0, reason=manual, strat=FallbackBrightnessStrategy, state=ON, stateReason=DEFAULT_POLICY, policy=BRIGHT, flags=, initBrt=0.0, rcmdBrt=NaN, preBrt=NaN, preLux=0.0, wasShortTermModelActive=false, autoBrightness=false (default), unclampedBrt=1.0, hbmMax=1.0, hbmMode=sunlight, thrmMax=1.0, rbcStrength=50, powerFactor=1.0, physDisp=Built-in Screen(local:4627039422300187648), logicalId=0, slowChange=false, rampSpeed=0.0
03-21 21:10:43.041   852   992 I hwcomposer: [HWCDisplay] [XMFP]: Display(0) SetPowerMode(2) fp_parallel:0  
03-21 21:10:43.042   625  2778 W libperfmgr: Failed to write to node: /dev/stune/top-app/schedtune.boost with value: 10, fd: -1
03-21 21:10:43.042   625  2778 W libperfmgr: Failed to write to node: /proc/sys/kernel/sched_boost with value: 0, fd: -1
03-21 21:10:43.043  1587  1655 I DisplayDeviceRepository: Display device changed state: "Built-in Screen", ON
03-21 21:10:43.043   877   877 E SensorManager: Correct handle(24) mindelay: 200000000 old: 1000000
03-21 21:10:43.043  1587  1655 I InputManager-JNI: Viewport [0] to add: local:4627039422300187648, isActive: true
03-21 21:10:43.044  1587  1903 I InputReader: Reconfiguring input devices, changes=DISPLAY_INFO
03-21 21:10:43.045  1587  1903 I InputReader: Device reconfigured: id=4, name='fts_ts', size 1080x2400, orientation Rotation0, mode DIRECT, display id 0
03-21 21:10:43.046  1587  1653 I DisplayDevice: [0] Layerstack set to 0 for local:4627039422300187648
03-21 21:10:43.050   844   878 I netd    : tetherGetStats() -> {[]} <1.93ms>
03-21 21:10:43.051   888  2646 W StNfcHal: ! i2cWrite!!, errno is 'I/O error'
03-21 21:10:43.054  1587  1680 W libprocessgroup: SetCgroup::ExecuteForProcess: failed to open /dev/stune/top-app/cgroup.procs: No such file or directory
03-21 21:10:43.056   888  2646 W StNfcHal: Idle data: 2nd byte is 0x40
03-21 21:10:43.056   888  2646 W StNfcHal: , reading next 2 bytes
03-21 21:10:43.060   877   877 I Accelerometer: batch: handle:0, flag:0,samplingPeriodNs:80000000 maxBatchReportLatencyNs:2000000000
03-21 21:10:43.063   888  2646 W StNfcHal: Idle data: 2nd byte is 0x40
03-21 21:10:43.063   888  2646 W StNfcHal: , reading next 2 bytes
03-21 21:10:43.066   877   877 I Accelerometer: enable: handle:0, en:1
03-21 21:10:43.066  3073 32365 I DeviceStatusMonitor: DeviceStatusMonitor.handleBroadcast():138 onReceive() : Action = android.intent.action.SCREEN_ON
03-21 21:10:43.066  3073 32365 I DeviceStatusMonitor: DeviceStatusMonitor.updateCountryInfo():154 updateCountryInfo(), notifyAnyway = false
03-21 21:10:43.070  2034  2034 E NotifRow: Magnetic state changed from IDLE to IDLE on a null swiped listener, or the logging key of the listener is null
03-21 21:10:43.072   914   988 E surfaceflinger: == MALI DEBUG ===eglp_winsys_populate_image_templates ==12288
03-21 21:10:43.079   877   877 E sensors.elliptic@2.0: Elliptic: batch() 0
03-21 21:10:43.080   877   877 E sensors.elliptic@2.0: Elliptic: activate() 0, 1
03-21 21:10:43.080  1587  1972 I MR2ServiceImpl: Updating composite discovery preference | preference: RouteDiscoveryRequest{ preferredFeatures={}, activeScan=false }, active routers: []
03-21 21:10:43.080   877   906 I Elliptic: nsorBase.h(74) : I : ACTIVATE sensor with Handle = 0
03-21 21:10:43.103  1587  1927 E SupplicantStaIfaceHalAidlImpl: ISupplicantStaIface.setSuspendModeEnabled failed with service specific exception: 
03-21 21:10:43.103  1587  1927 E SupplicantStaIfaceHalAidlImpl: android.os.ServiceSpecificException:  (code 1)
03-21 21:10:43.103  1587  1927 E SupplicantStaIfaceHalAidlImpl: 	at android.os.Parcel.createExceptionOrNull(Parcel.java:3387)
03-21 21:10:43.103  1587  1927 E SupplicantStaIfaceHalAidlImpl: 	at android.os.Parcel.createException(Parcel.java:3357)
03-21 21:10:43.103  1587  1927 E SupplicantStaIfaceHalAidlImpl: 	at android.os.Parcel.readException(Parcel.java:3340)
03-21 21:10:43.103  1587  1927 E SupplicantStaIfaceHalAidlImpl: 	at android.os.Parcel.readException(Parcel.java:3282)
03-21 21:10:43.103  1587  1927 E SupplicantStaIfaceHalAidlImpl: 	at com.android.wifi.x.android.hardware.wifi.supplicant.ISupplicantStaIface$Stub$Proxy.setSuspendModeEnabled(ISupplicantStaIface.java:2962)
03-21 21:10:43.103  1587  1927 E SupplicantStaIfaceHalAidlImpl: 	at com.android.server.wifi.SupplicantStaIfaceHalAidlImpl.setSuspendModeEnabled(SupplicantStaIfaceHalAidlImpl.java:2094)
03-21 21:10:43.103  1587  1927 E SupplicantStaIfaceHalAidlImpl: 	at com.android.server.wifi.SupplicantStaIfaceHal.setSuspendModeEnabled(SupplicantStaIfaceHal.java:1722)
03-21 21:10:43.103  1587  1927 E SupplicantStaIfaceHalAidlImpl: 	at com.android.server.wifi.WifiNative.setSuspendOptimizations(WifiNative.java:2831)
03-21 21:10:43.103  1587  1927 E SupplicantStaIfaceHalAidlImpl: 	at com.android.server.wifi.ClientModeImpl.setSuspendOptimizationsNative(ClientModeImpl.java:2763)
03-21 21:10:43.103  1587  1927 E SupplicantStaIfaceHalAidlImpl: 	at com.android.server.wifi.ClientModeImpl.-$$Nest$msetSuspendOptimizationsNative(ClientModeImpl.java:0)
03-21 21:10:43.103  1587  1927 E SupplicantStaIfaceHalAidlImpl: 	at com.android.server.wifi.ClientModeImpl$ConnectableState.processMessageImpl(ClientModeImpl.java:5053)
03-21 21:10:43.103  1587  1927 E SupplicantStaIfaceHalAidlImpl: 	at com.android.server.wifi.RunnerState.processMessage(RunnerState.java:82)
03-21 21:10:43.103  1587  1927 E SupplicantStaIfaceHalAidlImpl: 	at com.android.wifi.x.com.android.internal.util.StateMachine$SmHandler.processMsg(StateMachine.java:1007)
03-21 21:10:43.103  1587  1927 E SupplicantStaIfaceHalAidlImpl: 	at com.android.wifi.x.com.android.internal.util.StateMachine$SmHandler.handleMessage(StateMachine.java:820)
03-21 21:10:43.103  1587  1927 E SupplicantStaIfaceHalAidlImpl: 	at android.os.Handler.dispatchMessage(Handler.java:132)
03-21 21:10:43.103  1587  1927 E SupplicantStaIfaceHalAidlImpl: 	at android.os.Looper.dispatchMessage(Looper.java:333)
03-21 21:10:43.103  1587  1927 E SupplicantStaIfaceHalAidlImpl: 	at android.os.Looper.loopOnce(Looper.java:263)
03-21 21:10:43.103  1587  1927 E SupplicantStaIfaceHalAidlImpl: 	at android.os.Looper.loop(Looper.java:367)
03-21 21:10:43.103  1587  1927 E SupplicantStaIfaceHalAidlImpl: 	at android.os.HandlerThread.run(HandlerThread.java:139)
03-21 21:10:43.104   844   878 I netd    : networkAddUidRangesParcel(NativeUidRangeConfig{netId: 102, uidRanges: [UidRangeParcel{start: 0, stop: 2147483647}], subPriority: 998}) <1.12ms>
03-21 21:10:43.105   855   910 W AudioALSADeviceConfigManager: ApplyDeviceTurnoffSequenceByName(), DeviceName = ultrasound-proximity-speaker DeviceStatusCounter < 0
03-21 21:10:43.105   844   878 I netd    : networkRemoveUidRangesParcel(NativeUidRangeConfig{netId: 102, uidRanges: [UidRangeParcel{start: 0, stop: 2147483647}], subPriority: 998}) <0.53ms>
03-21 21:10:43.111   914   988 E surfaceflinger: == MALI DEBUG ===eglp_winsys_populate_image_templates ==12288
03-21 21:10:43.117  2034  2034 I KeyguardTransitionRepository: STARTED transition: TransitionStep(from=DOZING, to=LOCKSCREEN, value=0.0, transitionState=STARTED, ownerName=FromDozingTransitionInteractor(listenForDozingToAny))
03-21 21:10:43.117   914   988 E surfaceflinger: == MALI DEBUG ===eglp_winsys_populate_image_templates ==12288
03-21 21:10:43.117  1587  1708 I DisplayPowerController[0]: Unblocked screen on after 87 ms
03-21 21:10:43.118   877   877 I Situation: batch: handle:26, flag:0,samplingPeriodNs:66667000 maxBatchReportLatencyNs:0
03-21 21:10:43.119   877   877 I Situation: enable: handle:26, en:1 
03-21 21:10:43.121   877   877 I Light   : batch: handle:4, flag:0,samplingPeriodNs:200000000 maxBatchReportLatencyNs:0
03-21 21:10:43.121   877   877 I Light   : enable: handle:4, en:1 
03-21 21:10:43.121  2458  3658 I NullBinder: NullBinder for android.net.action.RECOMMEND_NETWORKS triggering remote TransactionTooLargeException due to Service without Chimera impl, calling uid: 1000, calling pid: 0
03-21 21:10:43.122  2458  3658 W libbinder.Binder: Large reply transaction of 1056768 bytes, interface descriptor , code 1, flags 17
03-21 21:10:43.131   855   910 E AudioALSADeviceConfigManager: setMixerCtl(), Error: Unsupport mixer ctl type 6, cltName = SpkrLeft Sia81xx Audio Scene, cltValue = Playback
03-21 21:10:43.131   855   910 E AudioALSADeviceConfigManager: AUD_ASSERT(0) fail: "vendor/mediatek/proprietary/hardware/audio/common/V3/aud_drv/AudioALSADeviceConfigManager.cpp", 478L
03-21 21:10:43.131   855   910 E AudioALSADeviceConfigManager: Error: ApplyDeviceTurnonSequenceByName  cltname.string () = SpkrLeft Sia81xx Audio Scene cltvalue.string () = Playback
03-21 21:10:43.131   855   910 E AudioALSADeviceConfigManager: AUD_ASSERT(false) fail: "vendor/mediatek/proprietary/hardware/audio/common/V3/aud_drv/AudioALSADeviceConfigManager.cpp", 500L
03-21 21:10:43.131   855   910 E AudioALSADeviceConfigManager: setMixerCtl(), Error: Unsupport mixer ctl type 6, cltName = SpkrRight Sia81xx Audio Scene, cltValue = Playback
03-21 21:10:43.131   855   910 E AudioALSADeviceConfigManager: AUD_ASSERT(0) fail: "vendor/mediatek/proprietary/hardware/audio/common/V3/aud_drv/AudioALSADeviceConfigManager.cpp", 478L
03-21 21:10:43.131   855   910 E AudioALSADeviceConfigManager: Error: ApplyDeviceTurnonSequenceByName  cltname.string () = SpkrRight Sia81xx Audio Scene cltvalue.string () = Playback
03-21 21:10:43.131   855   910 E AudioALSADeviceConfigManager: AUD_ASSERT(false) fail: "vendor/mediatek/proprietary/hardware/audio/common/V3/aud_drv/AudioALSADeviceConfigManager.cpp", 500L
03-21 21:10:43.131   855   910 E AudioALSADeviceConfigManager: setMixerCtl(), Error: Unsupport mixer ctl type 6, cltName = SpkrRight Sia81xx Power, cltValue = On
03-21 21:10:43.131   855   910 E AudioALSADeviceConfigManager: AUD_ASSERT(0) fail: "vendor/mediatek/proprietary/hardware/audio/common/V3/aud_drv/AudioALSADeviceConfigManager.cpp", 478L
03-21 21:10:43.131   855   910 E AudioALSADeviceConfigManager: Error: ApplyDeviceTurnonSequenceByName  cltname.string () = SpkrRight Sia81xx Power cltvalue.string () = On
03-21 21:10:43.131   855   910 E AudioALSADeviceConfigManager: AUD_ASSERT(false) fail: "vendor/mediatek/proprietary/hardware/audio/common/V3/aud_drv/AudioALSADeviceConfigManager.cpp", 500L
03-21 21:10:43.131   855   910 E AudioALSADeviceConfigManager: setMixerCtl(), Error: Unsupport mixer ctl type 6, cltName = SpkrLeft Sia81xx Power, cltValue = On
03-21 21:10:43.131   855   910 E AudioALSADeviceConfigManager: AUD_ASSERT(0) fail: "vendor/mediatek/proprietary/hardware/audio/common/V3/aud_drv/AudioALSADeviceConfigManager.cpp", 478L
03-21 21:10:43.131   855   910 E AudioALSADeviceConfigManager: Error: ApplyDeviceTurnonSequenceByName  cltname.string () = SpkrLeft Sia81xx Power cltvalue.string () = On
03-21 21:10:43.131   855   910 E AudioALSADeviceConfigManager: AUD_ASSERT(false) fail: "vendor/mediatek/proprietary/hardware/audio/common/V3/aud_drv/AudioALSADeviceConfigManager.cpp", 500L
03-21 21:10:43.132   855   910 E AudioDspStreamManager: startTasks_l() but size 0
03-21 21:10:43.132   855   910 W AudioALSADriverUtility: mixerCtrlGetValueByName() fail, Lineout_PGAL_GAIN id 0
03-21 21:10:43.132   877   907 W Elliptic: ioNotify.h(80) : W : AudioNotify: enable >> ultrasound-proximity=1
03-21 21:10:43.199   877   924 E Situation: processEvent, handle:26, flush_action:0
03-21 21:10:43.200   625  2778 W libperfmgr: Failed to write to node: /dev/stune/top-app/schedtune.boost with value: 50, fd: -1
03-21 21:10:43.200   625  2778 W libperfmgr: Failed to write to node: /proc/sys/kernel/sched_boost with value: 2, fd: -1
03-21 21:10:43.271  1151  1333 I [GF_HAL][gf_hal]: [gf_hal_screen_on]
03-21 21:10:43.272  1587  1997 I LocalDisplayAdapter: SF.setDisplayPowerMode took 232ms
03-21 21:10:43.272  1151  1333 E [GF_HAL][gf_hal_milan]: [hal_milan_invoke_command] err=GF_SUCCESS, errno=0. reset g_hal_over_current_count to 0!
03-21 21:10:43.273  1587  1708 W PowerManagerService: Screen on took 250 ms
03-21 21:10:43.273  1587  1708 I DreamManagerService: Gently waking up from dream.
03-21 21:10:43.275  1032  1082 E flp     : mnld_screen_monitor_thread: Screen on
03-21 21:10:43.275  1032  1082 E flp     : mnld_screen_monitor_thread: Wake Monitor Restart
03-21 21:10:43.277   852   992 I hwcomposer: [HWCDisplay] [Display_0 (type:1)] fps:0.461062,dur:47715.95,max:46948.09,min:6.11  
03-21 21:10:43.279   914   914 I SurfaceFlinger: Display 4627039422300187648 policy changed
03-21 21:10:43.279   914   914 I SurfaceFlinger: Previous: {defaultModeId=0, allowGroupSwitching=false, primaryRanges={physical=[0.00 Hz, 90.00 Hz], render=[0.00 Hz, 60.00 Hz]}, appRequestRanges={physical=[0.00 Hz, 90.00 Hz], render=[0.00 Hz, 60.00 Hz]} idleScreenConfig=nullptr}
03-21 21:10:43.279   914   914 I SurfaceFlinger: Current:  DisplayManagerPolicy{defaultModeId=1, allowGroupSwitching=false, primaryRanges={physical=[90.00 Hz, 90.00 Hz], render=[90.00 Hz, 90.00 Hz]}, appRequestRanges={physical=[0.00 Hz, 90.00 Hz], render=[0.00 Hz, 90.00 Hz]} idleScreenConfig=nullptr}
03-21 21:10:43.279   914   914 I SurfaceFlinger: 1 mode changes were performed under the previous policy
03-21 21:10:43.279   852  1055 W hwcomposer: [DRMDEV] paramIsSame(), id 1199, w 1080/1080, h 93/93, pitch 1088/1088, format 0x2/0x1, secure 0/0  
03-21 21:10:43.281   852   992 I hwcomposer: [HWC] (0) displaySetActiveConfig config:1  
03-21 21:10:43.281  3073  3073 I PkDeviceHelper: PkDeviceHelper.refreshDevices():87 refreshing devices
03-21 21:10:43.284   914   914 I SurfaceFlinger: Display 4627039422300187648 policy changed
03-21 21:10:43.284   914   914 I SurfaceFlinger: Previous: {defaultModeId=1, allowGroupSwitching=false, primaryRanges={physical=[90.00 Hz, 90.00 Hz], render=[90.00 Hz, 90.00 Hz]}, appRequestRanges={physical=[0.00 Hz, 90.00 Hz], render=[0.00 Hz, 90.00 Hz]} idleScreenConfig=nullptr}
03-21 21:10:43.284   914   914 I SurfaceFlinger: Current:  DisplayManagerPolicy{defaultModeId=1, allowGroupSwitching=false, primaryRanges={physical=[90.00 Hz, 90.00 Hz], render=[90.00 Hz, 90.00 Hz]}, appRequestRanges={physical=[90.00 Hz, 90.00 Hz], render=[90.00 Hz, 90.00 Hz]} idleScreenConfig=nullptr}
03-21 21:10:43.284   914   914 I SurfaceFlinger: 1 mode changes were performed under the previous policy
03-21 21:10:43.290  1587  8923 I DreamManagerService: Leaving dreamland.
03-21 21:10:43.291  1587  1652 I DreamController: Stopping dream: name=ComponentInfo{com.android.systemui/com.android.systemui.doze.DozeService}, isPreviewMode=false, canDoze=true, userId=0, reason='finished self'(from 'power manager request')
03-21 21:10:43.316  1587  1655 I DisplayDeviceRepository: Display device changed render timings: "Built-in Screen", renderFrameRate=90.0, presentationDeadlineNanos=17111111, appVsyncOffsetNanos=1000000, frameRateOverrides=[]
03-21 21:10:43.328   877   877 I Situation: enable: handle:24, en:0 
03-21 21:10:43.337   852  1055 W hwcomposer: [DRMDEV] paramIsSame(), id 1318, w 1080/1080, h 93/93, pitch 1088/1088, format 0x2/0x1, secure 0/0  
03-21 21:10:43.350   625  2778 W libperfmgr: Failed to write to node: /dev/stune/top-app/schedtune.boost with value: 10, fd: -1
03-21 21:10:43.350   625  2778 W libperfmgr: Failed to write to node: /proc/sys/kernel/sched_boost with value: 0, fd: -1
03-21 21:10:43.388  2034  2034 I KeyguardTransitionRepository: FINISHED transition: TransitionStep(from=DOZING, to=LOCKSCREEN, value=1.0, transitionState=FINISHED, ownerName=FromDozingTransitionInteractor(listenForDozingToAny))
03-21 21:10:43.530  1587  1652 I UsbPortManager: USB HAL AIDL version: USB_HAL_V2_0
03-21 21:10:43.608   877   396 I Elliptic: Sensor.cpp(32) : I : Proximity event: 5.00003
03-21 21:10:43.609   877   908 E sensors.elliptic@2.0: Elliptic: got event: 5.000030
03-21 21:10:43.609   877   908 E sensors.elliptic@2.0: Elliptic: posting event: 5.000030
03-21 21:10:43.610   877  1861 E android.hardware.sensors-service.xiaomi-multihal: Decrementing wakelock ref count by 1 when count is 0
03-21 21:10:43.617  2458 32353 I NearbySharing: Network state changed: NetworkState(isRestricted=false, isOnline=true, isCongested=false, isMetered=false, isWifiConnected=true)
03-21 21:10:43.851   625  2778 W libperfmgr: Failed to write to node: /dev/stune/top-app/schedtune.boost with value: 10, fd: -1
03-21 21:10:43.851   625  2778 W libperfmgr: Failed to write to node: /proc/sys/kernel/sched_boost with value: 0, fd: -1
03-21 21:10:44.058   852  1054 I hwcomposer: [HWC] (0)fire a callback of refresh to SF[4]  
03-21 21:10:44.063   625  2778 W libperfmgr: Failed to write to node: /dev/stune/top-app/schedtune.boost with value: 10, fd: -1
03-21 21:10:44.063   625  2778 W libperfmgr: Failed to write to node: /proc/sys/kernel/sched_boost with value: 0, fd: -1
03-21 21:10:44.139   625  2778 W libperfmgr: Failed to write to node: /dev/stune/top-app/schedtune.boost with value: 10, fd: -1
03-21 21:10:44.139   625  2778 W libperfmgr: Failed to write to node: /proc/sys/kernel/sched_boost with value: 0, fd: -1
03-21 21:10:44.639   625  2778 W libperfmgr: Failed to write to node: /dev/stune/top-app/schedtune.boost with value: 10, fd: -1
03-21 21:10:44.640   625  2778 W libperfmgr: Failed to write to node: /proc/sys/kernel/sched_boost with value: 0, fd: -1
03-21 21:10:44.798  1587  1653 I SideFpsEventHandler: notifyPowerPressed
03-21 21:10:44.798  1587  1653 I FingerprintManager: onPowerPressed
03-21 21:10:44.799  1587  1653 I PowerGroup: Powering off display group due to power_button (groupId= 0, uid= 1000, millisSinceLastUserActivity=1553, lastUserActivityEvent=other)...
03-21 21:10:44.799  1587  1653 I PowerManagerService: Going to sleep due to power_button (uid 1000, screenOffTimeout=30000, activityTimeoutWM=10000, maxDimRatio=0.20000005, maxDimDur=7000)...
03-21 21:10:44.805   914   988 E surfaceflinger: == MALI DEBUG ===eglp_winsys_populate_image_templates ==12288
03-21 21:10:44.806  2034  2034 I KeyguardTransitionRepository: STARTED transition: TransitionStep(from=LOCKSCREEN, to=DOZING, value=0.0, transitionState=STARTED, ownerName=FromLockscreenTransitionInteractor(Sleep transition triggered))
03-21 21:10:44.806   852  1094 I hwcomposer: [DRMDEV] (0) failed to waitNextVsync: -1  
03-21 21:10:44.808   877   877 I Light   : enable: handle:4, en:0 
03-21 21:10:44.810   852  1094 I hwcomposer: [DRMDEV] (0) failed to waitNextVsync: -1  
03-21 21:10:44.815  1587  1708 I DisplayPowerController[0]: BrightnessEvent: brt=1.0(100.0%), nits=700.0, lux=-1.0, reason=manual, strat=FallbackBrightnessStrategy, state=ON, stateReason=DEFAULT_POLICY, policy=OFF, flags=, initBrt=1.0, rcmdBrt=NaN, preBrt=NaN, preLux=0.0, wasShortTermModelActive=false, autoBrightness=false (default), unclampedBrt=1.0, hbmMax=1.0, hbmMode=sunlight, thrmMax=1.0, rbcStrength=50, powerFactor=1.0, physDisp=Built-in Screen(local:4627039422300187648), logicalId=0, slowChange=false, rampSpeed=0.0
03-21 21:10:44.820   852   992 I hwcomposer: [HWCDisplay] [Display_0 (type:1)] fps:22.037682,dur:1542.81,max:751.79,min:5.78  
03-21 21:10:44.821   852  1094 I hwcomposer: [DRMDEV] (0) failed to waitNextVsync: -1  
03-21 21:10:44.843   625  2778 W libperfmgr: Failed to write to node: /dev/stune/top-app/schedtune.boost with value: 10, fd: -1
03-21 21:10:44.844   625  2778 W libperfmgr: Failed to write to node: /proc/sys/kernel/sched_boost with value: 0, fd: -1
03-21 21:10:44.972   403   403 W libbinder.BackendUnifiedServiceManager: Thread Pool max thread count is 0. Cannot cache binder as linkToDeath cannot be implemented. serviceName: deviceidle
03-21 21:10:44.990   405   405 W libbinder.BackendUnifiedServiceManager: Thread Pool max thread count is 0. Cannot cache binder as linkToDeath cannot be implemented. serviceName: battery
03-21 21:10:45.016   408   408 W libbinder.BackendUnifiedServiceManager: Thread Pool max thread count is 0. Cannot cache binder as linkToDeath cannot be implemented. serviceName: deviceidle
03-21 21:10:45.021  1587  1708 I DisplayPowerController[0]: Blocking screen off
03-21 21:10:45.023  1587  1708 I DisplayPowerController[0]: Unblocked screen off after 1 ms
03-21 21:10:45.023   877   877 I Situation: enable: handle:26, en:0 
03-21 21:10:45.023  1032  1082 E flp     : mnld_screen_monitor_thread: Screen off
03-21 21:10:45.024  1587  1708 I DisplayBrightnessStrategySelector: Changing the DisplayBrightnessStrategy from FallbackBrightnessStrategy to ScreenOffBrightnessStrategy for display 0
03-21 21:10:45.025  1587  1708 I DisplayPowerController[0]: BrightnessEvent: brt=0.0(0.0%), nits=2.7194705, lux=-1.0, reason=screen_off, strat=ScreenOffBrightnessStrategy, state=OFF, stateReason=DEFAULT_POLICY, policy=OFF, flags=, initBrt=1.0, rcmdBrt=NaN, preBrt=NaN, preLux=0.0, wasShortTermModelActive=false, autoBrightness=false (default), unclampedBrt=-1.0, hbmMax=1.0, hbmMode=sunlight, thrmMax=1.0, rbcStrength=50, powerFactor=1.0, physDisp=Built-in Screen(local:4627039422300187648), logicalId=0, slowChange=false, rampSpeed=0.0
03-21 21:10:45.026  1587  1708 I PowerGroup: dreamManagerAttemptedDozing status changed to true for group 0
03-21 21:10:45.027  1587  1708 I DreamManagerService: Entering dreamland.
03-21 21:10:45.027  1587  1655 I DisplayDeviceRepository: Display device changed state: "Built-in Screen", OFF
03-21 21:10:45.027  1587  1655 I InputManager-JNI: Viewport [0] to add: local:4627039422300187648, isActive: false
03-21 21:10:45.028  1587  1903 I InputReader: Reconfiguring input devices, changes=DISPLAY_INFO
03-21 21:10:45.028  1587  1903 I InputReader: Disabling fts_ts (device 4) because the associated viewport is not active
03-21 21:10:45.028  1587  1903 I InputReader: Device reconfigured: id=4, name='fts_ts', size 1080x2400, orientation Rotation0, mode DISABLED, display id 0
03-21 21:10:45.029  1587  1708 I PowerManagerService: Dozing...
03-21 21:10:45.030   625  2778 W libperfmgr: Failed to write to node: /dev/stune/top-app/schedtune.boost with value: 10, fd: -1
03-21 21:10:45.030   625  2778 W libperfmgr: Failed to write to node: /proc/sys/kernel/sched_boost with value: 0, fd: -1
03-21 21:10:45.031   914   914 W SurfaceFlinger: setPhysicalDisplayPowerMode: Failed to disable uclamp.min: Invalid argument
03-21 21:10:45.034   852   992 I hwcomposer: [HWCDisplay] [XMFP]: Display(0) SetPowerMode(0) fp_parallel:0  
03-21 21:10:45.034  1587  1653 W SurfaceControl: Invalid layer stack -1
03-21 21:10:45.034  1587  1653 I DisplayDevice: [0] Layerstack set to -1 for local:4627039422300187648
03-21 21:10:45.036   877   877 E sensors.elliptic@2.0: Elliptic: activate() 0, 0
03-21 21:10:45.036   877   906 I Elliptic: nsorBase.h(85) : I : DEACTIVATE sensor with Handle = 0
03-21 21:10:45.036  1587  1652 I DreamController: Starting dream: name=ComponentInfo{com.android.systemui/com.android.systemui.doze.DozeService}, isPreviewMode=false, canDoze=true, userId=0, reason='power manager request'
03-21 21:10:45.040   425   425 W libbinder.BackendUnifiedServiceManager: Thread Pool max thread count is 0. Cannot cache binder as linkToDeath cannot be implemented. serviceName: activity
03-21 21:10:45.051  2034  2159 I PluginActionManager[com.android.systemui.action.PLUGIN_DOZE]: Found 0 plugins
03-21 21:10:45.054  2034  2034 E NotifRow: Magnetic state changed from IDLE to IDLE on a null swiped listener, or the logging key of the listener is null
03-21 21:10:45.057  3073  3073 I PkDeviceHelper: PkDeviceHelper.refreshDevices():87 refreshing devices
03-21 21:10:45.068   877   877 E SensorManager: Correct handle(24) mindelay: 200000000 old: 1000000
03-21 21:10:45.068   877   877 I Situation: batch: handle:24, flag:0,samplingPeriodNs:200000000 maxBatchReportLatencyNs:0
03-21 21:10:45.068   877   877 I Situation: enable: handle:24, en:1 
03-21 21:10:45.069  1587  1708 I DisplayPowerController[0]: BrightnessEvent: brt=0.0(0.0%), nits=2.7194705, lux=-1.0, reason=screen_off, strat=ScreenOffBrightnessStrategy, state=OFF, stateReason=UNKNOWN, policy=DOZE, flags=, initBrt=0.0, rcmdBrt=NaN, preBrt=NaN, preLux=0.0, wasShortTermModelActive=false, autoBrightness=false (default), unclampedBrt=-1.0, hbmMax=1.0, hbmMode=sunlight, thrmMax=1.0, rbcStrength=50, powerFactor=1.0, physDisp=Built-in Screen(local:4627039422300187648), logicalId=0, slowChange=false, rampSpeed=0.0
03-21 21:10:45.072   855   910 W AudioALSADeviceConfigManager: ApplyDeviceTurnoffSequenceByName(), DeviceName = ext_speaker_output_left DeviceStatusCounter < 0
03-21 21:10:45.072   855   910 W AudioALSADeviceConfigManager: ApplyDeviceTurnoffSequenceByName(), DeviceName = ext_speaker_output_right DeviceStatusCounter < 0
03-21 21:10:45.072   855   910 E AudioALSADeviceConfigManager: setMixerCtl(), Error: Unsupport mixer ctl type 6, cltName = SpkrRight Sia81xx Power, cltValue = Off
03-21 21:10:45.072   855   910 E AudioALSADeviceConfigManager: AUD_ASSERT(0) fail: "vendor/mediatek/proprietary/hardware/audio/common/V3/aud_drv/AudioALSADeviceConfigManager.cpp", 478L
03-21 21:10:45.072   855   910 E AudioALSADeviceConfigManager: ApplyDeviceTurnoffSequenceByName(), Error: ApplyDeviceTurnoffSequenceByName devicename = ext_speaker_output
03-21 21:10:45.072   855   910 E AudioALSADeviceConfigManager: AUD_ASSERT(false) fail: "vendor/mediatek/proprietary/hardware/audio/common/V3/aud_drv/AudioALSADeviceConfigManager.cpp", 524L
03-21 21:10:45.072   855   910 E AudioALSADeviceConfigManager: setMixerCtl(), Error: Unsupport mixer ctl type 6, cltName = SpkrLeft Sia81xx Power, cltValue = Off
03-21 21:10:45.073   855   910 E AudioALSADeviceConfigManager: AUD_ASSERT(0) fail: "vendor/mediatek/proprietary/hardware/audio/common/V3/aud_drv/AudioALSADeviceConfigManager.cpp", 478L
03-21 21:10:45.073   855   910 E AudioALSADeviceConfigManager: ApplyDeviceTurnoffSequenceByName(), Error: ApplyDeviceTurnoffSequenceByName devicename = ext_speaker_output
03-21 21:10:45.073   855   910 E AudioALSADeviceConfigManager: AUD_ASSERT(false) fail: "vendor/mediatek/proprietary/hardware/audio/common/V3/aud_drv/AudioALSADeviceConfigManager.cpp", 524L
03-21 21:10:45.073   855   910 E AudioALSADeviceConfigManager: setMixerCtl(), Error: Unsupport mixer ctl type 6, cltName = SpkrLeft Sia81xx Audio Scene, cltValue = Playback
03-21 21:10:45.073   855   910 E AudioALSADeviceConfigManager: AUD_ASSERT(0) fail: "vendor/mediatek/proprietary/hardware/audio/common/V3/aud_drv/AudioALSADeviceConfigManager.cpp", 478L
03-21 21:10:45.073   855   910 E AudioALSADeviceConfigManager: ApplyDeviceTurnoffSequenceByName(), Error: ApplyDeviceTurnoffSequenceByName devicename = ext_speaker_output
03-21 21:10:45.073   855   910 E AudioALSADeviceConfigManager: AUD_ASSERT(false) fail: "vendor/mediatek/proprietary/hardware/audio/common/V3/aud_drv/AudioALSADeviceConfigManager.cpp", 524L
03-21 21:10:45.073   855   910 E AudioALSADeviceConfigManager: setMixerCtl(), Error: Unsupport mixer ctl type 6, cltName = SpkrRight Sia81xx Audio Scene, cltValue = Playback
03-21 21:10:45.073   855   910 E AudioALSADeviceConfigManager: AUD_ASSERT(0) fail: "vendor/mediatek/proprietary/hardware/audio/common/V3/aud_drv/AudioALSADeviceConfigManager.cpp", 478L
03-21 21:10:45.073   855   910 E AudioALSADeviceConfigManager: ApplyDeviceTurnoffSequenceByName(), Error: ApplyDeviceTurnoffSequenceByName devicename = ext_speaker_output
03-21 21:10:45.073   855   910 E AudioALSADeviceConfigManager: AUD_ASSERT(false) fail: "vendor/mediatek/proprietary/hardware/audio/common/V3/aud_drv/AudioALSADeviceConfigManager.cpp", 524L
03-21 21:10:45.076   855   910 W AudioALSADeviceConfigManager: ApplyDeviceTurnoffSequenceByName(), DeviceName = ultrasound-proximity DeviceStatusCounter < 0
03-21 21:10:45.081   877   907 W Elliptic: ioNotify.h(93) : W : AudioNotify: disable >> ultrasound-proximity=0
03-21 21:10:45.086   435   435 W libbinder.BackendUnifiedServiceManager: Thread Pool max thread count is 0. Cannot cache binder as linkToDeath cannot be implemented. serviceName: battery
03-21 21:10:45.091  2034  2034 I KeyguardTransitionRepository: FINISHED transition: TransitionStep(from=LOCKSCREEN, to=DOZING, value=1.0, transitionState=FINISHED, ownerName=FromLockscreenTransitionInteractor(Sleep transition triggered))
03-21 21:10:45.211   877   924 E Situation: processEvent, handle:24, flush_action:0
03-21 21:10:45.306  1587  1652 I UsbPortManager: USB HAL AIDL version: USB_HAL_V2_0
03-21 21:10:45.333  1151  1333 I [GF_HAL][gf_hal]: [gf_hal_screen_off]
03-21 21:10:45.334  1587  1997 I LocalDisplayAdapter: SF.setDisplayPowerMode took 307ms
03-21 21:10:45.337  1151  1333 E [GF_HAL][gf_hal_milan]: [hal_milan_invoke_command] err=GF_SUCCESS, errno=0. reset g_hal_over_current_count to 0!
03-21 21:10:45.342   625  2778 W libperfmgr: Failed to write to node: /dev/stune/top-app/schedtune.boost with value: 10, fd: -1
03-21 21:10:45.343   625  2778 W libperfmgr: Failed to write to node: /proc/sys/kernel/sched_boost with value: 0, fd: -1
03-21 21:10:45.373   888  2646 W StNfcHal: Idle data: 2nd byte is 0x40
03-21 21:10:45.373   888  2646 W StNfcHal: , reading next 2 bytes
03-21 21:10:45.378   888  2646 W StNfcHal: Idle data: 2nd byte is 0x40
03-21 21:10:45.378   888  2646 W StNfcHal: , reading next 2 bytes
03-21 21:10:45.378  2203  2203 W libnfc_nci: nativeNfcTag_doDisconnect: tag already deactivated
03-21 21:10:45.383  1587  1587 I PowerManagerService: onFlip(): Face up.
03-21 21:10:45.384   877   877 I Accelerometer: enable: handle:0, en:0
03-21 21:10:45.397   914   914 I SurfaceFlinger: Display 4627039422300187648 policy changed
03-21 21:10:45.397   914   914 I SurfaceFlinger: Previous: {defaultModeId=1, allowGroupSwitching=false, primaryRanges={physical=[90.00 Hz, 90.00 Hz], render=[90.00 Hz, 90.00 Hz]}, appRequestRanges={physical=[90.00 Hz, 90.00 Hz], render=[90.00 Hz, 90.00 Hz]} idleScreenConfig=nullptr}
03-21 21:10:45.397   914   914 I SurfaceFlinger: Current:  DisplayManagerPolicy{defaultModeId=0, allowGroupSwitching=false, primaryRanges={physical=[0.00 Hz, 90.00 Hz], render=[0.00 Hz, 60.00 Hz]}, appRequestRanges={physical=[0.00 Hz, 90.00 Hz], render=[0.00 Hz, 60.00 Hz]} idleScreenConfig=nullptr}
03-21 21:10:45.397   914   914 I SurfaceFlinger: 0 mode changes were performed under the previous policy
03-21 21:10:45.405  3073 32366 I DeviceStatusMonitor: DeviceStatusMonitor.handleBroadcast():138 onReceive() : Action = android.intent.action.SCREEN_OFF
03-21 21:10:45.406  3073 32366 I DeviceStatusMonitor: DeviceStatusMonitor.updateCountryInfo():154 updateCountryInfo(), notifyAnyway = false
03-21 21:10:45.406   852   992 I hwcomposer: [HWC] (0) displaySetActiveConfig config:0  
03-21 21:10:45.407  3073  3073 I ModuleManager: ModuleManager$ModuleInitListener.maybeUnloadModuleOnUnavailable():1454 module ogk is unavailable
03-21 21:10:45.409  3073  3073 I ModuleManager: ModuleManager$ModuleInitListener.maybeUnloadModuleOnUnavailable():1454 module IEmojiKitchenBrowseExtension is unavailable
03-21 21:10:45.409  3073  3073 I EmojifyExtensionImpl: EmojifyExtensionImpl.onDestroy():611 Destroying Emojify extension fgg@eb5dab7.
03-21 21:10:45.409  3073  3073 I ModuleManager: ModuleManager$ModuleInitListener.maybeUnloadModuleOnUnavailable():1454 module ffr is unavailable
03-21 21:10:45.409  3073  3073 I AbstractOpenableExtension: AbstractOpenableExtension.maybeDestroyExistingKeyboardGroupManager():536 Destroy existing keyboard group manager in fhc
03-21 21:10:45.409  3073  3073 I AbstractOpenableExtension: AbstractOpenableExtension$3.onSuccess():556 KeyboardGroupManager destroyed in fhc.
03-21 21:10:45.410  3073  3073 I ModuleManager: ModuleManager$ModuleInitListener.maybeUnloadModuleOnUnavailable():1454 module IExpressionMomentExtension is unavailable
03-21 21:10:45.410  3073  3073 I AbstractOpenableExtension: AbstractOpenableExtension.maybeDestroyExistingKeyboardGroupManager():536 Destroy existing keyboard group manager in hwx
03-21 21:10:45.411  3073  3073 I AbstractOpenableExtension: AbstractOpenableExtension$3.onSuccess():556 KeyboardGroupManager destroyed in hwx.
03-21 21:10:45.411  3073  3073 I ModuleManager: ModuleManager$ModuleInitListener.maybeUnloadModuleOnUnavailable():1454 module FastAccessBarExtension is unavailable
03-21 21:10:45.413  3073  3073 W NotificationCenter: NotificationCenter.unregisterListener():480 Listener elb@77fc0dd was not registered for notification class obt
03-21 21:10:45.414  3073  3073 W NotificationCenter: NotificationCenter.unregisterListener():480 Listener emp@50f69af was not registered for notification class obt
03-21 21:10:45.414  3073  3073 I ModuleManager: ModuleManager$ModuleInitListener.maybeUnloadModuleOnUnavailable():1454 module enn is unavailable
03-21 21:10:45.414  3073  3073 I ModuleManager: ModuleManager$ModuleInitListener.maybeUnloadModuleOnUnavailable():1454 module IGifKeyboardExtension is unavailable
03-21 21:10:45.414  3073  3073 I ModuleManager: ModuleManager$ModuleInitListener.maybeUnloadModuleOnUnavailable():1454 module IStickerExtension is unavailable
03-21 21:10:45.414  3073  3073 I ModuleManager: ModuleManager$ModuleInitListener.maybeUnloadModuleOnUnavailable():1454 module ITranslateUiExtension is unavailable
03-21 21:10:45.416  3073  3073 I ModuleManager: ModuleManager$ModuleInitListener.maybeUnloadModuleOnUnavailable():1454 module equ is unavailable
03-21 21:10:45.417  3073  3073 I ModuleManager: ModuleManager$ModuleInitListener.maybeUnloadModuleOnUnavailable():1454 module gah is unavailable
03-21 21:10:45.418  1587  1655 I DisplayDeviceRepository: Display device changed render timings: "Built-in Screen", renderFrameRate=60.0, presentationDeadlineNanos=16666667, appVsyncOffsetNanos=1000000, frameRateOverrides=[]
03-21 21:10:45.418  3073  3073 I ModuleManager: ModuleManager$ModuleInitListener.maybeUnloadModuleOnUnavailable():1454 module igs is unavailable
03-21 21:10:45.420  3073  3073 I ModuleManager: ModuleManager$ModuleInitListener.maybeUnloadModuleOnUnavailable():1454 module hir is unavailable
03-21 21:10:45.421  1587  1972 I MR2ServiceImpl: Updating composite discovery preference | preference: RouteDiscoveryRequest{ preferredFeatures={}, activeScan=false }, active routers: []
03-21 21:10:45.421  3073  3073 I ModuleManager: ModuleManager$ModuleInitListener.maybeUnloadModuleOnUnavailable():1454 module hzs is unavailable
03-21 21:10:45.422  3073  3073 I HardKeyTracker: HardKeyTracker.unregisterKeySequence():229 Unregister key sequence oum{labelResId=2132020522, callback=fdl@5f41c9f, lastModifier=65536, keyCodes=[76], actions=[0]}
03-21 21:10:45.422  3073  3073 I HardKeyTracker: HardKeyTracker.registerKeySequence():178 Register key sequence oum{labelResId=2132020522, callback=fdl@616a452, lastModifier=65536, keyCodes=[76], actions=[0]}
03-21 21:10:45.423  3073  3073 I HardKeyTracker: HardKeyTracker.unregisterKeySequence():229 Unregister key sequence oum{labelResId=2132020518, callback=fdl@ba2d1ec, lastModifier=2, keyCodes=[50], actions=[0]}
03-21 21:10:45.423  3073  3073 I HardKeyTracker: HardKeyTracker.registerKeySequence():178 Register key sequence oum{labelResId=2132020518, callback=fdl@7212323, lastModifier=2, keyCodes=[50], actions=[0]}
03-21 21:10:45.424  3073  3073 W AccessPointsManager: AccessPointsManager.addAccessPoint():1092 The holder controller #0x7f0b2471 is not registered
03-21 21:10:45.424  3073  3073 I HardKeyTracker: HardKeyTracker.unregisterKeySequence():229 Unregister key sequence oum{labelResId=2132020521, callback=fdl@8d179b5, lastModifier=2, keyCodes=[37], actions=[0]}
03-21 21:10:45.424  3073  3073 I HardKeyTracker: HardKeyTracker.registerKeySequence():178 Register key sequence oum{labelResId=2132020521, callback=fdl@1e2d020, lastModifier=2, keyCodes=[37], actions=[0]}
03-21 21:10:45.424  3073  3073 I HardKeyTracker: HardKeyTracker.unregisterKeySequence():229 Unregister key sequence oum{labelResId=2132020521, callback=fdl@b44284a, lastModifier=2, keyCodes=[37], actions=[0]}
03-21 21:10:45.425  3073  3073 I HardKeyTracker: HardKeyTracker.registerKeySequence():178 Register key sequence oum{labelResId=2132020521, callback=fdl@1bc8dd9, lastModifier=2, keyCodes=[37], actions=[0]}
03-21 21:10:45.425  3073  3073 I HardKeyTracker: HardKeyTracker.unregisterKeySequence():229 Unregister key sequence oum{labelResId=2132020518, callback=fdl@387e3bb, lastModifier=2, keyCodes=[50], actions=[0]}
03-21 21:10:45.425  3073  3073 I HardKeyTracker: HardKeyTracker.registerKeySequence():178 Register key sequence oum{labelResId=2132020518, callback=fdl@f56b39e, lastModifier=2, keyCodes=[50], actions=[0]}
03-21 21:10:45.426  3073  3073 I DeviceLockTags: DeviceLockTags.notifyDeviceLockStatusChanged():108 notifyDeviceLockStatusChanged(): deviceLocked=true, blockPersonalData=false
03-21 21:10:45.426  3073  3073 I Module  : DeviceLockedStatusModuleProvider$Module.updateDeviceLockedStatus():103 repeatCheckTimes = 0, locked = true
03-21 21:10:45.426  3073  3073 I InputBundle: InputBundle.consumeEvent():1037 Skip consuming an event as imeStatus is INACTIVE
03-21 21:10:45.427  3073  3073 W NotificationCenter: NotificationCenter$NotificationQueue.notifyPendingNotificationsOnExecutor():877 Heavy notify work detected on UI thread: [owk->nei, owk->gps, owk->iys, ovy->ogo, ovz->ogo] takes 21ms
03-21 21:10:45.432  1587  2015 W AppOps  : Noting op not finished: uid 10300 pkg com.google.android.gms code 113 startTime of in progress event=1774116509440
03-21 21:10:45.474  2458  2458 I Dtdi    : [RouteScanController] stopScan: stopping route scanning [CONTEXT service_id=312 ]
03-21 21:10:45.474  2458  2458 I Dtdi    : [RouteScanController] stopScan: no active scanning sessions exist [CONTEXT service_id=312 ]
03-21 21:10:45.484  1587  1927 E SupplicantStaIfaceHalAidlImpl: ISupplicantStaIface.setSuspendModeEnabled failed with service specific exception: 
03-21 21:10:45.484  1587  1927 E SupplicantStaIfaceHalAidlImpl: android.os.ServiceSpecificException:  (code 1)
03-21 21:10:45.484  1587  1927 E SupplicantStaIfaceHalAidlImpl: 	at android.os.Parcel.createExceptionOrNull(Parcel.java:3387)
03-21 21:10:45.484  1587  1927 E SupplicantStaIfaceHalAidlImpl: 	at android.os.Parcel.createException(Parcel.java:3357)
03-21 21:10:45.484  1587  1927 E SupplicantStaIfaceHalAidlImpl: 	at android.os.Parcel.readException(Parcel.java:3340)
03-21 21:10:45.484  1587  1927 E SupplicantStaIfaceHalAidlImpl: 	at android.os.Parcel.readException(Parcel.java:3282)
03-21 21:10:45.484  1587  1927 E SupplicantStaIfaceHalAidlImpl: 	at com.android.wifi.x.android.hardware.wifi.supplicant.ISupplicantStaIface$Stub$Proxy.setSuspendModeEnabled(ISupplicantStaIface.java:2962)
03-21 21:10:45.484  1587  1927 E SupplicantStaIfaceHalAidlImpl: 	at com.android.server.wifi.SupplicantStaIfaceHalAidlImpl.setSuspendModeEnabled(SupplicantStaIfaceHalAidlImpl.java:2094)
03-21 21:10:45.484  1587  1927 E SupplicantStaIfaceHalAidlImpl: 	at com.android.server.wifi.SupplicantStaIfaceHal.setSuspendModeEnabled(SupplicantStaIfaceHal.java:1722)
03-21 21:10:45.484  1587  1927 E SupplicantStaIfaceHalAidlImpl: 	at com.android.server.wifi.WifiNative.setSuspendOptimizations(WifiNative.java:2831)
03-21 21:10:45.484  1587  1927 E SupplicantStaIfaceHalAidlImpl: 	at com.android.server.wifi.ClientModeImpl.setSuspendOptimizationsNative(ClientModeImpl.java:2759)
03-21 21:10:45.484  1587  1927 E SupplicantStaIfaceHalAidlImpl: 	at com.android.server.wifi.ClientModeImpl.-$$Nest$msetSuspendOptimizationsNative(ClientModeImpl.java:0)
03-21 21:10:45.484  1587  1927 E SupplicantStaIfaceHalAidlImpl: 	at com.android.server.wifi.ClientModeImpl$ConnectableState.processMessageImpl(ClientModeImpl.java:5048)
03-21 21:10:45.484  1587  1927 E SupplicantStaIfaceHalAidlImpl: 	at com.android.server.wifi.RunnerState.processMessage(RunnerState.java:82)
03-21 21:10:45.484  1587  1927 E SupplicantStaIfaceHalAidlImpl: 	at com.android.wifi.x.com.android.internal.util.StateMachine$SmHandler.processMsg(StateMachine.java:1007)
03-21 21:10:45.484  1587  1927 E SupplicantStaIfaceHalAidlImpl: 	at com.android.wifi.x.com.android.internal.util.StateMachine$SmHandler.handleMessage(StateMachine.java:820)
03-21 21:10:45.484  1587  1927 E SupplicantStaIfaceHalAidlImpl: 	at android.os.Handler.dispatchMessage(Handler.java:132)
03-21 21:10:45.484  1587  1927 E SupplicantStaIfaceHalAidlImpl: 	at android.os.Looper.dispatchMessage(Looper.java:333)
03-21 21:10:45.484  1587  1927 E SupplicantStaIfaceHalAidlImpl: 	at android.os.Looper.loopOnce(Looper.java:263)
03-21 21:10:45.484  1587  1927 E SupplicantStaIfaceHalAidlImpl: 	at android.os.Looper.loop(Looper.java:367)
03-21 21:10:45.484  1587  1927 E SupplicantStaIfaceHalAidlImpl: 	at android.os.HandlerThread.run(HandlerThread.java:139)
03-21 21:10:45.498  2458  2458 I PersonalSafety: ConnectivityProtectionLockingIntentOperation: cancelled task [CONTEXT service_id=310 ]
03-21 21:10:45.678  1587  1865 I UsageStatsService: User[0] Flushing usage stats to disk
03-21 21:10:45.843   625  2778 W libperfmgr: Failed to write to node: /dev/stune/top-app/schedtune.boost with value: 10, fd: -1
03-21 21:10:45.843   625  2778 W libperfmgr: Failed to write to node: /proc/sys/kernel/sched_boost with value: 0, fd: -1
03-21 21:10:45.982   852  1052 I hwcomposer: [XMFP]: Receive panel on event!
03-21 21:10:45.982   852  1052 I hwcomposer: [HWCDisplay] [XMFP]: Display(0) SetPowerMode(2) fp_parallel:1  
03-21 21:10:45.986  1151  1333 E [GF_HAL][gf_hal_milan]: [hal_milan_invoke_command] err=GF_SUCCESS, errno=0. reset g_hal_over_current_count to 0!
03-21 21:10:45.986  1151  1333 I [GF_HAL][gf_hal_milan]: [irq_pre_process] irq_type=[GF_IRQ_FINGER_DOWN_MASK], irq_type=0x0002
03-21 21:10:45.986  1151  1333 E [GF_HAL][gf_hal_common]: [gf_hal_notify_perf_lock] notify perf lock message GF_FINGERPRINT_TEST_CMD.
03-21 21:10:46.077  1151  1333 E [GF_HAL][gf_hal_milan]: [hal_milan_invoke_command] err=GF_ERROR_MATCH_FAIL_AND_RETRY, errno=1064. reset g_hal_over_current_count to 0!
03-21 21:10:46.077  1151  1333 E [GF_HAL][gf_hal_milan]: [hal_milan_invoke_command] exit. err=GF_ERROR_MATCH_FAIL_AND_RETRY, errno=1064
03-21 21:10:46.077  1151  1333 E [GF_HAL][gf_hal_common]: [gf_hal_invoke_command] exit. err=GF_ERROR_MATCH_FAIL_AND_RETRY, errno=1064
03-21 21:10:46.077  1151  1333 E [GF_HAL][gf_hal_milan]: [irq_pre_process] exit. err=GF_ERROR_MATCH_FAIL_AND_RETRY, errno=1064
03-21 21:10:46.077  1151  1333 I [GF_HAL][gf_hal_milan]: [irq_image_enroll_or_authenticate] match fail and retry
03-21 21:10:46.078  1151  1333 W libc    : Access denied finding property "gf.debug.dump_data"
03-21 21:10:46.078  1151  1333 W libc    : Access denied finding property "gf.debug.dump_data"
03-21 21:10:46.076  1151  1151 W android.hardwar: type=1400 audit(0.0:1661): avc:  denied  { read } for  name="u:object_r:default_prop:s0" dev="tmpfs" ino=8926 scontext=u:r:hal_fingerprint_default:s0 tcontext=u:object_r:default_prop:s0 tclass=file permissive=0
03-21 21:10:46.076  1151  1151 W android.hardwar: type=1400 audit(0.0:1662): avc:  denied  { read } for  name="u:object_r:default_prop:s0" dev="tmpfs" ino=8926 scontext=u:r:hal_fingerprint_default:s0 tcontext=u:object_r:default_prop:s0 tclass=file permissive=0
03-21 21:10:46.176  1151  1333 E [GF_HAL][gf_hal_milan]: [hal_milan_invoke_command] err=GF_ERROR_NOT_MATCH, errno=1006. reset g_hal_over_current_count to 0!
03-21 21:10:46.176  1151  1333 E [GF_HAL][gf_hal_milan]: [hal_milan_invoke_command] exit. err=GF_ERROR_NOT_MATCH, errno=1006
03-21 21:10:46.176  1151  1333 E [GF_HAL][gf_hal_common]: [gf_hal_invoke_command] exit. err=GF_ERROR_NOT_MATCH, errno=1006
03-21 21:10:46.177  1151  1333 E [GF_HAL][gf_hal_frr_database]: [writeXiaomiDataToRecordFile] /sdcard/MIUI/debug_log/1.dat can't open file. err=GF_ERROR_FILE_OPEN_FAILED, errno=1078
03-21 21:10:46.177  1151  1333 E [GF_HAL][gf_hal_frr_database]: [writeXiaomiDataToRecordFile] exit. err=GF_ERROR_FILE_OPEN_FAILED, errno=1078
03-21 21:10:46.177  1151  1333 I [GF_HAL][gf_hal_common]: [gf_hal_common_authenticate_not_match]     image_quality=68
03-21 21:10:46.177  1151  1333 I [GF_HAL][gf_hal_common]: [gf_hal_common_authenticate_not_match]        valid_area=100
03-21 21:10:46.177  1151  1333 I [GF_HAL][gf_hal_common]: [gf_hal_common_authenticate_not_match]     key_point_num=102
03-21 21:10:46.177  1151  1333 I [GF_HAL][gf_hal_common]: [gf_hal_common_authenticate_not_match]       match_score=0
03-21 21:10:46.177  1151  1333 I [GF_HAL][gf_hal_common]: [gf_hal_common_authenticate_not_match] polling_image_time=0ms
03-21 21:10:46.177  1151  1333 I [GF_HAL][gf_hal_common]: [gf_hal_common_authenticate_not_match] get_raw_data_time=14ms
03-21 21:10:46.177  1151  1333 I [GF_HAL][gf_hal_common]: [gf_hal_common_authenticate_not_match]   preprocess_time=24ms
03-21 21:10:46.177  1151  1333 I [GF_HAL][gf_hal_common]: [gf_hal_common_authenticate_not_match]  get_feature_time=24ms
03-21 21:10:46.177  1151  1333 I [GF_HAL][gf_hal_common]: [gf_hal_common_authenticate_not_match] authenticate_time=17ms
03-21 21:10:46.177  1151  1333 I [GF_HAL][gf_hal_common]: [gf_hal_common_authenticate_not_match] KPI time=79ms
03-21 21:10:46.177  1151  1333 I [GF_HAL][gf_hal_common]: [gf_hal_common_authenticate_not_match]        total time=194ms
03-21 21:10:46.178  1151  1333 E [GF_HAL][gf_hal_frr_database]: [gf_hal_write_auth_record] /data/vendor/goodix/gf_data/auth_ratio_database.db can't open file. err=GF_ERROR_FILE_OPEN_FAILED, errno=1078
03-21 21:10:46.178  1151  1333 E [GF_HAL][gf_hal_frr_database]: [gf_hal_write_auth_record] exit. err=GF_ERROR_FILE_OPEN_FAILED, errno=1078
03-21 21:10:46.178  1151  1333 E [GF_HAL][gf_hal_frr_database]: [gf_hal_save_auth_ratio_record] exit. err=GF_ERROR_FILE_OPEN_FAILED, errno=1078
03-21 21:10:46.178  1151  1333 I [GF_HAL][gf_hal_frr_database]: [gf_hal_handle_frr_database] frr database file and dir not exist 
03-21 21:10:46.176  1151  1151 W android.hardwar: type=1400 audit(0.0:1663): avc:  denied  { read } for  name="/" dev="dm-0" ino=2 scontext=u:r:hal_fingerprint_default:s0 tcontext=u:object_r:rootfs:s0 tclass=dir permissive=0
03-21 21:10:46.176  1151  1151 W android.hardwar: type=1400 audit(0.0:1664): avc:  denied  { read } for  name="u:object_r:default_prop:s0" dev="tmpfs" ino=8926 scontext=u:r:hal_fingerprint_default:s0 tcontext=u:object_r:default_prop:s0 tclass=file permissive=0
03-21 21:10:46.176  1151  1151 W android.hardwar: type=1400 audit(0.0:1665): avc:  denied  { read } for  name="u:object_r:default_prop:s0" dev="tmpfs" ino=8926 scontext=u:r:hal_fingerprint_default:s0 tcontext=u:object_r:default_prop:s0 tclass=file permissive=0
03-21 21:10:46.178  1151  1333 E cutils  : Failed to open(/): Permission denied
03-21 21:10:46.178  1151  1333 E [GF_HAL][gf_hal_frr_database]: [gf_hal_handle_frr_database] mkdir /data/vendor/goodix/gf_data/ failed. ret=-13
03-21 21:10:46.178  1151  1333 E [GF_HAL][gf_hal_frr_database]: [gf_hal_handle_frr_database] exit. err=GF_ERROR_MKDIR_FAILED, errno=1077
03-21 21:10:46.178  1151  1333 W libc    : Access denied finding property "gf.debug.dump_data"
03-21 21:10:46.178  1151  1333 W libc    : Access denied finding property "gf.debug.dump_data"
03-21 21:10:46.179   877   877 I Light   : batch: handle:4, flag:0,samplingPeriodNs:200000000 maxBatchReportLatencyNs:0
03-21 21:10:46.179  1151  1333 E [GF_HAL][gf_hal_milan]: [hal_milan_irq] exit. err=GF_ERROR_NOT_MATCH, errno=1006
03-21 21:10:46.179  1151  1333 E [GF_HAL][gf_hal]: [gf_hal_irq] exit. err=GF_ERROR_NOT_MATCH, errno=1006
03-21 21:10:46.180   877   877 I Light   : enable: handle:4, en:1 
03-21 21:10:46.181  1587  1973 W AuthenticationClient: Allowing background authentication, this is allowed only for platform or test invocations
03-21 21:10:46.181  1587  1973 I AuthenticationPolicyService: AuthenticationStateListener#onAuthenticationFailed
03-21 21:10:46.182  1587  1587 I AuthenticationPolicyService: reportAuthAttempt: numFailedAttempts=1, userId=0
03-21 21:10:46.239  1151  1333 I [GF_HAL][gf_hal]: [gf_hal_screen_on]
03-21 21:10:46.240  1151  1333 E [GF_HAL][gf_hal_milan]: [hal_milan_invoke_command] err=GF_SUCCESS, errno=0. reset g_hal_over_current_count to 0!
03-21 21:10:46.344   625  2778 W libperfmgr: Failed to write to node: /dev/stune/top-app/schedtune.boost with value: 10, fd: -1
03-21 21:10:46.344   625  2778 W libperfmgr: Failed to write to node: /proc/sys/kernel/sched_boost with value: 0, fd: -1
03-21 21:10:46.362  1151  1333 E [GF_HAL][gf_hal_milan]: [hal_milan_invoke_command] err=GF_SUCCESS, errno=0. reset g_hal_over_current_count to 0!
03-21 21:10:46.362  1151  1333 I [GF_HAL][gf_hal_milan]: [irq_pre_process] irq_type=INVALID_IRQ_TYPE, irq_type=0x0000
03-21 21:10:46.362  1151  1333 I [GF_HAL][gf_hal_milan]: [irq_process] invalid irq type 0
03-21 21:10:46.386   877   877 I Light   : enable: handle:4, en:0 
03-21 21:10:46.388  1587  1973 W BiometricFrameworkStatsLogger: found a negative latency : -1
03-21 21:10:46.410  1151  1333 E [GF_HAL][gf_hal_milan]: [hal_milan_invoke_command] err=GF_SUCCESS, errno=0. reset g_hal_over_current_count to 0!
03-21 21:10:46.410  1151  1333 I [GF_HAL][gf_hal_milan]: [irq_pre_process] irq_type=[GF_IRQ_FINGER_UP_MASK], irq_type=0x0004
03-21 21:10:46.410  1151  1333 W libc    : Access denied finding property "gf.debug.dump_data"
03-21 21:10:46.410  1151  1333 W libc    : Access denied finding property "gf.debug.dump_data"
03-21 21:10:46.404  1151  1151 W android.hardwar: type=1400 audit(0.0:1666): avc:  denied  { read } for  name="u:object_r:default_prop:s0" dev="tmpfs" ino=8926 scontext=u:r:hal_fingerprint_default:s0 tcontext=u:object_r:default_prop:s0 tclass=file permissive=0
03-21 21:10:46.404  1151  1151 W android.hardwar: type=1400 audit(0.0:1667): avc:  denied  { read } for  name="u:object_r:default_prop:s0" dev="tmpfs" ino=8926 scontext=u:r:hal_fingerprint_default:s0 tcontext=u:object_r:default_prop:s0 tclass=file permissive=0
03-21 21:10:46.434  1587  2667 W AppOps  : Noting op not finished: uid 10300 pkg com.google.android.gms code 113 startTime of in progress event=1774116509440
03-21 21:10:46.637  1151  1333 E [GF_HAL][gf_hal_milan]: [hal_milan_invoke_command] err=GF_SUCCESS, errno=0. reset g_hal_over_current_count to 0!
03-21 21:10:46.637  1151  1333 I [GF_HAL][gf_hal_milan]: [irq_pre_process] irq_type=INVALID_IRQ_TYPE, irq_type=0x0000
03-21 21:10:46.637  1151  1333 I [GF_HAL][gf_hal_milan]: [irq_process] invalid irq type 0
03-21 21:10:46.810   844   878 I netd    : tetherGetStats() -> {[]} <1.77ms>
03-21 21:10:46.844   625  2778 W libperfmgr: Failed to write to node: /dev/stune/top-app/schedtune.boost with value: 10, fd: -1
03-21 21:10:46.845   625  2778 W libperfmgr: Failed to write to node: /proc/sys/kernel/sched_boost with value: 0, fd: -1
03-21 21:10:46.939  1151  1333 E [GF_HAL][gf_hal_milan]: [hal_milan_invoke_command] err=GF_SUCCESS, errno=0. reset g_hal_over_current_count to 0!
03-21 21:10:46.939  1151  1333 I [GF_HAL][gf_hal_milan]: [irq_pre_process] irq_type=[GF_IRQ_FINGER_DOWN_MASK], irq_type=0x0002
03-21 21:10:46.939  1151  1333 E [GF_HAL][gf_hal_common]: [gf_hal_notify_perf_lock] notify perf lock message GF_FINGERPRINT_TEST_CMD.
03-21 21:10:47.052   579   579 I [mTEE]  :  come into the TZ_VFS_OPEN function
03-21 21:10:47.054   579   579 I [mTEE]  :  come into the TZ_VFS_OPEN function
03-21 21:10:47.055   579   579 I [mTEE]  :  come into the TZ_VFS_OPEN function
03-21 21:10:47.057   579   579 I [mTEE]  :  come into the TZ_VFS_OPEN function
03-21 21:10:47.061   579   579 I [mTEE]  :  come into the TZ_VFS_OPEN function
03-21 21:10:47.062   579   579 I [mTEE]  :  come into the TZ_VFS_OPEN function
03-21 21:10:47.085  1151  1333 E [GF_HAL][gf_hal_milan]: [hal_milan_invoke_command] err=GF_SUCCESS, errno=0. reset g_hal_over_current_count to 0!
03-21 21:10:47.086  1151  1333 I [GF_HAL][gf_hal_common]: [hal_milan_authenticate_success]     image_quality=80
03-21 21:10:47.086  1151  1333 I [GF_HAL][gf_hal_common]: [hal_milan_authenticate_success]        valid_area=95
03-21 21:10:47.086  1151  1333 I [GF_HAL][gf_hal_common]: [hal_milan_authenticate_success]     key_point_num=108
03-21 21:10:47.086  1151  1333 I [GF_HAL][gf_hal_common]: [hal_milan_authenticate_success]       match_score=64
03-21 21:10:47.086  1151  1333 I [GF_HAL][gf_hal_common]: [hal_milan_authenticate_success] polling_image_time=0ms
03-21 21:10:47.086  1151  1333 I [GF_HAL][gf_hal_common]: [hal_milan_authenticate_success] get_raw_data_time=18ms
03-21 21:10:47.086  1151  1333 I [GF_HAL][gf_hal_common]: [hal_milan_authenticate_success]   preprocess_time=28ms
03-21 21:10:47.086  1151  1333 I [GF_HAL][gf_hal_common]: [hal_milan_authenticate_success]  get_feature_time=25ms
03-21 21:10:47.086  1151  1333 I [GF_HAL][gf_hal_common]: [hal_milan_authenticate_success] authenticate_time=17ms
03-21 21:10:47.086  1151  1333 I [GF_HAL][gf_hal_common]: [hal_milan_authenticate_success] KPI time=88ms
03-21 21:10:47.086  1151  1333 I [GF_HAL][gf_hal_common]: [hal_milan_authenticate_success]        total time=149ms
03-21 21:10:47.088   877   877 I Light   : batch: handle:4, flag:0,samplingPeriodNs:200000000 maxBatchReportLatencyNs:0
03-21 21:10:47.088  1151  1333 E [GF_HAL][gf_hal_milan]: [hal_milan_invoke_command] err=GF_SUCCESS, errno=0. reset g_hal_over_current_count to 0!
03-21 21:10:47.088  1151  1333 E [GF_HAL][gf_hal_frr_database]: [writeXiaomiDataToRecordFile] /sdcard/MIUI/debug_log/1.dat can't open file. err=GF_ERROR_FILE_OPEN_FAILED, errno=1078
03-21 21:10:47.088  1151  1333 E [GF_HAL][gf_hal_frr_database]: [writeXiaomiDataToRecordFile] exit. err=GF_ERROR_FILE_OPEN_FAILED, errno=1078
03-21 21:10:47.089  1151  1333 E [gf_ca_entry]: [gf_ca_invoke_command] errno:		Bad address
03-21 21:10:47.089  1151  1333 E [gf_ca_entry]: [gf_ca_invoke_command] set normal policy errr ,ret=-1 
03-21 21:10:47.089  1151  1333 E [GF_HAL][gf_hal_dump]: [gf_hal_common_dump_invoke_command] exit. err=GF_ERROR_TA_DEAD, errno=1049
03-21 21:10:47.089  1151  1333 E [GF_HAL][gf_hal_frr_database]: [hal_get_template_length] dump template info error
03-21 21:10:47.089  1587  1680 W libprocessgroup: SetCgroup::ExecuteForProcess: failed to open /dev/stune/top-app/cgroup.procs: No such file or directory
03-21 21:10:47.089  1151  1333 E [GF_HAL][gf_hal_frr_database]: [gf_hal_save_auth_ratio_record] get template length error
03-21 21:10:47.089  1151  1333 E [GF_HAL][gf_hal_frr_database]: [gf_hal_save_auth_ratio_record] exit. err=GF_ERROR_GENERIC, errno=1010
03-21 21:10:47.089  1151  1333 I [GF_HAL][gf_hal_frr_database]: [gf_hal_handle_frr_database] frr database file and dir not exist 
03-21 21:10:47.089  1151  1333 E cutils  : Failed to open(/): Permission denied
03-21 21:10:47.089  1151  1333 E [GF_HAL][gf_hal_frr_database]: [gf_hal_handle_frr_database] mkdir /data/vendor/goodix/gf_data/ failed. ret=-13
03-21 21:10:47.089  1151  1333 E [GF_HAL][gf_hal_frr_database]: [gf_hal_handle_frr_database] exit. err=GF_ERROR_MKDIR_FAILED, errno=1077
03-21 21:10:47.090   877   877 I Light   : enable: handle:4, en:1 
03-21 21:10:47.084  1151  1151 W android.hardwar: type=1400 audit(0.0:1668): avc:  denied  { read } for  name="/" dev="dm-0" ino=2 scontext=u:r:hal_fingerprint_default:s0 tcontext=u:object_r:rootfs:s0 tclass=dir permissive=0
03-21 21:10:47.090  1151  1333 W libc    : Access denied finding property "gf.debug.dump_data"
03-21 21:10:47.090  1151  1333 W libc    : Access denied finding property "gf.debug.dump_data"
03-21 21:10:47.092  1587  1973 W AuthenticationClient: Allowing background authentication, this is allowed only for platform or test invocations
03-21 21:10:47.098  1587  1587 W SenseProvider: Ignoring lockout reset, no templates enrolled for user: 0
03-21 21:10:47.100   594  5995 I keystore2: system/security/keystore2/src/authorization.rs:116 - add_auth_token(challenge=0, userId=3196183553602891555, authId=-7245739854948165699, authType=0x2, timestamp=15622014ms)
03-21 21:10:47.103   594  5995 I keystore2: system/security/keystore2/src/authorization.rs:130 - on_device_unlocked(AndroidUserId(0), password.is_some()=false)
03-21 21:10:47.106   595   595 I beanpodkeymaster: Enter BeanpodKeymaster BeginOperation
03-21 21:10:47.106   595   595 I beanpodkeymaster: cmd:4 Received 24 byte response
03-21 21:10:47.106   595   595 I beanpodkeymaster: Exit BeanpodKeymaster BeginOperation
03-21 21:10:47.107   595   595 I beanpodkeymaster: Enter BeanpodKeymaster FinishOperation
03-21 21:10:47.107   595   595 I beanpodkeymaster: cmd:c Received 52 byte response
03-21 21:10:47.107   595   595 I beanpodkeymaster: Exit BeanpodKeymaster FinishOperation
03-21 21:10:47.108   595   595 I beanpodkeymaster: Enter BeanpodKeymaster BeginOperation
03-21 21:10:47.108   595   595 I beanpodkeymaster: cmd:4 Received 24 byte response
03-21 21:10:47.108   595   595 I beanpodkeymaster: Exit BeanpodKeymaster BeginOperation
03-21 21:10:47.109   595   595 I beanpodkeymaster: Enter BeanpodKeymaster FinishOperation
03-21 21:10:47.109   595   595 I beanpodkeymaster: cmd:c Received 93 byte response
03-21 21:10:47.109   595   595 I beanpodkeymaster: Exit BeanpodKeymaster FinishOperation
03-21 21:10:47.109   594  5995 I keystore2: system/security/keystore2/src/super_key.rs:1059 - Successfully unlocked AndroidUserId(0) with biometric SecureUserId(-7245739854948165699)
03-21 21:10:47.110  1587  2667 I PowerGroup: Waking up power group from Dozing (groupId=0, uid=10325, reason=WAKE_REASON_BIOMETRIC, details=android.policy:BIOMETRIC)...
03-21 21:10:47.110  1587  2667 I PowerGroup: dreamManagerAttemptedDozing status changed to false for group 0
03-21 21:10:47.111  1587  2667 I PowerManagerService: Waking up from Dozing (uid=10325, reason=WAKE_REASON_BIOMETRIC, details=android.policy:BIOMETRIC)...
03-21 21:10:47.116  1587  1708 I DisplayPowerController[0]: Blocking screen on until initial contents have been drawn.
03-21 21:10:47.117  1587  1708 I DisplayPowerController: Window Manager Policy screenTurningOn complete
03-21 21:10:47.117  1587  1708 I DisplayBrightnessStrategySelector: Changing the DisplayBrightnessStrategy from ScreenOffBrightnessStrategy to FallbackBrightnessStrategy for display 0
03-21 21:10:47.119  1587  1708 I DisplayPowerController[0]: BrightnessEvent: brt=1.0(100.0%), nits=700.0, lux=-1.0, reason=manual, strat=FallbackBrightnessStrategy, state=ON, stateReason=DEFAULT_POLICY, policy=BRIGHT, flags=, initBrt=0.0, rcmdBrt=NaN, preBrt=NaN, preLux=0.0, wasShortTermModelActive=false, autoBrightness=false (default), unclampedBrt=1.0, hbmMax=1.0, hbmMode=sunlight, thrmMax=1.0, rbcStrength=50, powerFactor=1.0, physDisp=Built-in Screen(local:4627039422300187648), logicalId=0, slowChange=false, rampSpeed=0.0
03-21 21:10:47.122  1587  1655 I DisplayDeviceRepository: Display device changed state: "Built-in Screen", ON
03-21 21:10:47.122   852   992 I hwcomposer: [HWCDisplay] [XMFP]: Display(0) SetPowerMode(2) fp_parallel:0  
03-21 21:10:47.122  1587  1655 I InputManager-JNI: Viewport [0] to add: local:4627039422300187648, isActive: true
03-21 21:10:47.123   852  1094 I hwcomposer: [DRMDEV] (0) failed to waitNextVsync: -1  
03-21 21:10:47.123  1587  1997 I LocalDisplayAdapter: SF.setDisplayPowerMode took 2ms
03-21 21:10:47.123  1587  1903 I InputReader: Reconfiguring input devices, changes=DISPLAY_INFO
03-21 21:10:47.124  1587  1903 I InputReader: Device reconfigured: id=4, name='fts_ts', size 1080x2400, orientation Rotation0, mode DIRECT, display id 0
03-21 21:10:47.127   625  2778 W libperfmgr: Failed to write to node: /dev/stune/top-app/schedtune.boost with value: 10, fd: -1
03-21 21:10:47.128   625  2778 W libperfmgr: Failed to write to node: /proc/sys/kernel/sched_boost with value: 0, fd: -1
03-21 21:10:47.129  1587  1657 I DisplayDevice: [0] Layerstack set to 0 for local:4627039422300187648
03-21 21:10:47.130   888  2646 W StNfcHal: Idle data: 2nd byte is 0x40
03-21 21:10:47.130   888  2646 W StNfcHal: , reading next 2 bytes
03-21 21:10:47.131   852   992 I hwcomposer: [HWCDisplay] [Display_0 (type:1)] fps:8.655349,dur:2310.71,max:2100.12,min:8.24  
03-21 21:10:47.131   852  1056 E hwcomposer: [JOB] (0) Handle a job with no visible layer  
03-21 21:10:47.131  1587  1587 W ProcessStats: Tracking association SourceState{5b32838 com.android.systemui/10325 BFgs #18855} whose proc state 4 is better than process ProcessState{56190f8 com.android.launcher3/10326 pkg=com.android.launcher3} proc state 5 (1 skipped)
03-21 21:10:47.133  2034  2034 E NotifRow: Magnetic state changed from IDLE to IDLE on a null swiped listener, or the logging key of the listener is null
03-21 21:10:47.138   888  2646 W StNfcHal: Idle data: 2nd byte is 0x40
03-21 21:10:47.138   888  2646 W StNfcHal: , reading next 2 bytes
03-21 21:10:47.140   877   877 I Accelerometer: batch: handle:0, flag:0,samplingPeriodNs:80000000 maxBatchReportLatencyNs:2000000000
03-21 21:10:47.142   877   877 I Accelerometer: enable: handle:0, en:1
03-21 21:10:47.144  3073 32367 I DeviceStatusMonitor: DeviceStatusMonitor.handleBroadcast():138 onReceive() : Action = android.intent.action.SCREEN_ON
03-21 21:10:47.145  3073 32367 I DeviceStatusMonitor: DeviceStatusMonitor.updateCountryInfo():154 updateCountryInfo(), notifyAnyway = false
03-21 21:10:47.146   914   914 I SurfaceFlinger: Display 4627039422300187648 policy changed
03-21 21:10:47.146   914   914 I SurfaceFlinger: Previous: {defaultModeId=0, allowGroupSwitching=false, primaryRanges={physical=[0.00 Hz, 90.00 Hz], render=[0.00 Hz, 60.00 Hz]}, appRequestRanges={physical=[0.00 Hz, 90.00 Hz], render=[0.00 Hz, 60.00 Hz]} idleScreenConfig=nullptr}
03-21 21:10:47.146   914   914 I SurfaceFlinger: Current:  DisplayManagerPolicy{defaultModeId=1, allowGroupSwitching=false, primaryRanges={physical=[90.00 Hz, 90.00 Hz], render=[90.00 Hz, 90.00 Hz]}, appRequestRanges={physical=[0.00 Hz, 90.00 Hz], render=[0.00 Hz, 90.00 Hz]} idleScreenConfig=nullptr}
03-21 21:10:47.146   914   914 I SurfaceFlinger: 1 mode changes were performed under the previous policy
03-21 21:10:47.146  2034  2034 E NotifRow: Magnetic state changed from IDLE to IDLE on a null swiped listener, or the logging key of the listener is null
03-21 21:10:47.148   914   914 I SurfaceFlinger: Display 4627039422300187648 policy changed
03-21 21:10:47.148   914   914 I SurfaceFlinger: Previous: {defaultModeId=1, allowGroupSwitching=false, primaryRanges={physical=[90.00 Hz, 90.00 Hz], render=[90.00 Hz, 90.00 Hz]}, appRequestRanges={physical=[0.00 Hz, 90.00 Hz], render=[0.00 Hz, 90.00 Hz]} idleScreenConfig=nullptr}
03-21 21:10:47.148   914   914 I SurfaceFlinger: Current:  DisplayManagerPolicy{defaultModeId=1, allowGroupSwitching=false, primaryRanges={physical=[90.00 Hz, 90.00 Hz], render=[90.00 Hz, 90.00 Hz]}, appRequestRanges={physical=[90.00 Hz, 90.00 Hz], render=[90.00 Hz, 90.00 Hz]} idleScreenConfig=nullptr}
03-21 21:10:47.148   914   914 I SurfaceFlinger: 0 mode changes were performed under the previous policy
03-21 21:10:47.151   852   992 I hwcomposer: [HWC] (0) displaySetActiveConfig config:1  
03-21 21:10:47.151  1587  1972 I MR2ServiceImpl: Updating composite discovery preference | preference: RouteDiscoveryRequest{ preferredFeatures={}, activeScan=false }, active routers: []
03-21 21:10:47.155  3073  3073 I PkDeviceHelper: PkDeviceHelper.refreshDevices():87 refreshing devices
03-21 21:10:47.167  1587  1655 I DisplayDeviceRepository: Display device changed render timings: "Built-in Screen", renderFrameRate=90.0, presentationDeadlineNanos=17111111, appVsyncOffsetNanos=1000000, frameRateOverrides=[]
03-21 21:10:47.170  1587  1927 E SupplicantStaIfaceHalAidlImpl: ISupplicantStaIface.setSuspendModeEnabled failed with service specific exception: 
03-21 21:10:47.170  1587  1927 E SupplicantStaIfaceHalAidlImpl: android.os.ServiceSpecificException:  (code 1)
03-21 21:10:47.170  1587  1927 E SupplicantStaIfaceHalAidlImpl: 	at android.os.Parcel.createExceptionOrNull(Parcel.java:3387)
03-21 21:10:47.170  1587  1927 E SupplicantStaIfaceHalAidlImpl: 	at android.os.Parcel.createException(Parcel.java:3357)
03-21 21:10:47.170  1587  1927 E SupplicantStaIfaceHalAidlImpl: 	at android.os.Parcel.readException(Parcel.java:3340)
03-21 21:10:47.170  1587  1927 E SupplicantStaIfaceHalAidlImpl: 	at android.os.Parcel.readException(Parcel.java:3282)
03-21 21:10:47.170  1587  1927 E SupplicantStaIfaceHalAidlImpl: 	at com.android.wifi.x.android.hardware.wifi.supplicant.ISupplicantStaIface$Stub$Proxy.setSuspendModeEnabled(ISupplicantStaIface.java:2962)
03-21 21:10:47.170  1587  1927 E SupplicantStaIfaceHalAidlImpl: 	at com.android.server.wifi.SupplicantStaIfaceHalAidlImpl.setSuspendModeEnabled(SupplicantStaIfaceHalAidlImpl.java:2094)
03-21 21:10:47.170  1587  1927 E SupplicantStaIfaceHalAidlImpl: 	at com.android.server.wifi.SupplicantStaIfaceHal.setSuspendModeEnabled(SupplicantStaIfaceHal.java:1722)
03-21 21:10:47.170  1587  1927 E SupplicantStaIfaceHalAidlImpl: 	at com.android.server.wifi.WifiNative.setSuspendOptimizations(WifiNative.java:2831)
03-21 21:10:47.170  1587  1927 E SupplicantStaIfaceHalAidlImpl: 	at com.android.server.wifi.ClientModeImpl.setSuspendOptimizationsNative(ClientModeImpl.java:2763)
03-21 21:10:47.170  1587  1927 E SupplicantStaIfaceHalAidlImpl: 	at com.android.server.wifi.ClientModeImpl.-$$Nest$msetSuspendOptimizationsNative(ClientModeImpl.java:0)
03-21 21:10:47.170  1587  1927 E SupplicantStaIfaceHalAidlImpl: 	at com.android.server.wifi.ClientModeImpl$ConnectableState.processMessageImpl(ClientModeImpl.java:5053)
03-21 21:10:47.170  1587  1927 E SupplicantStaIfaceHalAidlImpl: 	at com.android.server.wifi.RunnerState.processMessage(RunnerState.java:82)
03-21 21:10:47.170  1587  1927 E SupplicantStaIfaceHalAidlImpl: 	at com.android.wifi.x.com.android.internal.util.StateMachine$SmHandler.processMsg(StateMachine.java:1007)
03-21 21:10:47.170  1587  1927 E SupplicantStaIfaceHalAidlImpl: 	at com.android.wifi.x.com.android.internal.util.StateMachine$SmHandler.handleMessage(StateMachine.java:820)
03-21 21:10:47.170  1587  1927 E SupplicantStaIfaceHalAidlImpl: 	at android.os.Handler.dispatchMessage(Handler.java:132)
03-21 21:10:47.170  1587  1927 E SupplicantStaIfaceHalAidlImpl: 	at android.os.Looper.dispatchMessage(Looper.java:333)
03-21 21:10:47.170  1587  1927 E SupplicantStaIfaceHalAidlImpl: 	at android.os.Looper.loopOnce(Looper.java:263)
03-21 21:10:47.170  1587  1927 E SupplicantStaIfaceHalAidlImpl: 	at android.os.Looper.loop(Looper.java:367)
03-21 21:10:47.170  1587  1927 E SupplicantStaIfaceHalAidlImpl: 	at android.os.HandlerThread.run(HandlerThread.java:139)
03-21 21:10:47.171   844   878 I netd    : networkAddUidRangesParcel(NativeUidRangeConfig{netId: 102, uidRanges: [UidRangeParcel{start: 0, stop: 2147483647}], subPriority: 998}) <0.59ms>
03-21 21:10:47.171   844   878 I netd    : networkRemoveUidRangesParcel(NativeUidRangeConfig{netId: 102, uidRanges: [UidRangeParcel{start: 0, stop: 2147483647}], subPriority: 998}) <0.36ms>
03-21 21:10:47.182  2458 29573 I NullBinder: NullBinder for android.net.action.RECOMMEND_NETWORKS triggering remote TransactionTooLargeException due to Service without Chimera impl, calling uid: 1000, calling pid: 0
03-21 21:10:47.182  2458 29573 W libbinder.Binder: Large reply transaction of 1056768 bytes, interface descriptor , code 1, flags 17
03-21 21:10:47.185   625  2778 W libperfmgr: Failed to write to node: /dev/stune/top-app/schedtune.boost with value: 50, fd: -1
03-21 21:10:47.185   625  2778 W libperfmgr: Failed to write to node: /proc/sys/kernel/sched_boost with value: 1, fd: -1
03-21 21:10:47.185  1587  2667 W TransitionChain: Combining sleepTokens into #281(TO_BACK|R|0x106) from kgGoAway
03-21 21:10:47.197   877   877 I Accelerometer: batch: handle:0, flag:0,samplingPeriodNs:66667000 maxBatchReportLatencyNs:0
03-21 21:10:47.198   877   877 I Accelerometer: flush, flushCnt:1
03-21 21:10:47.200   914   988 E surfaceflinger: == MALI DEBUG ===eglp_winsys_populate_image_templates ==12288
03-21 21:10:47.202   877   924 I Accelerometer: flush complete, flushCnt:0
03-21 21:10:47.209  1587  8906 I AppsFilter: interaction: PackageSetting{cc7495 com.rnat/10399} -> PackageSetting{70acfd3 com.google.android.inputmethod.latin/10312} BLOCKED
03-21 21:10:47.209  1587  8906 W FillRequestEventLogger: Couldn't find packageName: com.google.android.inputmethod.latin
03-21 21:10:47.211  1587  8906 W PresentationStatsEventLogger: Shouldn't be logging AutofillPresentationEventReported again for same event
03-21 21:10:47.213   844   451 I resolv  : GetAddrInfoHandler::run: {102 102 102 983142 10399 0}
03-21 21:10:47.213   844   452 I resolv  : res_nmkquery: (QUERY, IN, A)
03-21 21:10:47.226   844   452 I resolv  : res_nsend: used send_dg 43 terrno: 0
03-21 21:10:47.226   844   452 I resolv  : doQuery: rcode=0, ancount=1, return value=43
03-21 21:10:47.241  2034  2034 I KeyguardTransitionRepository: STARTED transition: TransitionStep(from=DOZING, to=LOCKSCREEN, value=0.0, transitionState=STARTED, ownerName=FromDozingTransitionInteractor(listenForDozingToAny))
03-21 21:10:47.243   877   877 I Situation: batch: handle:26, flag:0,samplingPeriodNs:66667000 maxBatchReportLatencyNs:0
03-21 21:10:47.243   877   877 I Situation: enable: handle:26, en:1 
03-21 21:10:47.244  1587  1708 I DisplayPowerController[0]: Unblocked screen on after 127 ms
03-21 21:10:47.244   914   988 E surfaceflinger: == MALI DEBUG ===eglp_winsys_populate_image_templates ==12288
03-21 21:10:47.245  1587  1708 I DreamManagerService: Gently waking up from dream.
03-21 21:10:47.247  1032  1082 E flp     : mnld_screen_monitor_thread: Screen on
03-21 21:10:47.248  1032  1082 E flp     : mnld_screen_monitor_thread: Wake Monitor Restart
03-21 21:10:47.248 31712 31712 I AssistStructure: Flattened final assist data: 2716 bytes, containing 1 windows, 18 views
03-21 21:10:47.250   852  1055 W hwcomposer: [DRMDEV] paramIsSame(), id 1323, w 1080/1080, h 93/93, pitch 1088/1088, format 0x2/0x1, secure 0/0  
03-21 21:10:47.250  2034  2034 I KeyguardTransitionRepository: Transition still active: TransitionStep(from=DOZING, to=LOCKSCREEN, value=0.0, transitionState=RUNNING, ownerName=FromDozingTransitionInteractor(listenForDozingToAny)), canceling
03-21 21:10:47.250  2034  2034 I KeyguardTransitionRepository: CANCELED transition: TransitionStep(from=DOZING, to=LOCKSCREEN, value=0.0, transitionState=CANCELED, ownerName=FromDozingTransitionInteractor(listenForDozingToAny))
03-21 21:10:47.251  2034  2034 I KeyguardTransitionRepository: STARTED transition: TransitionStep(from=LOCKSCREEN, to=GONE, value=0.0, transitionState=STARTED, ownerName=FromLockscreenTransitionInteractor(keyguard interactor says keyguard is going away))
03-21 21:10:47.253  1587  3040 I DreamManagerService: Leaving dreamland.
03-21 21:10:47.254  1587  1652 I DreamController: Stopping dream: name=ComponentInfo{com.android.systemui/com.android.systemui.doze.DozeService}, isPreviewMode=false, canDoze=true, userId=0, reason='finished self'(from 'power manager request')
03-21 21:10:47.257   625  2778 W libperfmgr: Failed to write to node: /dev/stune/top-app/schedtune.boost with value: 10, fd: -1
03-21 21:10:47.257   625  2778 W libperfmgr: Failed to write to node: /proc/sys/kernel/sched_boost with value: 0, fd: -1
03-21 21:10:47.264   877   877 I Situation: enable: handle:24, en:0 
03-21 21:10:47.266  1587  1680 W libprocessgroup: SetCgroup::ExecuteForProcess: failed to open /dev/stune/top-app/cgroup.procs: No such file or directory
03-21 21:10:47.271   888  2646 W StNfcHal: Idle data: 2nd byte is 0x40
03-21 21:10:47.271   888  2646 W StNfcHal: , reading next 2 bytes
03-21 21:10:47.271   579   579 I [mTEE]  :  come into the TZ_VFS_OPEN function
03-21 21:10:47.272   579   579 I [mTEE]  :  come into the TZ_VFS_OPEN function
03-21 21:10:47.272  2034  2159 I PluginActionManager[com.android.systemui.action.PLUGIN_NOTIFICATION_MENU_ROW]: Found 0 plugins
03-21 21:10:47.273   579   579 I [mTEE]  :  come into the TZ_VFS_OPEN function
03-21 21:10:47.274   579   579 I [mTEE]  :  come into the TZ_VFS_OPEN function
03-21 21:10:47.274   852  1055 W hwcomposer: [DRMDEV] paramIsSame(), id 1327, w 1080/1080, h 93/93, pitch 1088/1088, format 0x2/0x1, secure 0/0  
03-21 21:10:47.275  2034  2159 I PluginActionManager[com.android.systemui.action.PLUGIN_NOTIFICATION_MENU_ROW]: Found 0 plugins
03-21 21:10:47.276  1587  8906 E BiometricScheduler: Current operation is null,no need to start watchdog
03-21 21:10:47.276   579   579 I [mTEE]  :  come into the TZ_VFS_OPEN function
03-21 21:10:47.276   888  2646 W StNfcHal: Idle data: 2nd byte is 0x40
03-21 21:10:47.276   888  2646 W StNfcHal: , reading next 2 bytes
03-21 21:10:47.277   579   579 I [mTEE]  :  come into the TZ_VFS_OPEN function
03-21 21:10:47.282   579   579 I [mTEE]  :  come into the TZ_VFS_OPEN function
03-21 21:10:47.283   579   579 I [mTEE]  :  come into the TZ_VFS_OPEN function
03-21 21:10:47.284   579   579 I [mTEE]  :  come into the TZ_VFS_OPEN function
03-21 21:10:47.284   579   579 I [mTEE]  :  come into the TZ_VFS_OPEN function
03-21 21:10:47.287   579   579 I [mTEE]  :  come into the TZ_VFS_OPEN function
03-21 21:10:47.288   579   579 I [mTEE]  :  come into the TZ_VFS_OPEN function
03-21 21:10:47.288   579   579 I [mTEE]  :  come into the TZ_VFS_OPEN function
03-21 21:10:47.289   579   579 I [mTEE]  :  come into the TZ_VFS_OPEN function
03-21 21:10:47.292   579   579 I [mTEE]  :  come into the TZ_VFS_OPEN function
03-21 21:10:47.292   579   579 I [mTEE]  :  come into the TZ_VFS_OPEN function
03-21 21:10:47.296   579   579 I [mTEE]  :  come into the TZ_VFS_OPEN function
03-21 21:10:47.296   877   877 I Light   : enable: handle:4, en:0 
03-21 21:10:47.298  1587  1973 W BiometricFrameworkStatsLogger: found a negative latency : -1
03-21 21:10:47.298   579   579 I [mTEE]  :  come into the TZ_VFS_OPEN function
03-21 21:10:47.299   579   579 I [mTEE]  :  come into the TZ_VFS_OPEN function
03-21 21:10:47.299   579   579 I [mTEE]  :  come into the TZ_VFS_OPEN function
03-21 21:10:47.302   579   579 I [mTEE]  :  come into the TZ_VFS_OPEN function
03-21 21:10:47.302   579   579 I [mTEE]  :  come into the TZ_VFS_OPEN function
03-21 21:10:47.304   579   579 I [mTEE]  :  come into the TZ_VFS_OPEN function
03-21 21:10:47.305   579   579 I [mTEE]  :  come into the TZ_VFS_OPEN function
03-21 21:10:47.305   579   579 I [mTEE]  :  come into the TZ_VFS_OPEN function
03-21 21:10:47.306   579   579 I [mTEE]  :  come into the TZ_VFS_OPEN function
03-21 21:10:47.310  3073  3073 W TooltipLifecycleManager: TooltipLifecycleManager.dismissTooltips():153 Tooltip with id SUGGESTION_VIEW_EDU_MINI_DIALOG not found in tooltipManager.
03-21 21:10:47.310   579   579 I [mTEE]  :  come into the TZ_VFS_OPEN function
03-21 21:10:47.311   579   579 I [mTEE]  :  come into the TZ_VFS_OPEN function
03-21 21:10:47.313  3073  3073 I GoogleInputMethodService: GoogleInputMethodService.onStartInput():1385 onStartInput(EditorInfo{EditorInfo{packageName=com.rnat, inputType=4081, inputTypeString=Password[CapSentences], enableLearning=false, autoCorrection=false, autoComplete=true, imeOptions=4000006, privateImeOptions=null, actionName=DONE, actionLabel=null, initialSelStart=10, initialSelEnd=10, initialCapsMode=0, label=null, fieldId=55, fieldName=null, extras=Bundle[mParcelledData.dataSize=404], hintText=non-empty, hintLocales=[]}}, false)
03-21 21:10:47.313  3073  3073 I AndroidIME: LatinIMEBase.updateInputViewCoverNavigation():314 Update input view padding, extendsTouchBelowSpace=true, bottom inset=126
03-21 21:10:47.313   579   579 I [mTEE]  :  come into the TZ_VFS_OPEN function
03-21 21:10:47.314   579   579 I [mTEE]  :  come into the TZ_VFS_OPEN function
03-21 21:10:47.314  3073  3073 I DeviceLockTags: DeviceLockTags.notifyDeviceLockStatusChanged():108 notifyDeviceLockStatusChanged(): deviceLocked=false, blockPersonalData=false
03-21 21:10:47.314  3073  3073 I Module  : DeviceLockedStatusModuleProvider$Module.updateDeviceLockedStatus():103 repeatCheckTimes = 1, locked = false
03-21 21:10:47.314   579   579 I [mTEE]  :  come into the TZ_VFS_OPEN function
03-21 21:10:47.315   579   579 I [mTEE]  :  come into the TZ_VFS_OPEN function
03-21 21:10:47.316  3073  3073 I AbstractOpenableExtension: AbstractOpenableExtension.createKeyboardGroupManagerListenableFuture():121 Create keyboard group manager listenable future in hwx
03-21 21:10:47.316  3073  3073 I AbstractOpenableExtension: AbstractOpenableExtension.createKeyboardGroupManagerListenableFuture():121 Create keyboard group manager listenable future in fhc
03-21 21:10:47.316  3073 31464 I KeyboardGroupDefParser: KeyboardGroupDefParser.parseKeyboardGroupDef():86 parseKeyboardGroupDef() 2132213998 -> 0_resource_name_obfuscated : WaitTime = 0 ms : RunTime = 1 ms
03-21 21:10:47.316  3073 31464 I KeyboardGroupDefParser: KeyboardGroupDefParser.parseKeyboardGroupDef():86 parseKeyboardGroupDef() 2132213997 -> 0_resource_name_obfuscated : WaitTime = 0 ms : RunTime = 0 ms
03-21 21:10:47.316  3073  3073 I EmojifyExtensionImpl: EmojifyExtensionImpl.onCreate():604 Creating Emojify extension fgg@36cc602.
03-21 21:10:47.317  3073  3073 I ClipboardDataHandler: ClipboardDataHandler.updateScreenshotsContentObserver():328 Disable the feature of handling screenshots in the clipboard.
03-21 21:10:47.317   579   579 I [mTEE]  :  come into the TZ_VFS_OPEN function
03-21 21:10:47.318  3073  3073 W NotificationCenter: NotificationCenter.unregisterListener():480 Listener emp@c59135a was not registered for notification class obt
03-21 21:10:47.318   579   579 I [mTEE]  :  come into the TZ_VFS_OPEN function
03-21 21:10:47.318  3073 32364 I KeyboardGroupDefParser: KeyboardGroupDefParser.parseKeyboardGroupDef():86 parseKeyboardGroupDef() 2132213990 -> 0_resource_name_obfuscated : WaitTime = 0 ms : RunTime = 1 ms
03-21 21:10:47.320  3073  3073 I HardKeyTracker: HardKeyTracker.unregisterKeySequence():229 Unregister key sequence oum{labelResId=2132020522, callback=fdl@616a452, lastModifier=65536, keyCodes=[76], actions=[0]}
03-21 21:10:47.321  3073  3073 I HardKeyTracker: HardKeyTracker.registerKeySequence():178 Register key sequence oum{labelResId=2132020522, callback=fdl@54858fe, lastModifier=65536, keyCodes=[76], actions=[0]}
03-21 21:10:47.321  3073  3073 I HardKeyTracker: HardKeyTracker.unregisterKeySequence():229 Unregister key sequence oum{labelResId=2132020518, callback=fdl@7212323, lastModifier=2, keyCodes=[50], actions=[0]}
03-21 21:10:47.321  3073  3073 I HardKeyTracker: HardKeyTracker.registerKeySequence():178 Register key sequence oum{labelResId=2132020518, callback=fdl@d5f785f, lastModifier=2, keyCodes=[50], actions=[0]}
03-21 21:10:47.321  3073  3073 W AccessPointsManager: AccessPointsManager.addAccessPoint():1092 The holder controller #0x7f0b2471 is not registered
03-21 21:10:47.321  3073  3073 I HardKeyTracker: HardKeyTracker.unregisterKeySequence():229 Unregister key sequence oum{labelResId=2132020521, callback=fdl@1e2d020, lastModifier=2, keyCodes=[37], actions=[0]}
03-21 21:10:47.321  3073  3073 I HardKeyTracker: HardKeyTracker.registerKeySequence():178 Register key sequence oum{labelResId=2132020521, callback=fdl@cd62ac, lastModifier=2, keyCodes=[37], actions=[0]}
03-21 21:10:47.321  3073  3073 I HardKeyTracker: HardKeyTracker.unregisterKeySequence():229 Unregister key sequence oum{labelResId=2132020521, callback=fdl@1bc8dd9, lastModifier=2, keyCodes=[37], actions=[0]}
03-21 21:10:47.322  3073  3073 I HardKeyTracker: HardKeyTracker.registerKeySequence():178 Register key sequence oum{labelResId=2132020521, callback=fdl@88b9b75, lastModifier=2, keyCodes=[37], actions=[0]}
03-21 21:10:47.322  3073  3073 I HardKeyTracker: HardKeyTracker.unregisterKeySequence():229 Unregister key sequence oum{labelResId=2132020518, callback=fdl@f56b39e, lastModifier=2, keyCodes=[50], actions=[0]}
03-21 21:10:47.322  3073  3073 I HardKeyTracker: HardKeyTracker.registerKeySequence():178 Register key sequence oum{labelResId=2132020518, callback=fdl@e4d070a, lastModifier=2, keyCodes=[50], actions=[0]}
03-21 21:10:47.322  1587  2667 W PackageConfigPersister: App-specific configuration not found for packageName: com.rnat and userId: 0
03-21 21:10:47.331  1587  2667 I AssistStructure: Flattened final assist data: 2396 bytes, containing 1 windows, 18 views
03-21 21:10:47.332  2458 32349 W aqxu    : Failed to retrieve prediction data. [CONTEXT service_id=177 ]
03-21 21:10:47.332  2458 32349 W aqxu    : java.util.concurrent.ExecutionException: galh: No data was found for the table autofill-domain-predictions-prod-spanner.
03-21 21:10:47.332  2458 32349 W aqxu    : 	at heuv.j(:com.google.android.gms@261035035@26.10.35 (260400-885717106):21)
03-21 21:10:47.332  2458 32349 W aqxu    : 	at heve.v(:com.google.android.gms@261035035@26.10.35 (260400-885717106):107)
03-21 21:10:47.332  2458 32349 W aqxu    : 	at heuv.get(:com.google.android.gms@261035035@26.10.35 (260400-885717106):6)
03-21 21:10:47.332  2458 32349 W aqxu    : 	at aqxu.e(:com.google.android.gms@261035035@26.10.35 (260400-885717106):81)
03-21 21:10:47.332  2458 32349 W aqxu    : 	at aqxu.a(:com.google.android.gms@261035035@26.10.35 (260400-885717106):124)
03-21 21:10:47.332  2458 32349 W aqxu    : 	at aquw.call(:com.google.android.gms@261035035@26.10.35 (260400-885717106):5)
03-21 21:10:47.332  2458 32349 W aqxu    : 	at java.util.concurrent.FutureTask.run(FutureTask.java:317)
03-21 21:10:47.332  2458 32349 W aqxu    : 	at bhxh.c(:com.google.android.gms@261035035@26.10.35 (260400-885717106):50)
03-21 21:10:47.332  2458 32349 W aqxu    : 	at bhxh.run(:com.google.android.gms@261035035@26.10.35 (260400-885717106):73)
03-21 21:10:47.332  2458 32349 W aqxu    : 	at java.util.concurrent.ThreadPoolExecutor.runWorker(ThreadPoolExecutor.java:1154)
03-21 21:10:47.332  2458 32349 W aqxu    : 	at java.util.concurrent.ThreadPoolExecutor$Worker.run(ThreadPoolExecutor.java:652)
03-21 21:10:47.332  2458 32349 W aqxu    : 	at bicy.run(:com.google.android.gms@261035035@26.10.35 (260400-885717106):8)
03-21 21:10:47.332  2458 32349 W aqxu    : 	at java.lang.Thread.run(Thread.java:1563)
03-21 21:10:47.332  2458 32349 W aqxu    : Caused by: galh: No data was found for the table autofill-domain-predictions-prod-spanner.
03-21 21:10:47.332  2458 32349 W aqxu    : 	at galy.a(:com.google.android.gms@261035035@26.10.35 (260400-885717106):217)
03-21 21:10:47.332  2458 32349 W aqxu    : 	at hevg.d(:com.google.android.gms@261035035@26.10.35 (260400-885717106):3)
03-21 21:10:47.332  2458 32349 W aqxu    : 	at hevi.run(:com.google.android.gms@261035035@26.10.35 (260400-885717106):38)
03-21 21:10:47.332  2458 32349 W aqxu    : 	at hewu.execute(:com.google.android.gms@261035035@26.10.35 (260400-885717106):1)
03-21 21:10:47.332  2458 32349 W aqxu    : 	at heuv.f(:com.google.android.gms@261035035@26.10.35 (260400-885717106):1)
03-21 21:10:47.332  2458 32349 W aqxu    : 	at heuv.m(:com.google.android.gms@261035035@26.10.35 (260400-885717106):99)
03-21 21:10:47.332  2458 32349 W aqxu    : 	at heuv.t(:com.google.android.gms@261035035@26.10.35 (260400-885717106):26)
03-21 21:10:47.332  2458 32349 W aqxu    : 	at hevg.e(:com.google.android.gms@261035035@26.10.35 (260400-885717106):3)
03-21 21:10:47.332  2458 32349 W aqxu    : 	at hevi.run(:com.google.android.gms@261035035@26.10.35 (260400-885717106):44)
03-21 21:10:47.332  2458 32349 W aqxu    : 	at hewu.execute(:com.google.android.gms@261035035@26.10.35 (260400-885717106):1)
03-21 21:10:47.332  2458 32349 W aqxu    : 	at heuv.f(:com.google.android.gms@261035035@26.10.35 (260400-885717106):1)
03-21 21:10:47.332  2458 32349 W aqxu    : 	at heuv.m(:com.google.android.gms@261035035@26.10.35 (260400-885717106):99)
03-21 21:10:47.332  2458 32349 W aqxu    : 	at heuv.q(:com.google.android.gms@261035035@26.10.35 (260400-885717106):13)
03-21 21:10:47.332  2458 32349 W aqxu    : 	at heun.run(:com.google.android.gms@261035035@26.10.35 (260400-885717106):120)
03-21 21:10:47.332  2458 32349 W aqxu    : 	at hewu.execute(:com.google.android.gms@261035035@26.10.35 (260400-885717106):1)
03-21 21:10:47.332  2458 32349 W aqxu    : 	at heuv.f(:com.google.android.gms@261035035@26.10.35 (260400-885717106):1)
03-21 21:10:47.332  2458 32349 W aqxu    : 	at heuv.m(:com.google.android.gms@261035035@26.10.35 (260400-885717106):99)
03-21 21:10:47.332  2458 32349 W aqxu    : 	at heuv.q(:com.google.android.gms@261035035@26.10.35 (260400-885717106):13)
03-21 21:10:47.332  2458 32349 W aqxu    : 	at hevh.e(:com.google.android.gms@261035035@26.10.35 (260400-885717106):1)
03-21 21:10:47.332  2458 32349 W aqxu    : 	at hevi.run(:com.google.android.gms@261035035@26.10.35 (260400-885717106):44)
03-21 21:10:47.332  2458 32349 W aqxu    : 	at hewu.execute(:com.google.android.gms@261035035@26.10.35 (260400-885717106):1)
03-21 21:10:47.332  2458 32349 W aqxu    : 	at heuv.f(:com.google.android.gms@261035035@26.10.35 (260400-885717106):1)
03-21 21:10:47.332  2458 32349 W aqxu    : 	at heuv.m(:com.google.android.gms@261035035@26.10.35 (260400-885717106):99)
03-21 21:10:47.332  2458 32349 W aqxu    : 	at heuv.q(:com.google.android.gms@261035035@26.10.35 (260400-885717106):13)
03-21 21:10:47.332  2458 32349 W aqxu    : 	at heun.run(:com.google.android.gms@261035035@26.10.35 (260400-885717106):120)
03-21 21:10:47.332  2458 32349 W aqxu    : 	at hewu.execute(:com.google.android.gms@261035035@26.10.35 (260400-885717106):1)
03-21 21:10:47.332  2458 32349 W aqxu    : 	at heuv.f(:com.google.android.gms@261035035@26.10.35 (260400-885717106):1)
03-21 21:10:47.332  2458 32349 W aqxu    : 	at heuv.m(:com.google.android.gms@261035035@26.10.35 (260400-885717106):99)
03-21 21:10:47.332  2458 32349 W aqxu    : 	at heuv.q(:com.google.android.gms@261035035@26.10.35 (260400-885717106):13)
03-21 21:10:47.332  2458 32349 W aqxu    : 	at hevh.e(:com.google.android.gms@261035035@26.10.35 (260400-885717106):1)
03-21 21:10:47.332  2458 32349 W aqxu    : 	at hevi.run(:com.google.android.gms@261035035@26.10.35 (260400-885717106):44)
03-21 21:10:47.332  2458 32349 W aqxu    : 	at hewu.execute(:com.google.android.gms@261035035@26.10.35 (260400-885717106):1)
03-21 21:10:47.332  2458 32349 W aqxu    : 	at heuv.f(:com.google.android.gms@261035035@26.10.35 (260400-885717106):1)
03-21 21:10:47.332  2458 32349 W aqxu    : 	at heuv.m(:com.google.android.gms@261035035@26.10.35 (260400-885717106):99)
03-21 21:10:47.332  2458 32349 W aqxu    : 	at heuv.t(:com.google.android.gms@261035035@26.10.35 (260400-885717106):26)
03-21 21:10:47.332  2458 32349 W aqxu    : 	at hexr.run(:com.google.android.gms@261035035@26.10.35 (260400-885717106):5)
03-21 21:10:47.332  2458 32349 W aqxu    : 	at hewu.execute(:com.google.android.gms@261035035@26.10.35 (260400-885717106):1)
03-21 21:10:47.332  2458 32349 W aqxu    : 	at heuv.f(:com.google.android.gms@261035035@26.10.35 (260400-885717106):1)
03-21 21:10:47.332  2458 32349 W aqxu    : 	at heuv.m(:com.google.android.gms@261035035@26.10.35 (260400-885717106):99)
03-21 21:10:47.332  2458 32349 W aqxu    : 	at heuv.t(:com.google.android.gms@261035035@26.10.35 (260400-885717106):26)
03-21 21:10:47.332  2458 32349 W aqxu    : 	at hevg.e(:com.google.android.gms@261035035@26.10.35 (260400-885717106):3)
03-21 21:10:47.332  2458 32349 W aqxu    : 	at hevi.run(:com.google.android.gms@261035035@26.10.35 (260400-885717106):44)
03-21 21:10:47.332  2458 32349 W aqxu    : 	at heyx.run(:com.google.android.gms@261035035@26.10.35 (260400-885717106):64)
03-21 21:10:47.332  2458 32349 W aqxu    : 	... 6 more
03-21 21:10:47.336   579   579 I [mTEE]  :  come into the TZ_VFS_OPEN function
03-21 21:10:47.336   877   924 E Situation: processEvent, handle:26, flush_action:0
03-21 21:10:47.336   579   579 I [mTEE]  :  come into the TZ_VFS_OPEN function
03-21 21:10:47.337   625  2778 W libperfmgr: Failed to write to node: /dev/stune/top-app/schedtune.boost with value: 50, fd: -1
03-21 21:10:47.337   625  2778 W libperfmgr: Failed to write to node: /proc/sys/kernel/sched_boost with value: 2, fd: -1
03-21 21:10:47.337   579   579 I [mTEE]  :  come into the TZ_VFS_OPEN function
03-21 21:10:47.337   579   579 I [mTEE]  :  come into the TZ_VFS_OPEN function
03-21 21:10:47.340   579   579 I [mTEE]  :  come into the TZ_VFS_OPEN function
03-21 21:10:47.341   579   579 I [mTEE]  :  come into the TZ_VFS_OPEN function
03-21 21:10:47.342  2437  2437 I RotationButtonController: onRotationProposal(rotation=1)
03-21 21:10:47.347  2458 32352 I PasswordSaveInfoFactory: Form has a username and is not a password only form. [CONTEXT service_id=177 ]
03-21 21:10:47.347  2458 32352 I PasswordSaveInfoFactory: Form is not a password only form. [CONTEXT service_id=177 ]
03-21 21:10:47.347  2458 32352 I UsernameSaveInfoFactory: Form has a password and is not a username only form. [CONTEXT service_id=177 ]
03-21 21:10:47.352  1587  1680 W libprocessgroup: SetCgroup::ExecuteForProcess: failed to open /dev/stune/background/cgroup.procs: No such file or directory
03-21 21:10:47.360  1151  1333 E [GF_HAL][gf_hal_milan]: [hal_milan_invoke_command] err=GF_SUCCESS, errno=0. reset g_hal_over_current_count to 0!
03-21 21:10:47.360  1151  1333 I [GF_HAL][gf_hal_milan]: [irq_pre_process] irq_type=INVALID_IRQ_TYPE, irq_type=0x0000
03-21 21:10:47.360  1151  1333 I [GF_HAL][gf_hal_milan]: [irq_process] invalid irq type 0
03-21 21:10:47.364  1151  1333 E [GF_HAL][gf_hal_milan]: [hal_milan_invoke_command] err=GF_SUCCESS, errno=0. reset g_hal_over_current_count to 0!
03-21 21:10:47.364  1151  1333 I [GF_HAL][gf_hal_milan]: [irq_pre_process] irq_type=INVALID_IRQ_TYPE, irq_type=0x0000
03-21 21:10:47.364  1151  1333 I [GF_HAL][gf_hal_milan]: [irq_process] invalid irq type 0
03-21 21:10:47.366   844   465 I resolv  : GetAddrInfoHandler::run: {102 786534 102 983142 10300 0}
03-21 21:10:47.368 31515 32049 I SyncManager: (REDACTED) Executing sync(type=%s%s)
03-21 21:10:47.369   844   466 I resolv  : res_nmkquery: (QUERY, IN, A)
03-21 21:10:47.369   844   466 I resolv  : resolv_cache_lookup: FOUND IN CACHE entry=0xb400007169e66ed0
03-21 21:10:47.369   844   466 I resolv  : doQuery: rcode=0, ancount=4, return value=106
03-21 21:10:47.373   914   988 E surfaceflinger: == MALI DEBUG ===eglp_winsys_populate_image_templates ==12288
03-21 21:10:47.376   914   988 E surfaceflinger: == MALI DEBUG ===eglp_winsys_populate_image_templates ==12288
03-21 21:10:47.377 31515 32049 I SyncManager: (REDACTED) Executing sync(type=%s) finished in %s
03-21 21:10:47.380 31515 32049 I SyncManager: (REDACTED) Executing sync(type=%s%s)
03-21 21:10:47.384 31515 32049 I SyncManager: (REDACTED) Executing sync(type=%s) finished in %s
03-21 21:10:47.385 31515 32049 I SyncManager: (REDACTED) Executing sync(type=%s%s)
03-21 21:10:47.387 31515 32049 I SyncManager: (REDACTED) Executing sync(type=%s) finished in %s
03-21 21:10:47.388 31515 32049 I SyncManager: (REDACTED) Executing sync(type=%s%s)
03-21 21:10:47.390 31515 32049 I SyncManager: (REDACTED) Executing sync(type=%s) finished in %s
03-21 21:10:47.391   914   988 E surfaceflinger: == MALI DEBUG ===eglp_winsys_populate_image_templates ==12288
03-21 21:10:47.393   625  2778 W libperfmgr: Failed to write to node: /dev/stune/top-app/schedtune.boost with value: 50, fd: -1
03-21 21:10:47.393   625  2778 W libperfmgr: Failed to write to node: /proc/sys/kernel/sched_boost with value: 2, fd: -1
03-21 21:10:47.396 31515 32049 I SyncManager: (REDACTED) Executing sync(type=%s%s)
03-21 21:10:47.399 31515 32049 I SyncManager: (REDACTED) Executing sync(type=%s) finished in %s
03-21 21:10:47.401 31515 32049 I SyncManager: (REDACTED) Executing sync(type=%s%s)
03-21 21:10:47.402   914   988 E surfaceflinger: == MALI DEBUG ===eglp_winsys_populate_image_templates ==12288
03-21 21:10:47.404 31515 32049 I SyncManager: (REDACTED) Executing sync(type=%s) finished in %s
03-21 21:10:47.404   625  2778 W libperfmgr: Failed to write to node: /dev/stune/top-app/schedtune.boost with value: 50, fd: -1
03-21 21:10:47.404   625  2778 W libperfmgr: Failed to write to node: /proc/sys/kernel/sched_boost with value: 2, fd: -1
03-21 21:10:47.436  1587  1587 W InlineSuggestionFactory: AutofillId=1073741825@971235154 not found in dataset
03-21 21:10:47.436  1587  1587 W InlineSuggestionFactory: AutofillId=1073741825@971235154 not found in dataset
03-21 21:10:47.436  1587  1587 W InlineSuggestionFactory: AutofillId=1073741825@971235154 not found in dataset
03-21 21:10:47.461  2034  2034 I KeyguardTransitionRepository: FINISHED transition: TransitionStep(from=LOCKSCREEN, to=GONE, value=1.0, transitionState=FINISHED, ownerName=FromLockscreenTransitionInteractor(keyguard interactor says keyguard is going away))
03-21 21:10:47.482   852  1052 I hwcomposer: [XMFP]: Receive panel off event!
03-21 21:10:47.482   852  1052 I hwcomposer: [HWCDisplay] [XMFP]: Display(0) SetPowerMode(0) fp_parallel:1  
03-21 21:10:47.482   852  1052 I hwcomposer: [HWCDisplay] [XMFP]: Display(0) skip fp_parallel SetPowerMode(0)  
03-21 21:10:47.506   625  2778 W libperfmgr: Failed to write to node: /dev/stune/top-app/schedtune.boost with value: 10, fd: -1
03-21 21:10:47.506   625  2778 W libperfmgr: Failed to write to node: /proc/sys/kernel/sched_boost with value: 0, fd: -1
03-21 21:10:47.517  1587  1652 I UsbPortManager: USB HAL AIDL version: USB_HAL_V2_0
03-21 21:10:47.557  2458 32689 W Conscrypt: Could not set socket write timeout: java.net.SocketException: Socket closed
03-21 21:10:47.558  2458 32689 W Conscrypt: 	at com.google.android.gms.org.conscrypt.Platform.setSocketWriteTimeout(:com.google.android.gms@261035035@26.10.35 (260400-885717106):204)
03-21 21:10:47.558  2458 32689 W Conscrypt: 	at com.google.android.gms.org.conscrypt.ConscryptFileDescriptorSocket.setSoWriteTimeout(:com.google.android.gms@261035035@26.10.35 (260400-885717106):4)
03-21 21:10:47.561  2458   467 I AlarmManager: setExactAndAllowWhileIdle [name: GCM_HB_ALARM type: 2 triggerAtMillis: 15922506]
03-21 21:10:47.563  2458   467 I AlarmManager: setExactAndAllowWhileIdle [name: GCM_HB_ALARM type: 2 triggerAtMillis: 15922509]
03-21 21:10:47.666  2458 32689 W Conscrypt: Could not set socket write timeout: java.net.SocketException: Socket closed
03-21 21:10:47.666  2458 32689 W Conscrypt: 	at com.google.android.gms.org.conscrypt.Platform.setSocketWriteTimeout(:com.google.android.gms@261035035@26.10.35 (260400-885717106):204)
03-21 21:10:47.666  2458 32689 W Conscrypt: 	at com.google.android.gms.org.conscrypt.ConscryptFileDescriptorSocket.setSoWriteTimeout(:com.google.android.gms@261035035@26.10.35 (260400-885717106):4)
03-21 21:10:47.681  2458 32350 I NearbySharing: Network state changed: NetworkState(isRestricted=false, isOnline=true, isCongested=false, isMetered=false, isWifiConnected=true)
03-21 21:10:47.765  2458 32350 I NearbySharing: Screen is unlocked
03-21 21:10:47.765  2458 32350 I NearbySharing: Uwb feature is off.
03-21 21:10:47.765  2458 32350 I NearbySharing: Uwb feature is off.
03-21 21:10:47.765  2458 32350 I NearbySharing: Stopping scanning because Bluetooth is disabled.
03-21 21:10:47.766  2458 32350 I NearbySharing: Stopping Fast Init advertisement because Bluetooth is off.
03-21 21:10:47.766  2458 32350 I NearbySharing: Stopping advertising because Bluetooth is disabled.
03-21 21:10:47.768  2458 32350 I NearbySharing: Fast Initiation Scanning has stopped
03-21 21:10:47.768  2458 32350 I NearbySharing: Stopping FastInitiation scanning because Bluetooth is disabled.
03-21 21:10:47.769  2458 32350 I NearbySharing: Dismissing HUN as there's no device nearby.
03-21 21:10:47.788  2458   445 I NearbyMediums: ModuleInitializer handles incoming intent android.intent.action.USER_PRESENT
03-21 21:10:47.792 31515   475 I PersonalSafety: ConnectivityProtectionLockingIntentOperation: cancelled task [CONTEXT service_id=310 ]
03-21 21:10:47.795  2458  2458 I RCNIntentOperation: RCN is disabled on this network.
03-21 21:10:47.806  2458   468 I PersonalSafety: (REDACTED) New count is %d compared to %d
03-21 21:10:47.807  2458   468 I PersonalSafety: (REDACTED) Updating physical SIM count from %d to %d (%d ms after callback)
03-21 21:10:47.827   914   988 E surfaceflinger: == MALI DEBUG ===eglp_winsys_populate_image_templates ==12288
03-21 21:10:47.935  1151  1333 E [GF_HAL][gf_hal_milan]: [hal_milan_invoke_command] err=GF_SUCCESS, errno=0. reset g_hal_over_current_count to 0!
03-21 21:10:47.935  1151  1333 I [GF_HAL][gf_hal_milan]: [irq_pre_process] irq_type=[GF_IRQ_FDT_REVERSE_MASK], irq_type=0x4000
03-21 21:10:47.935  1151  1333 I [GF_HAL][gf_hal_milan]: [irq_pre_process] received FDT irq, so reset dump_base_frame_flag
03-21 21:10:47.992  1151  1333 E [GF_HAL][gf_hal_milan]: [hal_milan_invoke_command] err=GF_SUCCESS, errno=0. reset g_hal_over_current_count to 0!
03-21 21:10:47.992  1151  1333 I [GF_HAL][gf_hal_milan]: [irq_pre_process] irq_type=[GF_IRQ_FDT_REVERSE_MASK], irq_type=0x4000
03-21 21:10:47.992  1151  1333 I [GF_HAL][gf_hal_milan]: [irq_pre_process] received FDT irq, so reset dump_base_frame_flag
03-21 21:10:48.007   625  2778 W libperfmgr: Failed to write to node: /dev/stune/top-app/schedtune.boost with value: 10, fd: -1
03-21 21:10:48.007   625  2778 W libperfmgr: Failed to write to node: /proc/sys/kernel/sched_boost with value: 0, fd: -1
03-21 21:10:48.138   852   992 I hwcomposer: [HWCDisplay] [Display_0 (type:1)] fps:86.388344,dur:1007.08,max:27.76,min:10.13  
03-21 21:10:48.269  1151  1333 E [GF_HAL][gf_hal_milan]: [hal_milan_invoke_command] err=GF_SUCCESS, errno=0. reset g_hal_over_current_count to 0!
03-21 21:10:48.269  1151  1333 I [GF_HAL][gf_hal_milan]: [irq_pre_process] irq_type=[GF_IRQ_FDT_REVERSE_MASK], irq_type=0x4000
03-21 21:10:48.269  1151  1333 I [GF_HAL][gf_hal_milan]: [irq_pre_process] received FDT irq, so reset dump_base_frame_flag
03-21 21:10:48.335   914   988 E surfaceflinger: == MALI DEBUG ===eglp_winsys_populate_image_templates ==12288
03-21 21:10:48.350   579   579 I [mTEE]  :  come into the TZ_VFS_OPEN function
03-21 21:10:48.351   579   579 I [mTEE]  :  come into the TZ_VFS_OPEN function
03-21 21:10:48.352   579   579 I [mTEE]  :  come into the TZ_VFS_OPEN function
03-21 21:10:48.353   579   579 I [mTEE]  :  come into the TZ_VFS_OPEN function
03-21 21:10:48.357   579   579 I [mTEE]  :  come into the TZ_VFS_OPEN function
03-21 21:10:48.358   579   579 I [mTEE]  :  come into the TZ_VFS_OPEN function
03-21 21:10:48.367   579   579 I [mTEE]  :  come into the TZ_VFS_OPEN function
03-21 21:10:48.368   579   579 I [mTEE]  :  come into the TZ_VFS_OPEN function
03-21 21:10:48.369   579   579 I [mTEE]  :  come into the TZ_VFS_OPEN function
03-21 21:10:48.370   579   579 I [mTEE]  :  come into the TZ_VFS_OPEN function
03-21 21:10:48.374   579   579 I [mTEE]  :  come into the TZ_VFS_OPEN function
03-21 21:10:48.376   579   579 I [mTEE]  :  come into the TZ_VFS_OPEN function
03-21 21:10:48.396  1151  1333 E [GF_HAL][gf_hal_milan]: [hal_milan_invoke_command] err=GF_SUCCESS, errno=0. reset g_hal_over_current_count to 0!
03-21 21:10:48.396  1151  1333 I [GF_HAL][gf_hal_milan]: [irq_pre_process] irq_type=[GF_IRQ_FDT_REVERSE_MASK], irq_type=0x4000
03-21 21:10:48.396  1151  1333 I [GF_HAL][gf_hal_milan]: [irq_pre_process] received FDT irq, so reset dump_base_frame_flag
03-21 21:10:48.401  1151  1333 E [GF_HAL][gf_hal_milan]: [hal_milan_invoke_command] err=GF_SUCCESS, errno=0. reset g_hal_over_current_count to 0!
03-21 21:10:48.401  1151  1333 I [GF_HAL][gf_hal_milan]: [irq_pre_process] irq_type=INVALID_IRQ_TYPE, irq_type=0x0000
03-21 21:10:48.401  1151  1333 I [GF_HAL][gf_hal_milan]: [irq_process] invalid irq type 0
03-21 21:10:48.477   579   579 I [mTEE]  :  come into the TZ_VFS_OPEN function
03-21 21:10:48.478   579   579 I [mTEE]  :  come into the TZ_VFS_OPEN function
03-21 21:10:48.479   579   579 I [mTEE]  :  come into the TZ_VFS_OPEN function
03-21 21:10:48.480   579   579 I [mTEE]  :  come into the TZ_VFS_OPEN function
03-21 21:10:48.484   579   579 I [mTEE]  :  come into the TZ_VFS_OPEN function
03-21 21:10:48.485   579   579 I [mTEE]  :  come into the TZ_VFS_OPEN function
03-21 21:10:48.494   579   579 I [mTEE]  :  come into the TZ_VFS_OPEN function
03-21 21:10:48.495   579   579 I [mTEE]  :  come into the TZ_VFS_OPEN function
03-21 21:10:48.497   579   579 I [mTEE]  :  come into the TZ_VFS_OPEN function
03-21 21:10:48.498   579   579 I [mTEE]  :  come into the TZ_VFS_OPEN function
03-21 21:10:48.503   579   579 I [mTEE]  :  come into the TZ_VFS_OPEN function
03-21 21:10:48.504   579   579 I [mTEE]  :  come into the TZ_VFS_OPEN function
03-21 21:10:48.507   625  2778 W libperfmgr: Failed to write to node: /dev/stune/top-app/schedtune.boost with value: 10, fd: -1
03-21 21:10:48.507   625  2778 W libperfmgr: Failed to write to node: /proc/sys/kernel/sched_boost with value: 0, fd: -1
03-21 21:10:48.525  1151  1333 E [GF_HAL][gf_hal_milan]: [hal_milan_invoke_command] err=GF_SUCCESS, errno=0. reset g_hal_over_current_count to 0!
03-21 21:10:48.525  1151  1333 I [GF_HAL][gf_hal_milan]: [irq_pre_process] irq_type=[GF_IRQ_FDT_REVERSE_MASK], irq_type=0x4000
03-21 21:10:48.525  1151  1333 I [GF_HAL][gf_hal_milan]: [irq_pre_process] received FDT irq, so reset dump_base_frame_flag
03-21 21:10:48.528  1151  1333 E [GF_HAL][gf_hal_milan]: [hal_milan_invoke_command] err=GF_SUCCESS, errno=0. reset g_hal_over_current_count to 0!
03-21 21:10:48.528  1151  1333 I [GF_HAL][gf_hal_milan]: [irq_pre_process] irq_type=INVALID_IRQ_TYPE, irq_type=0x0000
03-21 21:10:48.528  1151  1333 I [GF_HAL][gf_hal_milan]: [irq_process] invalid irq type 0
03-21 21:10:48.556   914   988 E surfaceflinger: == MALI DEBUG ===eglp_winsys_populate_image_templates ==12288
03-21 21:10:48.842   877   924 E Situation: processEvent, handle:26, flush_action:0
03-21 21:10:49.008   625  2778 W libperfmgr: Failed to write to node: /dev/stune/top-app/schedtune.boost with value: 10, fd: -1
03-21 21:10:49.008   625  2778 W libperfmgr: Failed to write to node: /proc/sys/kernel/sched_boost with value: 0, fd: -1
03-21 21:10:49.092   625  2778 W libperfmgr: Failed to write to node: /dev/stune/top-app/schedtune.boost with value: 50, fd: -1
03-21 21:10:49.092   625  2778 W libperfmgr: Failed to write to node: /proc/sys/kernel/sched_boost with value: 2, fd: -1
03-21 21:10:49.148   852   992 I hwcomposer: [HWCDisplay] [Display_0 (type:1)] fps:90.037704,dur:1010.69,max:11.30,min:10.91  
03-21 21:10:49.243   625  2778 W libperfmgr: Failed to write to node: /dev/stune/top-app/schedtune.boost with value: 10, fd: -1
03-21 21:10:49.243   625  2778 W libperfmgr: Failed to write to node: /proc/sys/kernel/sched_boost with value: 0, fd: -1
03-21 21:10:49.743   625  2778 W libperfmgr: Failed to write to node: /dev/stune/top-app/schedtune.boost with value: 10, fd: -1
03-21 21:10:49.743   625  2778 W libperfmgr: Failed to write to node: /proc/sys/kernel/sched_boost with value: 0, fd: -1
03-21 21:10:49.924 31712 31799 E ReactNativeJS: 'API Error Response:', { error: 'authorization header required' }
03-21 21:10:49.940 31712 31799 E ReactNativeJS: 'Login error:', [AxiosError: Request failed with status code 401]
03-21 21:10:49.952 31712 31712 W WindowOnBackDispatcher: OnBackInvokedCallback is not enabled for the application.
03-21 21:10:49.952 31712 31712 W WindowOnBackDispatcher: Set 'android:enableOnBackInvokedCallback="true"' in the application manifest.
03-21 21:10:49.953   844   488 I resolv  : GetAddrInfoHandler::run: {102 102 102 983142 10399 0}
03-21 21:10:49.954   844   493 I resolv  : res_nmkquery: (QUERY, IN, A)
03-21 21:10:49.961   844   493 I resolv  : res_nsend: used send_dg 43 terrno: 0
03-21 21:10:49.961   844   493 I resolv  : doQuery: rcode=0, ancount=1, return value=43
03-21 21:10:50.021   914   988 E surfaceflinger: == MALI DEBUG ===eglp_winsys_populate_image_templates ==12288
03-21 21:10:50.033   625  2778 W libperfmgr: Failed to write to node: /dev/stune/top-app/schedtune.boost with value: 50, fd: -1
03-21 21:10:50.033   625  2778 W libperfmgr: Failed to write to node: /proc/sys/kernel/sched_boost with value: 2, fd: -1
03-21 21:10:50.035   914   988 E surfaceflinger: == MALI DEBUG ===eglp_winsys_populate_image_templates ==12288
03-21 21:10:50.042   914   988 E surfaceflinger: == MALI DEBUG ===eglp_winsys_populate_image_templates ==12288
03-21 21:10:50.053   914   988 E surfaceflinger: == MALI DEBUG ===eglp_winsys_populate_image_templates ==12288
03-21 21:10:50.159   852   992 I hwcomposer: [HWCDisplay] [Display_0 (type:1)] fps:90.031479,dur:1010.76,max:11.28,min:10.97  
03-21 21:10:50.175   881  2016 I WifiHAL : feature_set=0x8488141a
03-21 21:10:50.175  1587  1927 I HalDevMgr: bestIfaceCreationProposal is null, requestIface=STA, existingIface=[name=wlan0 type=STA]
03-21 21:10:50.194   625  2778 W libperfmgr: Failed to write to node: /dev/stune/top-app/schedtune.boost with value: 10, fd: -1
03-21 21:10:50.194   625  2778 W libperfmgr: Failed to write to node: /proc/sys/kernel/sched_boost with value: 0, fd: -1
03-21 21:10:50.222   852  1054 I hwcomposer: [HWC] (0)fire a callback of refresh to SF[4]  
03-21 21:10:50.236   625  2778 W libperfmgr: Failed to write to node: /dev/stune/top-app/schedtune.boost with value: 10, fd: -1
03-21 21:10:50.236   625  2778 W libperfmgr: Failed to write to node: /proc/sys/kernel/sched_boost with value: 0, fd: -1
03-21 21:10:50.303   625  2778 W libperfmgr: Failed to write to node: /dev/stune/top-app/schedtune.boost with value: 10, fd: -1
03-21 21:10:50.303   625  2778 W libperfmgr: Failed to write to node: /proc/sys/kernel/sched_boost with value: 0, fd: -1
03-21 21:10:50.653 31712 31752 E com.rnat: mali-debug: still pending callback,wait...
03-21 21:10:50.663 31712 31712 W WindowOnBackDispatcher: OnBackInvokedCallback is not enabled for the application.
03-21 21:10:50.663 31712 31712 W WindowOnBackDispatcher: Set 'android:enableOnBackInvokedCallback="true"' in the application manifest.
03-21 21:10:50.666   625  2778 W libperfmgr: Failed to write to node: /dev/stune/top-app/schedtune.boost with value: 50, fd: -1
03-21 21:10:50.666   625  2778 W libperfmgr: Failed to write to node: /proc/sys/kernel/sched_boost with value: 2, fd: -1
03-21 21:10:50.706  2034  2110 I QuickAccessWalletTile: QAW service is unavailable, recreating the wallet client.
03-21 21:10:50.827   625  2778 W libperfmgr: Failed to write to node: /dev/stune/top-app/schedtune.boost with value: 10, fd: -1
03-21 21:10:50.827   625  2778 W libperfmgr: Failed to write to node: /proc/sys/kernel/sched_boost with value: 0, fd: -1
03-21 21:10:50.842   852  1054 I hwcomposer: [HWC] (0)fire a callback of refresh to SF[4]  
03-21 21:10:50.846   625  2778 W libperfmgr: Failed to write to node: /dev/stune/top-app/schedtune.boost with value: 10, fd: -1
03-21 21:10:50.846   625  2778 W libperfmgr: Failed to write to node: /proc/sys/kernel/sched_boost with value: 0, fd: -1
03-21 21:10:50.923   625  2778 W libperfmgr: Failed to write to node: /dev/stune/top-app/schedtune.boost with value: 10, fd: -1
03-21 21:10:50.923   625  2778 W libperfmgr: Failed to write to node: /proc/sys/kernel/sched_boost with value: 0, fd: -1
03-21 21:10:51.065 31712 31712 I ImeTracker: com.rnat:126432d0: onRequestShow at ORIGIN_CLIENT reason SHOW_SOFT_INPUT fromUser false
03-21 21:10:51.067  1587  8923 I AppsFilter: interaction: PackageSetting{cc7495 com.rnat/10399} -> PackageSetting{70acfd3 com.google.android.inputmethod.latin/10312} BLOCKED
03-21 21:10:51.067  1587  8923 W PresentationStatsEventLogger: Couldn't find packageName: com.google.android.inputmethod.latin
03-21 21:10:51.071  3073  3073 I GoogleInputMethodService: GoogleInputMethodService.onFinishInput():2114 
03-21 21:10:51.072  3073  3073 I Module  : DeviceLockedStatusModuleProvider$Module.updateDeviceLockedStatus():103 repeatCheckTimes = 0, locked = false
03-21 21:10:51.073  3073  3073 I GoogleInputMethodService: GoogleInputMethodService.onStartInput():1385 onStartInput(EditorInfo{EditorInfo{packageName=com.rnat, inputType=21, inputTypeString=EmailAddress[], enableLearning=true, autoCorrection=false, autoComplete=true, imeOptions=8000006, privateImeOptions=null, actionName=DONE, actionLabel=null, initialSelStart=16, initialSelEnd=16, initialCapsMode=0, label=null, fieldId=45, fieldName=null, extras=Bundle[mParcelledData.dataSize=404], hintText=non-empty, hintLocales=[]}}, false)
03-21 21:10:51.073  3073  3073 I AndroidIME: LatinIMEBase.updateInputViewCoverNavigation():314 Update input view padding, extendsTouchBelowSpace=true, bottom inset=126
03-21 21:10:51.074  3073  3073 I HardKeyTracker: HardKeyTracker.registerKeySequence():178 Register key sequence oum{labelResId=0, callback=ctk@aad3b7b, lastModifier=0, keyCodes=[57, 57], actions=[1, 0]}
03-21 21:10:51.074  3073  3073 I HardKeyTracker: HardKeyTracker.registerKeySequence():178 Register key sequence oum{labelResId=0, callback=ctk@3fd98, lastModifier=0, keyCodes=[58, 58], actions=[1, 0]}
03-21 21:10:51.075  3073  3073 I Module  : DeviceLockedStatusModuleProvider$Module.updateDeviceLockedStatus():103 repeatCheckTimes = 1, locked = false
03-21 21:10:51.077  3073  3073 I StylusModule: StylusModule.onUpdateToolType():774 Update tool type = 1
03-21 21:10:51.077  1587  8923 W PackageConfigPersister: App-specific configuration not found for packageName: com.rnat and userId: 0
03-21 21:10:51.079   844   878 I netd    : tetherGetStats() -> {[]} <0.99ms>
03-21 21:10:51.080  3073  3073 I GoogleInputMethodService: GoogleInputMethodService.onStartInputView():1473 onStartInputView(EditorInfo{EditorInfo{packageName=com.rnat, inputType=21, inputTypeString=EmailAddress[], enableLearning=true, autoCorrection=false, autoComplete=true, imeOptions=8000006, privateImeOptions=null, actionName=DONE, actionLabel=null, initialSelStart=16, initialSelEnd=16, initialCapsMode=0, label=null, fieldId=45, fieldName=null, extras=Bundle[{android.support.text.emoji.emojiCompat_metadataVersion=11, androidx.core.view.inputmethod.EditorInfoCompat.STYLUS_HANDWRITING_ENABLED=true, android.support.text.emoji.emojiCompat_replaceAll=false}], hintText=non-empty, hintLocales=[]}}, false)
03-21 21:10:51.080  3073  3073 I KeyboardHeightUtil: KeyboardHeightUtil.getOemKeyboardHeightRatio():81 systemKeyboardHeightRatio:1.000000.
03-21 21:10:51.081  3073  3073 W TooltipLifecycleManager: TooltipLifecycleManager.dismissTooltips():153 Tooltip with id SUGGESTION_VIEW_EDU_MINI_DIALOG not found in tooltipManager.
03-21 21:10:51.081  3073  3073 I AndroidIME: InputBundleManager.loadActiveInputBundleId():531 loadActiveInputBundleId: en-US, ime_english_united_states
03-21 21:10:51.081  3073  3073 I AndroidIME: AbstractIme.onActivate():95 LatinIme.onActivate() : EditorInfo = EditorInfo{packageName=com.rnat, inputType=21, inputTypeString=EmailAddress[], enableLearning=true, autoCorrection=false, autoComplete=true, imeOptions=8000006, privateImeOptions=null, actionName=DONE, actionLabel=null, initialSelStart=16, initialSelEnd=16, initialCapsMode=0, label=null, fieldId=45, fieldName=null, extras=Bundle[{android.support.text.emoji.emojiCompat_metadataVersion=11, androidx.core.view.inputmethod.EditorInfoCompat.STYLUS_HANDWRITING_ENABLED=true, android.support.text.emoji.emojiCompat_replaceAll=false}], hintText=non-empty, hintLocales=[]}, IncognitoMode = false, DeviceLocked = false
03-21 21:10:51.081  3073  3456 W ModuleManager: ModuleManager.loadModule():634 Module prd is not available
03-21 21:10:51.082  3073  3073 I InputBundle: InputBundle.consumeEvent():1041 Skip consuming an event as keyboard status is INACTIVE
03-21 21:10:51.082  3073  3073 I Delight5Facilitator: Delight5Facilitator.initializeForIme():745 initializeForIme() : Locale = [en_US], layout = qwerty
03-21 21:10:51.083  3073  3073 I LatinIme: LatinIme.updateEnableInlineSuggestionsOnDecoderSideFlags():1271 inline flag updated to:false
03-21 21:10:51.084  3073  3073 I LatinIme: LatinIme.updateEnableInlineSuggestionsOnDecoderSideFlags():1271 inline flag updated to:false
03-21 21:10:51.087  3073  3073 I InputBundle: InputBundle.consumeEvent():1041 Skip consuming an event as keyboard status is INACTIVE
03-21 21:10:51.087  3073  3073 I LatinIme: LatinIme.resetInputContext():2278 resetInputContext(): reason=1, externalEditsInfo=ExternalEditsInfo{action=0, offset=-1, text=null, originalText=null, edits=null}
03-21 21:10:51.088  3073  3073 I InputBundle: InputBundle.consumeEvent():1041 Skip consuming an event as keyboard status is INACTIVE
03-21 21:10:51.089  3073  3073 I KeyboardWrapper: KeyboardWrapper.activateKeyboard():582 activateKeyboard(): type=prime, status=INACTIVE, imeDef=nwb{stringId=ime_english_united_states, language=en-US, languageTag=en-US, processedConditions={writing_helper_enable_by_word_revert=false, true=true, enable_number_row=false, device=phone, enable_pk_simulator=false}, className=com.google.android.apps.inputmethod.libs.latin5.LatinIme, label=0, keyEventInterpreter=null, inlineComposing=true, autoCapital=true, announceAutoSelectedCandidate=true, statusIcon=0, indicatorIcon=0, indicatorLabel=US, displayAppCompletions=true, extraValues=nvu{#0x7f0b02e3=TypedValue{t=0x3/d=0x0 "com.google.android.apps.inputmethod.libs.latin5.LatinIme"}}, processors=nxu@f41e8d2, unacceptableMetaKeys=4098, languageSpecificSettings=0, asciiCapable=true, alwaysShowSuggestions=false, useAsciiPasswordKeyboard=false, keyboardGroupDef=nxd@a1cfdb3, phenotypeFlagId=0, localizationLanguageTag=null, supportsInlineSuggestion=true}
03-21 21:10:51.089  3073  3073 I KeyboardManager: KeyboardManager.requestKeyboard():249 Creating keyboard prime, imeId=ime_english_united_states, cacheKey=theme,!gsf,!pgsans,!pgsf,!use_system_font,BORDER,FLAVOR_DPI=XXHDPI,KEYBOARD_WIDTH_CATEGORY=NORMAL,KEY_BORDER_SHAPE=1,LIGHT_THEME=false,PHYSICAL_DIAGONAL=6.0649586,POPUP,SCREEN_SHORTEST_WIDTH=411,SCREEN_SHORTEST_WIDTH_NO_SCALE=411,SW400DP,XXHDPI,bottom4dp,enable_popup_on_keypress=true,keyboard_redesign_google_sans=true,non_linear_scale,noshadow,overlay_builtin_dynamic_color_dark_base.binarypb:gm3-dark-ff0d0e12-ffb8c6ee-4dd27a30afe06facd02255cbda95da6f,silkpopup
03-21 21:10:51.090  3073  3073 I KeyboardWrapper: KeyboardWrapper.onKeyboardReady():224 onKeyboardReady(): type=prime(prime), kb=com.google.android.apps.inputmethod.latin.keyboard.LatinPrimeKeyboard@b86036f
03-21 21:10:51.090  3073  3073 I KeyboardWrapper: KeyboardWrapper.doActivateKeyboard():612 doActivateKeyboard(): prime
03-21 21:10:51.100  3073  3073 I BaseKeyboardSizeHelper: BaseKeyboardSizeHelper.calculateMaxKeyboardBodyHeight():73 leave 281 height for app when ime window height:2181, header height:116 and isFullscreenMode:false, so the max keyboard body height is:1784
03-21 21:10:51.100  3073  3073 W TooltipLifecycleManager: TooltipLifecycleManager.dismissTooltips():153 Tooltip with id undo_access_point_promotion_banner not found in tooltipManager.
03-21 21:10:51.102  3073  3073 I KeyboardModeUtils: KeyboardModeUtils.getKeyboardBottomOffset():435 inch: 0.000000 ydpi: 409.127014 adjustKeyboardBottomByDisplaySize: false currentDensityDpi: 420 defaultDensityDpi: 420 keyboardBottomToScreenPx: 0 keyboardBottomToNavBarPx: -126 navBarHeight: 126
03-21 21:10:51.102  3073  3073 I BaseKeyboardSizeHelper: BaseKeyboardSizeHelper.calculateMaxKeyboardBodyHeight():73 leave 281 height for app when ime window height:2181, header height:116 and isFullscreenMode:false, so the max keyboard body height is:1784
03-21 21:10:51.102  3073  3073 I BaseKeyboardSizeHelper: BaseKeyboardSizeHelper.calculateMaxKeyboardBodyHeight():73 leave 281 height for app when ime window height:2181, header height:116 and isFullscreenMode:false, so the max keyboard body height is:1784
03-21 21:10:51.102  3073  3073 I BaseKeyboardSizeHelper: BaseKeyboardSizeHelper.calculateMaxKeyboardBodyHeight():73 leave 281 height for app when ime window height:2181, header height:116 and isFullscreenMode:false, so the max keyboard body height is:1784
03-21 21:10:51.102  3073  3073 I BaseKeyboardSizeHelper: BaseKeyboardSizeHelper.calculateMaxKeyboardBodyHeight():73 leave 281 height for app when ime window height:2181, header height:116 and isFullscreenMode:false, so the max keyboard body height is:1784
03-21 21:10:51.103  3073  3073 I GlobeKeyExtension: GlobeKeyExtension.getKeyboardInitialStates():185 
03-21 21:10:51.103  3073  3073 W Keyboard: Keyboard.getKeyboardViewHelper():604 null helper is returned: keyboardDef=nww{processedConditions={show_comma_key=true, enable_more_candidates_view_for_multilingual=false, layout_9key_split=false, enable_secondary_symbols=false, pref_enable_flick_symbols=false, enable_scrub_move=true, language=en-US, deprecate_long_press_space_for_ime_picker=false, expressions=normal, android_software_xr_api_spatial=false, variant=qwerty, free_cursor=false, show_period_key=true, device=phone, keyboard_mode=normal, show_secondary_digits=true, enable_pk_simulator=false, enable_preemptive_decode=true}, globalConditions={global_theme_key=theme,!gsf,!pgsans,!pgsf,!use_system_font,BORDER,FLAVOR_DPI=XXHDPI,KEYBOARD_WIDTH_CATEGORY=NORMAL,KEY_BORDER_SHAPE=1,LIGHT_THEME=false,PHYSICAL_DIAGONAL=6.0649586,POPUP,SCREEN_SHORTEST_WIDTH=411,SCREEN_SHORTEST_WIDTH_NO_SCALE=411,SW400DP,XXHDPI,bottom4dp,enable_popup_on_keypress=true,keyboard_redesign_google_sans=true,non_linear_scale,noshadow,overlay_builtin_dynamic_color_dark_base.binarypb:gm3-dark-ff0d0e12-ffb8c6ee-4dd27a30afe06facd02255cbda95da6f,silkpopup, global_locale=en_US, global_density_dpi=420, global_orientation=1}, className=.latin.keyboard.LatinPrimeKeyboard, resourceIds=[#0x7f1705f8, #0x7f17088a], initialStates=0, keyboardViewDefs=[nxl{direction=null, id=#0x7f0b0226, isScalable=true, layoutId=#0x7f0e037b, type=BODY, touchable=true, defaultShow=true}, nxl{direction=null, id=#0x7f0b0226, isScalable=false, layoutId=#0x7f0e0211, type=FLOATING_CANDIDATES, touchable=false, defaultShow=false}, nxl{direction=LOCALE, id=#0x7f0b0226, isScalable=false, layoutId=#0x7f0e0518, type=HEADER, touchable=true, defaultShow=true}], persistentStates=0, persistentStatesPrefKey=null, popupBubbleLayoutId=#0x7f0e0606, recentKeyLayoutId=#0x0, recentKeyPopupLayoutId=#0x0, recentKeyType=null, rememberRecentKey=NONE, sessionStates=17592186044419}, type=WIDGET, helpersCreated={HEADER=nhw@9f19732, BODY=nhw@a9acc83, FLOATING_CANDIDATES=nhw@e8b2e00}, context.getResources().getConfiguration(): {1.0 257mcc2mnc [en_US,ru_BY] ldltr sw411dp w411dp h914dp 420dpi nrml long compactNeeded port night finger -keyb/v/h -nav/h winConfig={ mBounds=Rect(0, 0 - 1080, 2400) mAppBounds=Rect(0, 0 - 1080, 2400) mMaxBounds=Rect(0, 0 - 1080, 2400) mDisplayRotation=ROTATION_0 mWindowingMode=fullscreen mActivityType=undefined mAlwaysOnTop=undefined mRotation=ROTATION_0} as.3 s.42 fontWeightAdjustment=0}
03-21 21:10:51.103  3073  3073 I BaseKeyboardSizeHelper: BaseKeyboardSizeHelper.calculateMaxKeyboardBodyHeight():73 leave 281 height for app when ime window height:2181, header height:116 and isFullscreenMode:false, so the max keyboard body height is:1784
03-21 21:10:51.106  3073  3073 I AndroidIME: InputBundleManager.startInput():361 startInput() with nxh[keyboardType=prime, payload=null]
03-21 21:10:51.106  3073  3073 I PkModeUpdater: PkModeUpdater.onActivate():76 onActivate false true
03-21 21:10:51.106  3073  3073 I AccessoryInputModeManager: AccessoryInputModeManager.onModeStarted():324 Accessory input mode started: null
03-21 21:10:51.106  3073  3073 W SupplementaryKeyboardsWrapper: SupplementaryKeyboardsWrapper.deactivateKeyboard():162 keyboard accessory_candidates_consumer is not activated before!
03-21 21:10:51.107  3073  3073 I GlobeKeyExtension: GlobeKeyExtension.onActivate():129 
03-21 21:10:51.108  3073  3073 I KeyboardModeUtils: KeyboardModeUtils.getKeyboardBottomOffset():435 inch: 0.000000 ydpi: 409.127014 adjustKeyboardBottomByDisplaySize: false currentDensityDpi: 420 defaultDensityDpi: 420 keyboardBottomToScreenPx: 0 keyboardBottomToNavBarPx: -126 navBarHeight: 126
03-21 21:10:51.108  3073  3073 I BaseKeyboardSizeHelper: BaseKeyboardSizeHelper.calculateMaxKeyboardBodyHeight():73 leave 281 height for app when ime window height:2181, header height:116 and isFullscreenMode:false, so the max keyboard body height is:1784
03-21 21:10:51.108  3073  3073 I BaseKeyboardSizeHelper: BaseKeyboardSizeHelper.calculateMaxKeyboardBodyHeight():73 leave 281 height for app when ime window height:2181, header height:116 and isFullscreenMode:false, so the max keyboard body height is:1784
03-21 21:10:51.108  3073  3073 I BaseKeyboardSizeHelper: BaseKeyboardSizeHelper.calculateMaxKeyboardBodyHeight():73 leave 281 height for app when ime window height:2181, header height:116 and isFullscreenMode:false, so the max keyboard body height is:1784
03-21 21:10:51.108  3073  3073 I BaseKeyboardSizeHelper: BaseKeyboardSizeHelper.calculateMaxKeyboardBodyHeight():73 leave 281 height for app when ime window height:2181, header height:116 and isFullscreenMode:false, so the max keyboard body height is:1784
03-21 21:10:51.108  3073  3073 W ExtensionWrapper: ExtensionWrapper.setExtensionViewVisibility():876 interface nlm is not activate
03-21 21:10:51.109  3073  3073 I VoiceInputManagerWrapper: VoiceInputManagerWrapper.cancelShutdown():109 cancelShutdown()
03-21 21:10:51.109  3073  3073 I VoiceInputManagerWrapper: VoiceInputManagerWrapper.syncLanguagePacks():121 syncLanguagePacks()
03-21 21:10:51.109  3073  3073 I VoiceInputManager: VoiceInputManager.onKeyboardActivated():1216 onKeyboardActivated() [UD]
03-21 21:10:51.109  3073 12803 I SpeechFactory: SpeechRecognitionFactory.maybeScheduleAutoPackDownloadForFallback():217 maybeScheduleAutoPackDownloadForFallback()
03-21 21:10:51.110  3073  3073 I HardKeyTracker: HardKeyTracker.unregisterKeySequence():229 Unregister key sequence oum{labelResId=2132020519, callback=fdl@45312c, lastModifier=2, keyCodes=[56], actions=[0]}
03-21 21:10:51.110  3073 12803 I FallbackOnDeviceRecognitionProvider: FallbackOnDeviceRecognitionProvider.maybeScheduleAutoPackDownload():213 maybeScheduleAutoPackDownload() for language tag en-US
03-21 21:10:51.110  3073  3073 I HardKeyTracker: HardKeyTracker.unregisterKeySequence():229 Unregister key sequence oum{labelResId=2132020519, callback=fdl@67987f5, lastModifier=0, keyCodes=[317], actions=[0]}
03-21 21:10:51.110  3073  3073 I HardKeyTracker: HardKeyTracker.registerKeySequence():178 Register key sequence oum{labelResId=2132020519, callback=fdl@b013fcc, lastModifier=2, keyCodes=[56], actions=[0]}
03-21 21:10:51.110  3073  3073 I HardKeyTracker: HardKeyTracker.registerKeySequence():178 Register key sequence oum{labelResId=2132020519, callback=fdl@4c08215, lastModifier=0, keyCodes=[317], actions=[0]}
03-21 21:10:51.110  3073  3073 W AccessPointsManager: AccessPointsManager.addAccessPoint():1092 The holder controller #0x7f0b2471 is not registered
03-21 21:10:51.111  3073  3073 I Module  : DeviceLockedStatusModuleProvider$Module.updateDeviceLockedStatus():103 repeatCheckTimes = 1, locked = false
03-21 21:10:51.112  3073  3073 I HardKeyTracker: HardKeyTracker.unregisterKeySequence():229 Unregister key sequence oum{labelResId=2132020524, callback=fdl@a883bfb, lastModifier=2, keyCodes=[32], actions=[0]}
03-21 21:10:51.112  3073  3073 I HardKeyTracker: HardKeyTracker.unregisterKeySequence():229 Unregister key sequence oum{labelResId=2132020524, callback=fdl@d6a3418, lastModifier=0, keyCodes=[319], actions=[0]}
03-21 21:10:51.112  3073  3073 I HardKeyTracker: HardKeyTracker.registerKeySequence():178 Register key sequence oum{labelResId=2132020524, callback=fdl@6e88cb8, lastModifier=2, keyCodes=[32], actions=[0]}
03-21 21:10:51.112  3073  3073 I HardKeyTracker: HardKeyTracker.registerKeySequence():178 Register key sequence oum{labelResId=2132020524, callback=fdl@a342a91, lastModifier=0, keyCodes=[319], actions=[0]}
03-21 21:10:51.114  3073  3073 I HardKeyTracker: HardKeyTracker.unregisterKeySequence():229 Unregister key sequence oum{labelResId=2132020519, callback=fdl@1149cd7, lastModifier=2, keyCodes=[56], actions=[0]}
03-21 21:10:51.114  3073  3073 I HardKeyTracker: HardKeyTracker.unregisterKeySequence():229 Unregister key sequence oum{labelResId=2132020519, callback=fdl@2da79c4, lastModifier=0, keyCodes=[317], actions=[0]}
03-21 21:10:51.114  3073  3073 I HardKeyTracker: HardKeyTracker.registerKeySequence():178 Register key sequence oum{labelResId=2132020519, callback=fdl@5f5bc64, lastModifier=2, keyCodes=[56], actions=[0]}
03-21 21:10:51.114  3073  3073 I HardKeyTracker: HardKeyTracker.registerKeySequence():178 Register key sequence oum{labelResId=2132020519, callback=fdl@25fdecd, lastModifier=0, keyCodes=[317], actions=[0]}
03-21 21:10:51.115  3073  3073 I HardKeyTracker: HardKeyTracker.unregisterKeySequence():229 Unregister key sequence oum{labelResId=2132020523, callback=fdl@9b7c0ad, lastModifier=2, keyCodes=[48], actions=[0]}
03-21 21:10:51.115  3073  3073 I HardKeyTracker: HardKeyTracker.registerKeySequence():178 Register key sequence oum{labelResId=2132020523, callback=fdl@8428382, lastModifier=2, keyCodes=[48], actions=[0]}
03-21 21:10:51.116  3073  3073 I HardKeyTracker: HardKeyTracker.unregisterKeySequence():229 Unregister key sequence oum{labelResId=2132020523, callback=fdl@2bfefe2, lastModifier=2, keyCodes=[48], actions=[0]}
03-21 21:10:51.116  3073  3073 I HardKeyTracker: HardKeyTracker.registerKeySequence():178 Register key sequence oum{labelResId=2132020523, callback=fdl@efca93, lastModifier=2, keyCodes=[48], actions=[0]}
03-21 21:10:51.116  3073  3073 W AccessPointsManager: AccessPointsManager.addAccessPoint():1092 The holder controller #0x7f0b2471 is not registered
03-21 21:10:51.116  3073  3073 I HardKeyTracker: HardKeyTracker.unregisterKeySequence():229 Unregister key sequence oum{labelResId=2132020524, callback=fdl@19c2f73, lastModifier=2, keyCodes=[32], actions=[0]}
03-21 21:10:51.116  3073  3073 I HardKeyTracker: HardKeyTracker.unregisterKeySequence():229 Unregister key sequence oum{labelResId=2132020524, callback=fdl@be76e30, lastModifier=0, keyCodes=[319], actions=[0]}
03-21 21:10:51.116  3073  3073 I HardKeyTracker: HardKeyTracker.registerKeySequence():178 Register key sequence oum{labelResId=2132020524, callback=fdl@6843ad0, lastModifier=2, keyCodes=[32], actions=[0]}
03-21 21:10:51.116  3073  3073 I HardKeyTracker: HardKeyTracker.registerKeySequence():178 Register key sequence oum{labelResId=2132020524, callback=fdl@d189ac9, lastModifier=0, keyCodes=[319], actions=[0]}
03-21 21:10:51.116  3073  3073 I VoiceImeExtension: VoiceImeExtension.shouldStartVoiceInputAutomaticallyInCurrentInputBox():384 No private IME option set to start voice input.
03-21 21:10:51.168  3073  3073 I GoogleInputMethodService: GoogleInputMethodService$1.onKeyboardViewShown():331 onKeyboardViewShown: keyboardType=prime, keyboardViewType=HEADER keyboardView=com.google.android.libraries.inputmethod.widgets.SoftKeyboardView{a8ee4dc V.E...... ........ 0,0-1080,116}
03-21 21:10:51.169  3073  3073 I BaseKeyboardSizeHelper: BaseKeyboardSizeHelper.calculateMaxKeyboardBodyHeight():73 leave 281 height for app when ime window height:2181, header height:116 and isFullscreenMode:false, so the max keyboard body height is:1784
03-21 21:10:51.170  3073  3073 I GoogleInputMethodService: GoogleInputMethodService$1.onKeyboardViewShown():331 onKeyboardViewShown: keyboardType=prime, keyboardViewType=BODY keyboardView=com.google.android.libraries.inputmethod.widgets.SoftKeyboardView{dfa316c V.E...... ........ 0,0-1080,641}
03-21 21:10:51.170   914   988 E surfaceflinger: == MALI DEBUG ===eglp_winsys_populate_image_templates ==12288
03-21 21:10:51.170  3073  3073 I BaseKeyboardSizeHelper: BaseKeyboardSizeHelper.calculateMaxKeyboardBodyHeight():73 leave 281 height for app when ime window height:2181, header height:116 and isFullscreenMode:false, so the max keyboard body height is:1784
03-21 21:10:51.170  3073  3073 I GlobeKeyExtension: GlobeKeyExtension$1.onKeyboardViewShown():76 maybeDisableLanguageSwitchKeyPref when the keyboard is shown
03-21 21:10:51.170  3073  3073 I GlobeKeyExtension: GlobeKeyExtension.maybeDisableLanguageSwitchKeyPref():210 maybeDisableLanguageSwitchKeyPref hasGlobeKeyBeenDisabled: false, shouldDisableLanguageSwitchKey: false
03-21 21:10:51.170  3073  3073 I NewLanguagePromptExtension: NewLanguagePromptExtension$1.onKeyboardViewShown():98 Not show new language banner: no change in enabled input method entries
03-21 21:10:51.171  3073  3073 I DynamicLayoutHandler: DynamicLayoutHandler.loadDynamicKeys():92 This isn't a dynamic layout.
03-21 21:10:51.171  3073  3571 I Delight5Decoder: Delight5DecoderWrapper.setKeyboardLayout():552 setKeyboardLayout()
03-21 21:10:51.171  3073  3073 I KeyboardModeUtils: KeyboardModeUtils.getKeyboardBottomOffset():435 inch: 0.000000 ydpi: 409.127014 adjustKeyboardBottomByDisplaySize: false currentDensityDpi: 420 defaultDensityDpi: 420 keyboardBottomToScreenPx: 0 keyboardBottomToNavBarPx: -126 navBarHeight: 126
03-21 21:10:51.171  3073  3073 I BaseKeyboardSizeHelper: BaseKeyboardSizeHelper.calculateMaxKeyboardBodyHeight():73 leave 281 height for app when ime window height:2181, header height:116 and isFullscreenMode:false, so the max keyboard body height is:1784
03-21 21:10:51.172  3073  3073 I BaseKeyboardSizeHelper: BaseKeyboardSizeHelper.calculateMaxKeyboardBodyHeight():73 leave 281 height for app when ime window height:2181, header height:116 and isFullscreenMode:false, so the max keyboard body height is:1784
03-21 21:10:51.175  3073  3073 I KeyboardModeUtils: KeyboardModeUtils.getKeyboardBottomOffset():435 inch: 0.000000 ydpi: 409.127014 adjustKeyboardBottomByDisplaySize: false currentDensityDpi: 420 defaultDensityDpi: 420 keyboardBottomToScreenPx: 0 keyboardBottomToNavBarPx: -126 navBarHeight: 126
03-21 21:10:51.175  3073  3073 I BaseKeyboardSizeHelper: BaseKeyboardSizeHelper.calculateMaxKeyboardBodyHeight():73 leave 281 height for app when ime window height:2181, header height:116 and isFullscreenMode:false, so the max keyboard body height is:1784
03-21 21:10:51.175  3073  3073 I BaseKeyboardSizeHelper: BaseKeyboardSizeHelper.calculateMaxKeyboardBodyHeight():73 leave 281 height for app when ime window height:2181, header height:116 and isFullscreenMode:false, so the max keyboard body height is:1784
03-21 21:10:51.181   852   992 I hwcomposer: [HWCDisplay] [Display_0 (type:1)] fps:18.590248,dur:1022.04,max:416.85,min:10.94  
03-21 21:10:51.188   914   988 E surfaceflinger: == MALI DEBUG ===eglp_winsys_populate_image_templates ==12288
03-21 21:10:51.197   914   988 E surfaceflinger: == MALI DEBUG ===eglp_winsys_populate_image_templates ==12288
03-21 21:10:51.204   914   988 E surfaceflinger: == MALI DEBUG ===eglp_winsys_populate_image_templates ==12288
03-21 21:10:51.212  1587  1680 W libprocessgroup: SetCgroup::ExecuteForProcess: failed to open /dev/stune/background/cgroup.procs: No such file or directory
03-21 21:10:51.289  3073  3073 W TooltipLifecycleManager: TooltipLifecycleManager.dismissTooltips():153 Tooltip with id spell_check_add_to_dictionary not found in tooltipManager.
03-21 21:10:51.303   499   499 W libbinder.BackendUnifiedServiceManager: Thread Pool max thread count is 0. Cannot cache binder as linkToDeath cannot be implemented. serviceName: deviceidle
03-21 21:10:51.306 31712 31712 I ImeTracker: com.rnat:126432d0: onShown
03-21 21:10:51.332   507   507 W libbinder.BackendUnifiedServiceManager: Thread Pool max thread count is 0. Cannot cache binder as linkToDeath cannot be implemented. serviceName: battery
03-21 21:10:51.350   510   510 W libbinder.BackendUnifiedServiceManager: Thread Pool max thread count is 0. Cannot cache binder as linkToDeath cannot be implemented. serviceName: deviceidle
03-21 21:10:51.374   513   513 W libbinder.BackendUnifiedServiceManager: Thread Pool max thread count is 0. Cannot cache binder as linkToDeath cannot be implemented. serviceName: activity
03-21 21:10:51.381  1587  8923 I ImeTracker: system_server:df95ab03: onRequestShow at ORIGIN_SERVER reason CONTROLS_CHANGED fromUser false
03-21 21:10:51.390   852  1054 I hwcomposer: [HWC] (0)fire a callback of refresh to SF[4]  
03-21 21:10:51.402   625  2778 W libperfmgr: Failed to write to node: /dev/stune/top-app/schedtune.boost with value: 10, fd: -1
03-21 21:10:51.402   625  2778 W libperfmgr: Failed to write to node: /proc/sys/kernel/sched_boost with value: 0, fd: -1
03-21 21:10:51.431   546   546 W libbinder.BackendUnifiedServiceManager: Thread Pool max thread count is 0. Cannot cache binder as linkToDeath cannot be implemented. serviceName: battery
03-21 21:10:51.471   625  2778 W libperfmgr: Failed to write to node: /dev/stune/top-app/schedtune.boost with value: 10, fd: -1
03-21 21:10:51.471   625  2778 W libperfmgr: Failed to write to node: /proc/sys/kernel/sched_boost with value: 0, fd: -1
03-21 21:10:51.650   852  1054 I hwcomposer: [HWC] (0)fire a callback of refresh to SF[4]  
03-21 21:10:51.657   625  2778 W libperfmgr: Failed to write to node: /dev/stune/top-app/schedtune.boost with value: 10, fd: -1
03-21 21:10:51.657   625  2778 W libperfmgr: Failed to write to node: /proc/sys/kernel/sched_boost with value: 0, fd: -1
03-21 21:10:51.731   625  2778 W libperfmgr: Failed to write to node: /dev/stune/top-app/schedtune.boost with value: 10, fd: -1
03-21 21:10:51.731   625  2778 W libperfmgr: Failed to write to node: /proc/sys/kernel/sched_boost with value: 0, fd: -1
03-21 21:10:51.890   852  1054 I hwcomposer: [HWC] (0)fire a callback of refresh to SF[4]  
03-21 21:10:51.902   625  2778 W libperfmgr: Failed to write to node: /dev/stune/top-app/schedtune.boost with value: 10, fd: -1
03-21 21:10:51.902   625  2778 W libperfmgr: Failed to write to node: /proc/sys/kernel/sched_boost with value: 0, fd: -1
03-21 21:10:51.971   625  2778 W libperfmgr: Failed to write to node: /dev/stune/top-app/schedtune.boost with value: 10, fd: -1
03-21 21:10:51.971   625  2778 W libperfmgr: Failed to write to node: /proc/sys/kernel/sched_boost with value: 0, fd: -1
03-21 21:10:52.131   916   916 W MTK_FG  : fd < 0, init first!
03-21 21:10:52.131   916   916 E MTK_FG  : init failed, return!
03-21 21:10:52.131   916   916 W MTK_FG  : fd < 0, init first!
03-21 21:10:52.131   916   916 E MTK_FG  : init failed, return!
03-21 21:10:52.150   852  1054 I hwcomposer: [HWC] (0)fire a callback of refresh to SF[4]  
03-21 21:10:52.159   625  2778 W libperfmgr: Failed to write to node: /dev/stune/top-app/schedtune.boost with value: 10, fd: -1
03-21 21:10:52.159   625  2778 W libperfmgr: Failed to write to node: /proc/sys/kernel/sched_boost with value: 0, fd: -1
03-21 21:10:52.188  3073  3073 W TooltipLifecycleManager: TooltipLifecycleManager.dismissTooltips():153 Tooltip with id SUGGESTION_VIEW_EDU_MINI_DIALOG not found in tooltipManager.
03-21 21:10:52.196  1587  8923 W PresentationStatsEventLogger: Bad view state for: 1073741824, state: ViewState: [id=1073741855@971235154, state:4008, currentValue:android.view.autofill.AutofillValue@a37a328b]
03-21 21:10:52.213   625  2778 W libperfmgr: Failed to write to node: /dev/stune/top-app/schedtune.boost with value: 10, fd: -1
03-21 21:10:52.213   625  2778 W libperfmgr: Failed to write to node: /proc/sys/kernel/sched_boost with value: 0, fd: -1
03-21 21:10:52.214   852   992 I hwcomposer: [HWCDisplay] [Display_0 (type:1)] fps:21.295866,dur:1033.06,max:188.25,min:10.78  
03-21 21:10:52.240  3073  3073 W TooltipLifecycleManager: TooltipLifecycleManager.dismissTooltips():153 Tooltip with id SUGGESTION_VIEW_EDU_MINI_DIALOG not found in tooltipManager.
03-21 21:10:52.266  1587  3186 W PresentationStatsEventLogger: Bad view state for: 1073741824, state: ViewState: [id=1073741855@971235154, state:4008, currentValue:android.view.autofill.AutofillValue@2e9053c8]
03-21 21:10:52.278   852  1054 I hwcomposer: [HWC] (0)fire a callback of refresh to SF[4]  
03-21 21:10:52.290   625  2778 W libperfmgr: Failed to write to node: /dev/stune/top-app/schedtune.boost with value: 10, fd: -1
03-21 21:10:52.290   625  2778 W libperfmgr: Failed to write to node: /proc/sys/kernel/sched_boost with value: 0, fd: -1
03-21 21:10:52.292  3073  3073 W TooltipLifecycleManager: TooltipLifecycleManager.dismissTooltips():153 Tooltip with id SUGGESTION_VIEW_EDU_MINI_DIALOG not found in tooltipManager.
03-21 21:10:52.299  1587  8923 W PresentationStatsEventLogger: Bad view state for: 1073741824, state: ViewState: [id=1073741855@971235154, state:4008, currentValue:android.view.autofill.AutofillValue@9c296f7]
03-21 21:10:52.334   625  2778 W libperfmgr: Failed to write to node: /dev/stune/top-app/schedtune.boost with value: 10, fd: -1
03-21 21:10:52.334   625  2778 W libperfmgr: Failed to write to node: /proc/sys/kernel/sched_boost with value: 0, fd: -1
03-21 21:10:52.345  3073  3073 W TooltipLifecycleManager: TooltipLifecycleManager.dismissTooltips():153 Tooltip with id SUGGESTION_VIEW_EDU_MINI_DIALOG not found in tooltipManager.
03-21 21:10:52.348  1587  8923 W PresentationStatsEventLogger: Bad view state for: 1073741824, state: ViewState: [id=1073741855@971235154, state:4008, currentValue:android.view.autofill.AutofillValue@8cb3b21d]
03-21 21:10:52.398  3073  3073 W TooltipLifecycleManager: TooltipLifecycleManager.dismissTooltips():153 Tooltip with id SUGGESTION_VIEW_EDU_MINI_DIALOG not found in tooltipManager.
03-21 21:10:52.402  1587  3186 W PresentationStatsEventLogger: Bad view state for: 1073741824, state: ViewState: [id=1073741855@971235154, state:4008, currentValue:android.view.autofill.AutofillValue@db3f99f9]
03-21 21:10:52.430  2458  3709 I libbinder.IPCThreadState: oneway function results for code 1 on binder at 0xb40000763d2c7ea0 will be dropped but finished with status UNKNOWN_TRANSACTION and reply parcel size 80
03-21 21:10:52.451  3073  3073 W TooltipLifecycleManager: TooltipLifecycleManager.dismissTooltips():153 Tooltip with id SUGGESTION_VIEW_EDU_MINI_DIALOG not found in tooltipManager.
03-21 21:10:52.455  1587  3186 W PresentationStatsEventLogger: Bad view state for: 1073741824, state: ViewState: [id=1073741855@971235154, state:4008, currentValue:android.view.autofill.AutofillValue@61e946a0]
03-21 21:10:52.504  3073  3073 W TooltipLifecycleManager: TooltipLifecycleManager.dismissTooltips():153 Tooltip with id SUGGESTION_VIEW_EDU_MINI_DIALOG not found in tooltipManager.
03-21 21:10:52.508  1587  8923 W PresentationStatsEventLogger: Bad view state for: 1073741824, state: ViewState: [id=1073741855@971235154, state:4008, currentValue:android.view.autofill.AutofillValue@b093e921]
03-21 21:10:52.557  3073  3073 W TooltipLifecycleManager: TooltipLifecycleManager.dismissTooltips():153 Tooltip with id SUGGESTION_VIEW_EDU_MINI_DIALOG not found in tooltipManager.
03-21 21:10:52.567  1587  8923 W PresentationStatsEventLogger: Bad view state for: 1073741824, state: ViewState: [id=1073741855@971235154, state:4008, currentValue:android.view.autofill.AutofillValue@26ba7274]
03-21 21:10:52.609  3073  3073 W TooltipLifecycleManager: TooltipLifecycleManager.dismissTooltips():153 Tooltip with id SUGGESTION_VIEW_EDU_MINI_DIALOG not found in tooltipManager.
03-21 21:10:52.612  1587  8923 W PresentationStatsEventLogger: Bad view state for: 1073741824, state: ViewState: [id=1073741855@971235154, state:4008, currentValue:android.view.autofill.AutofillValue@11c3f2c7]
03-21 21:10:52.660  3073  3073 W TooltipLifecycleManager: TooltipLifecycleManager.dismissTooltips():153 Tooltip with id SUGGESTION_VIEW_EDU_MINI_DIALOG not found in tooltipManager.
03-21 21:10:52.669  1587  3186 W PresentationStatsEventLogger: Bad view state for: 1073741824, state: ViewState: [id=1073741855@971235154, state:4008, currentValue:android.view.autofill.AutofillValue@742f9c3b]
03-21 21:10:52.712  3073  3073 W TooltipLifecycleManager: TooltipLifecycleManager.dismissTooltips():153 Tooltip with id SUGGESTION_VIEW_EDU_MINI_DIALOG not found in tooltipManager.
03-21 21:10:52.716  1587  3186 W PresentationStatsEventLogger: Bad view state for: 1073741824, state: ViewState: [id=1073741855@971235154, state:4008, currentValue:android.view.autofill.AutofillValue@c1aef426]
03-21 21:10:52.764  3073  3073 W TooltipLifecycleManager: TooltipLifecycleManager.dismissTooltips():153 Tooltip with id SUGGESTION_VIEW_EDU_MINI_DIALOG not found in tooltipManager.
03-21 21:10:52.768  1587  3186 W PresentationStatsEventLogger: Bad view state for: 1073741824, state: ViewState: [id=1073741855@971235154, state:4008, currentValue:android.view.autofill.AutofillValue@63f72c8]
03-21 21:10:52.816  3073  3073 W TooltipLifecycleManager: TooltipLifecycleManager.dismissTooltips():153 Tooltip with id SUGGESTION_VIEW_EDU_MINI_DIALOG not found in tooltipManager.
03-21 21:10:52.824  1587  8923 W PresentationStatsEventLogger: Bad view state for: 1073741824, state: ViewState: [id=1073741855@971235154, state:4008, currentValue:android.view.autofill.AutofillValue@3397f1]
03-21 21:10:52.835   625  2778 W libperfmgr: Failed to write to node: /dev/stune/top-app/schedtune.boost with value: 10, fd: -1
03-21 21:10:52.835   625  2778 W libperfmgr: Failed to write to node: /proc/sys/kernel/sched_boost with value: 0, fd: -1
03-21 21:10:52.869  3073  3073 W TooltipLifecycleManager: TooltipLifecycleManager.dismissTooltips():153 Tooltip with id SUGGESTION_VIEW_EDU_MINI_DIALOG not found in tooltipManager.
03-21 21:10:52.873  1587  8923 W PresentationStatsEventLogger: Bad view state for: 1073741824, state: ViewState: [id=1073741855@971235154, state:4008, currentValue:android.view.autofill.AutofillValue@1a9a6]
03-21 21:10:52.921  3073  3073 W TooltipLifecycleManager: TooltipLifecycleManager.dismissTooltips():153 Tooltip with id SUGGESTION_VIEW_EDU_MINI_DIALOG not found in tooltipManager.
03-21 21:10:52.925  1587  8923 W PresentationStatsEventLogger: Bad view state for: 1073741824, state: ViewState: [id=1073741855@971235154, state:4008, currentValue:android.view.autofill.AutofillValue@d53]
03-21 21:10:52.978  1587  8923 W PresentationStatsEventLogger: Bad view state for: 1073741824, state: ViewState: [id=1073741855@971235154, state:4008, currentValue:android.view.autofill.AutofillValue@1]
03-21 21:10:52.995  1587  8923 W WindowManager: Requires INTERNAL_SYSTEM_WINDOW permission if assign type to input. New type will be 0.
03-21 21:10:53.010  1587  8923 W WindowManager: Requires INTERNAL_SYSTEM_WINDOW permission if assign type to input. New type will be 0.
03-21 21:10:53.021  1587  3186 W WindowManager: Requires INTERNAL_SYSTEM_WINDOW permission if assign type to input. New type will be 0.
03-21 21:10:53.022  3073  3073 W TooltipLifecycleManager: TooltipLifecycleManager.dismissTooltips():153 Tooltip with id SUGGESTION_VIEW_EDU_MINI_DIALOG not found in tooltipManager.
03-21 21:10:53.023  3073  3073 I GoogleInputMethodService: GoogleInputMethodService.onStartInput():1385 onStartInput(EditorInfo{EditorInfo{packageName=com.rnat, inputType=21, inputTypeString=EmailAddress[], enableLearning=true, autoCorrection=false, autoComplete=true, imeOptions=8000006, privateImeOptions=null, actionName=DONE, actionLabel=null, initialSelStart=0, initialSelEnd=0, initialCapsMode=3000, label=null, fieldId=45, fieldName=null, extras=Bundle[mParcelledData.dataSize=404], hintText=non-empty, hintLocales=[]}}, true)
03-21 21:10:53.023  3073  3073 W SessionManager: SessionManager.beginSession():53 Try to begin an already begun session [INPUT_SESSION], end it first
03-21 21:10:53.023  3073  3073 W SessionManager: SessionManager.endSession():96 Child session [INPUT_VIEW_SESSION] is not ended while ending session [{IME_SESSION=1774116651081, INPUT_SESSION=1774116651073, INPUT_VIEW_SESSION=1774116651080, TRAINING_CACHE_SESSION=1774116651082}], ending it now.
03-21 21:10:53.023  3073  3073 W SessionManager: SessionManager.endSession():96 Child session [IME_SESSION] is not ended while ending session [{IME_SESSION=1774116651081, INPUT_SESSION=1774116651073, INPUT_VIEW_SESSION=1774116651080, TRAINING_CACHE_SESSION=1774116651082}], ending it now.
03-21 21:10:53.023  3073  3073 I AndroidIME: LatinIMEBase.updateInputViewCoverNavigation():314 Update input view padding, extendsTouchBelowSpace=true, bottom inset=126
03-21 21:10:53.025  3073  3073 I Module  : DeviceLockedStatusModuleProvider$Module.updateDeviceLockedStatus():103 repeatCheckTimes = 1, locked = false
03-21 21:10:53.026  1587  8923 W PackageConfigPersister: App-specific configuration not found for packageName: com.rnat and userId: 0
03-21 21:10:53.025  3073  3073 I GoogleInputMethodService: GoogleInputMethodService.onStartInputView():1473 onStartInputView(EditorInfo{EditorInfo{packageName=com.rnat, inputType=21, inputTypeString=EmailAddress[], enableLearning=true, autoCorrection=false, autoComplete=true, imeOptions=8000006, privateImeOptions=null, actionName=DONE, actionLabel=null, initialSelStart=0, initialSelEnd=0, initialCapsMode=3000, label=null, fieldId=45, fieldName=null, extras=Bundle[{android.support.text.emoji.emojiCompat_metadataVersion=11, androidx.core.view.inputmethod.EditorInfoCompat.STYLUS_HANDWRITING_ENABLED=true, android.support.text.emoji.emojiCompat_replaceAll=false}], hintText=non-empty, hintLocales=[]}}, true)
03-21 21:10:53.030  1587  8923 W WindowManager: Requires INTERNAL_SYSTEM_WINDOW permission if assign type to input. New type will be 0.
03-21 21:10:53.038  3073  3073 I ProactiveSuggestionsHolderManager: ProactiveSuggestionsHolderManager$displaySuggestionsListener$1.display():211 Requesting to show proactive suggestions: UNDO PREEMPTIVE_WITH_SUPPRESSION
03-21 21:10:53.040  3073  3073 I InputBundle: InputBundle.consumeEvent():1041 Skip consuming an event as keyboard status is INACTIVE
03-21 21:10:53.041   914   988 E surfaceflinger: == MALI DEBUG ===eglp_winsys_populate_image_templates ==12288
03-21 21:10:53.041  3073  3073 I AndroidIME: AbstractIme.onDeactivate():213 LatinIme.onDeactivate()
03-21 21:10:53.041  3073  3073 W SessionManager: SessionManager.endSession():88 Try to end a not begun session [IME_SESSION].
03-21 21:10:53.041  3073  3571 I native  : I0000 00:00:1774116653.041808    3571 input-context-store.cc:340] Ignoring stale client request for FetchSuggestions
03-21 21:10:53.042  3073  3073 I KeyboardHeightUtil: KeyboardHeightUtil.getOemKeyboardHeightRatio():81 systemKeyboardHeightRatio:1.000000.
03-21 21:10:53.043  3073  3456 W ModuleManager: ModuleManager.loadModule():634 Module prd is not available
03-21 21:10:53.043  3073  3073 I AndroidIME: InputBundleManager.loadActiveInputBundleId():531 loadActiveInputBundleId: en-US, ime_english_united_states
03-21 21:10:53.043  3073  3073 I AndroidIME: AbstractIme.onActivate():95 LatinIme.onActivate() : EditorInfo = EditorInfo{packageName=com.rnat, inputType=21, inputTypeString=EmailAddress[], enableLearning=true, autoCorrection=false, autoComplete=true, imeOptions=8000006, privateImeOptions=null, actionName=DONE, actionLabel=null, initialSelStart=0, initialSelEnd=0, initialCapsMode=3000, label=null, fieldId=45, fieldName=null, extras=Bundle[{android.support.text.emoji.emojiCompat_metadataVersion=11, androidx.core.view.inputmethod.EditorInfoCompat.STYLUS_HANDWRITING_ENABLED=true, android.support.text.emoji.emojiCompat_replaceAll=false}], hintText=non-empty, hintLocales=[]}, IncognitoMode = false, DeviceLocked = false
03-21 21:10:53.044  3073  3456 I OnDeviceWmrCalculator: OnDeviceWmrCalculator.calculateWmr():94 WMR: -1.0000 (0 / 0)
03-21 21:10:53.044  3073  3073 I Delight5Facilitator: Delight5Facilitator.initializeForIme():745 initializeForIme() : Locale = [en_US], layout = qwerty
03-21 21:10:53.044  3073  3073 I LatinIme: LatinIme.updateEnableInlineSuggestionsOnDecoderSideFlags():1271 inline flag updated to:false
03-21 21:10:53.045  3073  3073 I LatinIme: LatinIme.updateEnableInlineSuggestionsOnDecoderSideFlags():1271 inline flag updated to:false
03-21 21:10:53.046  3073  3073 I LatinIme: LatinIme.resetInputContext():2278 resetInputContext(): reason=1, externalEditsInfo=ExternalEditsInfo{action=0, offset=-1, text=null, originalText=null, edits=null}
03-21 21:10:53.046  3073  3073 I InputBundle: InputBundle.consumeEvent():1041 Skip consuming an event as keyboard status is INACTIVE
03-21 21:10:53.047   914   988 E surfaceflinger: == MALI DEBUG ===eglp_winsys_populate_image_templates ==12288
03-21 21:10:53.047  3073  3073 I KeyboardWrapper: KeyboardWrapper.activateKeyboard():582 activateKeyboard(): type=prime, status=INACTIVE, imeDef=nwb{stringId=ime_english_united_states, language=en-US, languageTag=en-US, processedConditions={writing_helper_enable_by_word_revert=false, true=true, enable_number_row=false, device=phone, enable_pk_simulator=false}, className=com.google.android.apps.inputmethod.libs.latin5.LatinIme, label=0, keyEventInterpreter=null, inlineComposing=true, autoCapital=true, announceAutoSelectedCandidate=true, statusIcon=0, indicatorIcon=0, indicatorLabel=US, displayAppCompletions=true, extraValues=nvu{#0x7f0b02e3=TypedValue{t=0x3/d=0x0 "com.google.android.apps.inputmethod.libs.latin5.LatinIme"}}, processors=nxu@f41e8d2, unacceptableMetaKeys=4098, languageSpecificSettings=0, asciiCapable=true, alwaysShowSuggestions=false, useAsciiPasswordKeyboard=false, keyboardGroupDef=nxd@a1cfdb3, phenotypeFlagId=0, localizationLanguageTag=null, supportsInlineSuggestion=true}
03-21 21:10:53.047  3073  3073 I KeyboardManager: KeyboardManager.requestKeyboard():249 Creating keyboard prime, imeId=ime_english_united_states, cacheKey=theme,!gsf,!pgsans,!pgsf,!use_system_font,BORDER,FLAVOR_DPI=XXHDPI,KEYBOARD_WIDTH_CATEGORY=NORMAL,KEY_BORDER_SHAPE=1,LIGHT_THEME=false,PHYSICAL_DIAGONAL=6.0649586,POPUP,SCREEN_SHORTEST_WIDTH=411,SCREEN_SHORTEST_WIDTH_NO_SCALE=411,SW400DP,XXHDPI,bottom4dp,enable_popup_on_keypress=true,keyboard_redesign_google_sans=true,non_linear_scale,noshadow,overlay_builtin_dynamic_color_dark_base.binarypb:gm3-dark-ff0d0e12-ffb8c6ee-4dd27a30afe06facd02255cbda95da6f,silkpopup
03-21 21:10:53.048  3073  3073 I KeyboardWrapper: KeyboardWrapper.onKeyboardReady():224 onKeyboardReady(): type=prime(prime), kb=com.google.android.apps.inputmethod.latin.keyboard.LatinPrimeKeyboard@b86036f
03-21 21:10:53.048  3073  3073 I KeyboardWrapper: KeyboardWrapper.doActivateKeyboard():612 doActivateKeyboard(): prime
03-21 21:10:53.048  3073  3073 I ProactiveSuggestionsHolder: ProactiveSuggestionsHolder.maybeShowPendingSuggestions():352 has pending suggestions to show: [UNDO]
03-21 21:10:53.049  3073  3073 I KeyboardViewController: KeyboardViewController.showSelfAndAncestors():651 current view doesn't has the priority com.google.android.libraries.inputmethod.accesspoint.widget.AccessPointsBar{9908ac2 I.E...... .......D 0,0-850,116 #7f0b00a2 app:id/0_resource_name_obfuscated} to show itself, DEFAULT
03-21 21:10:53.049  3073  3073 I BaseKeyboardSizeHelper: BaseKeyboardSizeHelper.calculateMaxKeyboardBodyHeight():73 leave 281 height for app when ime window height:2181, header height:116 and isFullscreenMode:false, so the max keyboard body height is:1784
03-21 21:10:53.049  3073  3073 W TooltipLifecycleManager: TooltipLifecycleManager.dismissTooltips():153 Tooltip with id undo_access_point_promotion_banner not found in tooltipManager.
03-21 21:10:53.049  3073  3073 I GlobeKeyExtension: GlobeKeyExtension.getKeyboardInitialStates():185 
03-21 21:10:53.050  3073  3073 W Keyboard: Keyboard.getKeyboardViewHelper():604 null helper is returned: keyboardDef=nww{processedConditions={show_comma_key=true, enable_more_candidates_view_for_multilingual=false, layout_9key_split=false, enable_secondary_symbols=false, pref_enable_flick_symbols=false, enable_scrub_move=true, language=en-US, deprecate_long_press_space_for_ime_picker=false, expressions=normal, android_software_xr_api_spatial=false, variant=qwerty, free_cursor=false, show_period_key=true, device=phone, keyboard_mode=normal, show_secondary_digits=true, enable_pk_simulator=false, enable_preemptive_decode=true}, globalConditions={global_theme_key=theme,!gsf,!pgsans,!pgsf,!use_system_font,BORDER,FLAVOR_DPI=XXHDPI,KEYBOARD_WIDTH_CATEGORY=NORMAL,KEY_BORDER_SHAPE=1,LIGHT_THEME=false,PHYSICAL_DIAGONAL=6.0649586,POPUP,SCREEN_SHORTEST_WIDTH=411,SCREEN_SHORTEST_WIDTH_NO_SCALE=411,SW400DP,XXHDPI,bottom4dp,enable_popup_on_keypress=true,keyboard_redesign_google_sans=true,non_linear_scale,noshadow,overlay_builtin_dynamic_color_dark_base.binarypb:gm3-dark-ff0d0e12-ffb8c6ee-4dd27a30afe06facd02255cbda95da6f,silkpopup, global_locale=en_US, global_density_dpi=420, global_orientation=1}, className=.latin.keyboard.LatinPrimeKeyboard, resourceIds=[#0x7f1705f8, #0x7f17088a], initialStates=0, keyboardViewDefs=[nxl{direction=null, id=#0x7f0b0226, isScalable=true, layoutId=#0x7f0e037b, type=BODY, touchable=true, defaultShow=true}, nxl{direction=null, id=#0x7f0b0226, isScalable=false, layoutId=#0x7f0e0211, type=FLOATING_CANDIDATES, touchable=false, defaultShow=false}, nxl{direction=LOCALE, id=#0x7f0b0226, isScalable=false, layoutId=#0x7f0e0518, type=HEADER, touchable=true, defaultShow=true}], persistentStates=0, persistentStatesPrefKey=null, popupBubbleLayoutId=#0x7f0e0606, recentKeyLayoutId=#0x0, recentKeyPopupLayoutId=#0x0, recentKeyType=null, rememberRecentKey=NONE, sessionStates=17592186044419}, type=WIDGET, helpersCreated={HEADER=nhw@9f19732, BODY=nhw@a9acc83, FLOATING_CANDIDATES=nhw@e8b2e00}, context.getResources().getConfiguration(): {1.0 257mcc2mnc [en_US,ru_BY] ldltr sw411dp w411dp h914dp 420dpi nrml long compactNeeded port night finger -keyb/v/h -nav/h winConfig={ mBounds=Rect(0, 0 - 1080, 2400) mAppBounds=Rect(0, 0 - 1080, 2400) mMaxBounds=Rect(0, 0 - 1080, 2400) mDisplayRotation=ROTATION_0 mWindowingMode=fullscreen mActivityType=undefined mAlwaysOnTop=undefined mRotation=ROTATION_0} as.3 s.42 fontWeightAdjustment=0}
03-21 21:10:53.050  3073  3073 I BaseKeyboardSizeHelper: BaseKeyboardSizeHelper.calculateMaxKeyboardBodyHeight():73 leave 281 height for app when ime window height:2181, header height:116 and isFullscreenMode:false, so the max keyboard body height is:1784
03-21 21:10:53.051  3073  3073 I AndroidIME: InputBundleManager.startInput():361 startInput() with nxh[keyboardType=prime, payload=null]
03-21 21:10:53.052  3073  3073 W TooltipLifecycleManager: TooltipLifecycleManager.dismissTooltips():153 Tooltip with id SUGGESTION_VIEW_EDU_MINI_DIALOG not found in tooltipManager.
03-21 21:10:53.052  3073  3073 I GlobeKeyExtension: GlobeKeyExtension.onDeactivate():153 
03-21 21:10:53.052  3073  3073 I VoiceInputManagerWrapper: VoiceInputManagerWrapper.shutdown():131 shutdown()
03-21 21:10:53.053   914   988 E surfaceflinger: == MALI DEBUG ===eglp_winsys_populate_image_templates ==12288
03-21 21:10:53.053  3073  3073 I PkModeUpdater: PkModeUpdater.onActivate():76 onActivate false true
03-21 21:10:53.053  3073  3073 I AccessoryInputModeManager: AccessoryInputModeManager.onModeStarted():324 Accessory input mode started: null
03-21 21:10:53.053  3073  3073 W SupplementaryKeyboardsWrapper: SupplementaryKeyboardsWrapper.deactivateKeyboard():162 keyboard accessory_candidates_consumer is not activated before!
03-21 21:10:53.053  3073  3073 I GlobeKeyExtension: GlobeKeyExtension.onActivate():129 
03-21 21:10:53.054  3073  3073 I KeyboardModeUtils: KeyboardModeUtils.getKeyboardBottomOffset():435 inch: 0.000000 ydpi: 409.127014 adjustKeyboardBottomByDisplaySize: false currentDensityDpi: 420 defaultDensityDpi: 420 keyboardBottomToScreenPx: 0 keyboardBottomToNavBarPx: -126 navBarHeight: 126
03-21 21:10:53.054  3073  3073 I BaseKeyboardSizeHelper: BaseKeyboardSizeHelper.calculateMaxKeyboardBodyHeight():73 leave 281 height for app when ime window height:2181, header height:116 and isFullscreenMode:false, so the max keyboard body height is:1784
03-21 21:10:53.054  3073  3073 I BaseKeyboardSizeHelper: BaseKeyboardSizeHelper.calculateMaxKeyboardBodyHeight():73 leave 281 height for app when ime window height:2181, header height:116 and isFullscreenMode:false, so the max keyboard body height is:1784
03-21 21:10:53.054  3073  3073 I BaseKeyboardSizeHelper: BaseKeyboardSizeHelper.calculateMaxKeyboardBodyHeight():73 leave 281 height for app when ime window height:2181, header height:116 and isFullscreenMode:false, so the max keyboard body height is:1784
03-21 21:10:53.054  3073  3073 I BaseKeyboardSizeHelper: BaseKeyboardSizeHelper.calculateMaxKeyboardBodyHeight():73 leave 281 height for app when ime window height:2181, header height:116 and isFullscreenMode:false, so the max keyboard body height is:1784
03-21 21:10:53.054  3073  3073 W ExtensionWrapper: ExtensionWrapper.setExtensionViewVisibility():876 interface nlm is not activate
03-21 21:10:53.054  3073  3073 I VoiceInputManagerWrapper: VoiceInputManagerWrapper.cancelShutdown():109 cancelShutdown()
03-21 21:10:53.055  3073  3073 I VoiceInputManagerWrapper: VoiceInputManagerWrapper.syncLanguagePacks():121 syncLanguagePacks()
03-21 21:10:53.055  3073  3073 I VoiceInputManager: VoiceInputManager.onKeyboardActivated():1216 onKeyboardActivated() [UD]
03-21 21:10:53.055  3073 12803 I SpeechFactory: SpeechRecognitionFactory.maybeScheduleAutoPackDownloadForFallback():217 maybeScheduleAutoPackDownloadForFallback()
03-21 21:10:53.055  3073 12803 I FallbackOnDeviceRecognitionProvider: FallbackOnDeviceRecognitionProvider.maybeScheduleAutoPackDownload():213 maybeScheduleAutoPackDownload() for language tag en-US
03-21 21:10:53.055  3073  3073 I Module  : DeviceLockedStatusModuleProvider$Module.updateDeviceLockedStatus():103 repeatCheckTimes = 1, locked = false
03-21 21:10:53.056  3073  3073 I VoiceImeExtension: VoiceImeExtension.shouldStartVoiceInputAutomaticallyInCurrentInputBox():384 No private IME option set to start voice input.
03-21 21:10:53.058   914   988 E surfaceflinger: == MALI DEBUG ===eglp_winsys_populate_image_templates ==12288
03-21 21:10:53.063   914   988 E surfaceflinger: == MALI DEBUG ===eglp_winsys_populate_image_templates ==12288
03-21 21:10:53.064  3073  3073 W InputContextProxy: InputContextProxy.applyClientDiffInternal():933 Ignore [FetchSuggestions] diff due to stale request: 953<957, inputStateId=277, lastInputStateId=278
03-21 21:10:53.064  3073  3073 I GoogleInputMethodService: GoogleInputMethodService$1.onKeyboardViewShown():331 onKeyboardViewShown: keyboardType=prime, keyboardViewType=HEADER keyboardView=com.google.android.libraries.inputmethod.widgets.SoftKeyboardView{a8ee4dc V.E...... ........ 0,0-1080,116}
03-21 21:10:53.065  3073  3073 I BaseKeyboardSizeHelper: BaseKeyboardSizeHelper.calculateMaxKeyboardBodyHeight():73 leave 281 height for app when ime window height:2181, header height:116 and isFullscreenMode:false, so the max keyboard body height is:1784
03-21 21:10:53.065  3073  3073 I GoogleInputMethodService: GoogleInputMethodService$1.onKeyboardViewShown():331 onKeyboardViewShown: keyboardType=prime, keyboardViewType=BODY keyboardView=com.google.android.libraries.inputmethod.widgets.SoftKeyboardView{dfa316c V.E...... ........ 0,0-1080,641}
03-21 21:10:53.065  3073  3073 I BaseKeyboardSizeHelper: BaseKeyboardSizeHelper.calculateMaxKeyboardBodyHeight():73 leave 281 height for app when ime window height:2181, header height:116 and isFullscreenMode:false, so the max keyboard body height is:1784
03-21 21:10:53.065  3073  3073 I GlobeKeyExtension: GlobeKeyExtension$1.onKeyboardViewShown():76 maybeDisableLanguageSwitchKeyPref when the keyboard is shown
03-21 21:10:53.065  3073  3073 I GlobeKeyExtension: GlobeKeyExtension.maybeDisableLanguageSwitchKeyPref():210 maybeDisableLanguageSwitchKeyPref hasGlobeKeyBeenDisabled: false, shouldDisableLanguageSwitchKey: false
03-21 21:10:53.065  3073  3073 I NewLanguagePromptExtension: NewLanguagePromptExtension$1.onKeyboardViewShown():98 Not show new language banner: no change in enabled input method entries
03-21 21:10:53.065   914   988 E surfaceflinger: == MALI DEBUG ===eglp_winsys_populate_image_templates ==12288
03-21 21:10:53.065  3073  3073 I DynamicLayoutHandler: DynamicLayoutHandler.loadDynamicKeys():92 This isn't a dynamic layout.
03-21 21:10:53.066  3073  3571 I Delight5Decoder: Delight5DecoderWrapper.setKeyboardLayout():552 setKeyboardLayout()
03-21 21:10:53.066  3073  3073 I KeyboardModeUtils: KeyboardModeUtils.getKeyboardBottomOffset():435 inch: 0.000000 ydpi: 409.127014 adjustKeyboardBottomByDisplaySize: false currentDensityDpi: 420 defaultDensityDpi: 420 keyboardBottomToScreenPx: 0 keyboardBottomToNavBarPx: -126 navBarHeight: 126
03-21 21:10:53.066  3073  3073 I BaseKeyboardSizeHelper: BaseKeyboardSizeHelper.calculateMaxKeyboardBodyHeight():73 leave 281 height for app when ime window height:2181, header height:116 and isFullscreenMode:false, so the max keyboard body height is:1784
03-21 21:10:53.066  3073  3073 I BaseKeyboardSizeHelper: BaseKeyboardSizeHelper.calculateMaxKeyboardBodyHeight():73 leave 281 height for app when ime window height:2181, header height:116 and isFullscreenMode:false, so the max keyboard body height is:1784
03-21 21:10:53.068   914   988 E surfaceflinger: == MALI DEBUG ===eglp_winsys_populate_image_templates ==12288
03-21 21:10:53.068  3073  3073 I ProactiveSuggestionsHolderManager: ProactiveSuggestionsHolderManager$displaySuggestionsListener$1.display():211 Requesting to show proactive suggestions: AUTO_FILL PREEMPTIVE_WITH_SUPPRESSION
03-21 21:10:53.073   914   988 E surfaceflinger: == MALI DEBUG ===eglp_winsys_populate_image_templates ==12288
03-21 21:10:53.075   914   988 E surfaceflinger: == MALI DEBUG ===eglp_winsys_populate_image_templates ==12288
03-21 21:10:53.077   914   988 E surfaceflinger: == MALI DEBUG ===eglp_winsys_populate_image_templates ==12288
03-21 21:10:53.079   914   988 E surfaceflinger: == MALI DEBUG ===eglp_winsys_populate_image_templates ==12288
03-21 21:10:53.082   914   988 E surfaceflinger: == MALI DEBUG ===eglp_winsys_populate_image_templates ==12288
03-21 21:10:53.084   914   988 E surfaceflinger: == MALI DEBUG ===eglp_winsys_populate_image_templates ==12288
03-21 21:10:53.085   914   988 E surfaceflinger: == MALI DEBUG ===eglp_winsys_populate_image_templates ==12288
03-21 21:10:53.086   914   988 E surfaceflinger: == MALI DEBUG ===eglp_winsys_populate_image_templates ==12288
03-21 21:10:53.087   914   988 E surfaceflinger: == MALI DEBUG ===eglp_winsys_populate_image_templates ==12288
03-21 21:10:53.090  3073  3073 I KeyboardModeUtils: KeyboardModeUtils.getKeyboardBottomOffset():435 inch: 0.000000 ydpi: 409.127014 adjustKeyboardBottomByDisplaySize: false currentDensityDpi: 420 defaultDensityDpi: 420 keyboardBottomToScreenPx: 0 keyboardBottomToNavBarPx: -126 navBarHeight: 126
03-21 21:10:53.091  3073  3073 I BaseKeyboardSizeHelper: BaseKeyboardSizeHelper.calculateMaxKeyboardBodyHeight():73 leave 281 height for app when ime window height:2181, header height:116 and isFullscreenMode:false, so the max keyboard body height is:1784
03-21 21:10:53.091  3073  3073 I BaseKeyboardSizeHelper: BaseKeyboardSizeHelper.calculateMaxKeyboardBodyHeight():73 leave 281 height for app when ime window height:2181, header height:116 and isFullscreenMode:false, so the max keyboard body height is:1784
03-21 21:10:53.104   625  2778 W libperfmgr: Failed to write to node: /dev/stune/top-app/schedtune.boost with value: 10, fd: -1
03-21 21:10:53.104   625  2778 W libperfmgr: Failed to write to node: /proc/sys/kernel/sched_boost with value: 0, fd: -1
03-21 21:10:53.182   881  2016 I WifiHAL : feature_set=0x8488141a
03-21 21:10:53.183  1587  1927 I HalDevMgr: bestIfaceCreationProposal is null, requestIface=STA, existingIface=[name=wlan0 type=STA]
03-21 21:10:53.203  3073  3073 I KeyboardViewController: KeyboardViewController.showSelfAndAncestors():651 current view doesn't has the priority com.google.android.libraries.inputmethod.accesspoint.widget.AccessPointsBar{9908ac2 I.E...... ......ID 0,0-850,116 #7f0b00a2 app:id/0_resource_name_obfuscated} to show itself, DEFAULT
03-21 21:10:53.246  3073  3073 W TooltipLifecycleManager: TooltipLifecycleManager.dismissTooltips():153 Tooltip with id spell_check_add_to_dictionary not found in tooltipManager.
03-21 21:10:53.274   852  1054 I hwcomposer: [HWC] (0)fire a callback of refresh to SF[4]  
03-21 21:10:53.287   852   992 I hwcomposer: [HWCDisplay] [Display_0 (type:1)] fps:46.618896,dur:1072.53,max:75.01,min:9.31  
03-21 21:10:53.355   625  2778 W libperfmgr: Failed to write to node: /dev/stune/top-app/schedtune.boost with value: 10, fd: -1
03-21 21:10:53.356   625  2778 W libperfmgr: Failed to write to node: /proc/sys/kernel/sched_boost with value: 0, fd: -1
03-21 21:10:53.537   625  2778 W libperfmgr: Failed to write to node: /dev/stune/top-app/schedtune.boost with value: 10, fd: -1
03-21 21:10:53.538   625  2778 W libperfmgr: Failed to write to node: /proc/sys/kernel/sched_boost with value: 0, fd: -1
03-21 21:10:53.602   625  2778 W libperfmgr: Failed to write to node: /dev/stune/top-app/schedtune.boost with value: 10, fd: -1
03-21 21:10:53.603   625  2778 W libperfmgr: Failed to write to node: /proc/sys/kernel/sched_boost with value: 0, fd: -1
03-21 21:10:53.606   852  1054 I hwcomposer: [HWC] (0)fire a callback of refresh to SF[4]  
03-21 21:10:53.613   625  2778 W libperfmgr: Failed to write to node: /dev/stune/top-app/schedtune.boost with value: 10, fd: -1
03-21 21:10:53.614   625  2778 W libperfmgr: Failed to write to node: /proc/sys/kernel/sched_boost with value: 0, fd: -1
03-21 21:10:53.687   625  2778 W libperfmgr: Failed to write to node: /dev/stune/top-app/schedtune.boost with value: 10, fd: -1
03-21 21:10:53.688   625  2778 W libperfmgr: Failed to write to node: /proc/sys/kernel/sched_boost with value: 0, fd: -1
03-21 21:10:53.830   914   988 E surfaceflinger: == MALI DEBUG ===eglp_winsys_populate_image_templates ==12288
03-21 21:10:53.841   625  2778 W libperfmgr: Failed to write to node: /dev/stune/top-app/schedtune.boost with value: 10, fd: -1
03-21 21:10:53.841   625  2778 W libperfmgr: Failed to write to node: /proc/sys/kernel/sched_boost with value: 0, fd: -1
03-21 21:10:53.845   914   988 E surfaceflinger: == MALI DEBUG ===eglp_winsys_populate_image_templates ==12288
03-21 21:10:53.852   914   988 E surfaceflinger: == MALI DEBUG ===eglp_winsys_populate_image_templates ==12288
03-21 21:10:53.863   914   988 E surfaceflinger: == MALI DEBUG ===eglp_winsys_populate_image_templates ==12288
03-21 21:10:53.886  3073  3073 W TooltipLifecycleManager: TooltipLifecycleManager.dismissTooltips():153 Tooltip with id SUGGESTION_VIEW_EDU_MINI_DIALOG not found in tooltipManager.
03-21 21:10:53.887  3073  3568 E BufferQueueProducer: [7d7605c SurfaceView[InputMethod]#175(BLAST Consumer)175](id:c01000000af,api:0,p:-1,c:3073) disconnect: not connected (req=1)
03-21 21:10:53.887  3073  3568 E Surface : [7d7605c SurfaceView[InputMethod]#175(BLAST Consumer)175-DISCONNECTED](id:0) Surface failed to disconnect. Cleaning up internals anyway. Error -19 (NO_INIT).
03-21 21:10:53.887  3073  3568 W libEGL  : EGLNativeWindowType 0xb40000765d3ebc30 disconnect failed
03-21 21:10:53.888  3073  3568 E BufferQueueProducer: [4611ecf SurfaceView[InputMethod]#174(BLAST Consumer)174](id:c01000000ae,api:0,p:-1,c:3073) disconnect: not connected (req=1)
03-21 21:10:53.888  3073  3568 E Surface : [4611ecf SurfaceView[InputMethod]#174(BLAST Consumer)174-DISCONNECTED](id:0) Surface failed to disconnect. Cleaning up internals anyway. Error -19 (NO_INIT).
03-21 21:10:53.888  3073  3568 W libEGL  : EGLNativeWindowType 0xb40000765d33b890 disconnect failed
03-21 21:10:53.889  3073  3568 E BufferQueueProducer: [3a7d32e SurfaceView[InputMethod]#173(BLAST Consumer)173](id:c01000000ad,api:0,p:-1,c:3073) disconnect: not connected (req=1)
03-21 21:10:53.889  3073  3568 E Surface : [3a7d32e SurfaceView[InputMethod]#173(BLAST Consumer)173-DISCONNECTED](id:0) Surface failed to disconnect. Cleaning up internals anyway. Error -19 (NO_INIT).
03-21 21:10:53.889  3073  3568 W libEGL  : EGLNativeWindowType 0xb40000765d360260 disconnect failed
03-21 21:10:53.893  3073  3073 W TooltipLifecycleManager: TooltipLifecycleManager.dismissTooltips():153 Tooltip with id SUGGESTION_VIEW_EDU_MINI_DIALOG not found in tooltipManager.
03-21 21:10:53.900  1587  8923 W PresentationStatsEventLogger: Bad view state for: 1073741824, state: ViewState: [id=1073741855@971235154, state:c008, currentValue:android.view.autofill.AutofillValue@e2c]
03-21 21:10:53.901  3073  3073 I KeyboardModeUtils: KeyboardModeUtils.getKeyboardBottomOffset():435 inch: 0.000000 ydpi: 409.127014 adjustKeyboardBottomByDisplaySize: false currentDensityDpi: 420 defaultDensityDpi: 420 keyboardBottomToScreenPx: 0 keyboardBottomToNavBarPx: -126 navBarHeight: 126
03-21 21:10:53.901  3073  3073 I BaseKeyboardSizeHelper: BaseKeyboardSizeHelper.calculateMaxKeyboardBodyHeight():73 leave 281 height for app when ime window height:2181, header height:116 and isFullscreenMode:false, so the max keyboard body height is:1784
03-21 21:10:53.901  3073  3073 I BaseKeyboardSizeHelper: BaseKeyboardSizeHelper.calculateMaxKeyboardBodyHeight():73 leave 281 height for app when ime window height:2181, header height:116 and isFullscreenMode:false, so the max keyboard body height is:1784
03-21 21:10:53.925   625  2778 W libperfmgr: Failed to write to node: /dev/stune/top-app/schedtune.boost with value: 10, fd: -1
03-21 21:10:53.925   625  2778 W libperfmgr: Failed to write to node: /proc/sys/kernel/sched_boost with value: 0, fd: -1
03-21 21:10:53.928  3073  3073 I KeyboardModeUtils: KeyboardModeUtils.getKeyboardBottomOffset():435 inch: 0.000000 ydpi: 409.127014 adjustKeyboardBottomByDisplaySize: false currentDensityDpi: 420 defaultDensityDpi: 420 keyboardBottomToScreenPx: 0 keyboardBottomToNavBarPx: -126 navBarHeight: 126
03-21 21:10:53.928  3073  3073 I BaseKeyboardSizeHelper: BaseKeyboardSizeHelper.calculateMaxKeyboardBodyHeight():73 leave 281 height for app when ime window height:2181, header height:116 and isFullscreenMode:false, so the max keyboard body height is:1784
03-21 21:10:53.928  3073  3073 I BaseKeyboardSizeHelper: BaseKeyboardSizeHelper.calculateMaxKeyboardBodyHeight():73 leave 281 height for app when ime window height:2181, header height:116 and isFullscreenMode:false, so the max keyboard body height is:1784
03-21 21:10:53.949  3073  3073 E BufferQueueProducer: [b433d0c SurfaceView[InputMethod]#172(BLAST Consumer)172](id:c01000000ac,api:0,p:-1,c:3073) disconnect: not connected (req=2)
03-21 21:10:53.949  3073  3073 E Surface : [b433d0c SurfaceView[InputMethod]#172(BLAST Consumer)172-DISCONNECTED](id:0) Surface failed to disconnect. Cleaning up internals anyway. Error -19 (NO_INIT).
03-21 21:10:53.954  3073  3073 I KeyboardModeUtils: KeyboardModeUtils.getKeyboardBottomOffset():435 inch: 0.000000 ydpi: 409.127014 adjustKeyboardBottomByDisplaySize: false currentDensityDpi: 420 defaultDensityDpi: 420 keyboardBottomToScreenPx: 0 keyboardBottomToNavBarPx: -126 navBarHeight: 126
03-21 21:10:53.954  3073  3073 I BaseKeyboardSizeHelper: BaseKeyboardSizeHelper.calculateMaxKeyboardBodyHeight():73 leave 281 height for app when ime window height:2181, header height:116 and isFullscreenMode:false, so the max keyboard body height is:1784
03-21 21:10:53.954  3073  3073 I BaseKeyboardSizeHelper: BaseKeyboardSizeHelper.calculateMaxKeyboardBodyHeight():73 leave 281 height for app when ime window height:2181, header height:116 and isFullscreenMode:false, so the max keyboard body height is:1784
03-21 21:10:54.037  3073  3073 I KeyboardViewController: KeyboardViewController.showSelfAndAncestors():651 current view doesn't has the priority com.google.android.libraries.inputmethod.accesspoint.widget.AccessPointsBar{9908ac2 I.E...... ......ID 0,0-850,116 #7f0b00a2 app:id/0_resource_name_obfuscated} to show itself, DEFAULT
03-21 21:10:54.054   852  1054 I hwcomposer: [HWC] (0)fire a callback of refresh to SF[4]  
03-21 21:10:54.068   625  2778 W libperfmgr: Failed to write to node: /dev/stune/top-app/schedtune.boost with value: 10, fd: -1
03-21 21:10:54.068   625  2778 W libperfmgr: Failed to write to node: /proc/sys/kernel/sched_boost with value: 0, fd: -1
03-21 21:10:54.079   625  2778 W libperfmgr: Failed to write to node: /dev/stune/top-app/schedtune.boost with value: 10, fd: -1
03-21 21:10:54.079   625  2778 W libperfmgr: Failed to write to node: /proc/sys/kernel/sched_boost with value: 0, fd: -1
03-21 21:10:54.105  1587  2667 W WindowManager: Failed looking up window session=Session{ed8571e 2733:u0a10357} callers=com.android.server.wm.WindowManagerService.removeClientToken:2241 com.android.server.wm.Session.remove:283 android.view.IWindowSession$Stub.onTransact:639 
03-21 21:10:54.110  1587  2667 W WindowManager: Failed looking up window session=Session{ed8571e 2733:u0a10357} callers=com.android.server.wm.WindowManagerService.removeClientToken:2241 com.android.server.wm.Session.remove:283 android.view.IWindowSession$Stub.onTransact:639 
03-21 21:10:54.114  1587  2667 W WindowManager: Failed looking up window session=Session{ed8571e 2733:u0a10357} callers=com.android.server.wm.WindowManagerService.removeClientToken:2241 com.android.server.wm.Session.remove:283 android.view.IWindowSession$Stub.onTransact:639 
03-21 21:10:54.139  3073  3073 W TooltipLifecycleManager: TooltipLifecycleManager.dismissTooltips():153 Tooltip with id SUGGESTION_VIEW_EDU_MINI_DIALOG not found in tooltipManager.
03-21 21:10:54.147  1587  2667 W PresentationStatsEventLogger: Bad view state for: 1073741824, state: ViewState: [id=1073741855@971235154, state:c008, currentValue:android.view.autofill.AutofillValue@1c523]
03-21 21:10:54.162  3073  3073 I KeyboardModeUtils: KeyboardModeUtils.getKeyboardBottomOffset():435 inch: 0.000000 ydpi: 409.127014 adjustKeyboardBottomByDisplaySize: false currentDensityDpi: 420 defaultDensityDpi: 420 keyboardBottomToScreenPx: 0 keyboardBottomToNavBarPx: -126 navBarHeight: 126
03-21 21:10:54.162  3073  3073 I BaseKeyboardSizeHelper: BaseKeyboardSizeHelper.calculateMaxKeyboardBodyHeight():73 leave 281 height for app when ime window height:2181, header height:116 and isFullscreenMode:false, so the max keyboard body height is:1784
03-21 21:10:54.162  3073  3073 I BaseKeyboardSizeHelper: BaseKeyboardSizeHelper.calculateMaxKeyboardBodyHeight():73 leave 281 height for app when ime window height:2181, header height:116 and isFullscreenMode:false, so the max keyboard body height is:1784
03-21 21:10:54.286   852  1054 I hwcomposer: [HWC] (0)fire a callback of refresh to SF[4]  
03-21 21:10:54.302   625  2778 W libperfmgr: Failed to write to node: /dev/stune/top-app/schedtune.boost with value: 10, fd: -1
03-21 21:10:54.303   625  2778 W libperfmgr: Failed to write to node: /proc/sys/kernel/sched_boost with value: 0, fd: -1
03-21 21:10:54.306   852   992 I hwcomposer: [HWCDisplay] [Display_0 (type:1)] fps:27.467480,dur:1019.39,max:256.32,min:6.33  
03-21 21:10:54.313   625  2778 W libperfmgr: Failed to write to node: /dev/stune/top-app/schedtune.boost with value: 10, fd: -1
03-21 21:10:54.313   625  2778 W libperfmgr: Failed to write to node: /proc/sys/kernel/sched_boost with value: 0, fd: -1
03-21 21:10:54.363  3073  3073 W TooltipLifecycleManager: TooltipLifecycleManager.dismissTooltips():153 Tooltip with id SUGGESTION_VIEW_EDU_MINI_DIALOG not found in tooltipManager.
03-21 21:10:54.366   852  1054 I hwcomposer: [HWC] (0)fire a callback of refresh to SF[4]  
03-21 21:10:54.370  1587  2667 W PresentationStatsEventLogger: Bad view state for: 1073741824, state: ViewState: [id=1073741855@971235154, state:c008, currentValue:android.view.autofill.AutofillValue@36eb5a]
03-21 21:10:54.382   625  2778 W libperfmgr: Failed to write to node: /dev/stune/top-app/schedtune.boost with value: 10, fd: -1
03-21 21:10:54.383   625  2778 W libperfmgr: Failed to write to node: /proc/sys/kernel/sched_boost with value: 0, fd: -1
03-21 21:10:54.384  3073  3073 I KeyboardModeUtils: KeyboardModeUtils.getKeyboardBottomOffset():435 inch: 0.000000 ydpi: 409.127014 adjustKeyboardBottomByDisplaySize: false currentDensityDpi: 420 defaultDensityDpi: 420 keyboardBottomToScreenPx: 0 keyboardBottomToNavBarPx: -126 navBarHeight: 126
03-21 21:10:54.384  3073  3073 I BaseKeyboardSizeHelper: BaseKeyboardSizeHelper.calculateMaxKeyboardBodyHeight():73 leave 281 height for app when ime window height:2181, header height:116 and isFullscreenMode:false, so the max keyboard body height is:1784
03-21 21:10:54.384  3073  3073 I BaseKeyboardSizeHelper: BaseKeyboardSizeHelper.calculateMaxKeyboardBodyHeight():73 leave 281 height for app when ime window height:2181, header height:116 and isFullscreenMode:false, so the max keyboard body height is:1784
03-21 21:10:54.389   625  2778 W libperfmgr: Failed to write to node: /dev/stune/top-app/schedtune.boost with value: 10, fd: -1
03-21 21:10:54.390   625  2778 W libperfmgr: Failed to write to node: /proc/sys/kernel/sched_boost with value: 0, fd: -1
03-21 21:10:54.506   852  1054 I hwcomposer: [HWC] (0)fire a callback of refresh to SF[4]  
03-21 21:10:54.513   625  2778 W libperfmgr: Failed to write to node: /dev/stune/top-app/schedtune.boost with value: 10, fd: -1
03-21 21:10:54.513   625  2778 W libperfmgr: Failed to write to node: /proc/sys/kernel/sched_boost with value: 0, fd: -1
03-21 21:10:54.526   625  2778 W libperfmgr: Failed to write to node: /dev/stune/top-app/schedtune.boost with value: 10, fd: -1
03-21 21:10:54.526   625  2778 W libperfmgr: Failed to write to node: /proc/sys/kernel/sched_boost with value: 0, fd: -1
03-21 21:10:54.557  3073  3073 W TooltipLifecycleManager: TooltipLifecycleManager.dismissTooltips():153 Tooltip with id SUGGESTION_VIEW_EDU_MINI_DIALOG not found in tooltipManager.
03-21 21:10:54.564  1587  2667 W PresentationStatsEventLogger: Bad view state for: 1073741824, state: ViewState: [id=1073741855@971235154, state:c008, currentValue:android.view.autofill.AutofillValue@6a68d96]
03-21 21:10:54.565  3073  3073 W TooltipLifecycleManager: TooltipLifecycleManager.dismissTooltips():153 Tooltip with id SUGGESTION_VIEW_EDU_MINI_DIALOG not found in tooltipManager.
03-21 21:10:54.575  3073  3073 I KeyboardModeUtils: KeyboardModeUtils.getKeyboardBottomOffset():435 inch: 0.000000 ydpi: 409.127014 adjustKeyboardBottomByDisplaySize: false currentDensityDpi: 420 defaultDensityDpi: 420 keyboardBottomToScreenPx: 0 keyboardBottomToNavBarPx: -126 navBarHeight: 126
03-21 21:10:54.575  3073  3073 I BaseKeyboardSizeHelper: BaseKeyboardSizeHelper.calculateMaxKeyboardBodyHeight():73 leave 281 height for app when ime window height:2181, header height:116 and isFullscreenMode:false, so the max keyboard body height is:1784
03-21 21:10:54.575  3073  3073 I BaseKeyboardSizeHelper: BaseKeyboardSizeHelper.calculateMaxKeyboardBodyHeight():73 leave 281 height for app when ime window height:2181, header height:116 and isFullscreenMode:false, so the max keyboard body height is:1784
03-21 21:10:54.578   852  1054 I hwcomposer: [HWC] (0)fire a callback of refresh to SF[4]  
03-21 21:10:54.591   625  2778 W libperfmgr: Failed to write to node: /dev/stune/top-app/schedtune.boost with value: 10, fd: -1
03-21 21:10:54.591   625  2778 W libperfmgr: Failed to write to node: /proc/sys/kernel/sched_boost with value: 0, fd: -1
03-21 21:10:54.601   625  2778 W libperfmgr: Failed to write to node: /dev/stune/top-app/schedtune.boost with value: 10, fd: -1
03-21 21:10:54.601   625  2778 W libperfmgr: Failed to write to node: /proc/sys/kernel/sched_boost with value: 0, fd: -1
03-21 21:10:54.686   852  1054 I hwcomposer: [HWC] (0)fire a callback of refresh to SF[4]  
03-21 21:10:54.701   625  2778 W libperfmgr: Failed to write to node: /dev/stune/top-app/schedtune.boost with value: 10, fd: -1
03-21 21:10:54.701   625  2778 W libperfmgr: Failed to write to node: /proc/sys/kernel/sched_boost with value: 0, fd: -1
03-21 21:10:54.712   625  2778 W libperfmgr: Failed to write to node: /dev/stune/top-app/schedtune.boost with value: 10, fd: -1
03-21 21:10:54.712   625  2778 W libperfmgr: Failed to write to node: /proc/sys/kernel/sched_boost with value: 0, fd: -1
03-21 21:10:54.732  3073  3073 W TooltipLifecycleManager: TooltipLifecycleManager.dismissTooltips():153 Tooltip with id SUGGESTION_VIEW_EDU_MINI_DIALOG not found in tooltipManager.
03-21 21:10:54.740  1587  2667 W PresentationStatsEventLogger: Bad view state for: 1073741824, state: ViewState: [id=1073741855@971235154, state:c008, currentValue:android.view.autofill.AutofillValue@d3359ef9]
03-21 21:10:54.752  3073  3073 I KeyboardModeUtils: KeyboardModeUtils.getKeyboardBottomOffset():435 inch: 0.000000 ydpi: 409.127014 adjustKeyboardBottomByDisplaySize: false currentDensityDpi: 420 defaultDensityDpi: 420 keyboardBottomToScreenPx: 0 keyboardBottomToNavBarPx: -126 navBarHeight: 126
03-21 21:10:54.752  3073  3073 I BaseKeyboardSizeHelper: BaseKeyboardSizeHelper.calculateMaxKeyboardBodyHeight():73 leave 281 height for app when ime window height:2181, header height:116 and isFullscreenMode:false, so the max keyboard body height is:1784
03-21 21:10:54.752  3073  3073 I BaseKeyboardSizeHelper: BaseKeyboardSizeHelper.calculateMaxKeyboardBodyHeight():73 leave 281 height for app when ime window height:2181, header height:116 and isFullscreenMode:false, so the max keyboard body height is:1784
03-21 21:10:54.874   852  1054 I hwcomposer: [HWC] (0)fire a callback of refresh to SF[4]  
03-21 21:10:54.883   625  2778 W libperfmgr: Failed to write to node: /dev/stune/top-app/schedtune.boost with value: 10, fd: -1
03-21 21:10:54.884   625  2778 W libperfmgr: Failed to write to node: /proc/sys/kernel/sched_boost with value: 0, fd: -1
03-21 21:10:54.900  3073  3073 I KeyboardModeUtils: KeyboardModeUtils.getKeyboardBottomOffset():435 inch: 0.000000 ydpi: 409.127014 adjustKeyboardBottomByDisplaySize: false currentDensityDpi: 420 defaultDensityDpi: 420 keyboardBottomToScreenPx: 0 keyboardBottomToNavBarPx: -126 navBarHeight: 126
03-21 21:10:54.901  3073  3073 I BaseKeyboardSizeHelper: BaseKeyboardSizeHelper.calculateMaxKeyboardBodyHeight():73 leave 281 height for app when ime window height:2181, header height:116 and isFullscreenMode:false, so the max keyboard body height is:1784
03-21 21:10:54.901  3073  3073 I BaseKeyboardSizeHelper: BaseKeyboardSizeHelper.calculateMaxKeyboardBodyHeight():73 leave 281 height for app when ime window height:2181, header height:116 and isFullscreenMode:false, so the max keyboard body height is:1784
03-21 21:10:54.924   625  2778 W libperfmgr: Failed to write to node: /dev/stune/top-app/schedtune.boost with value: 10, fd: -1
03-21 21:10:54.926   625  2778 W libperfmgr: Failed to write to node: /proc/sys/kernel/sched_boost with value: 0, fd: -1
03-21 21:10:54.986   852  1054 I hwcomposer: [HWC] (0)fire a callback of refresh to SF[4]  
03-21 21:10:55.001   625  2778 W libperfmgr: Failed to write to node: /dev/stune/top-app/schedtune.boost with value: 10, fd: -1
03-21 21:10:55.002   625  2778 W libperfmgr: Failed to write to node: /proc/sys/kernel/sched_boost with value: 0, fd: -1
03-21 21:10:55.067   625  2778 W libperfmgr: Failed to write to node: /dev/stune/top-app/schedtune.boost with value: 10, fd: -1
03-21 21:10:55.067   625  2778 W libperfmgr: Failed to write to node: /proc/sys/kernel/sched_boost with value: 0, fd: -1
03-21 21:10:55.130 31712 31712 I ImeTracker: com.rnat:a104761e: onRequestShow at ORIGIN_CLIENT reason SHOW_SOFT_INPUT fromUser false
03-21 21:10:55.131  1587  2667 W InlineSuggestionFactory: AutofillId=1073741825@971235154 not found in dataset
03-21 21:10:55.131  1587  2667 W InlineSuggestionFactory: AutofillId=1073741825@971235154 not found in dataset
03-21 21:10:55.131  1587  2667 W InlineSuggestionFactory: AutofillId=1073741825@971235154 not found in dataset
03-21 21:10:55.132  1587  2667 I AppsFilter: interaction: PackageSetting{cc7495 com.rnat/10399} -> PackageSetting{70acfd3 com.google.android.inputmethod.latin/10312} BLOCKED
03-21 21:10:55.132  1587  2667 W PresentationStatsEventLogger: Couldn't find packageName: com.google.android.inputmethod.latin
03-21 21:10:55.134 31712 31712 I ImeTracker: com.rnat:a104761e: onCancelled at PHASE_CLIENT_APPLY_ANIMATION
03-21 21:10:55.135  1587  1910 I ImeTracker: com.rnat:7ce0541d: onRequestShow at ORIGIN_SERVER reason ATTACH_NEW_INPUT fromUser false
03-21 21:10:55.135  1587  1910 I ImeTracker: com.rnat:7ce0541d: onCancelled at PHASE_SERVER_ALREADY_VISIBLE
03-21 21:10:55.136  3073  3073 I GoogleInputMethodService: GoogleInputMethodService.onFinishInputView():1602 onFinishInputView(true)
03-21 21:10:55.139  3073  3073 W TooltipLifecycleManager: TooltipLifecycleManager.dismissTooltips():153 Tooltip with id SUGGESTION_VIEW_EDU_MINI_DIALOG not found in tooltipManager.
03-21 21:10:55.139  3073  3073 I GlobeKeyExtension: GlobeKeyExtension.onDeactivate():153 
03-21 21:10:55.140  3073  3073 W TooltipLifecycleManager: TooltipLifecycleManager.dismissTooltips():153 Tooltip with id spell_check_add_to_dictionary not found in tooltipManager.
03-21 21:10:55.140  3073  3073 I VoiceInputManagerWrapper: VoiceInputManagerWrapper.shutdown():131 shutdown()
03-21 21:10:55.141 31712 31712 W RemoteInputConnectionImpl: requestCursorUpdates on inactive InputConnection
03-21 21:10:55.141  3073  3073 I InputBundle: InputBundle.consumeEvent():1041 Skip consuming an event as keyboard status is INACTIVE
03-21 21:10:55.143  3073  3073 I AndroidIME: AbstractIme.onDeactivate():213 LatinIme.onDeactivate()
03-21 21:10:55.145  3073  3073 I PrimesLoggerHolder: FrameMetricServiceImpl.stopAsFuture():213 Measurement not found: OnConfigurationChanged
03-21 21:10:55.146  3073  3073 I GoogleInputMethodService: GoogleInputMethodService.onFinishInput():2114 
03-21 21:10:55.147  3073  3073 I Module  : DeviceLockedStatusModuleProvider$Module.updateDeviceLockedStatus():103 repeatCheckTimes = 0, locked = false
03-21 21:10:55.148  3073  3456 I OnDeviceWmrCalculator: OnDeviceWmrCalculator.calculateWmr():94 WMR: 0.0000 (0 / 2)
03-21 21:10:55.149  3073  3073 I GoogleInputMethodService: GoogleInputMethodService.onStartInput():1385 onStartInput(EditorInfo{EditorInfo{packageName=com.rnat, inputType=4081, inputTypeString=Password[CapSentences], enableLearning=false, autoCorrection=false, autoComplete=true, imeOptions=4000006, privateImeOptions=null, actionName=DONE, actionLabel=null, initialSelStart=10, initialSelEnd=10, initialCapsMode=0, label=null, fieldId=55, fieldName=null, extras=Bundle[mParcelledData.dataSize=404], hintText=non-empty, hintLocales=[]}}, false)
03-21 21:10:55.150  3073  3073 I AndroidIME: LatinIMEBase.updateInputViewCoverNavigation():314 Update input view padding, extendsTouchBelowSpace=true, bottom inset=126
03-21 21:10:55.150  3073  3073 I HardKeyTracker: HardKeyTracker.unregisterKeySequence():229 Unregister key sequence oum{labelResId=0, callback=ctk@aad3b7b, lastModifier=0, keyCodes=[57, 57], actions=[1, 0]}
03-21 21:10:55.151  3073  3073 I HardKeyTracker: HardKeyTracker.unregisterKeySequence():229 Unregister key sequence oum{labelResId=0, callback=ctk@3fd98, lastModifier=0, keyCodes=[58, 58], actions=[1, 0]}
03-21 21:10:55.152  3073  3073 I Module  : DeviceLockedStatusModuleProvider$Module.updateDeviceLockedStatus():103 repeatCheckTimes = 1, locked = false
03-21 21:10:55.153  3073  3073 I GoogleInputMethodService: GoogleInputMethodService.onStartInputView():1473 onStartInputView(EditorInfo{EditorInfo{packageName=com.rnat, inputType=4081, inputTypeString=Password[CapSentences], enableLearning=false, autoCorrection=false, autoComplete=true, imeOptions=4000006, privateImeOptions=null, actionName=DONE, actionLabel=null, initialSelStart=10, initialSelEnd=10, initialCapsMode=0, label=null, fieldId=55, fieldName=null, extras=Bundle[{android.support.text.emoji.emojiCompat_metadataVersion=11, androidx.core.view.inputmethod.EditorInfoCompat.STYLUS_HANDWRITING_ENABLED=false, android.support.text.emoji.emojiCompat_replaceAll=false}], hintText=non-empty, hintLocales=[]}}, false)
03-21 21:10:55.153  3073  3073 I KeyboardHeightUtil: KeyboardHeightUtil.getOemKeyboardHeightRatio():81 systemKeyboardHeightRatio:1.000000.
03-21 21:10:55.153  1587  2667 W PackageConfigPersister: App-specific configuration not found for packageName: com.rnat and userId: 0
03-21 21:10:55.155  3073  3073 W TooltipLifecycleManager: TooltipLifecycleManager.dismissTooltips():153 Tooltip with id SUGGESTION_VIEW_EDU_MINI_DIALOG not found in tooltipManager.
03-21 21:10:55.155  3073  3073 I AndroidIME: InputBundleManager.loadActiveInputBundleId():531 loadActiveInputBundleId: und-Latn-x-password, password
03-21 21:10:55.155  3073  3456 W ModuleManager: ModuleManager.loadModule():634 Module prd is not available
03-21 21:10:55.155  3073  3073 I AndroidIME: AbstractIme.onActivate():95 PasswordIme.onActivate() : EditorInfo = EditorInfo{packageName=com.rnat, inputType=4081, inputTypeString=Password[CapSentences], enableLearning=false, autoCorrection=false, autoComplete=true, imeOptions=4000006, privateImeOptions=null, actionName=DONE, actionLabel=null, initialSelStart=10, initialSelEnd=10, initialCapsMode=0, label=null, fieldId=55, fieldName=null, extras=Bundle[{android.support.text.emoji.emojiCompat_metadataVersion=11, androidx.core.view.inputmethod.EditorInfoCompat.STYLUS_HANDWRITING_ENABLED=false, android.support.text.emoji.emojiCompat_replaceAll=false}], hintText=non-empty, hintLocales=[]}, IncognitoMode = false, DeviceLocked = false
03-21 21:10:55.156  3073  3073 I KeyboardWrapper: KeyboardWrapper.activateKeyboard():582 activateKeyboard(): type=prime, status=INACTIVE, imeDef=nwb{stringId=password, language=und-Latn-x-password, languageTag=und-Latn-x-password, processedConditions={writing_helper_enable_by_word_revert=false, variant=qwerty, true=true, language=en-US, enable_number_row=true, device=phone, enable_number_row_in_password=true, enable_pk_simulator=false}, className=com.google.android.libraries.inputmethod.ime.password.PasswordIme, label=2132019349, keyEventInterpreter=null, inlineComposing=true, autoCapital=true, announceAutoSelectedCandidate=true, statusIcon=0, indicatorIcon=0, indicatorLabel=null, displayAppCompletions=false, extraValues=nvu{}, processors=nxu@f41e8d2, unacceptableMetaKeys=4098, languageSpecificSettings=0, asciiCapable=false, alwaysShowSuggestions=false, useAsciiPasswordKeyboard=false, keyboardGroupDef=nxd@a8a9e11, phenotypeFlagId=0, localizationLanguageTag=null, supportsInlineSuggestion=false}
03-21 21:10:55.156  3073  3073 I KeyboardManager: KeyboardManager.requestKeyboard():249 Creating keyboard prime, imeId=password, cacheKey=theme,!gsf,!pgsans,!pgsf,!use_system_font,BORDER,FLAVOR_DPI=XXHDPI,KEYBOARD_WIDTH_CATEGORY=NORMAL,KEY_BORDER_SHAPE=1,LIGHT_THEME=false,PHYSICAL_DIAGONAL=6.0649586,POPUP,SCREEN_SHORTEST_WIDTH=411,SCREEN_SHORTEST_WIDTH_NO_SCALE=411,SW400DP,XXHDPI,bottom4dp,enable_popup_on_keypress=true,keyboard_redesign_google_sans=true,non_linear_scale,noshadow,overlay_builtin_dynamic_color_dark_base.binarypb:gm3-dark-ff0d0e12-ffb8c6ee-4dd27a30afe06facd02255cbda95da6f,silkpopup
03-21 21:10:55.157  3073  3073 I KeyboardWrapper: KeyboardWrapper.onKeyboardReady():224 onKeyboardReady(): type=prime(prime), kb=com.google.android.apps.inputmethod.latin.keyboard.LatinPasswordKeyboard@69d79ef
03-21 21:10:55.157  3073  3073 I KeyboardWrapper: KeyboardWrapper.doActivateKeyboard():612 doActivateKeyboard(): prime
03-21 21:10:55.167  3073  3073 I BaseKeyboardSizeHelper: BaseKeyboardSizeHelper.calculateMaxKeyboardBodyHeight():73 leave 281 height for app when ime window height:2181, header height:116 and isFullscreenMode:false, so the max keyboard body height is:1784
03-21 21:10:55.168  3073  3073 W TooltipLifecycleManager: TooltipLifecycleManager.dismissTooltips():153 Tooltip with id undo_access_point_promotion_banner not found in tooltipManager.
03-21 21:10:55.169  3073  3073 I KeyboardModeUtils: KeyboardModeUtils.getKeyboardBottomOffset():435 inch: 0.000000 ydpi: 409.127014 adjustKeyboardBottomByDisplaySize: false currentDensityDpi: 420 defaultDensityDpi: 420 keyboardBottomToScreenPx: 0 keyboardBottomToNavBarPx: -126 navBarHeight: 126
03-21 21:10:55.170  3073  3073 I BaseKeyboardSizeHelper: BaseKeyboardSizeHelper.calculateMaxKeyboardBodyHeight():73 leave 281 height for app when ime window height:2181, header height:116 and isFullscreenMode:false, so the max keyboard body height is:1784
03-21 21:10:55.170  3073  3073 I BaseKeyboardSizeHelper: BaseKeyboardSizeHelper.calculateMaxKeyboardBodyHeight():73 leave 281 height for app when ime window height:2181, header height:116 and isFullscreenMode:false, so the max keyboard body height is:1784
03-21 21:10:55.170  3073  3073 I BaseKeyboardSizeHelper: BaseKeyboardSizeHelper.calculateMaxKeyboardBodyHeight():73 leave 281 height for app when ime window height:2181, header height:116 and isFullscreenMode:false, so the max keyboard body height is:1784
03-21 21:10:55.170  3073  3073 I BaseKeyboardSizeHelper: BaseKeyboardSizeHelper.calculateMaxKeyboardBodyHeight():73 leave 281 height for app when ime window height:2181, header height:116 and isFullscreenMode:false, so the max keyboard body height is:1784
03-21 21:10:55.170  3073  3073 I GlobeKeyExtension: GlobeKeyExtension.getKeyboardInitialStates():185 
03-21 21:10:55.171  3073  3073 W Keyboard: Keyboard.getKeyboardViewHelper():604 null helper is returned: keyboardDef=nww{processedConditions={show_comma_key=true, enable_more_candidates_view_for_multilingual=false, layout_9key_split=false, enable_secondary_symbols=false, pref_enable_flick_symbols=false, enable_scrub_move=true, language=en-US, deprecate_long_press_space_for_ime_picker=false, show_suggestion_strip=true, expressions=normal, android_software_xr_api_spatial=false, variant=qwerty, free_cursor=false, show_period_key=true, enable_number_row=true, device=phone, keyboard_mode=normal, show_secondary_digits=false, enable_pk_simulator=false, enable_preemptive_decode=true}, globalConditions={global_theme_key=theme,!gsf,!pgsans,!pgsf,!use_system_font,BORDER,FLAVOR_DPI=XXHDPI,KEYBOARD_WIDTH_CATEGORY=NORMAL,KEY_BORDER_SHAPE=1,LIGHT_THEME=false,PHYSICAL_DIAGONAL=6.0649586,POPUP,SCREEN_SHORTEST_WIDTH=411,SCREEN_SHORTEST_WIDTH_NO_SCALE=411,SW400DP,XXHDPI,bottom4dp,enable_popup_on_keypress=true,keyboard_redesign_google_sans=true,non_linear_scale,noshadow,overlay_builtin_dynamic_color_dark_base.binarypb:gm3-dark-ff0d0e12-ffb8c6ee-4dd27a30afe06facd02255cbda95da6f,silkpopup, global_locale=en_US, global_density_dpi=420, global_orientation=1}, className=.latin.keyboard.LatinPasswordKeyboard, resourceIds=[#0x7f1705f8, #0x7f17088a, #0x7f1706b8], initialStates=0, keyboardViewDefs=[nxl{direction=null, id=#0x7f0b0226, isScalable=true, layoutId=#0x7f0e02b5, type=BODY, touchable=true, defaultShow=true}, nxl{direction=null, id=#0x7f0b0226, isScalable=false, layoutId=#0x7f0e0211, type=FLOATING_CANDIDATES, touchable=false, defaultShow=false}, nxl{direction=LOCALE, id=#0x7f0b0226, isScalable=false, layoutId=#0x7f0e0518, type=HEADER, touchable=true, defaultShow=true}], persistentStates=0, persistentStatesPrefKey=null, popupBubbleLayoutId=#0x7f0e0606, recentKeyLayoutId=#0x0, recentKeyPopupLayoutId=#0x0, recentKeyType=null, rememberRecentKey=NONE, sessionStates=17592186044419}, type=WIDGET, helpersCreated={HEADER=nhw@22b2adc, BODY=nhw@59877e5, FLOATING_CANDIDATES=nhw@69102ba}, context.getResources().getConfiguration(): {1.0 257mcc2mnc [en_US,ru_BY] ldltr sw411dp w411dp h914dp 420dpi nrml long compactNeeded port night finger -keyb/v/h -nav/h winConfig={ mBounds=Rect(0, 0 - 1080, 2400) mAppBounds=Rect(0, 0 - 1080, 2400) mMaxBounds=Rect(0, 0 - 1080, 2400) mDisplayRotation=ROTATION_0 mWindowingMode=fullscreen mActivityType=undefined mAlwaysOnTop=undefined mRotation=ROTATION_0} as.3 s.42 fontWeightAdjustment=0}
03-21 21:10:55.171  3073  3073 I BaseKeyboardSizeHelper: BaseKeyboardSizeHelper.calculateMaxKeyboardBodyHeight():73 leave 281 height for app when ime window height:2181, header height:116 and isFullscreenMode:false, so the max keyboard body height is:1784
03-21 21:10:55.174  3073  3073 I AndroidIME: InputBundleManager.startInput():361 startInput() with nxh[keyboardType=prime, payload=null]
03-21 21:10:55.174  3073  3073 I PkModeUpdater: PkModeUpdater.onActivate():76 onActivate false true
03-21 21:10:55.174  3073  3073 I AccessoryInputModeManager: AccessoryInputModeManager.onModeStarted():324 Accessory input mode started: null
03-21 21:10:55.174  3073  3073 W SupplementaryKeyboardsWrapper: SupplementaryKeyboardsWrapper.deactivateKeyboard():162 keyboard accessory_candidates_consumer is not activated before!
03-21 21:10:55.175  3073  3073 I GlobeKeyExtension: GlobeKeyExtension.onActivate():129 
03-21 21:10:55.176  3073  3073 I KeyboardModeUtils: KeyboardModeUtils.getKeyboardBottomOffset():435 inch: 0.000000 ydpi: 409.127014 adjustKeyboardBottomByDisplaySize: false currentDensityDpi: 420 defaultDensityDpi: 420 keyboardBottomToScreenPx: 0 keyboardBottomToNavBarPx: -126 navBarHeight: 126
03-21 21:10:55.176  3073  3073 I BaseKeyboardSizeHelper: BaseKeyboardSizeHelper.calculateMaxKeyboardBodyHeight():73 leave 281 height for app when ime window height:2181, header height:116 and isFullscreenMode:false, so the max keyboard body height is:1784
03-21 21:10:55.176  3073  3073 I BaseKeyboardSizeHelper: BaseKeyboardSizeHelper.calculateMaxKeyboardBodyHeight():73 leave 281 height for app when ime window height:2181, header height:116 and isFullscreenMode:false, so the max keyboard body height is:1784
03-21 21:10:55.176  3073  3073 I BaseKeyboardSizeHelper: BaseKeyboardSizeHelper.calculateMaxKeyboardBodyHeight():73 leave 281 height for app when ime window height:2181, header height:116 and isFullscreenMode:false, so the max keyboard body height is:1784
03-21 21:10:55.176  3073  3073 I BaseKeyboardSizeHelper: BaseKeyboardSizeHelper.calculateMaxKeyboardBodyHeight():73 leave 281 height for app when ime window height:2181, header height:116 and isFullscreenMode:false, so the max keyboard body height is:1784
03-21 21:10:55.176  3073  3073 W ExtensionWrapper: ExtensionWrapper.setExtensionViewVisibility():876 interface nlm is not activate
03-21 21:10:55.176  3073  3073 I NewLanguagePromptExtension: NewLanguagePromptExtension.onActivate():189 Not activated NewLanguagePromptExtension: not a normal text input box.
03-21 21:10:55.177  3073  3073 I VoiceInputManagerWrapper: VoiceInputManagerWrapper.cancelShutdown():109 cancelShutdown()
03-21 21:10:55.177  3073  3073 I VoiceInputManagerWrapper: VoiceInputManagerWrapper.syncLanguagePacks():121 syncLanguagePacks()
03-21 21:10:55.177  3073  3073 I VoiceInputManager: VoiceInputManager.onKeyboardActivated():1216 onKeyboardActivated() [UD]
03-21 21:10:55.177  3073 12803 I SpeechFactory: SpeechRecognitionFactory.maybeScheduleAutoPackDownloadForFallback():217 maybeScheduleAutoPackDownloadForFallback()
03-21 21:10:55.177  3073  3073 I HardKeyTracker: HardKeyTracker.unregisterKeySequence():229 Unregister key sequence oum{labelResId=2132020519, callback=fdl@b013fcc, lastModifier=2, keyCodes=[56], actions=[0]}
03-21 21:10:55.177  3073 12803 I FallbackOnDeviceRecognitionProvider: FallbackOnDeviceRecognitionProvider.maybeScheduleAutoPackDownload():213 maybeScheduleAutoPackDownload() for language tag en-US
03-21 21:10:55.177  3073  3073 I HardKeyTracker: HardKeyTracker.unregisterKeySequence():229 Unregister key sequence oum{labelResId=2132020519, callback=fdl@4c08215, lastModifier=0, keyCodes=[317], actions=[0]}
03-21 21:10:55.178  3073  3073 I HardKeyTracker: HardKeyTracker.registerKeySequence():178 Register key sequence oum{labelResId=2132020519, callback=fdl@dafc223, lastModifier=2, keyCodes=[56], actions=[0]}
03-21 21:10:55.178  3073  3073 I HardKeyTracker: HardKeyTracker.registerKeySequence():178 Register key sequence oum{labelResId=2132020519, callback=fdl@b0e8320, lastModifier=0, keyCodes=[317], actions=[0]}
03-21 21:10:55.178  3073  3073 W AccessPointsManager: AccessPointsManager.addAccessPoint():1092 The holder controller #0x7f0b2471 is not registered
03-21 21:10:55.179  3073  3073 I Module  : DeviceLockedStatusModuleProvider$Module.updateDeviceLockedStatus():103 repeatCheckTimes = 1, locked = false
03-21 21:10:55.180  3073  3073 I HardKeyTracker: HardKeyTracker.unregisterKeySequence():229 Unregister key sequence oum{labelResId=2132020524, callback=fdl@6e88cb8, lastModifier=2, keyCodes=[32], actions=[0]}
03-21 21:10:55.180  3073  3073 I HardKeyTracker: HardKeyTracker.unregisterKeySequence():229 Unregister key sequence oum{labelResId=2132020524, callback=fdl@a342a91, lastModifier=0, keyCodes=[319], actions=[0]}
03-21 21:10:55.180  3073  3073 I HardKeyTracker: HardKeyTracker.registerKeySequence():178 Register key sequence oum{labelResId=2132020524, callback=fdl@1f11e9e, lastModifier=2, keyCodes=[32], actions=[0]}
03-21 21:10:55.180  3073  3073 I HardKeyTracker: HardKeyTracker.registerKeySequence():178 Register key sequence oum{labelResId=2132020524, callback=fdl@7325d7f, lastModifier=0, keyCodes=[319], actions=[0]}
03-21 21:10:55.182  3073  3073 I HardKeyTracker: HardKeyTracker.unregisterKeySequence():229 Unregister key sequence oum{labelResId=2132020519, callback=fdl@5f5bc64, lastModifier=2, keyCodes=[56], actions=[0]}
03-21 21:10:55.182  3073  3073 I HardKeyTracker: HardKeyTracker.unregisterKeySequence():229 Unregister key sequence oum{labelResId=2132020519, callback=fdl@25fdecd, lastModifier=0, keyCodes=[317], actions=[0]}
03-21 21:10:55.182  3073  3073 I HardKeyTracker: HardKeyTracker.registerKeySequence():178 Register key sequence oum{labelResId=2132020519, callback=fdl@14c86aa, lastModifier=2, keyCodes=[56], actions=[0]}
03-21 21:10:55.182  3073  3073 I HardKeyTracker: HardKeyTracker.registerKeySequence():178 Register key sequence oum{labelResId=2132020519, callback=fdl@19529b, lastModifier=0, keyCodes=[317], actions=[0]}
03-21 21:10:55.183  3073  3073 I HardKeyTracker: HardKeyTracker.unregisterKeySequence():229 Unregister key sequence oum{labelResId=2132020523, callback=fdl@8428382, lastModifier=2, keyCodes=[48], actions=[0]}
03-21 21:10:55.183  3073  3073 I HardKeyTracker: HardKeyTracker.registerKeySequence():178 Register key sequence oum{labelResId=2132020523, callback=fdl@d59638, lastModifier=2, keyCodes=[48], actions=[0]}
03-21 21:10:55.184  3073  3073 I HardKeyTracker: HardKeyTracker.unregisterKeySequence():229 Unregister key sequence oum{labelResId=2132020523, callback=fdl@efca93, lastModifier=2, keyCodes=[48], actions=[0]}
03-21 21:10:55.184  3073  3073 I HardKeyTracker: HardKeyTracker.registerKeySequence():178 Register key sequence oum{labelResId=2132020523, callback=fdl@6063611, lastModifier=2, keyCodes=[48], actions=[0]}
03-21 21:10:55.184  3073  3073 W AccessPointsManager: AccessPointsManager.addAccessPoint():1092 The holder controller #0x7f0b2471 is not registered
03-21 21:10:55.184  3073  3073 I HardKeyTracker: HardKeyTracker.unregisterKeySequence():229 Unregister key sequence oum{labelResId=2132020524, callback=fdl@6843ad0, lastModifier=2, keyCodes=[32], actions=[0]}
03-21 21:10:55.184  3073  3073 I HardKeyTracker: HardKeyTracker.unregisterKeySequence():229 Unregister key sequence oum{labelResId=2132020524, callback=fdl@d189ac9, lastModifier=0, keyCodes=[319], actions=[0]}
03-21 21:10:55.185  3073  3073 I HardKeyTracker: HardKeyTracker.registerKeySequence():178 Register key sequence oum{labelResId=2132020524, callback=fdl@7446376, lastModifier=2, keyCodes=[32], actions=[0]}
03-21 21:10:55.185  3073  3073 I HardKeyTracker: HardKeyTracker.registerKeySequence():178 Register key sequence oum{labelResId=2132020524, callback=fdl@1b07d77, lastModifier=0, keyCodes=[319], actions=[0]}
03-21 21:10:55.185  3073  3073 I StylusModule: StylusModule.onUpdateToolType():774 Update tool type = 1
03-21 21:10:55.199  3073  3073 I GoogleInputMethodService: GoogleInputMethodService$1.onKeyboardViewShown():331 onKeyboardViewShown: keyboardType=prime, keyboardViewType=HEADER keyboardView=com.google.android.libraries.inputmethod.widgets.SoftKeyboardView{f0dbb73 V.E...... ........ 0,0-1080,116}
03-21 21:10:55.199  3073  3073 I BaseKeyboardSizeHelper: BaseKeyboardSizeHelper.calculateMaxKeyboardBodyHeight():73 leave 281 height for app when ime window height:2181, header height:116 and isFullscreenMode:false, so the max keyboard body height is:1784
03-21 21:10:55.200  3073  3073 I GoogleInputMethodService: GoogleInputMethodService$1.onKeyboardViewShown():331 onKeyboardViewShown: keyboardType=prime, keyboardViewType=BODY keyboardView=com.google.android.libraries.inputmethod.widgets.SoftKeyboardView{61c2f8f V.E...... ........ 0,0-1080,764}
03-21 21:10:55.200  3073  3073 I BaseKeyboardSizeHelper: BaseKeyboardSizeHelper.calculateMaxKeyboardBodyHeight():73 leave 281 height for app when ime window height:2181, header height:116 and isFullscreenMode:false, so the max keyboard body height is:1784
03-21 21:10:55.200  3073  3073 I GlobeKeyExtension: GlobeKeyExtension$1.onKeyboardViewShown():76 maybeDisableLanguageSwitchKeyPref when the keyboard is shown
03-21 21:10:55.200  3073  3073 I GlobeKeyExtension: GlobeKeyExtension.maybeDisableLanguageSwitchKeyPref():210 maybeDisableLanguageSwitchKeyPref hasGlobeKeyBeenDisabled: false, shouldDisableLanguageSwitchKey: false
03-21 21:10:55.200  3073  3073 I NewLanguagePromptExtension: NewLanguagePromptExtension$1.onKeyboardViewShown():88 Not show new language banner: not prime keyboard, or the extension not activated.
03-21 21:10:55.201  3073  3073 I KeyboardModeUtils: KeyboardModeUtils.getKeyboardBottomOffset():435 inch: 0.000000 ydpi: 409.127014 adjustKeyboardBottomByDisplaySize: false currentDensityDpi: 420 defaultDensityDpi: 420 keyboardBottomToScreenPx: 0 keyboardBottomToNavBarPx: -126 navBarHeight: 126
03-21 21:10:55.201  3073  3073 I BaseKeyboardSizeHelper: BaseKeyboardSizeHelper.calculateMaxKeyboardBodyHeight():73 leave 281 height for app when ime window height:2181, header height:116 and isFullscreenMode:false, so the max keyboard body height is:1784
03-21 21:10:55.201  3073  3073 I BaseKeyboardSizeHelper: BaseKeyboardSizeHelper.calculateMaxKeyboardBodyHeight():73 leave 281 height for app when ime window height:2181, header height:116 and isFullscreenMode:false, so the max keyboard body height is:1784
03-21 21:10:55.211  1587  1657 I ImeTracker: system_server:3eda2f4e: onRequestShow at ORIGIN_SERVER reason CONTROLS_CHANGED fromUser false
03-21 21:10:55.215 31712 31712 I ImeTracker: system_server:3eda2f4e: onCancelled at PHASE_CLIENT_ON_CONTROLS_CHANGED
03-21 21:10:55.218  3073  3073 I KeyboardModeUtils: KeyboardModeUtils.getKeyboardBottomOffset():435 inch: 0.000000 ydpi: 409.127014 adjustKeyboardBottomByDisplaySize: false currentDensityDpi: 420 defaultDensityDpi: 420 keyboardBottomToScreenPx: 0 keyboardBottomToNavBarPx: -126 navBarHeight: 126
03-21 21:10:55.218  3073  3073 I BaseKeyboardSizeHelper: BaseKeyboardSizeHelper.calculateMaxKeyboardBodyHeight():73 leave 281 height for app when ime window height:2181, header height:116 and isFullscreenMode:false, so the max keyboard body height is:1784
03-21 21:10:55.218  3073  3073 I BaseKeyboardSizeHelper: BaseKeyboardSizeHelper.calculateMaxKeyboardBodyHeight():73 leave 281 height for app when ime window height:2181, header height:116 and isFullscreenMode:false, so the max keyboard body height is:1784
03-21 21:10:55.330   852  1054 I hwcomposer: [HWC] (0)fire a callback of refresh to SF[4]  
03-21 21:10:55.345   625  2778 W libperfmgr: Failed to write to node: /dev/stune/top-app/schedtune.boost with value: 10, fd: -1
03-21 21:10:55.345   625  2778 W libperfmgr: Failed to write to node: /proc/sys/kernel/sched_boost with value: 0, fd: -1
03-21 21:10:55.350   852   992 I hwcomposer: [HWCDisplay] [Display_0 (type:1)] fps:25.855911,dur:1044.25,max:151.34,min:5.33  
03-21 21:10:55.411   625  2778 W libperfmgr: Failed to write to node: /dev/stune/top-app/schedtune.boost with value: 10, fd: -1
03-21 21:10:55.411   625  2778 W libperfmgr: Failed to write to node: /proc/sys/kernel/sched_boost with value: 0, fd: -1
03-21 21:10:55.718   852  1054 I hwcomposer: [HWC] (0)fire a callback of refresh to SF[4]  
03-21 21:10:55.723   625  2778 W libperfmgr: Failed to write to node: /dev/stune/top-app/schedtune.boost with value: 10, fd: -1
03-21 21:10:55.723   625  2778 W libperfmgr: Failed to write to node: /proc/sys/kernel/sched_boost with value: 0, fd: -1
03-21 21:10:55.799   625  2778 W libperfmgr: Failed to write to node: /dev/stune/top-app/schedtune.boost with value: 10, fd: -1
03-21 21:10:55.799   625  2778 W libperfmgr: Failed to write to node: /proc/sys/kernel/sched_boost with value: 0, fd: -1
03-21 21:10:56.197   881  2016 I WifiHAL : feature_set=0x8488141a
03-21 21:10:56.198  1587  1927 I HalDevMgr: bestIfaceCreationProposal is null, requestIface=STA, existingIface=[name=wlan0 type=STA]
03-21 21:10:56.218   852  1054 I hwcomposer: [HWC] (0)fire a callback of refresh to SF[4]  
03-21 21:10:56.223   625  2778 W libperfmgr: Failed to write to node: /dev/stune/top-app/schedtune.boost with value: 10, fd: -1
03-21 21:10:56.223   625  2778 W libperfmgr: Failed to write to node: /proc/sys/kernel/sched_boost with value: 0, fd: -1
03-21 21:10:56.299   625  2778 W libperfmgr: Failed to write to node: /dev/stune/top-app/schedtune.boost with value: 10, fd: -1
03-21 21:10:56.299   625  2778 W libperfmgr: Failed to write to node: /proc/sys/kernel/sched_boost with value: 0, fd: -1
03-21 21:10:56.357   852   992 I hwcomposer: [HWCDisplay] [Display_0 (type:1)] fps:5.958416,dur:1006.98,max:429.45,min:11.09  
03-21 21:10:56.418   852  1054 I hwcomposer: [HWC] (0)fire a callback of refresh to SF[4]  
03-21 21:10:56.423   625  2778 W libperfmgr: Failed to write to node: /dev/stune/top-app/schedtune.boost with value: 10, fd: -1
03-21 21:10:56.423   625  2778 W libperfmgr: Failed to write to node: /proc/sys/kernel/sched_boost with value: 0, fd: -1
03-21 21:10:56.500   625  2778 W libperfmgr: Failed to write to node: /dev/stune/top-app/schedtune.boost with value: 10, fd: -1
03-21 21:10:56.500   625  2778 W libperfmgr: Failed to write to node: /proc/sys/kernel/sched_boost with value: 0, fd: -1
03-21 21:10:56.718   852  1054 I hwcomposer: [HWC] (0)fire a callback of refresh to SF[4]  
03-21 21:10:56.721  3073  3073 W TooltipLifecycleManager: TooltipLifecycleManager.dismissTooltips():153 Tooltip with id SUGGESTION_VIEW_EDU_MINI_DIALOG not found in tooltipManager.
03-21 21:10:56.722   625  2778 W libperfmgr: Failed to write to node: /dev/stune/top-app/schedtune.boost with value: 10, fd: -1
03-21 21:10:56.722   625  2778 W libperfmgr: Failed to write to node: /proc/sys/kernel/sched_boost with value: 0, fd: -1
03-21 21:10:56.726  1587  2667 W PresentationStatsEventLogger: Bad view state for: 1073741825, state: ViewState: [id=1073741856@971235154, state:c008, currentValue:android.view.autofill.AutofillValue@275f2195]
03-21 21:10:56.745   625  2778 W libperfmgr: Failed to write to node: /dev/stune/top-app/schedtune.boost with value: 10, fd: -1
03-21 21:10:56.745   625  2778 W libperfmgr: Failed to write to node: /proc/sys/kernel/sched_boost with value: 0, fd: -1
03-21 21:10:56.773  3073  3073 W TooltipLifecycleManager: TooltipLifecycleManager.dismissTooltips():153 Tooltip with id SUGGESTION_VIEW_EDU_MINI_DIALOG not found in tooltipManager.
03-21 21:10:56.794  1587  2667 W PresentationStatsEventLogger: Bad view state for: 1073741825, state: ViewState: [id=1073741856@971235154, state:c008, currentValue:android.view.autofill.AutofillValue@9e2c5bb7]
03-21 21:10:56.825  3073  3073 W TooltipLifecycleManager: TooltipLifecycleManager.dismissTooltips():153 Tooltip with id SUGGESTION_VIEW_EDU_MINI_DIALOG not found in tooltipManager.
03-21 21:10:56.840  1587  2667 W PresentationStatsEventLogger: Bad view state for: 1073741825, state: ViewState: [id=1073741856@971235154, state:c008, currentValue:android.view.autofill.AutofillValue@159e5554]
03-21 21:10:56.876  3073  3073 W TooltipLifecycleManager: TooltipLifecycleManager.dismissTooltips():153 Tooltip with id SUGGESTION_VIEW_EDU_MINI_DIALOG not found in tooltipManager.
03-21 21:10:56.879  1587  2667 W PresentationStatsEventLogger: Bad view state for: 1073741825, state: ViewState: [id=1073741856@971235154, state:c008, currentValue:android.view.autofill.AutofillValue@d768341b]
03-21 21:10:56.927  3073  3073 W TooltipLifecycleManager: TooltipLifecycleManager.dismissTooltips():153 Tooltip with id SUGGESTION_VIEW_EDU_MINI_DIALOG not found in tooltipManager.
03-21 21:10:56.931  1587  2260 W PresentationStatsEventLogger: Bad view state for: 1073741825, state: ViewState: [id=1073741856@971235154, state:c008, currentValue:android.view.autofill.AutofillValue@8b13e046]
03-21 21:10:56.979  3073  3073 W TooltipLifecycleManager: TooltipLifecycleManager.dismissTooltips():153 Tooltip with id SUGGESTION_VIEW_EDU_MINI_DIALOG not found in tooltipManager.
03-21 21:10:56.983  1587  2260 W PresentationStatsEventLogger: Bad view state for: 1073741825, state: ViewState: [id=1073741856@971235154, state:c008, currentValue:android.view.autofill.AutofillValue@47c82a8]
03-21 21:10:57.030  3073  3073 W TooltipLifecycleManager: TooltipLifecycleManager.dismissTooltips():153 Tooltip with id SUGGESTION_VIEW_EDU_MINI_DIALOG not found in tooltipManager.
03-21 21:10:57.035  1587  2667 W PresentationStatsEventLogger: Bad view state for: 1073741825, state: ViewState: [id=1073741856@971235154, state:c008, currentValue:android.view.autofill.AutofillValue@250c11]
03-21 21:10:57.082  3073  3073 W TooltipLifecycleManager: TooltipLifecycleManager.dismissTooltips():153 Tooltip with id SUGGESTION_VIEW_EDU_MINI_DIALOG not found in tooltipManager.
03-21 21:10:57.087  1587  2260 W PresentationStatsEventLogger: Bad view state for: 1073741825, state: ViewState: [id=1073741856@971235154, state:c008, currentValue:android.view.autofill.AutofillValue@13186]
03-21 21:10:57.132  3073  3073 W TooltipLifecycleManager: TooltipLifecycleManager.dismissTooltips():153 Tooltip with id SUGGESTION_VIEW_EDU_MINI_DIALOG not found in tooltipManager.
03-21 21:10:57.137  1587  2260 W PresentationStatsEventLogger: Bad view state for: 1073741825, state: ViewState: [id=1073741856@971235154, state:c008, currentValue:android.view.autofill.AutofillValue@973]
03-21 21:10:57.160  2458 32350 I NearbyPresence: (REDACTED) %s verified [==] new request %s equals to the old request
03-21 21:10:57.187  1587  2260 W PresentationStatsEventLogger: Bad view state for: 1073741825, state: ViewState: [id=1073741856@971235154, state:c008, currentValue:android.view.autofill.AutofillValue@1]
03-21 21:10:57.209  3073  3073 I KeyboardModeUtils: KeyboardModeUtils.getKeyboardBottomOffset():435 inch: 0.000000 ydpi: 409.127014 adjustKeyboardBottomByDisplaySize: false currentDensityDpi: 420 defaultDensityDpi: 420 keyboardBottomToScreenPx: 0 keyboardBottomToNavBarPx: -126 navBarHeight: 126
03-21 21:10:57.209  3073  3073 I BaseKeyboardSizeHelper: BaseKeyboardSizeHelper.calculateMaxKeyboardBodyHeight():73 leave 281 height for app when ime window height:2181, header height:116 and isFullscreenMode:false, so the max keyboard body height is:1784
03-21 21:10:57.209  3073  3073 I BaseKeyboardSizeHelper: BaseKeyboardSizeHelper.calculateMaxKeyboardBodyHeight():73 leave 281 height for app when ime window height:2181, header height:116 and isFullscreenMode:false, so the max keyboard body height is:1784
03-21 21:10:57.216  1587  2260 W WindowManager: Requires INTERNAL_SYSTEM_WINDOW permission if assign type to input. New type will be 0.
03-21 21:10:57.224  3073  3073 I ProactiveSuggestionsHolderManager: ProactiveSuggestionsHolderManager$displaySuggestionsListener$1.display():211 Requesting to show proactive suggestions: AUTO_FILL PREEMPTIVE_WITH_SUPPRESSION
03-21 21:10:57.235   914   988 E surfaceflinger: == MALI DEBUG ===eglp_winsys_populate_image_templates ==12288
03-21 21:10:57.237   914   988 E surfaceflinger: == MALI DEBUG ===eglp_winsys_populate_image_templates ==12288
03-21 21:10:57.239  3073  3073 I KeyboardModeUtils: KeyboardModeUtils.getKeyboardBottomOffset():435 inch: 0.000000 ydpi: 409.127014 adjustKeyboardBottomByDisplaySize: false currentDensityDpi: 420 defaultDensityDpi: 420 keyboardBottomToScreenPx: 0 keyboardBottomToNavBarPx: -126 navBarHeight: 126
03-21 21:10:57.239  3073  3073 I BaseKeyboardSizeHelper: BaseKeyboardSizeHelper.calculateMaxKeyboardBodyHeight():73 leave 281 height for app when ime window height:2181, header height:116 and isFullscreenMode:false, so the max keyboard body height is:1784
03-21 21:10:57.239  3073  3073 I BaseKeyboardSizeHelper: BaseKeyboardSizeHelper.calculateMaxKeyboardBodyHeight():73 leave 281 height for app when ime window height:2181, header height:116 and isFullscreenMode:false, so the max keyboard body height is:1784
03-21 21:10:57.241   914   988 E surfaceflinger: == MALI DEBUG ===eglp_winsys_populate_image_templates ==12288
03-21 21:10:57.245   625  2778 W libperfmgr: Failed to write to node: /dev/stune/top-app/schedtune.boost with value: 10, fd: -1
03-21 21:10:57.245   625  2778 W libperfmgr: Failed to write to node: /proc/sys/kernel/sched_boost with value: 0, fd: -1
03-21 21:10:57.252   914   988 E surfaceflinger: == MALI DEBUG ===eglp_winsys_populate_image_templates ==12288
03-21 21:10:57.259   625  2778 W libperfmgr: Failed to write to node: /dev/stune/top-app/schedtune.boost with value: 10, fd: -1
03-21 21:10:57.259   625  2778 W libperfmgr: Failed to write to node: /proc/sys/kernel/sched_boost with value: 0, fd: -1
03-21 21:10:57.263   914   988 E surfaceflinger: == MALI DEBUG ===eglp_winsys_populate_image_templates ==12288
03-21 21:10:57.336   625  2778 W libperfmgr: Failed to write to node: /dev/stune/top-app/schedtune.boost with value: 10, fd: -1
03-21 21:10:57.336   625  2778 W libperfmgr: Failed to write to node: /proc/sys/kernel/sched_boost with value: 0, fd: -1
03-21 21:10:57.387   852  1054 I hwcomposer: [HWC] (0)fire a callback of refresh to SF[4]  
03-21 21:10:57.401   625  2778 W libperfmgr: Failed to write to node: /dev/stune/top-app/schedtune.boost with value: 10, fd: -1
03-21 21:10:57.401   625  2778 W libperfmgr: Failed to write to node: /proc/sys/kernel/sched_boost with value: 0, fd: -1
03-21 21:10:57.407   852   992 I hwcomposer: [HWCDisplay] [Display_0 (type:1)] fps:34.309391,dur:1049.28,max:229.12,min:9.46  
03-21 21:10:57.468   625  2778 W libperfmgr: Failed to write to node: /dev/stune/top-app/schedtune.boost with value: 10, fd: -1
03-21 21:10:57.468   625  2778 W libperfmgr: Failed to write to node: /proc/sys/kernel/sched_boost with value: 0, fd: -1
03-21 21:10:57.603   594   447 I keystore2: system/security/keystore2/watchdog/src/lib.rs:371 - Watchdog thread idle -> terminating. Have a great day.
03-21 21:10:57.649   576   576 W libbinder.BackendUnifiedServiceManager: Thread Pool max thread count is 0. Cannot cache binder as linkToDeath cannot be implemented. serviceName: deviceidle
03-21 21:10:57.667   581   581 W libbinder.BackendUnifiedServiceManager: Thread Pool max thread count is 0. Cannot cache binder as linkToDeath cannot be implemented. serviceName: battery
03-21 21:10:57.696   583   583 W libbinder.BackendUnifiedServiceManager: Thread Pool max thread count is 0. Cannot cache binder as linkToDeath cannot be implemented. serviceName: deviceidle
03-21 21:10:57.728   590   590 W libbinder.BackendUnifiedServiceManager: Thread Pool max thread count is 0. Cannot cache binder as linkToDeath cannot be implemented. serviceName: activity
03-21 21:10:57.728  3073  3073 I KeyboardModeUtils: KeyboardModeUtils.getKeyboardBottomOffset():435 inch: 0.000000 ydpi: 409.127014 adjustKeyboardBottomByDisplaySize: false currentDensityDpi: 420 defaultDensityDpi: 420 keyboardBottomToScreenPx: 0 keyboardBottomToNavBarPx: -126 navBarHeight: 126
03-21 21:10:57.728  3073  3073 I BaseKeyboardSizeHelper: BaseKeyboardSizeHelper.calculateMaxKeyboardBodyHeight():73 leave 281 height for app when ime window height:2181, header height:116 and isFullscreenMode:false, so the max keyboard body height is:1784
03-21 21:10:57.729  3073  3073 I BaseKeyboardSizeHelper: BaseKeyboardSizeHelper.calculateMaxKeyboardBodyHeight():73 leave 281 height for app when ime window height:2181, header height:116 and isFullscreenMode:false, so the max keyboard body height is:1784
03-21 21:10:57.734  1587  2667 I ImeTracker: system_server:f5a3a58c: onRequestShow at ORIGIN_SERVER reason CONTROLS_CHANGED fromUser false
03-21 21:10:57.784   613   613 W libbinder.BackendUnifiedServiceManager: Thread Pool max thread count is 0. Cannot cache binder as linkToDeath cannot be implemented. serviceName: battery
03-21 21:10:57.817  1587  2667 W ProcessStats: Tracking association SourceState{fef746c com.google.android.inputmethod.latin/10312 BFgs #18927} whose proc state 4 is better than process ProcessState{b944812 com.google.android.gms/10300 pkg=com.google.android.gms} proc state 14 (222 skipped)
03-21 21:10:57.818   852  1054 I hwcomposer: [HWC] (0)fire a callback of refresh to SF[4]  
03-21 21:10:57.826   625  2778 W libperfmgr: Failed to write to node: /dev/stune/top-app/schedtune.boost with value: 10, fd: -1
03-21 21:10:57.826   625  2778 W libperfmgr: Failed to write to node: /proc/sys/kernel/sched_boost with value: 0, fd: -1
03-21 21:10:57.899   625  2778 W libperfmgr: Failed to write to node: /dev/stune/top-app/schedtune.boost with value: 10, fd: -1
03-21 21:10:57.899   625  2778 W libperfmgr: Failed to write to node: /proc/sys/kernel/sched_boost with value: 0, fd: -1
03-21 21:10:57.994   914   988 E surfaceflinger: == MALI DEBUG ===eglp_winsys_populate_image_templates ==12288
03-21 21:10:58.009   914   988 E surfaceflinger: == MALI DEBUG ===eglp_winsys_populate_image_templates ==12288
03-21 21:10:58.013   625  2778 W libperfmgr: Failed to write to node: /dev/stune/top-app/schedtune.boost with value: 10, fd: -1
03-21 21:10:58.013   625  2778 W libperfmgr: Failed to write to node: /proc/sys/kernel/sched_boost with value: 0, fd: -1
03-21 21:10:58.017   914   988 E surfaceflinger: == MALI DEBUG ===eglp_winsys_populate_image_templates ==12288
03-21 21:10:58.028   914   988 E surfaceflinger: == MALI DEBUG ===eglp_winsys_populate_image_templates ==12288
03-21 21:10:58.047  3073  3073 W TooltipLifecycleManager: TooltipLifecycleManager.dismissTooltips():153 Tooltip with id SUGGESTION_VIEW_EDU_MINI_DIALOG not found in tooltipManager.
03-21 21:10:58.049  3073  3568 E BufferQueueProducer: [8634e05 SurfaceView[InputMethod]#179(BLAST Consumer)179](id:c01000000b3,api:0,p:-1,c:3073) disconnect: not connected (req=1)
03-21 21:10:58.049  3073  3568 E Surface : [8634e05 SurfaceView[InputMethod]#179(BLAST Consumer)179-DISCONNECTED](id:0) Surface failed to disconnect. Cleaning up internals anyway. Error -19 (NO_INIT).
03-21 21:10:58.049  3073  3568 W libEGL  : EGLNativeWindowType 0xb40000765d493f10 disconnect failed
03-21 21:10:58.050  3073  3073 W TooltipLifecycleManager: TooltipLifecycleManager.dismissTooltips():153 Tooltip with id SUGGESTION_VIEW_EDU_MINI_DIALOG not found in tooltipManager.
03-21 21:10:58.057  1587  2667 W PresentationStatsEventLogger: Bad view state for: 1073741825, state: ViewState: [id=1073741856@971235154, state:c008, currentValue:android.view.autofill.AutofillValue@d91]
03-21 21:10:58.059  3073  3073 I KeyboardModeUtils: KeyboardModeUtils.getKeyboardBottomOffset():435 inch: 0.000000 ydpi: 409.127014 adjustKeyboardBottomByDisplaySize: false currentDensityDpi: 420 defaultDensityDpi: 420 keyboardBottomToScreenPx: 0 keyboardBottomToNavBarPx: -126 navBarHeight: 126
03-21 21:10:58.060  3073  3073 I BaseKeyboardSizeHelper: BaseKeyboardSizeHelper.calculateMaxKeyboardBodyHeight():73 leave 281 height for app when ime window height:2181, header height:116 and isFullscreenMode:false, so the max keyboard body height is:1784
03-21 21:10:58.060  3073  3073 I BaseKeyboardSizeHelper: BaseKeyboardSizeHelper.calculateMaxKeyboardBodyHeight():73 leave 281 height for app when ime window height:2181, header height:116 and isFullscreenMode:false, so the max keyboard body height is:1784
03-21 21:10:58.070  3073  3073 W TooltipLifecycleManager: TooltipLifecycleManager.dismissTooltips():153 Tooltip with id SUGGESTION_VIEW_EDU_MINI_DIALOG not found in tooltipManager.
03-21 21:10:58.079   625  2778 W libperfmgr: Failed to write to node: /dev/stune/top-app/schedtune.boost with value: 10, fd: -1
03-21 21:10:58.079   625  2778 W libperfmgr: Failed to write to node: /proc/sys/kernel/sched_boost with value: 0, fd: -1
03-21 21:10:58.083  3073  3073 I KeyboardModeUtils: KeyboardModeUtils.getKeyboardBottomOffset():435 inch: 0.000000 ydpi: 409.127014 adjustKeyboardBottomByDisplaySize: false currentDensityDpi: 420 defaultDensityDpi: 420 keyboardBottomToScreenPx: 0 keyboardBottomToNavBarPx: -126 navBarHeight: 126
03-21 21:10:58.083  3073  3073 I BaseKeyboardSizeHelper: BaseKeyboardSizeHelper.calculateMaxKeyboardBodyHeight():73 leave 281 height for app when ime window height:2181, header height:116 and isFullscreenMode:false, so the max keyboard body height is:1784
03-21 21:10:58.083  3073  3073 I BaseKeyboardSizeHelper: BaseKeyboardSizeHelper.calculateMaxKeyboardBodyHeight():73 leave 281 height for app when ime window height:2181, header height:116 and isFullscreenMode:false, so the max keyboard body height is:1784
03-21 21:10:58.105  3073  3073 E BufferQueueProducer: [8aa0d10 SurfaceView[InputMethod]#178(BLAST Consumer)178](id:c01000000b2,api:0,p:-1,c:3073) disconnect: not connected (req=2)
03-21 21:10:58.105  3073  3073 E Surface : [8aa0d10 SurfaceView[InputMethod]#178(BLAST Consumer)178-DISCONNECTED](id:0) Surface failed to disconnect. Cleaning up internals anyway. Error -19 (NO_INIT).
03-21 21:10:58.116  3073  3073 I KeyboardModeUtils: KeyboardModeUtils.getKeyboardBottomOffset():435 inch: 0.000000 ydpi: 409.127014 adjustKeyboardBottomByDisplaySize: false currentDensityDpi: 420 defaultDensityDpi: 420 keyboardBottomToScreenPx: 0 keyboardBottomToNavBarPx: -126 navBarHeight: 126
03-21 21:10:58.116  3073  3073 I BaseKeyboardSizeHelper: BaseKeyboardSizeHelper.calculateMaxKeyboardBodyHeight():73 leave 281 height for app when ime window height:2181, header height:116 and isFullscreenMode:false, so the max keyboard body height is:1784
03-21 21:10:58.116  3073  3073 I BaseKeyboardSizeHelper: BaseKeyboardSizeHelper.calculateMaxKeyboardBodyHeight():73 leave 281 height for app when ime window height:2181, header height:116 and isFullscreenMode:false, so the max keyboard body height is:1784
03-21 21:10:58.205  3073  3073 I KeyboardModeUtils: KeyboardModeUtils.getKeyboardBottomOffset():435 inch: 0.000000 ydpi: 409.127014 adjustKeyboardBottomByDisplaySize: false currentDensityDpi: 420 defaultDensityDpi: 420 keyboardBottomToScreenPx: 0 keyboardBottomToNavBarPx: -126 navBarHeight: 126
03-21 21:10:58.205  3073  3073 I BaseKeyboardSizeHelper: BaseKeyboardSizeHelper.calculateMaxKeyboardBodyHeight():73 leave 281 height for app when ime window height:2181, header height:116 and isFullscreenMode:false, so the max keyboard body height is:1784
03-21 21:10:58.205  3073  3073 I BaseKeyboardSizeHelper: BaseKeyboardSizeHelper.calculateMaxKeyboardBodyHeight():73 leave 281 height for app when ime window height:2181, header height:116 and isFullscreenMode:false, so the max keyboard body height is:1784
03-21 21:10:58.210   852  1054 I hwcomposer: [HWC] (0)fire a callback of refresh to SF[4]  
03-21 21:10:58.223   625  2778 W libperfmgr: Failed to write to node: /dev/stune/top-app/schedtune.boost with value: 10, fd: -1
03-21 21:10:58.223   625  2778 W libperfmgr: Failed to write to node: /proc/sys/kernel/sched_boost with value: 0, fd: -1
03-21 21:10:58.264  1587  2667 W WindowManager: Failed looking up window session=Session{ed8571e 2733:u0a10357} callers=com.android.server.wm.WindowManagerService.removeClientToken:2241 com.android.server.wm.Session.remove:283 android.view.IWindowSession$Stub.onTransact:639 
03-21 21:10:58.281   625  2778 W libperfmgr: Failed to write to node: /dev/stune/top-app/schedtune.boost with value: 10, fd: -1
03-21 21:10:58.281   625  2778 W libperfmgr: Failed to write to node: /proc/sys/kernel/sched_boost with value: 0, fd: -1
03-21 21:10:58.312  3073  3073 W TooltipLifecycleManager: TooltipLifecycleManager.dismissTooltips():153 Tooltip with id SUGGESTION_VIEW_EDU_MINI_DIALOG not found in tooltipManager.
03-21 21:10:58.320  1587  2667 W PresentationStatsEventLogger: Bad view state for: 1073741825, state: ViewState: [id=1073741856@971235154, state:c008, currentValue:android.view.autofill.AutofillValue@1b030]
03-21 21:10:58.450   852  1054 I hwcomposer: [HWC] (0)fire a callback of refresh to SF[4]  
03-21 21:10:58.455   625  2778 W libperfmgr: Failed to write to node: /dev/stune/top-app/schedtune.boost with value: 10, fd: -1
03-21 21:10:58.455   625  2778 W libperfmgr: Failed to write to node: /proc/sys/kernel/sched_boost with value: 0, fd: -1
03-21 21:10:58.461   852   992 I hwcomposer: [HWCDisplay] [Display_0 (type:1)] fps:28.468311,dur:1053.80,max:283.46,min:8.28  
03-21 21:10:58.531   625  2778 W libperfmgr: Failed to write to node: /dev/stune/top-app/schedtune.boost with value: 10, fd: -1
03-21 21:10:58.532   625  2778 W libperfmgr: Failed to write to node: /proc/sys/kernel/sched_boost with value: 0, fd: -1
03-21 21:10:58.654   852  1054 I hwcomposer: [HWC] (0)fire a callback of refresh to SF[4]  
03-21 21:10:58.657  3073  3073 W TooltipLifecycleManager: TooltipLifecycleManager.dismissTooltips():153 Tooltip with id SUGGESTION_VIEW_EDU_MINI_DIALOG not found in tooltipManager.
03-21 21:10:58.661  1587  2667 W PresentationStatsEventLogger: Bad view state for: 1073741825, state: ViewState: [id=1073741856@971235154, state:c008, currentValue:android.view.autofill.AutofillValue@34639f]
03-21 21:10:58.666   625  2778 W libperfmgr: Failed to write to node: /dev/stune/top-app/schedtune.boost with value: 10, fd: -1
03-21 21:10:58.666   625  2778 W libperfmgr: Failed to write to node: /proc/sys/kernel/sched_boost with value: 0, fd: -1
03-21 21:10:58.677   625  2778 W libperfmgr: Failed to write to node: /dev/stune/top-app/schedtune.boost with value: 10, fd: -1
03-21 21:10:58.677   625  2778 W libperfmgr: Failed to write to node: /proc/sys/kernel/sched_boost with value: 0, fd: -1
03-21 21:10:58.786   852  1054 I hwcomposer: [HWC] (0)fire a callback of refresh to SF[4]  
03-21 21:10:58.800   625  2778 W libperfmgr: Failed to write to node: /dev/stune/top-app/schedtune.boost with value: 10, fd: -1
03-21 21:10:58.800   625  2778 W libperfmgr: Failed to write to node: /proc/sys/kernel/sched_boost with value: 0, fd: -1
03-21 21:10:58.867   625  2778 W libperfmgr: Failed to write to node: /dev/stune/top-app/schedtune.boost with value: 10, fd: -1
03-21 21:10:58.868   625  2778 W libperfmgr: Failed to write to node: /proc/sys/kernel/sched_boost with value: 0, fd: -1
03-21 21:10:58.934  3073  3073 W TooltipLifecycleManager: TooltipLifecycleManager.dismissTooltips():153 Tooltip with id SUGGESTION_VIEW_EDU_MINI_DIALOG not found in tooltipManager.
03-21 21:10:58.942  1587  2667 W PresentationStatsEventLogger: Bad view state for: 1073741825, state: ViewState: [id=1073741856@971235154, state:c008, currentValue:android.view.autofill.AutofillValue@6581e8c]
03-21 21:10:59.088  3073  3073 W TooltipLifecycleManager: TooltipLifecycleManager.dismissTooltips():153 Tooltip with id SUGGESTION_VIEW_EDU_MINI_DIALOG not found in tooltipManager.
03-21 21:10:59.095  1587  2667 W PresentationStatsEventLogger: Bad view state for: 1073741825, state: ViewState: [id=1073741856@971235154, state:c008, currentValue:android.view.autofill.AutofillValue@c4abc13f]
03-21 21:10:59.106   852  1054 I hwcomposer: [HWC] (0)fire a callback of refresh to SF[4]  
03-21 21:10:59.111   625  2778 W libperfmgr: Failed to write to node: /dev/stune/top-app/schedtune.boost with value: 10, fd: -1
03-21 21:10:59.111   625  2778 W libperfmgr: Failed to write to node: /proc/sys/kernel/sched_boost with value: 0, fd: -1
03-21 21:10:59.122   625  2778 W libperfmgr: Failed to write to node: /dev/stune/top-app/schedtune.boost with value: 10, fd: -1
03-21 21:10:59.122   625  2778 W libperfmgr: Failed to write to node: /proc/sys/kernel/sched_boost with value: 0, fd: -1
03-21 21:10:59.185  3073  3073 W TooltipLifecycleManager: TooltipLifecycleManager.dismissTooltips():153 Tooltip with id SUGGESTION_VIEW_EDU_MINI_DIALOG not found in tooltipManager.
03-21 21:10:59.191  1587  2667 W PresentationStatsEventLogger: Bad view state for: 1073741825, state: ViewState: [id=1073741856@971235154, state:c008, currentValue:android.view.autofill.AutofillValue@d0cc73f4]
03-21 21:10:59.214   881  2016 I WifiHAL : feature_set=0x8488141a
03-21 21:10:59.215  1587  1927 I HalDevMgr: bestIfaceCreationProposal is null, requestIface=STA, existingIface=[name=wlan0 type=STA]
03-21 21:10:59.320   852  1054 I hwcomposer: [HWC] (0)fire a callback of refresh to SF[4]  
03-21 21:10:59.323   625  2778 W libperfmgr: Failed to write to node: /dev/stune/top-app/schedtune.boost with value: 10, fd: -1
03-21 21:10:59.323   625  2778 W libperfmgr: Failed to write to node: /proc/sys/kernel/sched_boost with value: 0, fd: -1
03-21 21:10:59.333   625  2778 W libperfmgr: Failed to write to node: /dev/stune/top-app/schedtune.boost with value: 10, fd: -1
03-21 21:10:59.334   625  2778 W libperfmgr: Failed to write to node: /proc/sys/kernel/sched_boost with value: 0, fd: -1
03-21 21:10:59.365  3073  3073 W TooltipLifecycleManager: TooltipLifecycleManager.dismissTooltips():153 Tooltip with id SUGGESTION_VIEW_EDU_MINI_DIALOG not found in tooltipManager.
03-21 21:10:59.370  1587  2667 W PresentationStatsEventLogger: Bad view state for: 1073741825, state: ViewState: [id=1073741856@971235154, state:c008, currentValue:android.view.autofill.AutofillValue@48c2183c]
03-21 21:10:59.387   852  1054 I hwcomposer: [HWC] (0)fire a callback of refresh to SF[4]  
03-21 21:10:59.399   625  2778 W libperfmgr: Failed to write to node: /dev/stune/top-app/schedtune.boost with value: 10, fd: -1
03-21 21:10:59.399   625  2778 W libperfmgr: Failed to write to node: /proc/sys/kernel/sched_boost with value: 0, fd: -1
03-21 21:10:59.445   625  2778 W libperfmgr: Failed to write to node: /dev/stune/top-app/schedtune.boost with value: 10, fd: -1
03-21 21:10:59.445   625  2778 W libperfmgr: Failed to write to node: /proc/sys/kernel/sched_boost with value: 0, fd: -1
03-21 21:10:59.501   852   992 I hwcomposer: [HWCDisplay] [Display_0 (type:1)] fps:27.874676,dur:1040.37,max:129.51,min:7.31  
03-21 21:10:59.546  3073  3073 W TooltipLifecycleManager: TooltipLifecycleManager.dismissTooltips():153 Tooltip with id SUGGESTION_VIEW_EDU_MINI_DIALOG not found in tooltipManager.
03-21 21:10:59.555  1587  2667 W PresentationStatsEventLogger: Bad view state for: 1073741825, state: ViewState: [id=1073741856@971235154, state:c008, currentValue:android.view.autofill.AutofillValue@cf80fb42]
03-21 21:10:59.698   852  1054 I hwcomposer: [HWC] (0)fire a callback of refresh to SF[4]  
03-21 21:10:59.711   625  2778 W libperfmgr: Failed to write to node: /dev/stune/top-app/schedtune.boost with value: 10, fd: -1
03-21 21:10:59.711   625  2778 W libperfmgr: Failed to write to node: /proc/sys/kernel/sched_boost with value: 0, fd: -1
03-21 21:10:59.780   625  2778 W libperfmgr: Failed to write to node: /dev/stune/top-app/schedtune.boost with value: 10, fd: -1
03-21 21:10:59.780   625  2778 W libperfmgr: Failed to write to node: /proc/sys/kernel/sched_boost with value: 0, fd: -1
03-21 21:10:59.877  3073  3073 W TooltipLifecycleManager: TooltipLifecycleManager.dismissTooltips():153 Tooltip with id SUGGESTION_VIEW_EDU_MINI_DIALOG not found in tooltipManager.
03-21 21:10:59.883  1587  2667 W PresentationStatsEventLogger: Bad view state for: 1073741825, state: ViewState: [id=1073741856@971235154, state:c008, currentValue:android.view.autofill.AutofillValue@209e72cf]
03-21 21:11:00.018   852  1054 I hwcomposer: [HWC] (0)fire a callback of refresh to SF[4]  
03-21 21:11:00.033   625  2778 W libperfmgr: Failed to write to node: /dev/stune/top-app/schedtune.boost with value: 10, fd: -1
03-21 21:11:00.033   625  2778 W libperfmgr: Failed to write to node: /proc/sys/kernel/sched_boost with value: 0, fd: -1
03-21 21:11:00.067   625  2778 W libperfmgr: Failed to write to node: /dev/stune/top-app/schedtune.boost with value: 10, fd: -1
03-21 21:11:00.067   625  2778 W libperfmgr: Failed to write to node: /proc/sys/kernel/sched_boost with value: 0, fd: -1
03-21 21:11:00.130   852  1054 I hwcomposer: [HWC] (0)fire a callback of refresh to SF[4]  
03-21 21:11:00.134   625  2778 W libperfmgr: Failed to write to node: /dev/stune/top-app/schedtune.boost with value: 10, fd: -1
03-21 21:11:00.134   625  2778 W libperfmgr: Failed to write to node: /proc/sys/kernel/sched_boost with value: 0, fd: -1
03-21 21:11:00.145   625  2778 W libperfmgr: Failed to write to node: /dev/stune/top-app/schedtune.boost with value: 10, fd: -1
03-21 21:11:00.145   625  2778 W libperfmgr: Failed to write to node: /proc/sys/kernel/sched_boost with value: 0, fd: -1
03-21 21:11:00.198   852  1054 I hwcomposer: [HWC] (0)fire a callback of refresh to SF[4]  
03-21 21:11:00.210   625  2778 W libperfmgr: Failed to write to node: /dev/stune/top-app/schedtune.boost with value: 10, fd: -1
03-21 21:11:00.210   625  2778 W libperfmgr: Failed to write to node: /proc/sys/kernel/sched_boost with value: 0, fd: -1
03-21 21:11:00.256   625  2778 W libperfmgr: Failed to write to node: /dev/stune/top-app/schedtune.boost with value: 10, fd: -1
03-21 21:11:00.257   625  2778 W libperfmgr: Failed to write to node: /proc/sys/kernel/sched_boost with value: 0, fd: -1
03-21 21:11:00.512   852   992 I hwcomposer: [HWCDisplay] [Display_0 (type:1)] fps:39.572918,dur:1010.79,max:129.06,min:5.63  
03-21 21:11:00.758   625  2778 W libperfmgr: Failed to write to node: /dev/stune/top-app/schedtune.boost with value: 10, fd: -1
03-21 21:11:00.758   625  2778 W libperfmgr: Failed to write to node: /proc/sys/kernel/sched_boost with value: 0, fd: -1
03-21 21:11:01.258   625  2778 W libperfmgr: Failed to write to node: /dev/stune/top-app/schedtune.boost with value: 10, fd: -1
03-21 21:11:01.258   625  2778 W libperfmgr: Failed to write to node: /proc/sys/kernel/sched_boost with value: 0, fd: -1
03-21 21:11:01.387  1587  1910 I ImeTracker: system_server:df95ab03: onTimeout at PHASE_WM_GET_CONTROL_WITH_LEASH
03-21 21:11:01.522   852   992 I hwcomposer: [HWCDisplay] [Display_0 (type:1)] fps:90.029930,dur:1010.77,max:11.22,min:11.02  
03-21 21:11:01.570 31712 31799 E ReactNativeJS: 'API Error Response:', { error: 'invalid credentials' }
03-21 21:11:01.599 31712 31799 E ReactNativeJS: 'Login error:', [AxiosError: Request failed with status code 401]
03-21 21:11:01.603 31712 31712 W WindowOnBackDispatcher: OnBackInvokedCallback is not enabled for the application.
03-21 21:11:01.603 31712 31712 W WindowOnBackDispatcher: Set 'android:enableOnBackInvokedCallback="true"' in the application manifest.
03-21 21:11:01.638   844   631 I resolv  : GetAddrInfoHandler::run: {102 102 102 983142 10399 0}
03-21 21:11:01.639   844   632 I resolv  : res_nmkquery: (QUERY, IN, A)
03-21 21:11:01.650   844   632 I resolv  : res_nsend: used send_dg 43 terrno: 0
03-21 21:11:01.650   844   632 I resolv  : doQuery: rcode=0, ancount=1, return value=43
03-21 21:11:01.689  1587  1657 I ImeTracker: system_server:1ed908b5: onRequestShow at ORIGIN_SERVER reason CONTROLS_CHANGED fromUser false
03-21 21:11:01.699   914   988 E surfaceflinger: == MALI DEBUG ===eglp_winsys_populate_image_templates ==12288
03-21 21:11:01.708   625  2778 W libperfmgr: Failed to write to node: /dev/stune/top-app/schedtune.boost with value: 50, fd: -1
03-21 21:11:01.708   625  2778 W libperfmgr: Failed to write to node: /proc/sys/kernel/sched_boost with value: 2, fd: -1
03-21 21:11:01.709   914   988 E surfaceflinger: == MALI DEBUG ===eglp_winsys_populate_image_templates ==12288
03-21 21:11:01.711 31712 31712 I ImeTracker: system_server:1ed908b5: onCancelled at PHASE_CLIENT_ON_CONTROLS_CHANGED
03-21 21:11:01.716   914   988 E surfaceflinger: == MALI DEBUG ===eglp_winsys_populate_image_templates ==12288
03-21 21:11:01.726   914   988 E surfaceflinger: == MALI DEBUG ===eglp_winsys_populate_image_templates ==12288
03-21 21:11:01.868   625  2778 W libperfmgr: Failed to write to node: /dev/stune/top-app/schedtune.boost with value: 10, fd: -1
03-21 21:11:01.868   625  2778 W libperfmgr: Failed to write to node: /proc/sys/kernel/sched_boost with value: 0, fd: -1
03-21 21:11:01.882   852  1054 I hwcomposer: [HWC] (0)fire a callback of refresh to SF[4]  
03-21 21:11:01.888   625  2778 W libperfmgr: Failed to write to node: /dev/stune/top-app/schedtune.boost with value: 10, fd: -1
03-21 21:11:01.888   625  2778 W libperfmgr: Failed to write to node: /proc/sys/kernel/sched_boost with value: 0, fd: -1
03-21 21:11:01.963   625  2778 W libperfmgr: Failed to write to node: /dev/stune/top-app/schedtune.boost with value: 10, fd: -1
03-21 21:11:01.963   625  2778 W libperfmgr: Failed to write to node: /proc/sys/kernel/sched_boost with value: 0, fd: -1
03-21 21:11:02.229   881  2016 I WifiHAL : feature_set=0x8488141a
03-21 21:11:02.230  1587  1927 I HalDevMgr: bestIfaceCreationProposal is null, requestIface=STA, existingIface=[name=wlan0 type=STA]
03-21 21:11:02.296   625  2778 W libperfmgr: Failed to write to node: /dev/stune/top-app/schedtune.boost with value: 50, fd: -1
03-21 21:11:02.296   625  2778 W libperfmgr: Failed to write to node: /proc/sys/kernel/sched_boost with value: 2, fd: -1
03-21 21:11:02.300 31712 31712 W WindowOnBackDispatcher: OnBackInvokedCallback is not enabled for the application.
03-21 21:11:02.300 31712 31712 W WindowOnBackDispatcher: Set 'android:enableOnBackInvokedCallback="true"' in the application manifest.
03-21 21:11:02.308  1587  1657 I ImeTracker: system_server:377d3f2b: onRequestShow at ORIGIN_SERVER reason CONTROLS_CHANGED fromUser false
03-21 21:11:02.310 31712 31712 I ImeTracker: system_server:377d3f2b: onCancelled at PHASE_CLIENT_ON_CONTROLS_CHANGED
03-21 21:11:02.457   625  2778 W libperfmgr: Failed to write to node: /dev/stune/top-app/schedtune.boost with value: 10, fd: -1
03-21 21:11:02.457   625  2778 W libperfmgr: Failed to write to node: /proc/sys/kernel/sched_boost with value: 0, fd: -1
03-21 21:11:02.463   852  1054 I hwcomposer: [HWC] (0)fire a callback of refresh to SF[4]  
03-21 21:11:02.476   625  2778 W libperfmgr: Failed to write to node: /dev/stune/top-app/schedtune.boost with value: 10, fd: -1
03-21 21:11:02.476   625  2778 W libperfmgr: Failed to write to node: /proc/sys/kernel/sched_boost with value: 0, fd: -1
03-21 21:11:02.544   625  2778 W libperfmgr: Failed to write to node: /dev/stune/top-app/schedtune.boost with value: 10, fd: -1
03-21 21:11:02.544   625  2778 W libperfmgr: Failed to write to node: /proc/sys/kernel/sched_boost with value: 0, fd: -1
03-21 21:11:02.844   852   992 I hwcomposer: [HWCDisplay] [Display_0 (type:1)] fps:31.777100,dur:1321.71,max:394.73,min:10.94  
03-21 21:11:02.906   852  1054 I hwcomposer: [HWC] (0)fire a callback of refresh to SF[4]  
03-21 21:11:02.921   625  2778 W libperfmgr: Failed to write to node: /dev/stune/top-app/schedtune.boost with value: 10, fd: -1
03-21 21:11:02.921   625  2778 W libperfmgr: Failed to write to node: /proc/sys/kernel/sched_boost with value: 0, fd: -1
03-21 21:11:02.987   625  2778 W libperfmgr: Failed to write to node: /dev/stune/top-app/schedtune.boost with value: 10, fd: -1
03-21 21:11:02.987   625  2778 W libperfmgr: Failed to write to node: /proc/sys/kernel/sched_boost with value: 0, fd: -1
03-21 21:11:03.406   852  1054 I hwcomposer: [HWC] (0)fire a callback of refresh to SF[4]  
03-21 21:11:03.420   625  2778 W libperfmgr: Failed to write to node: /dev/stune/top-app/schedtune.boost with value: 10, fd: -1
03-21 21:11:03.421   625  2778 W libperfmgr: Failed to write to node: /proc/sys/kernel/sched_boost with value: 0, fd: -1
03-21 21:11:03.487   625  2778 W libperfmgr: Failed to write to node: /dev/stune/top-app/schedtune.boost with value: 10, fd: -1
03-21 21:11:03.487   625  2778 W libperfmgr: Failed to write to node: /proc/sys/kernel/sched_boost with value: 0, fd: -1
03-21 21:11:03.902   852  1054 I hwcomposer: [HWC] (0)fire a callback of refresh to SF[4]  
03-21 21:11:03.909   625  2778 W libperfmgr: Failed to write to node: /dev/stune/top-app/schedtune.boost with value: 10, fd: -1
03-21 21:11:03.909   625  2778 W libperfmgr: Failed to write to node: /proc/sys/kernel/sched_boost with value: 0, fd: -1
03-21 21:11:03.915   852   992 I hwcomposer: [HWCDisplay] [Display_0 (type:1)] fps:4.670177,dur:1070.62,max:418.24,min:70.73  
03-21 21:11:03.983   625  2778 W libperfmgr: Failed to write to node: /dev/stune/top-app/schedtune.boost with value: 10, fd: -1
03-21 21:11:03.983   625  2778 W libperfmgr: Failed to write to node: /proc/sys/kernel/sched_boost with value: 0, fd: -1
03-21 21:11:04.002   634   634 W libbinder.BackendUnifiedServiceManager: Thread Pool max thread count is 0. Cannot cache binder as linkToDeath cannot be implemented. serviceName: deviceidle
03-21 21:11:04.019   637   637 W libbinder.BackendUnifiedServiceManager: Thread Pool max thread count is 0. Cannot cache binder as linkToDeath cannot be implemented. serviceName: battery
03-21 21:11:04.034   639   639 W libbinder.BackendUnifiedServiceManager: Thread Pool max thread count is 0. Cannot cache binder as linkToDeath cannot be implemented. serviceName: deviceidle
03-21 21:11:04.059   642   642 W libbinder.BackendUnifiedServiceManager: Thread Pool max thread count is 0. Cannot cache binder as linkToDeath cannot be implemented. serviceName: activity
03-21 21:11:04.065  1587  2667 I ImeTracker: system_server:839326f2: onRequestShow at ORIGIN_SERVER reason CONTROLS_CHANGED fromUser false
03-21 21:11:04.118   651   651 W libbinder.BackendUnifiedServiceManager: Thread Pool max thread count is 0. Cannot cache binder as linkToDeath cannot be implemented. serviceName: battery
03-21 21:11:04.402   852  1054 I hwcomposer: [HWC] (0)fire a callback of refresh to SF[4]  
03-21 21:11:04.409   625  2778 W libperfmgr: Failed to write to node: /dev/stune/top-app/schedtune.boost with value: 10, fd: -1
03-21 21:11:04.409   625  2778 W libperfmgr: Failed to write to node: /proc/sys/kernel/sched_boost with value: 0, fd: -1
03-21 21:11:04.483   625  2778 W libperfmgr: Failed to write to node: /dev/stune/top-app/schedtune.boost with value: 10, fd: -1
03-21 21:11:04.483   625  2778 W libperfmgr: Failed to write to node: /proc/sys/kernel/sched_boost with value: 0, fd: -1
03-21 21:11:04.902   852  1054 I hwcomposer: [HWC] (0)fire a callback of refresh to SF[4]  
03-21 21:11:04.909   625  2778 W libperfmgr: Failed to write to node: /dev/stune/top-app/schedtune.boost with value: 10, fd: -1
03-21 21:11:04.909   625  2778 W libperfmgr: Failed to write to node: /proc/sys/kernel/sched_boost with value: 0, fd: -1
03-21 21:11:04.983   625  2778 W libperfmgr: Failed to write to node: /dev/stune/top-app/schedtune.boost with value: 10, fd: -1
03-21 21:11:04.983   625  2778 W libperfmgr: Failed to write to node: /proc/sys/kernel/sched_boost with value: 0, fd: -1
03-21 21:11:05.240   881  2016 I WifiHAL : feature_set=0x8488141a
03-21 21:11:05.241  1587  1927 I HalDevMgr: bestIfaceCreationProposal is null, requestIface=STA, existingIface=[name=wlan0 type=STA]
03-21 21:11:05.344   852   992 I hwcomposer: [HWCDisplay] [Display_0 (type:1)] fps:3.499488,dur:1428.78,max:429.28,min:70.58  
03-21 21:11:05.406   852  1054 I hwcomposer: [HWC] (0)fire a callback of refresh to SF[4]  
03-21 21:11:05.420   625  2778 W libperfmgr: Failed to write to node: /dev/stune/top-app/schedtune.boost with value: 10, fd: -1
03-21 21:11:05.420   625  2778 W libperfmgr: Failed to write to node: /proc/sys/kernel/sched_boost with value: 0, fd: -1
03-21 21:11:05.487   625  2778 W libperfmgr: Failed to write to node: /dev/stune/top-app/schedtune.boost with value: 10, fd: -1
03-21 21:11:05.487   625  2778 W libperfmgr: Failed to write to node: /proc/sys/kernel/sched_boost with value: 0, fd: -1
03-21 21:11:05.902   852  1054 I hwcomposer: [HWC] (0)fire a callback of refresh to SF[4]  
03-21 21:11:05.909   625  2778 W libperfmgr: Failed to write to node: /dev/stune/top-app/schedtune.boost with value: 10, fd: -1
03-21 21:11:05.909   625  2778 W libperfmgr: Failed to write to node: /proc/sys/kernel/sched_boost with value: 0, fd: -1
03-21 21:11:05.983   625  2778 W libperfmgr: Failed to write to node: /dev/stune/top-app/schedtune.boost with value: 10, fd: -1
03-21 21:11:05.983   625  2778 W libperfmgr: Failed to write to node: /proc/sys/kernel/sched_boost with value: 0, fd: -1
03-21 21:11:06.406   852  1054 I hwcomposer: [HWC] (0)fire a callback of refresh to SF[4]  
03-21 21:11:06.420   625  2778 W libperfmgr: Failed to write to node: /dev/stune/top-app/schedtune.boost with value: 10, fd: -1
03-21 21:11:06.420   625  2778 W libperfmgr: Failed to write to node: /proc/sys/kernel/sched_boost with value: 0, fd: -1
03-21 21:11:06.425   852   992 I hwcomposer: [HWCDisplay] [Display_0 (type:1)] fps:4.624147,dur:1081.28,max:429.01,min:70.83  
03-21 21:11:06.487   625  2778 W libperfmgr: Failed to write to node: /dev/stune/top-app/schedtune.boost with value: 10, fd: -1
03-21 21:11:06.487   625  2778 W libperfmgr: Failed to write to node: /proc/sys/kernel/sched_boost with value: 0, fd: -1
03-21 21:11:06.902   852  1054 I hwcomposer: [HWC] (0)fire a callback of refresh to SF[4]  
03-21 21:11:06.909   625  2778 W libperfmgr: Failed to write to node: /dev/stune/top-app/schedtune.boost with value: 10, fd: -1
03-21 21:11:06.909   625  2778 W libperfmgr: Failed to write to node: /proc/sys/kernel/sched_boost with value: 0, fd: -1
03-21 21:11:06.983   625  2778 W libperfmgr: Failed to write to node: /dev/stune/top-app/schedtune.boost with value: 10, fd: -1
03-21 21:11:06.984   625  2778 W libperfmgr: Failed to write to node: /proc/sys/kernel/sched_boost with value: 0, fd: -1
03-21 21:11:07.402   852  1054 I hwcomposer: [HWC] (0)fire a callback of refresh to SF[4]  
03-21 21:11:07.408   625  2778 W libperfmgr: Failed to write to node: /dev/stune/top-app/schedtune.boost with value: 10, fd: -1
03-21 21:11:07.409   625  2778 W libperfmgr: Failed to write to node: /proc/sys/kernel/sched_boost with value: 0, fd: -1
03-21 21:11:07.483   625  2778 W libperfmgr: Failed to write to node: /dev/stune/top-app/schedtune.boost with value: 10, fd: -1
03-21 21:11:07.484   625  2778 W libperfmgr: Failed to write to node: /proc/sys/kernel/sched_boost with value: 0, fd: -1
03-21 21:11:07.738  1587  1910 I ImeTracker: system_server:f5a3a58c: onTimeout at PHASE_WM_GET_CONTROL_WITH_LEASH
03-21 21:11:07.843   852   992 I hwcomposer: [HWCDisplay] [Display_0 (type:1)] fps:3.526349,dur:1417.90,max:429.56,min:70.27  
03-21 21:11:07.906   852  1054 I hwcomposer: [HWC] (0)fire a callback of refresh to SF[4]  
03-21 21:11:07.919   625  2778 W libperfmgr: Failed to write to node: /dev/stune/top-app/schedtune.boost with value: 10, fd: -1
03-21 21:11:07.919   625  2778 W libperfmgr: Failed to write to node: /proc/sys/kernel/sched_boost with value: 0, fd: -1
03-21 21:11:07.987   625  2778 W libperfmgr: Failed to write to node: /dev/stune/top-app/schedtune.boost with value: 10, fd: -1
03-21 21:11:07.987   625  2778 W libperfmgr: Failed to write to node: /proc/sys/kernel/sched_boost with value: 0, fd: -1
03-21 21:11:08.254   881  2016 I WifiHAL : feature_set=0x8488141a
03-21 21:11:08.255  1587  1927 I HalDevMgr: bestIfaceCreationProposal is null, requestIface=STA, existingIface=[name=wlan0 type=STA]
03-21 21:11:08.402   852  1054 I hwcomposer: [HWC] (0)fire a callback of refresh to SF[4]  
03-21 21:11:08.408   625  2778 W libperfmgr: Failed to write to node: /dev/stune/top-app/schedtune.boost with value: 10, fd: -1
03-21 21:11:08.408   625  2778 W libperfmgr: Failed to write to node: /proc/sys/kernel/sched_boost with value: 0, fd: -1
03-21 21:11:08.483   625  2778 W libperfmgr: Failed to write to node: /dev/stune/top-app/schedtune.boost with value: 10, fd: -1
03-21 21:11:08.483   625  2778 W libperfmgr: Failed to write to node: /proc/sys/kernel/sched_boost with value: 0, fd: -1
03-21 21:11:08.902   852  1054 I hwcomposer: [HWC] (0)fire a callback of refresh to SF[4]  
03-21 21:11:08.908   625  2778 W libperfmgr: Failed to write to node: /dev/stune/top-app/schedtune.boost with value: 10, fd: -1
03-21 21:11:08.908   625  2778 W libperfmgr: Failed to write to node: /proc/sys/kernel/sched_boost with value: 0, fd: -1
03-21 21:11:08.913   852   992 I hwcomposer: [HWCDisplay] [Display_0 (type:1)] fps:4.671416,dur:1070.34,max:429.55,min:70.28  
03-21 21:11:08.983   625  2778 W libperfmgr: Failed to write to node: /dev/stune/top-app/schedtune.boost with value: 10, fd: -1
03-21 21:11:08.983   625  2778 W libperfmgr: Failed to write to node: /proc/sys/kernel/sched_boost with value: 0, fd: -1
03-21 21:11:09.402   852  1054 I hwcomposer: [HWC] (0)fire a callback of refresh to SF[4]  
03-21 21:11:09.408   625  2778 W libperfmgr: Failed to write to node: /dev/stune/top-app/schedtune.boost with value: 10, fd: -1
03-21 21:11:09.408   625  2778 W libperfmgr: Failed to write to node: /proc/sys/kernel/sched_boost with value: 0, fd: -1
03-21 21:11:09.484   625  2778 W libperfmgr: Failed to write to node: /dev/stune/top-app/schedtune.boost with value: 10, fd: -1
03-21 21:11:09.484   625  2778 W libperfmgr: Failed to write to node: /proc/sys/kernel/sched_boost with value: 0, fd: -1
03-21 21:11:09.902   852  1054 I hwcomposer: [HWC] (0)fire a callback of refresh to SF[4]  
03-21 21:11:09.908   625  2778 W libperfmgr: Failed to write to node: /dev/stune/top-app/schedtune.boost with value: 10, fd: -1
03-21 21:11:09.908   625  2778 W libperfmgr: Failed to write to node: /proc/sys/kernel/sched_boost with value: 0, fd: -1
03-21 21:11:09.983   625  2778 W libperfmgr: Failed to write to node: /dev/stune/top-app/schedtune.boost with value: 10, fd: -1
03-21 21:11:09.984   625  2778 W libperfmgr: Failed to write to node: /proc/sys/kernel/sched_boost with value: 0, fd: -1
03-21 21:11:10.282  1587  1680 W libprocessgroup: SetCgroup::ExecuteForProcess: failed to open /dev/stune/background/cgroup.procs: No such file or directory
03-21 21:11:10.337   660   660 W libbinder.BackendUnifiedServiceManager: Thread Pool max thread count is 0. Cannot cache binder as linkToDeath cannot be implemented. serviceName: deviceidle
03-21 21:11:10.342   852   992 I hwcomposer: [HWCDisplay] [Display_0 (type:1)] fps:3.498971,dur:1428.99,max:429.37,min:70.48  
03-21 21:11:10.365   662   662 W libbinder.BackendUnifiedServiceManager: Thread Pool max thread count is 0. Cannot cache binder as linkToDeath cannot be implemented. serviceName: battery
03-21 21:11:10.382   664   664 W libbinder.BackendUnifiedServiceManager: Thread Pool max thread count is 0. Cannot cache binder as linkToDeath cannot be implemented. serviceName: deviceidle
03-21 21:11:10.406   667   667 W libbinder.BackendUnifiedServiceManager: Thread Pool max thread count is 0. Cannot cache binder as linkToDeath cannot be implemented. serviceName: activity
03-21 21:11:10.406   852  1054 I hwcomposer: [HWC] (0)fire a callback of refresh to SF[4]  
03-21 21:11:10.412  1587  2260 I ImeTracker: system_server:10d99f17: onRequestShow at ORIGIN_SERVER reason CONTROLS_CHANGED fromUser false
03-21 21:11:10.417   625  2778 W libperfmgr: Failed to write to node: /dev/stune/top-app/schedtune.boost with value: 10, fd: -1
03-21 21:11:10.418   625  2778 W libperfmgr: Failed to write to node: /proc/sys/kernel/sched_boost with value: 0, fd: -1
03-21 21:11:10.471   676   676 W libbinder.BackendUnifiedServiceManager: Thread Pool max thread count is 0. Cannot cache binder as linkToDeath cannot be implemented. serviceName: battery
03-21 21:11:10.487   625  2778 W libperfmgr: Failed to write to node: /dev/stune/top-app/schedtune.boost with value: 10, fd: -1
03-21 21:11:10.487   625  2778 W libperfmgr: Failed to write to node: /proc/sys/kernel/sched_boost with value: 0, fd: -1
03-21 21:11:10.681   844   878 I netd    : networkAddUidRangesParcel(NativeUidRangeConfig{netId: 105, uidRanges: [UidRangeParcel{start: 0, stop: 2147483647}], subPriority: 999}) <0.34ms>
03-21 21:11:10.681   844   878 I netd    : networkRemoveUidRangesParcel(NativeUidRangeConfig{netId: 105, uidRanges: [UidRangeParcel{start: 0, stop: 2147483647}], subPriority: 999}) <0.23ms>
03-21 21:11:10.758   852  1054 I hwcomposer: [HWC] (0)fire a callback of refresh to SF[4]  
03-21 21:11:10.763   625  2778 W libperfmgr: Failed to write to node: /dev/stune/top-app/schedtune.boost with value: 10, fd: -1
03-21 21:11:10.763   625  2778 W libperfmgr: Failed to write to node: /proc/sys/kernel/sched_boost with value: 0, fd: -1
03-21 21:11:10.841   625  2778 W libperfmgr: Failed to write to node: /dev/stune/top-app/schedtune.boost with value: 10, fd: -1
03-21 21:11:10.841   625  2778 W libperfmgr: Failed to write to node: /proc/sys/kernel/sched_boost with value: 0, fd: -1
03-21 21:11:10.902   852  1054 I hwcomposer: [HWC] (0)fire a callback of refresh to SF[4]  
03-21 21:11:10.907   625  2778 W libperfmgr: Failed to write to node: /dev/stune/top-app/schedtune.boost with value: 10, fd: -1
03-21 21:11:10.908   625  2778 W libperfmgr: Failed to write to node: /proc/sys/kernel/sched_boost with value: 0, fd: -1
03-21 21:11:10.983   625  2778 W libperfmgr: Failed to write to node: /dev/stune/top-app/schedtune.boost with value: 10, fd: -1
03-21 21:11:10.983   625  2778 W libperfmgr: Failed to write to node: /proc/sys/kernel/sched_boost with value: 0, fd: -1
03-21 21:11:11.187  2458 32350 I NearbySharing: Network state changed: NetworkState(isRestricted=false, isOnline=true, isCongested=false, isMetered=false, isWifiConnected=true)
03-21 21:11:11.266   881  2016 I WifiHAL : feature_set=0x8488141a
03-21 21:11:11.267  1587  1927 I HalDevMgr: bestIfaceCreationProposal is null, requestIface=STA, existingIface=[name=wlan0 type=STA]
03-21 21:11:11.402   852  1054 I hwcomposer: [HWC] (0)fire a callback of refresh to SF[4]  
03-21 21:11:11.407   625  2778 W libperfmgr: Failed to write to node: /dev/stune/top-app/schedtune.boost with value: 10, fd: -1
03-21 21:11:11.407   625  2778 W libperfmgr: Failed to write to node: /proc/sys/kernel/sched_boost with value: 0, fd: -1
03-21 21:11:11.412   852   992 I hwcomposer: [HWCDisplay] [Display_0 (type:1)] fps:6.543931,dur:1069.69,max:430.51,min:69.45  
03-21 21:11:11.483   625  2778 W libperfmgr: Failed to write to node: /dev/stune/top-app/schedtune.boost with value: 10, fd: -1
03-21 21:11:11.483   625  2778 W libperfmgr: Failed to write to node: /proc/sys/kernel/sched_boost with value: 0, fd: -1
03-21 21:11:11.906   852  1054 I hwcomposer: [HWC] (0)fire a callback of refresh to SF[4]  
03-21 21:11:11.918   625  2778 W libperfmgr: Failed to write to node: /dev/stune/top-app/schedtune.boost with value: 10, fd: -1
03-21 21:11:11.918   625  2778 W libperfmgr: Failed to write to node: /proc/sys/kernel/sched_boost with value: 0, fd: -1
03-21 21:11:11.987   625  2778 W libperfmgr: Failed to write to node: /dev/stune/top-app/schedtune.boost with value: 10, fd: -1
03-21 21:11:11.987   625  2778 W libperfmgr: Failed to write to node: /proc/sys/kernel/sched_boost with value: 0, fd: -1
03-21 21:11:12.402   852  1054 I hwcomposer: [HWC] (0)fire a callback of refresh to SF[4]  
03-21 21:11:12.407   625  2778 W libperfmgr: Failed to write to node: /dev/stune/top-app/schedtune.boost with value: 10, fd: -1
03-21 21:11:12.407   625  2778 W libperfmgr: Failed to write to node: /proc/sys/kernel/sched_boost with value: 0, fd: -1
03-21 21:11:12.412   852   992 I hwcomposer: [HWCDisplay] [Display_0 (type:1)] fps:3.999565,dur:1000.11,max:429.81,min:70.53  
03-21 21:11:12.483   625  2778 W libperfmgr: Failed to write to node: /dev/stune/top-app/schedtune.boost with value: 10, fd: -1
03-21 21:11:12.483   625  2778 W libperfmgr: Failed to write to node: /proc/sys/kernel/sched_boost with value: 0, fd: -1
03-21 21:11:12.902   852  1054 I hwcomposer: [HWC] (0)fire a callback of refresh to SF[4]  
03-21 21:11:12.906   625  2778 W libperfmgr: Failed to write to node: /dev/stune/top-app/schedtune.boost with value: 10, fd: -1
03-21 21:11:12.906   625  2778 W libperfmgr: Failed to write to node: /proc/sys/kernel/sched_boost with value: 0, fd: -1
03-21 21:11:12.983   625  2778 W libperfmgr: Failed to write to node: /dev/stune/top-app/schedtune.boost with value: 10, fd: -1
03-21 21:11:12.983   625  2778 W libperfmgr: Failed to write to node: /proc/sys/kernel/sched_boost with value: 0, fd: -1
03-21 21:11:13.402   852  1054 I hwcomposer: [HWC] (0)fire a callback of refresh to SF[4]  
03-21 21:11:13.406   625  2778 W libperfmgr: Failed to write to node: /dev/stune/top-app/schedtune.boost with value: 10, fd: -1
03-21 21:11:13.406   625  2778 W libperfmgr: Failed to write to node: /proc/sys/kernel/sched_boost with value: 0, fd: -1
03-21 21:11:13.483   625  2778 W libperfmgr: Failed to write to node: /dev/stune/top-app/schedtune.boost with value: 10, fd: -1
03-21 21:11:13.483   625  2778 W libperfmgr: Failed to write to node: /proc/sys/kernel/sched_boost with value: 0, fd: -1
03-21 21:11:13.841   852   992 I hwcomposer: [HWCDisplay] [Display_0 (type:1)] fps:3.498917,dur:1429.01,max:429.46,min:70.41  
03-21 21:11:13.902   852  1054 I hwcomposer: [HWC] (0)fire a callback of refresh to SF[4]  
03-21 21:11:13.917   625  2778 W libperfmgr: Failed to write to node: /dev/stune/top-app/schedtune.boost with value: 10, fd: -1
03-21 21:11:13.917   625  2778 W libperfmgr: Failed to write to node: /proc/sys/kernel/sched_boost with value: 0, fd: -1
03-21 21:11:13.983   625  2778 W libperfmgr: Failed to write to node: /dev/stune/top-app/schedtune.boost with value: 10, fd: -1
03-21 21:11:13.983   625  2778 W libperfmgr: Failed to write to node: /proc/sys/kernel/sched_boost with value: 0, fd: -1
03-21 21:11:14.048  1587  1680 W libprocessgroup: SetCgroup::ExecuteForProcess: failed to open /dev/stune/background/cgroup.procs: No such file or directory
03-21 21:11:14.058 31515   685 I Authzen : [DeviceStateSyncManager] The server is in sync with current state. Nothing to do
03-21 21:11:14.070  1587  1910 I ImeTracker: system_server:839326f2: onTimeout at PHASE_WM_GET_CONTROL_WITH_LEASH
03-21 21:11:14.279   881  2016 I WifiHAL : feature_set=0x8488141a
03-21 21:11:14.280  1587  1927 I HalDevMgr: bestIfaceCreationProposal is null, requestIface=STA, existingIface=[name=wlan0 type=STA]
03-21 21:11:14.402   852  1054 I hwcomposer: [HWC] (0)fire a callback of refresh to SF[4]  
03-21 21:11:14.418   625  2778 W libperfmgr: Failed to write to node: /dev/stune/top-app/schedtune.boost with value: 10, fd: -1
03-21 21:11:14.418   625  2778 W libperfmgr: Failed to write to node: /proc/sys/kernel/sched_boost with value: 0, fd: -1
03-21 21:11:14.429  2237  2237 E SatelliteController: registerForSatelliteModemStateChanged: mSatelliteSessionController is not initialized yet
03-21 21:11:14.435  2237  2237 E SatelliteController: registerForSatelliteModemStateChanged: mSatelliteSessionController is not initialized yet
03-21 21:11:14.439  2237  2378 E SatelliteController: notifyNtnEligibility: mSatellitePhone is null
03-21 21:11:14.443  1587  2667 W ContextImpl: Calling a method in the system process without a qualified user: android.app.ContextImpl.sendBroadcastMultiplePermissions:1358 android.content.Context.sendBroadcastMultiplePermissions:2796 com.android.server.TelephonyRegistry.broadcastServiceStateChanged:4172 com.android.server.TelephonyRegistry.notifyServiceStateForPhoneId:1848 com.android.internal.telephony.ITelephonyRegistry$Stub.onTransact:613 
03-21 21:11:14.444  1587  2667 W ContextImpl: Calling a method in the system process without a qualified user: android.app.ContextImpl.sendBroadcastMultiplePermissions:1391 com.android.server.TelephonyRegistry.broadcastServiceStateChanged:4177 com.android.server.TelephonyRegistry.notifyServiceStateForPhoneId:1848 com.android.internal.telephony.ITelephonyRegistry$Stub.onTransact:613 android.os.Binder.execTransactInternal:1473 
03-21 21:11:14.447  1587  2667 W ContextImpl: Calling a method in the system process without a qualified user: android.app.ContextImpl.sendBroadcastMultiplePermissions:1391 com.android.server.TelephonyRegistry.broadcastServiceStateChanged:4186 com.android.server.TelephonyRegistry.notifyServiceStateForPhoneId:1848 com.android.internal.telephony.ITelephonyRegistry$Stub.onTransact:613 android.os.Binder.execTransactInternal:1473 
03-21 21:11:14.449  1587  2667 W ContextImpl: Calling a method in the system process without a qualified user: android.app.ContextImpl.sendBroadcastMultiplePermissions:1391 com.android.server.TelephonyRegistry.broadcastServiceStateChanged:4192 com.android.server.TelephonyRegistry.notifyServiceStateForPhoneId:1848 com.android.internal.telephony.ITelephonyRegistry$Stub.onTransact:613 android.os.Binder.execTransactInternal:1473 
03-21 21:11:14.455  1587  1680 W libprocessgroup: SetCgroup::ExecuteForProcess: failed to open /dev/stune/background/cgroup.procs: No such file or directory
03-21 21:11:14.456   844   878 I netd    : tetherGetStats() -> {[]} <1.00ms>
03-21 21:11:14.457  2237  2237 I Telephony: TelecomAccountRegistry$TelecomAccountTelephonyCallback: TelecomAccountRegistry: onServiceStateChanged: newState=0, mServiceState=0
03-21 21:11:14.457  2237  2237 W Telephony: registerMmTelCapabilityCallback: registration failed, no ImsService available. Exception: code: 1
03-21 21:11:14.458  2237  2237 I Telephony: isRttCurrentlySupported -- regular acct, hasVoiceAvailability: false
03-21 21:11:14.458  2237  2237 I Telephony:  isRttSupported: false
03-21 21:11:14.458  2237  2237 I Telephony:  alwaysAllowWhileRoaming: false
03-21 21:11:14.458  2237  2237 I Telephony:  isRoaming: false
03-21 21:11:14.458  2237  2237 I Telephony:  isOnWfc: false
03-21 21:11:14.484   625  2778 W libperfmgr: Failed to write to node: /dev/stune/top-app/schedtune.boost with value: 10, fd: -1
03-21 21:11:14.484   625  2778 W libperfmgr: Failed to write to node: /proc/sys/kernel/sched_boost with value: 0, fd: -1
03-21 21:11:14.902   852  1054 I hwcomposer: [HWC] (0)fire a callback of refresh to SF[4]  
03-21 21:11:14.917   625  2778 W libperfmgr: Failed to write to node: /dev/stune/top-app/schedtune.boost with value: 10, fd: -1
03-21 21:11:14.917   625  2778 W libperfmgr: Failed to write to node: /proc/sys/kernel/sched_boost with value: 0, fd: -1
03-21 21:11:14.922   852   992 I hwcomposer: [HWCDisplay] [Display_0 (type:1)] fps:4.624607,dur:1081.17,max:418.34,min:81.49  
03-21 21:11:14.983   625  2778 W libperfmgr: Failed to write to node: /dev/stune/top-app/schedtune.boost with value: 10, fd: -1
03-21 21:11:14.984   625  2778 W libperfmgr: Failed to write to node: /proc/sys/kernel/sched_boost with value: 0, fd: -1
03-21 21:11:15.410   852  1054 I hwcomposer: [HWC] (0)fire a callback of refresh to SF[4]  
03-21 21:11:15.417   625  2778 W libperfmgr: Failed to write to node: /dev/stune/top-app/schedtune.boost with value: 10, fd: -1
03-21 21:11:15.417   625  2778 W libperfmgr: Failed to write to node: /proc/sys/kernel/sched_boost with value: 0, fd: -1
03-21 21:11:15.492   625  2778 W libperfmgr: Failed to write to node: /dev/stune/top-app/schedtune.boost with value: 10, fd: -1
03-21 21:11:15.492   625  2778 W libperfmgr: Failed to write to node: /proc/sys/kernel/sched_boost with value: 0, fd: -1
03-21 21:11:15.566   852  1054 I hwcomposer: [HWC] (0)fire a callback of refresh to SF[4]  
03-21 21:11:15.572   625  2778 W libperfmgr: Failed to write to node: /dev/stune/top-app/schedtune.boost with value: 10, fd: -1
03-21 21:11:15.572   625  2778 W libperfmgr: Failed to write to node: /proc/sys/kernel/sched_boost with value: 0, fd: -1
03-21 21:11:15.647   625  2778 W libperfmgr: Failed to write to node: /dev/stune/top-app/schedtune.boost with value: 10, fd: -1
03-21 21:11:15.647   625  2778 W libperfmgr: Failed to write to node: /proc/sys/kernel/sched_boost with value: 0, fd: -1
03-21 21:11:15.910   852  1054 I hwcomposer: [HWC] (0)fire a callback of refresh to SF[4]  
03-21 21:11:15.917   625  2778 W libperfmgr: Failed to write to node: /dev/stune/top-app/schedtune.boost with value: 10, fd: -1
03-21 21:11:15.917   625  2778 W libperfmgr: Failed to write to node: /proc/sys/kernel/sched_boost with value: 0, fd: -1
03-21 21:11:15.923   852   992 I hwcomposer: [HWCDisplay] [Display_0 (type:1)] fps:5.997361,dur:1000.44,max:429.45,min:70.30  
03-21 21:11:15.991   625  2778 W libperfmgr: Failed to write to node: /dev/stune/top-app/schedtune.boost with value: 10, fd: -1
03-21 21:11:15.991   625  2778 W libperfmgr: Failed to write to node: /proc/sys/kernel/sched_boost with value: 0, fd: -1
03-21 21:11:16.410   852  1054 I hwcomposer: [HWC] (0)fire a callback of refresh to SF[4]  
03-21 21:11:16.416   625  2778 W libperfmgr: Failed to write to node: /dev/stune/top-app/schedtune.boost with value: 10, fd: -1
03-21 21:11:16.416   625  2778 W libperfmgr: Failed to write to node: /proc/sys/kernel/sched_boost with value: 0, fd: -1
03-21 21:11:16.491   625  2778 W libperfmgr: Failed to write to node: /dev/stune/top-app/schedtune.boost with value: 10, fd: -1
03-21 21:11:16.491   625  2778 W libperfmgr: Failed to write to node: /proc/sys/kernel/sched_boost with value: 0, fd: -1
03-21 21:11:16.693   688   688 W libbinder.BackendUnifiedServiceManager: Thread Pool max thread count is 0. Cannot cache binder as linkToDeath cannot be implemented. serviceName: deviceidle
03-21 21:11:16.710   690   690 W libbinder.BackendUnifiedServiceManager: Thread Pool max thread count is 0. Cannot cache binder as linkToDeath cannot be implemented. serviceName: battery
03-21 21:11:16.738   693   693 W libbinder.BackendUnifiedServiceManager: Thread Pool max thread count is 0. Cannot cache binder as linkToDeath cannot be implemented. serviceName: deviceidle
03-21 21:11:16.764   696   696 W libbinder.BackendUnifiedServiceManager: Thread Pool max thread count is 0. Cannot cache binder as linkToDeath cannot be implemented. serviceName: activity
03-21 21:11:16.771  1587  2667 I ImeTracker: system_server:59522bfe: onRequestShow at ORIGIN_SERVER reason CONTROLS_CHANGED fromUser false
03-21 21:11:16.828   705   705 W libbinder.BackendUnifiedServiceManager: Thread Pool max thread count is 0. Cannot cache binder as linkToDeath cannot be implemented. serviceName: battery
03-21 21:11:16.910   852  1054 I hwcomposer: [HWC] (0)fire a callback of refresh to SF[4]  
03-21 21:11:16.916   625  2778 W libperfmgr: Failed to write to node: /dev/stune/top-app/schedtune.boost with value: 10, fd: -1
03-21 21:11:16.917   625  2778 W libperfmgr: Failed to write to node: /proc/sys/kernel/sched_boost with value: 0, fd: -1
03-21 21:11:16.923   852   992 I hwcomposer: [HWCDisplay] [Display_0 (type:1)] fps:3.999482,dur:1000.13,max:429.15,min:70.62  
03-21 21:11:16.991   625  2778 W libperfmgr: Failed to write to node: /dev/stune/top-app/schedtune.boost with value: 10, fd: -1
03-21 21:11:16.991   625  2778 W libperfmgr: Failed to write to node: /proc/sys/kernel/sched_boost with value: 0, fd: -1
03-21 21:11:17.294   881  2016 I WifiHAL : feature_set=0x8488141a
03-21 21:11:17.295  1587  1927 I HalDevMgr: bestIfaceCreationProposal is null, requestIface=STA, existingIface=[name=wlan0 type=STA]
03-21 21:11:17.410   852  1054 I hwcomposer: [HWC] (0)fire a callback of refresh to SF[4]  
03-21 21:11:17.416   625  2778 W libperfmgr: Failed to write to node: /dev/stune/top-app/schedtune.boost with value: 10, fd: -1
03-21 21:11:17.416   625  2778 W libperfmgr: Failed to write to node: /proc/sys/kernel/sched_boost with value: 0, fd: -1
03-21 21:11:17.491   625  2778 W libperfmgr: Failed to write to node: /dev/stune/top-app/schedtune.boost with value: 10, fd: -1
03-21 21:11:17.492   625  2778 W libperfmgr: Failed to write to node: /proc/sys/kernel/sched_boost with value: 0, fd: -1
03-21 21:11:17.911   852  1054 I hwcomposer: [HWC] (0)fire a callback of refresh to SF[4]  
03-21 21:11:17.916   625  2778 W libperfmgr: Failed to write to node: /dev/stune/top-app/schedtune.boost with value: 10, fd: -1
03-21 21:11:17.916   625  2778 W libperfmgr: Failed to write to node: /proc/sys/kernel/sched_boost with value: 0, fd: -1
03-21 21:11:17.992   625  2778 W libperfmgr: Failed to write to node: /dev/stune/top-app/schedtune.boost with value: 10, fd: -1
03-21 21:11:17.992   625  2778 W libperfmgr: Failed to write to node: /proc/sys/kernel/sched_boost with value: 0, fd: -1
03-21 21:11:18.351   852   992 I hwcomposer: [HWCDisplay] [Display_0 (type:1)] fps:3.501544,dur:1427.94,max:429.75,min:69.91  
03-21 21:11:18.410   852  1054 I hwcomposer: [HWC] (0)fire a callback of refresh to SF[4]  
03-21 21:11:18.416   625  2778 W libperfmgr: Failed to write to node: /dev/stune/top-app/schedtune.boost with value: 10, fd: -1
03-21 21:11:18.416   625  2778 W libperfmgr: Failed to write to node: /proc/sys/kernel/sched_boost with value: 0, fd: -1
03-21 21:11:18.491   625  2778 W libperfmgr: Failed to write to node: /dev/stune/top-app/schedtune.boost with value: 10, fd: -1
03-21 21:11:18.491   625  2778 W libperfmgr: Failed to write to node: /proc/sys/kernel/sched_boost with value: 0, fd: -1
03-21 21:11:18.910   852  1054 I hwcomposer: [HWC] (0)fire a callback of refresh to SF[4]  
03-21 21:11:18.916   625  2778 W libperfmgr: Failed to write to node: /dev/stune/top-app/schedtune.boost with value: 10, fd: -1
03-21 21:11:18.916   625  2778 W libperfmgr: Failed to write to node: /proc/sys/kernel/sched_boost with value: 0, fd: -1
03-21 21:11:18.991   625  2778 W libperfmgr: Failed to write to node: /dev/stune/top-app/schedtune.boost with value: 10, fd: -1
03-21 21:11:18.991   625  2778 W libperfmgr: Failed to write to node: /proc/sys/kernel/sched_boost with value: 0, fd: -1
03-21 21:11:19.410   852  1054 I hwcomposer: [HWC] (0)fire a callback of refresh to SF[4]  
03-21 21:11:19.416   625  2778 W libperfmgr: Failed to write to node: /dev/stune/top-app/schedtune.boost with value: 10, fd: -1
03-21 21:11:19.416   625  2778 W libperfmgr: Failed to write to node: /proc/sys/kernel/sched_boost with value: 0, fd: -1
03-21 21:11:19.421   852   992 I hwcomposer: [HWCDisplay] [Display_0 (type:1)] fps:4.672855,dur:1070.01,max:429.74,min:70.15  
03-21 21:11:19.491   625  2778 W libperfmgr: Failed to write to node: /dev/stune/top-app/schedtune.boost with value: 10, fd: -1
03-21 21:11:19.491   625  2778 W libperfmgr: Failed to write to node: /proc/sys/kernel/sched_boost with value: 0, fd: -1
03-21 21:11:19.670  2458 32762 I .gms.persistent: Explicit concurrent mark compact GC freed 19MB AllocSpace bytes, 13(672KB) LOS objects, 50% free, 22MB/45MB, paused 452us,2.696ms total 181.137ms
03-21 21:11:19.910   852  1054 I hwcomposer: [HWC] (0)fire a callback of refresh to SF[4]  
03-21 21:11:19.916   625  2778 W libperfmgr: Failed to write to node: /dev/stune/top-app/schedtune.boost with value: 10, fd: -1
03-21 21:11:19.916   625  2778 W libperfmgr: Failed to write to node: /proc/sys/kernel/sched_boost with value: 0, fd: -1
03-21 21:11:19.991   625  2778 W libperfmgr: Failed to write to node: /dev/stune/top-app/schedtune.boost with value: 10, fd: -1
03-21 21:11:19.992   625  2778 W libperfmgr: Failed to write to node: /proc/sys/kernel/sched_boost with value: 0, fd: -1
03-21 21:11:20.309   881  2016 I WifiHAL : feature_set=0x8488141a
03-21 21:11:20.310  1587  1927 I HalDevMgr: bestIfaceCreationProposal is null, requestIface=STA, existingIface=[name=wlan0 type=STA]
03-21 21:11:20.410   852  1054 I hwcomposer: [HWC] (0)fire a callback of refresh to SF[4]  
03-21 21:11:20.416   625  2778 W libperfmgr: Failed to write to node: /dev/stune/top-app/schedtune.boost with value: 10, fd: -1
03-21 21:11:20.416   625  2778 W libperfmgr: Failed to write to node: /proc/sys/kernel/sched_boost with value: 0, fd: -1
03-21 21:11:20.418  1587  1910 I ImeTracker: system_server:10d99f17: onTimeout at PHASE_WM_GET_CONTROL_WITH_LEASH
03-21 21:11:20.491   625  2778 W libperfmgr: Failed to write to node: /dev/stune/top-app/schedtune.boost with value: 10, fd: -1
03-21 21:11:20.492   625  2778 W libperfmgr: Failed to write to node: /proc/sys/kernel/sched_boost with value: 0, fd: -1
03-21 21:11:20.850   852   992 I hwcomposer: [HWCDisplay] [Display_0 (type:1)] fps:3.498440,dur:1429.21,max:429.64,min:70.36  
03-21 21:11:20.910   852  1054 I hwcomposer: [HWC] (0)fire a callback of refresh to SF[4]  
03-21 21:11:20.915   625  2778 W libperfmgr: Failed to write to node: /dev/stune/top-app/schedtune.boost with value: 10, fd: -1
03-21 21:11:20.915   625  2778 W libperfmgr: Failed to write to node: /proc/sys/kernel/sched_boost with value: 0, fd: -1
03-21 21:11:20.991   625  2778 W libperfmgr: Failed to write to node: /dev/stune/top-app/schedtune.boost with value: 10, fd: -1
03-21 21:11:20.991   625  2778 W libperfmgr: Failed to write to node: /proc/sys/kernel/sched_boost with value: 0, fd: -1
03-21 21:11:21.410   852  1054 I hwcomposer: [HWC] (0)fire a callback of refresh to SF[4]  
03-21 21:11:21.417   625  2778 W libperfmgr: Failed to write to node: /dev/stune/top-app/schedtune.boost with value: 10, fd: -1
03-21 21:11:21.417   625  2778 W libperfmgr: Failed to write to node: /proc/sys/kernel/sched_boost with value: 0, fd: -1
03-21 21:11:21.491   625  2778 W libperfmgr: Failed to write to node: /dev/stune/top-app/schedtune.boost with value: 10, fd: -1
03-21 21:11:21.491   625  2778 W libperfmgr: Failed to write to node: /proc/sys/kernel/sched_boost with value: 0, fd: -1
03-21 21:11:21.910   852  1054 I hwcomposer: [HWC] (0)fire a callback of refresh to SF[4]  
03-21 21:11:21.915   625  2778 W libperfmgr: Failed to write to node: /dev/stune/top-app/schedtune.boost with value: 10, fd: -1
03-21 21:11:21.915   625  2778 W libperfmgr: Failed to write to node: /proc/sys/kernel/sched_boost with value: 0, fd: -1
03-21 21:11:21.920   852   992 I hwcomposer: [HWCDisplay] [Display_0 (type:1)] fps:4.672990,dur:1069.98,max:429.57,min:70.27  
03-21 21:11:21.991   625  2778 W libperfmgr: Failed to write to node: /dev/stune/top-app/schedtune.boost with value: 10, fd: -1
03-21 21:11:21.991   625  2778 W libperfmgr: Failed to write to node: /proc/sys/kernel/sched_boost with value: 0, fd: -1
03-21 21:11:22.410   852  1054 I hwcomposer: [HWC] (0)fire a callback of refresh to SF[4]  
03-21 21:11:22.414   625  2778 W libperfmgr: Failed to write to node: /dev/stune/top-app/schedtune.boost with value: 10, fd: -1
03-21 21:11:22.415   625  2778 W libperfmgr: Failed to write to node: /proc/sys/kernel/sched_boost with value: 0, fd: -1
03-21 21:11:22.491   625  2778 W libperfmgr: Failed to write to node: /dev/stune/top-app/schedtune.boost with value: 10, fd: -1
03-21 21:11:22.492   625  2778 W libperfmgr: Failed to write to node: /proc/sys/kernel/sched_boost with value: 0, fd: -1
03-21 21:11:22.910   852  1054 I hwcomposer: [HWC] (0)fire a callback of refresh to SF[4]  
03-21 21:11:22.914   625  2778 W libperfmgr: Failed to write to node: /dev/stune/top-app/schedtune.boost with value: 10, fd: -1
03-21 21:11:22.915   625  2778 W libperfmgr: Failed to write to node: /proc/sys/kernel/sched_boost with value: 0, fd: -1
03-21 21:11:22.991   625  2778 W libperfmgr: Failed to write to node: /dev/stune/top-app/schedtune.boost with value: 10, fd: -1
03-21 21:11:22.992   625  2778 W libperfmgr: Failed to write to node: /proc/sys/kernel/sched_boost with value: 0, fd: -1
03-21 21:11:23.041   717   717 W libbinder.BackendUnifiedServiceManager: Thread Pool max thread count is 0. Cannot cache binder as linkToDeath cannot be implemented. serviceName: deviceidle
03-21 21:11:23.059   719   719 W libbinder.BackendUnifiedServiceManager: Thread Pool max thread count is 0. Cannot cache binder as linkToDeath cannot be implemented. serviceName: battery
03-21 21:11:23.074   819   819 W libbinder.BackendUnifiedServiceManager: Thread Pool max thread count is 0. Cannot cache binder as linkToDeath cannot be implemented. serviceName: deviceidle
03-21 21:11:23.099   822   822 W libbinder.BackendUnifiedServiceManager: Thread Pool max thread count is 0. Cannot cache binder as linkToDeath cannot be implemented. serviceName: activity
03-21 21:11:23.104  1587  2260 I ImeTracker: system_server:524e4763: onRequestShow at ORIGIN_SERVER reason CONTROLS_CHANGED fromUser false
03-21 21:11:23.160   833   833 W libbinder.BackendUnifiedServiceManager: Thread Pool max thread count is 0. Cannot cache binder as linkToDeath cannot be implemented. serviceName: battery
03-21 21:11:23.323   881  2016 I WifiHAL : feature_set=0x8488141a
03-21 21:11:23.324  1587  1927 I HalDevMgr: bestIfaceCreationProposal is null, requestIface=STA, existingIface=[name=wlan0 type=STA]
03-21 21:11:23.349   852   992 I hwcomposer: [HWCDisplay] [Display_0 (type:1)] fps:3.498488,dur:1429.19,max:429.63,min:70.20  
03-21 21:11:23.410   852  1054 I hwcomposer: [HWC] (0)fire a callback of refresh to SF[4]  
03-21 21:11:23.414   625  2778 W libperfmgr: Failed to write to node: /dev/stune/top-app/schedtune.boost with value: 10, fd: -1
03-21 21:11:23.414   625  2778 W libperfmgr: Failed to write to node: /proc/sys/kernel/sched_boost with value: 0, fd: -1
03-21 21:11:23.491   625  2778 W libperfmgr: Failed to write to node: /dev/stune/top-app/schedtune.boost with value: 10, fd: -1
03-21 21:11:23.491   625  2778 W libperfmgr: Failed to write to node: /proc/sys/kernel/sched_boost with value: 0, fd: -1
03-21 21:11:23.910   852  1054 I hwcomposer: [HWC] (0)fire a callback of refresh to SF[4]  
03-21 21:11:23.925   625  2778 W libperfmgr: Failed to write to node: /dev/stune/top-app/schedtune.boost with value: 10, fd: -1
03-21 21:11:23.925   625  2778 W libperfmgr: Failed to write to node: /proc/sys/kernel/sched_boost with value: 0, fd: -1
03-21 21:11:23.991   625  2778 W libperfmgr: Failed to write to node: /dev/stune/top-app/schedtune.boost with value: 10, fd: -1
03-21 21:11:23.991   625  2778 W libperfmgr: Failed to write to node: /proc/sys/kernel/sched_boost with value: 0, fd: -1
03-21 21:11:24.410   852  1054 I hwcomposer: [HWC] (0)fire a callback of refresh to SF[4]  
03-21 21:11:24.425   625  2778 W libperfmgr: Failed to write to node: /dev/stune/top-app/schedtune.boost with value: 10, fd: -1
03-21 21:11:24.425   625  2778 W libperfmgr: Failed to write to node: /proc/sys/kernel/sched_boost with value: 0, fd: -1
03-21 21:11:24.431   852   992 I hwcomposer: [HWCDisplay] [Display_0 (type:1)] fps:4.620024,dur:1082.25,max:429.55,min:70.37  
03-21 21:11:24.491   625  2778 W libperfmgr: Failed to write to node: /dev/stune/top-app/schedtune.boost with value: 10, fd: -1
03-21 21:11:24.491   625  2778 W libperfmgr: Failed to write to node: /proc/sys/kernel/sched_boost with value: 0, fd: -1
03-21 21:11:24.910   852  1054 I hwcomposer: [HWC] (0)fire a callback of refresh to SF[4]  
03-21 21:11:24.925   625  2778 W libperfmgr: Failed to write to node: /dev/stune/top-app/schedtune.boost with value: 10, fd: -1
03-21 21:11:24.925   625  2778 W libperfmgr: Failed to write to node: /proc/sys/kernel/sched_boost with value: 0, fd: -1
03-21 21:11:24.991   625  2778 W libperfmgr: Failed to write to node: /dev/stune/top-app/schedtune.boost with value: 10, fd: -1
03-21 21:11:24.991   625  2778 W libperfmgr: Failed to write to node: /proc/sys/kernel/sched_boost with value: 0, fd: -1
03-21 21:11:25.410   852  1054 I hwcomposer: [HWC] (0)fire a callback of refresh to SF[4]  
03-21 21:11:25.425   625  2778 W libperfmgr: Failed to write to node: /dev/stune/top-app/schedtune.boost with value: 10, fd: -1
03-21 21:11:25.425   625  2778 W libperfmgr: Failed to write to node: /proc/sys/kernel/sched_boost with value: 0, fd: -1
03-21 21:11:25.491   625  2778 W libperfmgr: Failed to write to node: /dev/stune/top-app/schedtune.boost with value: 10, fd: -1
03-21 21:11:25.492   625  2778 W libperfmgr: Failed to write to node: /proc/sys/kernel/sched_boost with value: 0, fd: -1
03-21 21:11:25.848   852   992 I hwcomposer: [HWCDisplay] [Display_0 (type:1)] fps:3.528577,dur:1417.00,max:418.16,min:81.66  
03-21 21:11:25.910   852  1054 I hwcomposer: [HWC] (0)fire a callback of refresh to SF[4]  
03-21 21:11:25.925   625  2778 W libperfmgr: Failed to write to node: /dev/stune/top-app/schedtune.boost with value: 10, fd: -1
03-21 21:11:25.925   625  2778 W libperfmgr: Failed to write to node: /proc/sys/kernel/sched_boost with value: 0, fd: -1
03-21 21:11:25.991   625  2778 W libperfmgr: Failed to write to node: /dev/stune/top-app/schedtune.boost with value: 10, fd: -1
03-21 21:11:25.991   625  2778 W libperfmgr: Failed to write to node: /proc/sys/kernel/sched_boost with value: 0, fd: -1
03-21 21:11:25.998   844   878 I netd    : tetherGetStats() -> {[]} <1.03ms>
03-21 21:11:26.008  1587  1673 I ActivityManager: Start proc 842:com.google.android.tts/u0a302 for service {com.google.android.tts/androidx.work.impl.background.systemjob.SystemJobService}
03-21 21:11:26.032   842   842 I Zygote  : Process 842 created for com.google.android.tts
03-21 21:11:26.032   842   842 I gle.android.tts: Using CollectorTypeCMC GC.
03-21 21:11:26.048  3012  3027 I edmb    : (REDACTED) appOpsListener %s %s
03-21 21:11:26.048  3012  3027 I edmb    : (REDACTED) Ignoring irrelevant audio permission changes for package %s
03-21 21:11:26.063   842   842 W gle.android.tts: Failed to find entry 'classes.dex': Entry not found
03-21 21:11:26.064   842   842 W gle.android.tts: Failed to find entry 'classes.dex': Entry not found
03-21 21:11:26.065   842   842 W gle.android.tts: Failed to find entry 'classes.dex': Entry not found
03-21 21:11:26.066   842   842 W gle.android.tts: Failed to find entry 'classes.dex': Entry not found
03-21 21:11:26.109   842   842 I MultiDex: VM with version 2.1.0 has multidex support
03-21 21:11:26.109   842   842 I MultiDex: Installing application
03-21 21:11:26.109   842   842 I MultiDex: VM has multidex support, MultiDex support library is disabled.
03-21 21:11:26.109   842   842 I MultiDex: Installing application
03-21 21:11:26.109   842   842 I MultiDex: VM has multidex support, MultiDex support library is disabled.
03-21 21:11:26.116   842   940 I carui   : CarUi plugin is not supported on Android platform version 16 or newer
03-21 21:11:26.226  1587  1708 I DisplayPowerController[0]: BrightnessEvent: brt=8.54597E-4(5.0%), nits=3.4861262, lux=-1.0, reason=manual [ dim ], strat=FallbackBrightnessStrategy, state=ON, stateReason=DEFAULT_POLICY, policy=DIM, flags=, initBrt=1.0, rcmdBrt=NaN, preBrt=NaN, preLux=0.0, wasShortTermModelActive=false, autoBrightness=false (default), unclampedBrt=1.0, hbmMax=1.0, hbmMode=sunlight, thrmMax=1.0, rbcStrength=50, powerFactor=1.0, physDisp=Built-in Screen(local:4627039422300187648), logicalId=0, slowChange=false, rampSpeed=0.70472443
03-21 21:11:26.234   842   842 I Analytics: Running on TYPE_PHONE
03-21 21:11:26.268   842   842 I hvg     : SslGuard completed installation.
03-21 21:11:26.274   842   842 I NativeLibraryLoader: Beginning load of google_speech_sbg_tts_jni...
03-21 21:11:26.331   881  2016 I WifiHAL : feature_set=0x8488141a
03-21 21:11:26.332  1587  1927 I HalDevMgr: bestIfaceCreationProposal is null, requestIface=STA, existingIface=[name=wlan0 type=STA]
03-21 21:11:26.420   842   951 I NativeLibraryLoader: google_speech_sbg_tts_jni (null) was loaded normally!
03-21 21:11:26.422   842   842 I DefaultProcessValidator: Validating WorkManager process
03-21 21:11:26.423   842   950 I DefaultProcessValidator: Processes: NONE, true, com.google.android.tts, com.google.android.tts
03-21 21:11:26.439  1587  1680 W libprocessgroup: SetCgroup::ExecuteForProcess: failed to open /dev/stune/background/cgroup.procs: No such file or directory
03-21 21:11:26.451   842   950 E ashmem  : Pinning is deprecated since Android Q. Please use trim or other methods.
03-21 21:11:26.492   625  2778 W libperfmgr: Failed to write to node: /dev/stune/top-app/schedtune.boost with value: 10, fd: -1
03-21 21:11:26.492   625  2778 W libperfmgr: Failed to write to node: /proc/sys/kernel/sched_boost with value: 0, fd: -1
03-21 21:11:26.531   842   842 I SyncManagerImpl: #sync(). Running Synclets and scheduling next sync.
03-21 21:11:26.547   842   950 I SyncManagerImpl: Running synclets: [MultiModelAutoUpdateSynclet]
03-21 21:11:26.549   842   957 I SyncManagerImpl: Starting synclet: MultiModelAutoUpdateSynclet
03-21 21:11:26.549   842   957 I MMAutoUpdateSynclet: #sync
03-21 21:11:26.597   842   955 I VoiceLanguageHelper: #initializeLanguages
03-21 21:11:26.602   842   959 I LPDownloadSettingsState: Defaulting LP download condition to 2 as user has not edited settings.
03-21 21:11:26.602   842   959 I DefaultLPManager: #getAvailablePackages
03-21 21:11:26.603   842   959 I gvi     : #getDownloadableLanguagePacks
03-21 21:11:26.603   842   956 I SyncManagerImpl: #sync() complete
03-21 21:11:26.604   842   956 I SyncManagerImpl: Completed sync. Scheduling next wakeup
03-21 21:11:26.604   842   956 I SyncWorkManagerOneTimeS: Scheduling next onetime WorkManager workers
03-21 21:11:26.607   842   950 I WM-WorkerWrapper: Worker result SUCCESS for Work [ id=be5d0e3b-899d-4163-a3e7-570305f10f11, tags={ com.google.apps.tiktok.contrib.work.TikTokListenableWorker,com.google.apps.tiktok.sync.impl.workmanager.SyncWorker,sync_constraint:charger,TikTokWorker#com.google.apps.tiktok.sync.impl.workmanager.SyncWorker } ]
03-21 21:11:26.608   842   959 I LanguagePackConfigImpl: Loaded languagepack (LP) flag value from latest config autogen_BatchV3071V3072: [en-US3006, de-DE3002, es-ES3000, fr-FR3002, it-IT3000, ja-JP3003, en-AU3003, en-GB3002, en-IE3002, en-SG3001, de-DE3003, fr-FR3003, ja-JP3004, en-US3008, de-AT3053, de-BE3053, de-CH3053, de-DE3053, en-AU3053, en-CA3053, en-GB3053, en-IE3053, en-IN3053, en-SG3053, en-US3053, es-ES3053, es-US3053, fr-BE3053, fr-CH3053, fr-FR3053, hi-IN3053, it-CH3053, it-IT3053, ja-JP3053, pt-BR3053, de-AT3054, de-BE3054, de-CH3054, de-DE3054, en-AU3054, en-CA3054, en-GB3054, en-IE3054, en-IN3054, en-SG3054, en-US3054, es-ES3054, es-US3054, fr-BE3054, fr-CA3054, fr-CH3054, fr-FR3054, hi-IN3054, id-ID3054, it-CH3054, it-IT3054, ja-JP3054, ko-KR3054, pt-BR3054, th-TH3054, cmn-Hans-CN3056, cmn-Hant-TW3056, de-AT3056, de-BE3056, de-CH3056, de-DE3056, en-CA3056, en-IN3056, en-US3056, es-ES3056, es-US3056, fr-BE3056, fr-CA3056, fr-CH3056, fr-FR3056, hi-IN3056, id-ID3056, it-CH3056, it-IT3056, ja-JP3056, ko-KR3056, pl-PL3056, pt-BR3056, ru-RU3056, th-TH3056, tr-TR3056, vi-VN3056, ja-JP3059, id-ID3059, ko-KR3061, pl-PL3059, ru-RU3059, th-TH3059, tr-TR3059, vi-VN3059, en-AU3071, en-CA3071, en-GB3071, en-IE3071, en-SG3071, en-US3072, hi-IN3072]
03-21 21:11:26.608   842   959 W SystemLPSourceImpl: #getAvailablePackages: Note there is not reason to call this method, as getInstalledPackages() returns the same LanguagePacks for this impl.
03-21 21:11:26.608   842   959 I DefaultLPManager: #getInstalledPackages
03-21 21:11:26.609   842   959 I gvi     : #getInstalledPackages from MDD
03-21 21:11:26.609   842   959 I gvi     : #GetLanguagePackList
03-21 21:11:26.609   842   959 I gvi     : MDD.getFileGroupsByFilter(langpack-domain_xx-XX_ver_zipfile)
03-21 21:11:26.612   842   959 I DefaultLPManager: #getInstalledPackages
03-21 21:11:26.612   842   959 I gvi     : #getInstalledPackages from MDD
03-21 21:11:26.612   842   959 I gvi     : #GetLanguagePackList
03-21 21:11:26.612   842   959 I gvi     : MDD.getFileGroupsByFilter(langpack-domain_xx-XX_ver_zipfile)
03-21 21:11:26.612   842   959 I DefaultLPManager: #getRequestedPackages
03-21 21:11:26.612   842   959 I ZipLPPopulator: #addNewFileGroups
03-21 21:11:26.612   842   959 I gvi     : #getDownloadableLanguagePacks
03-21 21:11:26.615   842   956 I SystemLPSourceImpl: Parsed system partition LanguagePack metadata file: /product/usr/srec/en-US/metadata
03-21 21:11:26.615   842   955 I SystemLPSourceImpl: Parsed system partition LanguagePack metadata file: /product/usr/srec/en-US/metadata
03-21 21:11:26.615   842   959 I LanguagePackConfigImpl: Loaded languagepack (LP) flag value from latest config autogen_BatchV3071V3072: [en-US3006, de-DE3002, es-ES3000, fr-FR3002, it-IT3000, ja-JP3003, en-AU3003, en-GB3002, en-IE3002, en-SG3001, de-DE3003, fr-FR3003, ja-JP3004, en-US3008, de-AT3053, de-BE3053, de-CH3053, de-DE3053, en-AU3053, en-CA3053, en-GB3053, en-IE3053, en-IN3053, en-SG3053, en-US3053, es-ES3053, es-US3053, fr-BE3053, fr-CH3053, fr-FR3053, hi-IN3053, it-CH3053, it-IT3053, ja-JP3053, pt-BR3053, de-AT3054, de-BE3054, de-CH3054, de-DE3054, en-AU3054, en-CA3054, en-GB3054, en-IE3054, en-IN3054, en-SG3054, en-US3054, es-ES3054, es-US3054, fr-BE3054, fr-CA3054, fr-CH3054, fr-FR3054, hi-IN3054, id-ID3054, it-CH3054, it-IT3054, ja-JP3054, ko-KR3054, pt-BR3054, th-TH3054, cmn-Hans-CN3056, cmn-Hant-TW3056, de-AT3056, de-BE3056, de-CH3056, de-DE3056, en-CA3056, en-IN3056, en-US3056, es-ES3056, es-US3056, fr-BE3056, fr-CA3056, fr-CH3056, fr-FR3056, hi-IN3056, id-ID3056, it-CH3056, it-IT3056, ja-JP3056, ko-KR3056, pl-PL3056, pt-BR3056, ru-RU3056, th-TH3056, tr-TR3056, vi-VN3056, ja-JP3059, id-ID3059, ko-KR3061, pl-PL3059, ru-RU3059, th-TH3059, tr-TR3059, vi-VN3059, en-AU3071, en-CA3071, en-GB3071, en-IE3071, en-SG3071, en-US3072, hi-IN3072]
03-21 21:11:26.616   842   957 E VoiceSearchConfigUtils: Unrecognized recognizer for [ja-JP, 3053]: 23. Ignoring it and its associated features.
03-21 21:11:26.616   842   957 E VoiceSearchConfigUtils: Unrecognized recognizer for [ja-JP, 3053]: 22. Ignoring it and its associated features.
03-21 21:11:26.616   842   957 E VoiceSearchConfigUtils: Unrecognized recognizer for [ja-JP, 3053]: 23. Ignoring it and its associated features.
03-21 21:11:26.616   842   957 E VoiceSearchConfigUtils: Unrecognized recognizer for [ja-JP, 3053]: 22. Ignoring it and its associated features.
03-21 21:11:26.616   842   957 E VoiceSearchConfigUtils: Unrecognized recognizer for [ja-JP, 3053]: 23. Ignoring it and its associated features.
03-21 21:11:26.618   842   957 E VoiceSearchConfigUtils: Unrecognized recognizer for [ja-JP, 3053]: 22. Ignoring it and its associated features.
03-21 21:11:26.618   842   957 E VoiceSearchConfigUtils: Unrecognized recognizer for [ja-JP, 3053]: 22. Ignoring it and its associated features.
03-21 21:11:26.618   842   957 E VoiceSearchConfigUtils: Unrecognized recognizer for [ja-JP, 3053]: 22. Ignoring it and its associated features.
03-21 21:11:26.619   842   960 E VoiceSearchConfigUtils: Unrecognized recognizer for [ja-JP, 3053]: 23. Ignoring it and its associated features.
03-21 21:11:26.619   842   960 E VoiceSearchConfigUtils: Unrecognized recognizer for [ja-JP, 3053]: 22. Ignoring it and its associated features.
03-21 21:11:26.619   842   960 E VoiceSearchConfigUtils: Unrecognized recognizer for [ja-JP, 3053]: 23. Ignoring it and its associated features.
03-21 21:11:26.619   842   960 E VoiceSearchConfigUtils: Unrecognized recognizer for [ja-JP, 3053]: 22. Ignoring it and its associated features.
03-21 21:11:26.619   842   960 E VoiceSearchConfigUtils: Unrecognized recognizer for [ja-JP, 3053]: 23. Ignoring it and its associated features.
03-21 21:11:26.619   842   960 E VoiceSearchConfigUtils: Unrecognized recognizer for [ja-JP, 3053]: 22. Ignoring it and its associated features.
03-21 21:11:26.619   842   960 E VoiceSearchConfigUtils: Unrecognized recognizer for [ja-JP, 3053]: 22. Ignoring it and its associated features.
03-21 21:11:26.619   842   960 E VoiceSearchConfigUtils: Unrecognized recognizer for [ja-JP, 3053]: 22. Ignoring it and its associated features.
03-21 21:11:26.620   842   957 E VoiceSearchConfigUtils: Unrecognized recognizer for [ja-JP, 3054]: 23. Ignoring it and its associated features.
03-21 21:11:26.620   842   957 E VoiceSearchConfigUtils: Unrecognized recognizer for [ja-JP, 3054]: 22. Ignoring it and its associated features.
03-21 21:11:26.620   842   957 E VoiceSearchConfigUtils: Unrecognized recognizer for [ja-JP, 3054]: 23. Ignoring it and its associated features.
03-21 21:11:26.620   842   957 E VoiceSearchConfigUtils: Unrecognized recognizer for [ja-JP, 3054]: 22. Ignoring it and its associated features.
03-21 21:11:26.620   842   957 E VoiceSearchConfigUtils: Unrecognized recognizer for [ja-JP, 3054]: 23. Ignoring it and its associated features.
03-21 21:11:26.621   842   957 E VoiceSearchConfigUtils: Unrecognized recognizer for [ja-JP, 3054]: 22. Ignoring it and its associated features.
03-21 21:11:26.621   842   957 E VoiceSearchConfigUtils: Unrecognized recognizer for [ja-JP, 3054]: 22. Ignoring it and its associated features.
03-21 21:11:26.621   842   957 E VoiceSearchConfigUtils: Unrecognized recognizer for [ja-JP, 3054]: 22. Ignoring it and its associated features.
03-21 21:11:26.622   842   960 E VoiceSearchConfigUtils: Unrecognized recognizer for [ja-JP, 3054]: 23. Ignoring it and its associated features.
03-21 21:11:26.622   842   960 E VoiceSearchConfigUtils: Unrecognized recognizer for [ja-JP, 3054]: 22. Ignoring it and its associated features.
03-21 21:11:26.622   842   960 E VoiceSearchConfigUtils: Unrecognized recognizer for [ja-JP, 3054]: 23. Ignoring it and its associated features.
03-21 21:11:26.622   842   960 E VoiceSearchConfigUtils: Unrecognized recognizer for [ja-JP, 3054]: 22. Ignoring it and its associated features.
03-21 21:11:26.622   842   959 W SystemLPSourceImpl: #getRequestedPackages: There is not reason to call this method, as the result is always empty.
03-21 21:11:26.622   842   959 I DefaultLPManager: #getAvailablePackages
03-21 21:11:26.622   842   959 I gvi     : #getDownloadableLanguagePacks
03-21 21:11:26.622   842   955 I SystemLPSourceImpl: Parsed system partition LanguagePack metadata file: /product/usr/srec/en-US/metadata
03-21 21:11:26.622   842   957 E VoiceSearchConfigUtils: Unrecognized recognizer for [ja-JP, 3056]: 23. Ignoring it and its associated features.
03-21 21:11:26.623   842   957 E VoiceSearchConfigUtils: Unrecognized recognizer for [ja-JP, 3056]: 22. Ignoring it and its associated features.
03-21 21:11:26.623   842   957 E VoiceSearchConfigUtils: Unrecognized recognizer for [ja-JP, 3056]: 23. Ignoring it and its associated features.
03-21 21:11:26.623   842   957 E VoiceSearchConfigUtils: Unrecognized recognizer for [ja-JP, 3056]: 22. Ignoring it and its associated features.
03-21 21:11:26.623   842   957 E VoiceSearchConfigUtils: Unrecognized recognizer for [ja-JP, 3056]: 23. Ignoring it and its associated features.
03-21 21:11:26.623   842   957 E VoiceSearchConfigUtils: Unrecognized recognizer for [ja-JP, 3056]: 22. Ignoring it and its associated features.
03-21 21:11:26.623   842   957 E VoiceSearchConfigUtils: Unrecognized recognizer for [ja-JP, 3056]: 22. Ignoring it and its associated features.
03-21 21:11:26.623   842   957 E VoiceSearchConfigUtils: Unrecognized recognizer for [ja-JP, 3056]: 22. Ignoring it and its associated features.
03-21 21:11:26.624   842   960 E VoiceSearchConfigUtils: Unrecognized recognizer for [ja-JP, 3054]: 23. Ignoring it and its associated features.
03-21 21:11:26.624   842   960 E VoiceSearchConfigUtils: Unrecognized recognizer for [ja-JP, 3054]: 22. Ignoring it and its associated features.
03-21 21:11:26.624   842   960 E VoiceSearchConfigUtils: Unrecognized recognizer for [ja-JP, 3054]: 22. Ignoring it and its associated features.
03-21 21:11:26.624   842   960 E VoiceSearchConfigUtils: Unrecognized recognizer for [ja-JP, 3054]: 22. Ignoring it and its associated features.
03-21 21:11:26.624   842   959 I LanguagePackConfigImpl: Loaded languagepack (LP) flag value from latest config autogen_BatchV3071V3072: [en-US3006, de-DE3002, es-ES3000, fr-FR3002, it-IT3000, ja-JP3003, en-AU3003, en-GB3002, en-IE3002, en-SG3001, de-DE3003, fr-FR3003, ja-JP3004, en-US3008, de-AT3053, de-BE3053, de-CH3053, de-DE3053, en-AU3053, en-CA3053, en-GB3053, en-IE3053, en-IN3053, en-SG3053, en-US3053, es-ES3053, es-US3053, fr-BE3053, fr-CH3053, fr-FR3053, hi-IN3053, it-CH3053, it-IT3053, ja-JP3053, pt-BR3053, de-AT3054, de-BE3054, de-CH3054, de-DE3054, en-AU3054, en-CA3054, en-GB3054, en-IE3054, en-IN3054, en-SG3054, en-US3054, es-ES3054, es-US3054, fr-BE3054, fr-CA3054, fr-CH3054, fr-FR3054, hi-IN3054, id-ID3054, it-CH3054, it-IT3054, ja-JP3054, ko-KR3054, pt-BR3054, th-TH3054, cmn-Hans-CN3056, cmn-Hant-TW3056, de-AT3056, de-BE3056, de-CH3056, de-DE3056, en-CA3056, en-IN3056, en-US3056, es-ES3056, es-US3056, fr-BE3056, fr-CA3056, fr-CH3056, fr-FR3056, hi-IN3056, id-ID3056, it-CH3056, it-IT3056, ja-JP3056, ko-KR3056, pl-PL3056, pt-BR3056, ru-RU3056, th-TH3056, tr-TR3056, vi-VN3056, ja-JP3059, id-ID3059, ko-KR3061, pl-PL3059, ru-RU3059, th-TH3059, tr-TR3059, vi-VN3059, en-AU3071, en-CA3071, en-GB3071, en-IE3071, en-SG3071, en-US3072, hi-IN3072]
03-21 21:11:26.624   842   959 W SystemLPSourceImpl: #getAvailablePackages: Note there is not reason to call this method, as getInstalledPackages() returns the same LanguagePacks for this impl.
03-21 21:11:26.625   842   956 I SystemLPSourceImpl: Parsed system partition LanguagePack metadata file: /product/usr/srec/en-US/metadata
03-21 21:11:26.628   842   960 E VoiceSearchConfigUtils: Unrecognized recognizer for [ja-JP, 3056]: 23. Ignoring it and its associated features.
03-21 21:11:26.628   842   959 E VoiceSearchConfigUtils: Unrecognized recognizer for [ja-JP, 3053]: 23. Ignoring it and its associated features.
03-21 21:11:26.628   842   960 E VoiceSearchConfigUtils: Unrecognized recognizer for [ja-JP, 3056]: 22. Ignoring it and its associated features.
03-21 21:11:26.628   842   959 E VoiceSearchConfigUtils: Unrecognized recognizer for [ja-JP, 3053]: 22. Ignoring it and its associated features.
03-21 21:11:26.628   842   960 E VoiceSearchConfigUtils: Unrecognized recognizer for [ja-JP, 3056]: 23. Ignoring it and its associated features.
03-21 21:11:26.628   842   959 E VoiceSearchConfigUtils: Unrecognized recognizer for [ja-JP, 3053]: 23. Ignoring it and its associated features.
03-21 21:11:26.628   842   960 E VoiceSearchConfigUtils: Unrecognized recognizer for [ja-JP, 3056]: 22. Ignoring it and its associated features.
03-21 21:11:26.628   842   959 E VoiceSearchConfigUtils: Unrecognized recognizer for [ja-JP, 3053]: 22. Ignoring it and its associated features.
03-21 21:11:26.628   842   960 E VoiceSearchConfigUtils: Unrecognized recognizer for [ja-JP, 3056]: 23. Ignoring it and its associated features.
03-21 21:11:26.628   842   959 E VoiceSearchConfigUtils: Unrecognized recognizer for [ja-JP, 3053]: 23. Ignoring it and its associated features.
03-21 21:11:26.628   842   960 E VoiceSearchConfigUtils: Unrecognized recognizer for [ja-JP, 3056]: 22. Ignoring it and its associated features.
03-21 21:11:26.628   842   959 E VoiceSearchConfigUtils: Unrecognized recognizer for [ja-JP, 3053]: 22. Ignoring it and its associated features.
03-21 21:11:26.628   842   960 E VoiceSearchConfigUtils: Unrecognized recognizer for [ja-JP, 3056]: 22. Ignoring it and its associated features.
03-21 21:11:26.628   842   959 E VoiceSearchConfigUtils: Unrecognized recognizer for [ja-JP, 3053]: 22. Ignoring it and its associated features.
03-21 21:11:26.628   842   960 E VoiceSearchConfigUtils: Unrecognized recognizer for [ja-JP, 3056]: 22. Ignoring it and its associated features.
03-21 21:11:26.628   842   959 E VoiceSearchConfigUtils: Unrecognized recognizer for [ja-JP, 3053]: 22. Ignoring it and its associated features.
03-21 21:11:26.630   842   959 E VoiceSearchConfigUtils: Unrecognized recognizer for [ja-JP, 3054]: 23. Ignoring it and its associated features.
03-21 21:11:26.630   842   959 E VoiceSearchConfigUtils: Unrecognized recognizer for [ja-JP, 3054]: 22. Ignoring it and its associated features.
03-21 21:11:26.630   842   959 E VoiceSearchConfigUtils: Unrecognized recognizer for [ja-JP, 3054]: 23. Ignoring it and its associated features.
03-21 21:11:26.630   842   959 E VoiceSearchConfigUtils: Unrecognized recognizer for [ja-JP, 3054]: 22. Ignoring it and its associated features.
03-21 21:11:26.630   842   959 E VoiceSearchConfigUtils: Unrecognized recognizer for [ja-JP, 3054]: 23. Ignoring it and its associated features.
03-21 21:11:26.630   842   959 E VoiceSearchConfigUtils: Unrecognized recognizer for [ja-JP, 3054]: 22. Ignoring it and its associated features.
03-21 21:11:26.630   842   959 E VoiceSearchConfigUtils: Unrecognized recognizer for [ja-JP, 3054]: 22. Ignoring it and its associated features.
03-21 21:11:26.630   842   959 E VoiceSearchConfigUtils: Unrecognized recognizer for [ja-JP, 3054]: 22. Ignoring it and its associated features.
03-21 21:11:26.631   842   958 I LPRequestState: [ManagerRequests] #resolveDesiredLanguagePacks
03-21 21:11:26.632   842   960 I LPRequestState: [ZipfileRequests] #resolveDesiredLanguagePacks
03-21 21:11:26.634   842   959 E VoiceSearchConfigUtils: Unrecognized recognizer for [ja-JP, 3056]: 23. Ignoring it and its associated features.
03-21 21:11:26.634   842   959 E VoiceSearchConfigUtils: Unrecognized recognizer for [ja-JP, 3056]: 22. Ignoring it and its associated features.
03-21 21:11:26.634   842   959 E VoiceSearchConfigUtils: Unrecognized recognizer for [ja-JP, 3056]: 23. Ignoring it and its associated features.
03-21 21:11:26.634   842   959 E VoiceSearchConfigUtils: Unrecognized recognizer for [ja-JP, 3056]: 22. Ignoring it and its associated features.
03-21 21:11:26.634   842   959 E VoiceSearchConfigUtils: Unrecognized recognizer for [ja-JP, 3056]: 23. Ignoring it and its associated features.
03-21 21:11:26.634   842   959 E VoiceSearchConfigUtils: Unrecognized recognizer for [ja-JP, 3056]: 22. Ignoring it and its associated features.
03-21 21:11:26.634   842   959 E VoiceSearchConfigUtils: Unrecognized recognizer for [ja-JP, 3056]: 22. Ignoring it and its associated features.
03-21 21:11:26.634   842   959 E VoiceSearchConfigUtils: Unrecognized recognizer for [ja-JP, 3056]: 22. Ignoring it and its associated features.
03-21 21:11:26.636   842   962 I LPRequestState: Assigning language pack Optional.of(LanguagePackDescriptor{locale=en_US, version=3072, installType=ZIPFILE_DOWNLOAD, applicationDomains=[1, 2, 3, 4, 5, 6, 7, 11], featuresForDomains={1=[2, 3, 4, 5, 6, 9, 10, 12, 13, 14, 15], 2=[2, 3, 4, 5, 6, 7, 8, 9, 10, 12, 13, 14, 15], 3=[2, 3, 4, 5, 6, 9, 10, 12, 13, 14, 15], 4=[2, 3, 4, 5, 6, 7, 8, 9, 10, 12, 13, 14, 15], 5=[2, 3, 4, 5, 6, 9, 10, 12, 13, 14, 15], 6=[2, 3, 4, 5, 6, 7, 8, 9, 10, 12, 13, 14, 15], 7=[2, 3, 4, 5, 6, 7, 8, 9, 10, 12, 13, 14, 15], 11=[2, 3, 4, 5, 6, 7, 8, 9, 10, 12, 13, 14, 15]}, sizeBytes=62065000, zipfileParams=Optional.of(ZipfileParams{downloadUrl=https://dl.google.com/android/voice/soda/en-US/v3072/soda-en-US-v3072.zip, hashValueSha1=F8745C8DBBDAE1E77A9A9E7BAF378CBC78B7BB2A}), readOnlyParams=Optional.absent()}) for request # gus@b2ceef46
03-21 21:11:26.636   842   962 I LPRequestState: Assigning language pack Optional.of(LanguagePackDescriptor{locale=en_US, version=3072, installType=ZIPFILE_DOWNLOAD, applicationDomains=[1, 2, 3, 4, 5, 6, 7, 11], featuresForDomains={1=[2, 3, 4, 5, 6, 9, 10, 12, 13, 14, 15], 2=[2, 3, 4, 5, 6, 7, 8, 9, 10, 12, 13, 14, 15], 3=[2, 3, 4, 5, 6, 9, 10, 12, 13, 14, 15], 4=[2, 3, 4, 5, 6, 7, 8, 9, 10, 12, 13, 14, 15], 5=[2, 3, 4, 5, 6, 9, 10, 12, 13, 14, 15], 6=[2, 3, 4, 5, 6, 7, 8, 9, 10, 12, 13, 14, 15], 7=[2, 3, 4, 5, 6, 7, 8, 9, 10, 12, 13, 14, 15], 11=[2, 3, 4, 5, 6, 7, 8, 9, 10, 12, 13, 14, 15]}, sizeBytes=62065000, zipfileParams=Optional.of(ZipfileParams{downloadUrl=https://dl.google.com/android/voice/soda/en-US/v3072/soda-en-US-v3072.zip, hashValueSha1=F8745C8DBBDAE1E77A9A9E7BAF378CBC78B7BB2A}), readOnlyParams=Optional.absent()}) for request # gus@ce118b46
03-21 21:11:26.637   842   959 I LPDownloadSettingsState: Defaulting LP download condition to 2 as user has not edited settings.
03-21 21:11:26.637   842   959 I ZipLPPopulator: MDD.addFileGroup: LanguagePackDescriptor{locale=en_US, version=3072, installType=ZIPFILE_DOWNLOAD, applicationDomains=[1, 2, 3, 4, 5, 6, 7, 11], featuresForDomains={1=[2, 3, 4, 5, 6, 9, 10, 12, 13, 14, 15], 2=[2, 3, 4, 5, 6, 7, 8, 9, 10, 12, 13, 14, 15], 3=[2, 3, 4, 5, 6, 9, 10, 12, 13, 14, 15], 4=[2, 3, 4, 5, 6, 7, 8, 9, 10, 12, 13, 14, 15], 5=[2, 3, 4, 5, 6, 9, 10, 12, 13, 14, 15], 6=[2, 3, 4, 5, 6, 7, 8, 9, 10, 12, 13, 14, 15], 7=[2, 3, 4, 5, 6, 7, 8, 9, 10, 12, 13, 14, 15], 11=[2, 3, 4, 5, 6, 7, 8, 9, 10, 12, 13, 14, 15]}, sizeBytes=62065000, zipfileParams=Optional.of(ZipfileParams{downloadUrl=https://dl.google.com/android/voice/soda/en-US/v3072/soda-en-US-v3072.zip, hashValueSha1=F8745C8DBBDAE1E77A9A9E7BAF378CBC78B7BB2A}), readOnlyParams=Optional.absent()}
03-21 21:11:26.654   842   950 I SyncWorkManagerOneTimeS: Successfully scheduled next onetime workers
03-21 21:11:26.660   842   959 I LPRequestState: [ManagerRequests] #resolveUnusedLanguagePacks
03-21 21:11:26.660   842   959 I LPRequestState: [ManagerRequests] #resolveDesiredLanguagePacks
03-21 21:11:26.661   842   959 I LPRequestState: Assigning language pack Optional.of(LanguagePackDescriptor{locale=en_US, version=3072, installType=ZIPFILE_DOWNLOAD, applicationDomains=[1, 11, 5, 7, 4, 2, 3, 6], featuresForDomains={1=[2, 3, 4, 5, 6, 9, 10, 12, 13, 14, 15], 11=[2, 3, 4, 5, 6, 7, 8, 9, 10, 12, 13, 14, 15], 5=[2, 3, 4, 5, 6, 9, 10, 12, 13, 14, 15], 7=[2, 3, 4, 5, 6, 7, 8, 9, 10, 12, 13, 14, 15], 4=[2, 3, 4, 5, 6, 7, 8, 9, 10, 12, 13, 14, 15], 2=[2, 3, 4, 5, 6, 7, 8, 9, 10, 12, 13, 14, 15], 3=[2, 3, 4, 5, 6, 9, 10, 12, 13, 14, 15], 6=[2, 3, 4, 5, 6, 7, 8, 9, 10, 12, 13, 14, 15]}, sizeBytes=93802000, zipfileParams=Optional.absent(), readOnlyParams=Optional.absent()}) for request # gus@b2ceef46
03-21 21:11:26.661   842   959 I ZipLPPopulator: Updated file group for group 'langpack-domain_en-US_3072_zipfile' from location: https://dl.google.com/android/voice/soda/en-US/v3072/soda-en-US-v3072.zip
03-21 21:11:26.661   842   957 I ZipLPPopulator: #addNewFileGroups complete
03-21 21:11:26.661   842   958 I gvi     : #getPendingPackages from MDD
03-21 21:11:26.661   842   962 I LanguagePackMaintenance: Background downloading 0 packs, for an ideal set of 1 total packs
03-21 21:11:26.661   842   958 I gvi     : #GetLanguagePackList
03-21 21:11:26.661   842   958 I gvi     : MDD.getFileGroupsByFilter(langpack-domain_xx-XX_ver_zipfile)
03-21 21:11:26.661   842   962 I LanguagePackMaintenance: Background downloading packs []
03-21 21:11:26.661   842   962 I LanguagePackMaintenance: Ideal set: [en-US_v3072]
03-21 21:11:26.662   842   958 I LPRequestState: [ManagerRequests] #resolveUnusedLanguagePacks
03-21 21:11:26.662   842   962 I DefaultLPManager: #calculateRolledBackPacks
03-21 21:11:26.662   842   958 I LPRequestState: [ManagerRequests] #resolveDesiredLanguagePacks
03-21 21:11:26.662   842   961 I LPRequestState: Assigning language pack Optional.of(LanguagePackDescriptor{locale=en_US, version=3072, installType=ZIPFILE_DOWNLOAD, applicationDomains=[1, 11, 5, 7, 4, 2, 3, 6], featuresForDomains={1=[2, 3, 4, 5, 6, 9, 10, 12, 13, 14, 15], 11=[2, 3, 4, 5, 6, 7, 8, 9, 10, 12, 13, 14, 15], 5=[2, 3, 4, 5, 6, 9, 10, 12, 13, 14, 15], 7=[2, 3, 4, 5, 6, 7, 8, 9, 10, 12, 13, 14, 15], 4=[2, 3, 4, 5, 6, 7, 8, 9, 10, 12, 13, 14, 15], 2=[2, 3, 4, 5, 6, 7, 8, 9, 10, 12, 13, 14, 15], 3=[2, 3, 4, 5, 6, 9, 10, 12, 13, 14, 15], 6=[2, 3, 4, 5, 6, 7, 8, 9, 10, 12, 13, 14, 15]}, sizeBytes=93802000, zipfileParams=Optional.absent(), readOnlyParams=Optional.absent()}) for request # gus@b2ceef46
03-21 21:11:26.663   842   961 I LanguagePackMaintenance: Background deleting 0 stale packs: 
03-21 21:11:26.663   842   961 I LanguagePackMaintenance: Background LanguagePack updates finished successfully
03-21 21:11:26.774  1587  1910 I ImeTracker: system_server:59522bfe: onTimeout at PHASE_WM_GET_CONTROL_WITH_LEASH
03-21 21:11:26.922   852  1054 I hwcomposer: [HWC] (0)fire a callback of refresh to SF[4]  
03-21 21:11:26.935   625  2778 W libperfmgr: Failed to write to node: /dev/stune/top-app/schedtune.boost with value: 10, fd: -1
03-21 21:11:26.936   625  2778 W libperfmgr: Failed to write to node: /proc/sys/kernel/sched_boost with value: 0, fd: -1
03-21 21:11:26.941   852   992 I hwcomposer: [HWCDisplay] [Display_0 (type:1)] fps:3.661074,dur:1092.58,max:500.05,min:81.85  
03-21 21:11:27.003   625  2778 W libperfmgr: Failed to write to node: /dev/stune/top-app/schedtune.boost with value: 10, fd: -1
03-21 21:11:27.004   625  2778 W libperfmgr: Failed to write to node: /proc/sys/kernel/sched_boost with value: 0, fd: -1
03-21 21:11:27.410   852  1054 I hwcomposer: [HWC] (0)fire a callback of refresh to SF[4]  
03-21 21:11:27.424   625  2778 W libperfmgr: Failed to write to node: /dev/stune/top-app/schedtune.boost with value: 10, fd: -1
03-21 21:11:27.424   625  2778 W libperfmgr: Failed to write to node: /proc/sys/kernel/sched_boost with value: 0, fd: -1
03-21 21:11:27.491   625  2778 W libperfmgr: Failed to write to node: /dev/stune/top-app/schedtune.boost with value: 10, fd: -1
03-21 21:11:27.491   625  2778 W libperfmgr: Failed to write to node: /proc/sys/kernel/sched_boost with value: 0, fd: -1
03-21 21:11:27.619  3012  3027 I edmb    : (REDACTED) appOpsListener %s %s
03-21 21:11:27.619  3012  3027 I edmb    : (REDACTED) Ignoring irrelevant audio permission changes for package %s
03-21 21:11:27.906   852  1054 I hwcomposer: [HWC] (0)fire a callback of refresh to SF[4]  
03-21 21:11:27.913   625  2778 W libperfmgr: Failed to write to node: /dev/stune/top-app/schedtune.boost with value: 10, fd: -1
03-21 21:11:27.913   625  2778 W libperfmgr: Failed to write to node: /proc/sys/kernel/sched_boost with value: 0, fd: -1
03-21 21:11:27.987   625  2778 W libperfmgr: Failed to write to node: /dev/stune/top-app/schedtune.boost with value: 10, fd: -1
03-21 21:11:27.987   625  2778 W libperfmgr: Failed to write to node: /proc/sys/kernel/sched_boost with value: 0, fd: -1
03-21 21:11:28.347   852   992 I hwcomposer: [HWCDisplay] [Display_0 (type:1)] fps:3.554562,dur:1406.64,max:429.47,min:70.39  
03-21 21:11:28.406   852  1054 I hwcomposer: [HWC] (0)fire a callback of refresh to SF[4]  
03-21 21:11:28.412   625  2778 W libperfmgr: Failed to write to node: /dev/stune/top-app/schedtune.boost with value: 10, fd: -1
03-21 21:11:28.412   625  2778 W libperfmgr: Failed to write to node: /proc/sys/kernel/sched_boost with value: 0, fd: -1
03-21 21:11:28.487   625  2778 W libperfmgr: Failed to write to node: /dev/stune/top-app/schedtune.boost with value: 10, fd: -1
03-21 21:11:28.487   625  2778 W libperfmgr: Failed to write to node: /proc/sys/kernel/sched_boost with value: 0, fd: -1
03-21 21:11:28.910   852  1054 I hwcomposer: [HWC] (0)fire a callback of refresh to SF[4]  
03-21 21:11:28.924   625  2778 W libperfmgr: Failed to write to node: /dev/stune/top-app/schedtune.boost with value: 10, fd: -1
03-21 21:11:28.924   625  2778 W libperfmgr: Failed to write to node: /proc/sys/kernel/sched_boost with value: 0, fd: -1
03-21 21:11:28.991   625  2778 W libperfmgr: Failed to write to node: /dev/stune/top-app/schedtune.boost with value: 10, fd: -1
03-21 21:11:28.991   625  2778 W libperfmgr: Failed to write to node: /proc/sys/kernel/sched_boost with value: 0, fd: -1
03-21 21:11:29.346   881  2016 I WifiHAL : feature_set=0x8488141a
03-21 21:11:29.346  1587  1927 I HalDevMgr: bestIfaceCreationProposal is null, requestIface=STA, existingIface=[name=wlan0 type=STA]
03-21 21:11:29.376   967   967 W libbinder.BackendUnifiedServiceManager: Thread Pool max thread count is 0. Cannot cache binder as linkToDeath cannot be implemented. serviceName: deviceidle
03-21 21:11:29.393   969   969 W libbinder.BackendUnifiedServiceManager: Thread Pool max thread count is 0. Cannot cache binder as linkToDeath cannot be implemented. serviceName: battery
03-21 21:11:29.406   852  1054 I hwcomposer: [HWC] (0)fire a callback of refresh to SF[4]  
03-21 21:11:29.408   971   971 W libbinder.BackendUnifiedServiceManager: Thread Pool max thread count is 0. Cannot cache binder as linkToDeath cannot be implemented. serviceName: deviceidle
03-21 21:11:29.415   625  2778 W libperfmgr: Failed to write to node: /dev/stune/top-app/schedtune.boost with value: 10, fd: -1
03-21 21:11:29.415   625  2778 W libperfmgr: Failed to write to node: /proc/sys/kernel/sched_boost with value: 0, fd: -1
03-21 21:11:29.419   852   992 I hwcomposer: [HWCDisplay] [Display_0 (type:1)] fps:4.666420,dur:1071.49,max:429.65,min:70.16  
03-21 21:11:29.439   976   976 W libbinder.BackendUnifiedServiceManager: Thread Pool max thread count is 0. Cannot cache binder as linkToDeath cannot be implemented. serviceName: activity
03-21 21:11:29.446  1587  2260 I ImeTracker: system_server:e0c4763d: onRequestShow at ORIGIN_SERVER reason CONTROLS_CHANGED fromUser false
03-21 21:11:29.487   625  2778 W libperfmgr: Failed to write to node: /dev/stune/top-app/schedtune.boost with value: 10, fd: -1
03-21 21:11:29.487   625  2778 W libperfmgr: Failed to write to node: /proc/sys/kernel/sched_boost with value: 0, fd: -1
03-21 21:11:29.493   990   990 W libbinder.BackendUnifiedServiceManager: Thread Pool max thread count is 0. Cannot cache binder as linkToDeath cannot be implemented. serviceName: battery
03-21 21:11:29.906   852  1054 I hwcomposer: [HWC] (0)fire a callback of refresh to SF[4]  
03-21 21:11:29.912   625  2778 W libperfmgr: Failed to write to node: /dev/stune/top-app/schedtune.boost with value: 10, fd: -1
03-21 21:11:29.912   625  2778 W libperfmgr: Failed to write to node: /proc/sys/kernel/sched_boost with value: 0, fd: -1
03-21 21:11:29.987   625  2778 W libperfmgr: Failed to write to node: /dev/stune/top-app/schedtune.boost with value: 10, fd: -1
03-21 21:11:29.988   625  2778 W libperfmgr: Failed to write to node: /proc/sys/kernel/sched_boost with value: 0, fd: -1
03-21 21:11:30.406   852  1054 I hwcomposer: [HWC] (0)fire a callback of refresh to SF[4]  
03-21 21:11:30.412   625  2778 W libperfmgr: Failed to write to node: /dev/stune/top-app/schedtune.boost with value: 10, fd: -1
03-21 21:11:30.412   625  2778 W libperfmgr: Failed to write to node: /proc/sys/kernel/sched_boost with value: 0, fd: -1
03-21 21:11:30.487   625  2778 W libperfmgr: Failed to write to node: /dev/stune/top-app/schedtune.boost with value: 10, fd: -1
03-21 21:11:30.488   625  2778 W libperfmgr: Failed to write to node: /proc/sys/kernel/sched_boost with value: 0, fd: -1
03-21 21:11:30.847   852   992 I hwcomposer: [HWCDisplay] [Display_0 (type:1)] fps:3.502043,dur:1427.74,max:429.36,min:70.45  
03-21 21:11:30.906   852  1054 I hwcomposer: [HWC] (0)fire a callback of refresh to SF[4]  
03-21 21:11:30.912   625  2778 W libperfmgr: Failed to write to node: /dev/stune/top-app/schedtune.boost with value: 10, fd: -1
03-21 21:11:30.912   625  2778 W libperfmgr: Failed to write to node: /proc/sys/kernel/sched_boost with value: 0, fd: -1
03-21 21:11:30.987   625  2778 W libperfmgr: Failed to write to node: /dev/stune/top-app/schedtune.boost with value: 10, fd: -1
03-21 21:11:30.988   625  2778 W libperfmgr: Failed to write to node: /proc/sys/kernel/sched_boost with value: 0, fd: -1
03-21 21:11:31.406   852  1054 I hwcomposer: [HWC] (0)fire a callback of refresh to SF[4]  
03-21 21:11:31.411   625  2778 W libperfmgr: Failed to write to node: /dev/stune/top-app/schedtune.boost with value: 10, fd: -1
03-21 21:11:31.411   625  2778 W libperfmgr: Failed to write to node: /proc/sys/kernel/sched_boost with value: 0, fd: -1
03-21 21:11:31.487   625  2778 W libperfmgr: Failed to write to node: /dev/stune/top-app/schedtune.boost with value: 10, fd: -1
03-21 21:11:31.487   625  2778 W libperfmgr: Failed to write to node: /proc/sys/kernel/sched_boost with value: 0, fd: -1
03-21 21:11:31.857   852   992 I hwcomposer: [HWCDisplay] [Display_0 (type:1)] fps:3.957395,dur:1010.77,max:440.51,min:70.43  
03-21 21:11:31.918   852  1054 I hwcomposer: [HWC] (0)fire a callback of refresh to SF[4]  
03-21 21:11:31.922   625  2778 W libperfmgr: Failed to write to node: /dev/stune/top-app/schedtune.boost with value: 10, fd: -1
03-21 21:11:31.922   625  2778 W libperfmgr: Failed to write to node: /proc/sys/kernel/sched_boost with value: 0, fd: -1
03-21 21:11:31.999   625  2778 W libperfmgr: Failed to write to node: /dev/stune/top-app/schedtune.boost with value: 10, fd: -1
03-21 21:11:31.999   625  2778 W libperfmgr: Failed to write to node: /proc/sys/kernel/sched_boost with value: 0, fd: -1
