--------- beginning of system
03-21 20:55:09.175  1587  1708 I DisplayPowerController[0]: BrightnessEvent: brt=1.0(100.0%), nits=700.0, lux=-1.0, reason=manual, strat=FallbackBrightnessStrategy, state=ON, stateReason=DEFAULT_POLICY, policy=BRIGHT, flags=, initBrt=8.54597E-4, rcmdBrt=NaN, preBrt=NaN, preLux=0.0, wasShortTermModelActive=false, autoBrightness=false (default), unclampedBrt=1.0, hbmMax=1.0, hbmMode=sunlight, thrmMax=1.0, rbcStrength=50, powerFactor=1.0, physDisp=Built-in Screen(local:4627039422300187648), logicalId=0, slowChange=false, rampSpeed=0.70472443
--------- beginning of main
03-21 20:55:09.195   881   881 I WifiHAL : feature_set=0x8488141a
03-21 20:55:09.196  1587  1927 I HalDevMgr: bestIfaceCreationProposal is null, requestIface=STA, existingIface=[name=wlan0 type=STA]
03-21 20:55:09.405   625  2778 W libperfmgr: Failed to write to node: /dev/stune/top-app/schedtune.boost with value: 10, fd: -1
03-21 20:55:09.405   625  2778 W libperfmgr: Failed to write to node: /proc/sys/kernel/sched_boost with value: 0, fd: -1
03-21 20:55:09.775   852   992 I hwcomposer: [HWCDisplay] [Display_0 (type:1)] fps:42.546310,dur:1010.66,max:455.55,min:11.01  
03-21 20:55:09.905   625  2778 W libperfmgr: Failed to write to node: /dev/stune/top-app/schedtune.boost with value: 10, fd: -1
03-21 20:55:09.905   625  2778 W libperfmgr: Failed to write to node: /proc/sys/kernel/sched_boost with value: 0, fd: -1
03-21 20:55:10.241   877   924 E Situation: processEvent, handle:26, flush_action:0
03-21 20:55:10.243   625  2778 W libperfmgr: Failed to write to node: /dev/stune/top-app/schedtune.boost with value: 50, fd: -1
03-21 20:55:10.244   625  2778 W libperfmgr: Failed to write to node: /proc/sys/kernel/sched_boost with value: 2, fd: -1
03-21 20:55:10.244  2437  2437 I RotationButtonController: onRotationProposal(rotation=1)
03-21 20:55:10.264   914   988 E surfaceflinger: == MALI DEBUG ===eglp_winsys_populate_image_templates ==12288
03-21 20:55:10.267   914   988 E surfaceflinger: == MALI DEBUG ===eglp_winsys_populate_image_templates ==12288
03-21 20:55:10.282   914   988 E surfaceflinger: == MALI DEBUG ===eglp_winsys_populate_image_templates ==12288
03-21 20:55:10.293   914   988 E surfaceflinger: == MALI DEBUG ===eglp_winsys_populate_image_templates ==12288
03-21 20:55:10.394   625  2778 W libperfmgr: Failed to write to node: /dev/stune/top-app/schedtune.boost with value: 10, fd: -1
03-21 20:55:10.394   625  2778 W libperfmgr: Failed to write to node: /proc/sys/kernel/sched_boost with value: 0, fd: -1
03-21 20:55:10.605 26664 26752 E ReactNativeJS: 'API Error Response:', { error: 'authorization header required' }
03-21 20:55:10.628 26664 26752 E ReactNativeJS: 'Login error:', [AxiosError: Request failed with status code 401]
03-21 20:55:10.642 26664 26664 W WindowOnBackDispatcher: OnBackInvokedCallback is not enabled for the application.
03-21 20:55:10.642 26664 26664 W WindowOnBackDispatcher: Set 'android:enableOnBackInvokedCallback="true"' in the application manifest.
03-21 20:55:10.730   914   988 E surfaceflinger: == MALI DEBUG ===eglp_winsys_populate_image_templates ==12288
03-21 20:55:10.739   625  2778 W libperfmgr: Failed to write to node: /dev/stune/top-app/schedtune.boost with value: 50, fd: -1
03-21 20:55:10.739   625  2778 W libperfmgr: Failed to write to node: /proc/sys/kernel/sched_boost with value: 2, fd: -1
03-21 20:55:10.740   914   988 E surfaceflinger: == MALI DEBUG ===eglp_winsys_populate_image_templates ==12288
03-21 20:55:10.747   914   988 E surfaceflinger: == MALI DEBUG ===eglp_winsys_populate_image_templates ==12288
03-21 20:55:10.759   914   988 E surfaceflinger: == MALI DEBUG ===eglp_winsys_populate_image_templates ==12288
03-21 20:55:10.785   852   992 I hwcomposer: [HWCDisplay] [Display_0 (type:1)] fps:90.036560,dur:1010.70,max:11.19,min:11.04  
03-21 20:55:10.898   625  2778 W libperfmgr: Failed to write to node: /dev/stune/top-app/schedtune.boost with value: 10, fd: -1
03-21 20:55:10.898   625  2778 W libperfmgr: Failed to write to node: /proc/sys/kernel/sched_boost with value: 0, fd: -1
03-21 20:55:11.399   625  2778 W libperfmgr: Failed to write to node: /dev/stune/top-app/schedtune.boost with value: 10, fd: -1
03-21 20:55:11.399   625  2778 W libperfmgr: Failed to write to node: /proc/sys/kernel/sched_boost with value: 0, fd: -1
03-21 20:55:11.796   852   992 I hwcomposer: [HWCDisplay] [Display_0 (type:1)] fps:90.014771,dur:1010.95,max:11.19,min:11.05  
03-21 20:55:11.899   625  2778 W libperfmgr: Failed to write to node: /dev/stune/top-app/schedtune.boost with value: 10, fd: -1
03-21 20:55:11.899   625  2778 W libperfmgr: Failed to write to node: /proc/sys/kernel/sched_boost with value: 0, fd: -1
03-21 20:55:12.209   881   881 I WifiHAL : feature_set=0x8488141a
03-21 20:55:12.211  1587  1927 I HalDevMgr: bestIfaceCreationProposal is null, requestIface=STA, existingIface=[name=wlan0 type=STA]
03-21 20:55:12.400   625  2778 W libperfmgr: Failed to write to node: /dev/stune/top-app/schedtune.boost with value: 10, fd: -1
03-21 20:55:12.400   625  2778 W libperfmgr: Failed to write to node: /proc/sys/kernel/sched_boost with value: 0, fd: -1
03-21 20:55:12.780  2237  2237 E SatelliteController: registerForSatelliteModemStateChanged: mSatelliteSessionController is not initialized yet
03-21 20:55:12.783  2237  2237 E SatelliteController: registerForSatelliteModemStateChanged: mSatelliteSessionController is not initialized yet
03-21 20:55:12.788  2237  2378 E SatelliteController: notifyNtnEligibility: mSatellitePhone is null
03-21 20:55:12.798  1587  7870 W ContextImpl: Calling a method in the system process without a qualified user: android.app.ContextImpl.sendBroadcastMultiplePermissions:1358 android.content.Context.sendBroadcastMultiplePermissions:2796 com.android.server.TelephonyRegistry.broadcastServiceStateChanged:4172 com.android.server.TelephonyRegistry.notifyServiceStateForPhoneId:1848 com.android.internal.telephony.ITelephonyRegistry$Stub.onTransact:613 
03-21 20:55:12.800  1587  7870 W ContextImpl: Calling a method in the system process without a qualified user: android.app.ContextImpl.sendBroadcastMultiplePermissions:1391 com.android.server.TelephonyRegistry.broadcastServiceStateChanged:4177 com.android.server.TelephonyRegistry.notifyServiceStateForPhoneId:1848 com.android.internal.telephony.ITelephonyRegistry$Stub.onTransact:613 android.os.Binder.execTransactInternal:1473 
03-21 20:55:12.802  1587  7870 W ContextImpl: Calling a method in the system process without a qualified user: android.app.ContextImpl.sendBroadcastMultiplePermissions:1391 com.android.server.TelephonyRegistry.broadcastServiceStateChanged:4186 com.android.server.TelephonyRegistry.notifyServiceStateForPhoneId:1848 com.android.internal.telephony.ITelephonyRegistry$Stub.onTransact:613 android.os.Binder.execTransactInternal:1473 
03-21 20:55:12.804  1587  7870 W ContextImpl: Calling a method in the system process without a qualified user: android.app.ContextImpl.sendBroadcastMultiplePermissions:1391 com.android.server.TelephonyRegistry.broadcastServiceStateChanged:4192 com.android.server.TelephonyRegistry.notifyServiceStateForPhoneId:1848 com.android.internal.telephony.ITelephonyRegistry$Stub.onTransact:613 android.os.Binder.execTransactInternal:1473 
03-21 20:55:12.807   852   992 I hwcomposer: [HWCDisplay] [Display_0 (type:1)] fps:89.041229,dur:1010.77,max:22.27,min:11.03  
03-21 20:55:12.811  1587  1680 W libprocessgroup: SetCgroup::ExecuteForProcess: failed to open /dev/stune/background/cgroup.procs: No such file or directory
03-21 20:55:12.811   844   878 I netd    : tetherGetStats() -> {[]} <0.91ms>
03-21 20:55:12.820  2237  2237 I Telephony: TelecomAccountRegistry$TelecomAccountTelephonyCallback: TelecomAccountRegistry: onServiceStateChanged: newState=0, mServiceState=0
03-21 20:55:12.820  2237  2237 W Telephony: registerMmTelCapabilityCallback: registration failed, no ImsService available. Exception: code: 1
03-21 20:55:12.822  2237  2237 I Telephony: isRttCurrentlySupported -- regular acct, hasVoiceAvailability: false
03-21 20:55:12.822  2237  2237 I Telephony:  isRttSupported: false
03-21 20:55:12.822  2237  2237 I Telephony:  alwaysAllowWhileRoaming: false
03-21 20:55:12.822  2237  2237 I Telephony:  isRoaming: false
03-21 20:55:12.822  2237  2237 I Telephony:  isOnWfc: false
03-21 20:55:12.901   625  2778 W libperfmgr: Failed to write to node: /dev/stune/top-app/schedtune.boost with value: 10, fd: -1
03-21 20:55:12.901   625  2778 W libperfmgr: Failed to write to node: /proc/sys/kernel/sched_boost with value: 0, fd: -1
03-21 20:55:12.916   844   878 I netd    : networkAddUidRangesParcel(NativeUidRangeConfig{netId: 105, uidRanges: [UidRangeParcel{start: 0, stop: 2147483647}], subPriority: 999}) <0.34ms>
03-21 20:55:12.917   844   878 I netd    : networkRemoveUidRangesParcel(NativeUidRangeConfig{netId: 105, uidRanges: [UidRangeParcel{start: 0, stop: 2147483647}], subPriority: 999}) <0.23ms>
03-21 20:55:13.401   625  2778 W libperfmgr: Failed to write to node: /dev/stune/top-app/schedtune.boost with value: 10, fd: -1
03-21 20:55:13.401   625  2778 W libperfmgr: Failed to write to node: /proc/sys/kernel/sched_boost with value: 0, fd: -1
03-21 20:55:13.422  2458 28605 I NearbySharing: Network state changed: NetworkState(isRestricted=false, isOnline=true, isCongested=false, isMetered=false, isWifiConnected=true)
03-21 20:55:13.818   852   992 I hwcomposer: [HWCDisplay] [Display_0 (type:1)] fps:90.031151,dur:1010.76,max:11.19,min:11.04  
03-21 20:55:13.877 28813 28813 W libbinder.BackendUnifiedServiceManager: Thread Pool max thread count is 0. Cannot cache binder as linkToDeath cannot be implemented. serviceName: deviceidle
03-21 20:55:13.894 28815 28815 W libbinder.BackendUnifiedServiceManager: Thread Pool max thread count is 0. Cannot cache binder as linkToDeath cannot be implemented. serviceName: battery
03-21 20:55:13.901   625  2778 W libperfmgr: Failed to write to node: /dev/stune/top-app/schedtune.boost with value: 10, fd: -1
03-21 20:55:13.902   625  2778 W libperfmgr: Failed to write to node: /proc/sys/kernel/sched_boost with value: 0, fd: -1
03-21 20:55:13.911 28817 28817 W libbinder.BackendUnifiedServiceManager: Thread Pool max thread count is 0. Cannot cache binder as linkToDeath cannot be implemented. serviceName: deviceidle
03-21 20:55:13.936 28820 28820 W libbinder.BackendUnifiedServiceManager: Thread Pool max thread count is 0. Cannot cache binder as linkToDeath cannot be implemented. serviceName: activity
03-21 20:55:13.992 28829 28829 W libbinder.BackendUnifiedServiceManager: Thread Pool max thread count is 0. Cannot cache binder as linkToDeath cannot be implemented. serviceName: battery
03-21 20:55:14.002 26664 26664 W WindowOnBackDispatcher: OnBackInvokedCallback is not enabled for the application.
03-21 20:55:14.002 26664 26664 W WindowOnBackDispatcher: Set 'android:enableOnBackInvokedCallback="true"' in the application manifest.
03-21 20:55:14.003   625  2778 W libperfmgr: Failed to write to node: /dev/stune/top-app/schedtune.boost with value: 50, fd: -1
03-21 20:55:14.003   625  2778 W libperfmgr: Failed to write to node: /proc/sys/kernel/sched_boost with value: 2, fd: -1
03-21 20:55:14.164   625  2778 W libperfmgr: Failed to write to node: /dev/stune/top-app/schedtune.boost with value: 10, fd: -1
03-21 20:55:14.164   625  2778 W libperfmgr: Failed to write to node: /proc/sys/kernel/sched_boost with value: 0, fd: -1
03-21 20:55:14.665   625  2778 W libperfmgr: Failed to write to node: /dev/stune/top-app/schedtune.boost with value: 10, fd: -1
03-21 20:55:14.665   625  2778 W libperfmgr: Failed to write to node: /proc/sys/kernel/sched_boost with value: 0, fd: -1
03-21 20:55:14.702   852  1054 I hwcomposer: [HWC] (0)fire a callback of refresh to SF[4]  
03-21 20:55:14.716   625  2778 W libperfmgr: Failed to write to node: /dev/stune/top-app/schedtune.boost with value: 10, fd: -1
03-21 20:55:14.716   625  2778 W libperfmgr: Failed to write to node: /proc/sys/kernel/sched_boost with value: 0, fd: -1
03-21 20:55:14.784   625  2778 W libperfmgr: Failed to write to node: /dev/stune/top-app/schedtune.boost with value: 10, fd: -1
03-21 20:55:14.784   625  2778 W libperfmgr: Failed to write to node: /proc/sys/kernel/sched_boost with value: 0, fd: -1
03-21 20:55:15.051   852   992 I hwcomposer: [HWCDisplay] [Display_0 (type:1)] fps:60.827541,dur:1232.99,max:329.93,min:11.03  
03-21 20:55:15.110   852  1054 I hwcomposer: [HWC] (0)fire a callback of refresh to SF[4]  
03-21 20:55:15.115   625  2778 W libperfmgr: Failed to write to node: /dev/stune/top-app/schedtune.boost with value: 10, fd: -1
03-21 20:55:15.116   625  2778 W libperfmgr: Failed to write to node: /proc/sys/kernel/sched_boost with value: 0, fd: -1
03-21 20:55:15.191   625  2778 W libperfmgr: Failed to write to node: /dev/stune/top-app/schedtune.boost with value: 10, fd: -1
03-21 20:55:15.191   625  2778 W libperfmgr: Failed to write to node: /proc/sys/kernel/sched_boost with value: 0, fd: -1
03-21 20:55:15.225   881   881 I WifiHAL : feature_set=0x8488141a
03-21 20:55:15.226  1587  1927 I HalDevMgr: bestIfaceCreationProposal is null, requestIface=STA, existingIface=[name=wlan0 type=STA]
03-21 20:55:15.426   852  1054 I hwcomposer: [HWC] (0)fire a callback of refresh to SF[4]  
03-21 20:55:15.437   625  2778 W libperfmgr: Failed to write to node: /dev/stune/top-app/schedtune.boost with value: 10, fd: -1
03-21 20:55:15.437   625  2778 W libperfmgr: Failed to write to node: /proc/sys/kernel/sched_boost with value: 0, fd: -1
03-21 20:55:15.507   625  2778 W libperfmgr: Failed to write to node: /dev/stune/top-app/schedtune.boost with value: 10, fd: -1
03-21 20:55:15.507   625  2778 W libperfmgr: Failed to write to node: /proc/sys/kernel/sched_boost with value: 0, fd: -1
03-21 20:55:15.610   852  1054 I hwcomposer: [HWC] (0)fire a callback of refresh to SF[4]  
03-21 20:55:15.615   625  2778 W libperfmgr: Failed to write to node: /dev/stune/top-app/schedtune.boost with value: 10, fd: -1
03-21 20:55:15.615   625  2778 W libperfmgr: Failed to write to node: /proc/sys/kernel/sched_boost with value: 0, fd: -1
03-21 20:55:15.691   625  2778 W libperfmgr: Failed to write to node: /dev/stune/top-app/schedtune.boost with value: 10, fd: -1
03-21 20:55:15.691   625  2778 W libperfmgr: Failed to write to node: /proc/sys/kernel/sched_boost with value: 0, fd: -1
03-21 20:55:16.110   852  1054 I hwcomposer: [HWC] (0)fire a callback of refresh to SF[4]  
03-21 20:55:16.115   625  2778 W libperfmgr: Failed to write to node: /dev/stune/top-app/schedtune.boost with value: 10, fd: -1
03-21 20:55:16.115   625  2778 W libperfmgr: Failed to write to node: /proc/sys/kernel/sched_boost with value: 0, fd: -1
03-21 20:55:16.120   852   992 I hwcomposer: [HWCDisplay] [Display_0 (type:1)] fps:11.225466,dur:1069.00,max:431.12,min:11.10  
03-21 20:55:16.191   625  2778 W libperfmgr: Failed to write to node: /dev/stune/top-app/schedtune.boost with value: 10, fd: -1
03-21 20:55:16.191   625  2778 W libperfmgr: Failed to write to node: /proc/sys/kernel/sched_boost with value: 0, fd: -1
03-21 20:55:16.614   852  1054 I hwcomposer: [HWC] (0)fire a callback of refresh to SF[4]  
03-21 20:55:16.626   625  2778 W libperfmgr: Failed to write to node: /dev/stune/top-app/schedtune.boost with value: 10, fd: -1
03-21 20:55:16.626   625  2778 W libperfmgr: Failed to write to node: /proc/sys/kernel/sched_boost with value: 0, fd: -1
03-21 20:55:16.695   625  2778 W libperfmgr: Failed to write to node: /dev/stune/top-app/schedtune.boost with value: 10, fd: -1
03-21 20:55:16.696   625  2778 W libperfmgr: Failed to write to node: /proc/sys/kernel/sched_boost with value: 0, fd: -1
03-21 20:55:16.758   844   878 I netd    : networkAddUidRangesParcel(NativeUidRangeConfig{netId: 105, uidRanges: [UidRangeParcel{start: 0, stop: 2147483647}], subPriority: 999}) <0.31ms>
03-21 20:55:16.758   844   878 I netd    : networkRemoveUidRangesParcel(NativeUidRangeConfig{netId: 105, uidRanges: [UidRangeParcel{start: 0, stop: 2147483647}], subPriority: 999}) <0.23ms>
03-21 20:55:16.842   852  1054 I hwcomposer: [HWC] (0)fire a callback of refresh to SF[4]  
03-21 20:55:16.848   625  2778 W libperfmgr: Failed to write to node: /dev/stune/top-app/schedtune.boost with value: 10, fd: -1
03-21 20:55:16.848   625  2778 W libperfmgr: Failed to write to node: /proc/sys/kernel/sched_boost with value: 0, fd: -1
03-21 20:55:16.923   625  2778 W libperfmgr: Failed to write to node: /dev/stune/top-app/schedtune.boost with value: 10, fd: -1
03-21 20:55:16.924   625  2778 W libperfmgr: Failed to write to node: /proc/sys/kernel/sched_boost with value: 0, fd: -1
03-21 20:55:17.110   852  1054 I hwcomposer: [HWC] (0)fire a callback of refresh to SF[4]  
03-21 20:55:17.115   625  2778 W libperfmgr: Failed to write to node: /dev/stune/top-app/schedtune.boost with value: 10, fd: -1
03-21 20:55:17.115   625  2778 W libperfmgr: Failed to write to node: /proc/sys/kernel/sched_boost with value: 0, fd: -1
03-21 20:55:17.191   625  2778 W libperfmgr: Failed to write to node: /dev/stune/top-app/schedtune.boost with value: 10, fd: -1
03-21 20:55:17.192   625  2778 W libperfmgr: Failed to write to node: /proc/sys/kernel/sched_boost with value: 0, fd: -1
03-21 20:55:17.263  2458 28605 I NearbySharing: Network state changed: NetworkState(isRestricted=false, isOnline=true, isCongested=false, isMetered=false, isWifiConnected=true)
03-21 20:55:17.550   852   992 I hwcomposer: [HWCDisplay] [Display_0 (type:1)] fps:4.893870,dur:1430.36,max:430.73,min:69.12  
03-21 20:55:17.610   852  1054 I hwcomposer: [HWC] (0)fire a callback of refresh to SF[4]  
03-21 20:55:17.615   625  2778 W libperfmgr: Failed to write to node: /dev/stune/top-app/schedtune.boost with value: 10, fd: -1
03-21 20:55:17.615   625  2778 W libperfmgr: Failed to write to node: /proc/sys/kernel/sched_boost with value: 0, fd: -1
03-21 20:55:17.691   625  2778 W libperfmgr: Failed to write to node: /dev/stune/top-app/schedtune.boost with value: 10, fd: -1
03-21 20:55:17.691   625  2778 W libperfmgr: Failed to write to node: /proc/sys/kernel/sched_boost with value: 0, fd: -1
03-21 20:55:17.778   852  1054 I hwcomposer: [HWC] (0)fire a callback of refresh to SF[4]  
03-21 20:55:17.792   625  2778 W libperfmgr: Failed to write to node: /dev/stune/top-app/schedtune.boost with value: 10, fd: -1
03-21 20:55:17.792   625  2778 W libperfmgr: Failed to write to node: /proc/sys/kernel/sched_boost with value: 0, fd: -1
03-21 20:55:17.859   625  2778 W libperfmgr: Failed to write to node: /dev/stune/top-app/schedtune.boost with value: 10, fd: -1
03-21 20:55:17.859   625  2778 W libperfmgr: Failed to write to node: /proc/sys/kernel/sched_boost with value: 0, fd: -1
03-21 20:55:18.110   852  1054 I hwcomposer: [HWC] (0)fire a callback of refresh to SF[4]  
03-21 20:55:18.114   625  2778 W libperfmgr: Failed to write to node: /dev/stune/top-app/schedtune.boost with value: 10, fd: -1
03-21 20:55:18.114   625  2778 W libperfmgr: Failed to write to node: /proc/sys/kernel/sched_boost with value: 0, fd: -1
03-21 20:55:18.191   625  2778 W libperfmgr: Failed to write to node: /dev/stune/top-app/schedtune.boost with value: 10, fd: -1
03-21 20:55:18.191   625  2778 W libperfmgr: Failed to write to node: /proc/sys/kernel/sched_boost with value: 0, fd: -1
03-21 20:55:18.238   881   881 I WifiHAL : feature_set=0x8488141a
03-21 20:55:18.239  1587  1927 I HalDevMgr: bestIfaceCreationProposal is null, requestIface=STA, existingIface=[name=wlan0 type=STA]
03-21 20:55:18.610   852  1054 I hwcomposer: [HWC] (0)fire a callback of refresh to SF[4]  
03-21 20:55:18.614   625  2778 W libperfmgr: Failed to write to node: /dev/stune/top-app/schedtune.boost with value: 10, fd: -1
03-21 20:55:18.614   625  2778 W libperfmgr: Failed to write to node: /proc/sys/kernel/sched_boost with value: 0, fd: -1
03-21 20:55:18.619   852   992 I hwcomposer: [HWCDisplay] [Display_0 (type:1)] fps:6.549469,dur:1068.79,max:430.39,min:68.94  
03-21 20:55:18.691   625  2778 W libperfmgr: Failed to write to node: /dev/stune/top-app/schedtune.boost with value: 10, fd: -1
03-21 20:55:18.691   625  2778 W libperfmgr: Failed to write to node: /proc/sys/kernel/sched_boost with value: 0, fd: -1
03-21 20:55:19.110   852  1054 I hwcomposer: [HWC] (0)fire a callback of refresh to SF[4]  
03-21 20:55:19.114   625  2778 W libperfmgr: Failed to write to node: /dev/stune/top-app/schedtune.boost with value: 10, fd: -1
03-21 20:55:19.114   625  2778 W libperfmgr: Failed to write to node: /proc/sys/kernel/sched_boost with value: 0, fd: -1
03-21 20:55:19.191   625  2778 W libperfmgr: Failed to write to node: /dev/stune/top-app/schedtune.boost with value: 10, fd: -1
03-21 20:55:19.191   625  2778 W libperfmgr: Failed to write to node: /proc/sys/kernel/sched_boost with value: 0, fd: -1
03-21 20:55:19.610   852  1054 I hwcomposer: [HWC] (0)fire a callback of refresh to SF[4]  
03-21 20:55:19.614   625  2778 W libperfmgr: Failed to write to node: /dev/stune/top-app/schedtune.boost with value: 10, fd: -1
03-21 20:55:19.614   625  2778 W libperfmgr: Failed to write to node: /proc/sys/kernel/sched_boost with value: 0, fd: -1
03-21 20:55:19.691   625  2778 W libperfmgr: Failed to write to node: /dev/stune/top-app/schedtune.boost with value: 10, fd: -1
03-21 20:55:19.692   625  2778 W libperfmgr: Failed to write to node: /proc/sys/kernel/sched_boost with value: 0, fd: -1
03-21 20:55:20.050   852   992 I hwcomposer: [HWCDisplay] [Display_0 (type:1)] fps:3.495419,dur:1430.44,max:430.80,min:68.98  
03-21 20:55:20.110   852  1054 I hwcomposer: [HWC] (0)fire a callback of refresh to SF[4]  
03-21 20:55:20.114   625  2778 W libperfmgr: Failed to write to node: /dev/stune/top-app/schedtune.boost with value: 10, fd: -1
03-21 20:55:20.114   625  2778 W libperfmgr: Failed to write to node: /proc/sys/kernel/sched_boost with value: 0, fd: -1
03-21 20:55:20.191   625  2778 W libperfmgr: Failed to write to node: /dev/stune/top-app/schedtune.boost with value: 10, fd: -1
03-21 20:55:20.192   625  2778 W libperfmgr: Failed to write to node: /proc/sys/kernel/sched_boost with value: 0, fd: -1
03-21 20:55:20.201 28838 28838 W libbinder.BackendUnifiedServiceManager: Thread Pool max thread count is 0. Cannot cache binder as linkToDeath cannot be implemented. serviceName: deviceidle
03-21 20:55:20.227 28840 28840 W libbinder.BackendUnifiedServiceManager: Thread Pool max thread count is 0. Cannot cache binder as linkToDeath cannot be implemented. serviceName: battery
03-21 20:55:20.255 28842 28842 W libbinder.BackendUnifiedServiceManager: Thread Pool max thread count is 0. Cannot cache binder as linkToDeath cannot be implemented. serviceName: deviceidle
03-21 20:55:20.282 28845 28845 W libbinder.BackendUnifiedServiceManager: Thread Pool max thread count is 0. Cannot cache binder as linkToDeath cannot be implemented. serviceName: activity
03-21 20:55:20.343 28854 28854 W libbinder.BackendUnifiedServiceManager: Thread Pool max thread count is 0. Cannot cache binder as linkToDeath cannot be implemented. serviceName: battery
03-21 20:55:20.378  1587  7870 W ProcessStats: Tracking association SourceState{b76c886 com.google.android.gms.persistent/10300 BFgs #17622} whose proc state 4 is better than process ProcessState{d7c23e9 com.google.android.gms.unstable/10300 pkg=com.google.android.gms} proc state 14 (3 skipped)
03-21 20:55:20.610   852  1054 I hwcomposer: [HWC] (0)fire a callback of refresh to SF[4]  
03-21 20:55:20.614   625  2778 W libperfmgr: Failed to write to node: /dev/stune/top-app/schedtune.boost with value: 10, fd: -1
03-21 20:55:20.614   625  2778 W libperfmgr: Failed to write to node: /proc/sys/kernel/sched_boost with value: 0, fd: -1
03-21 20:55:20.691   625  2778 W libperfmgr: Failed to write to node: /dev/stune/top-app/schedtune.boost with value: 10, fd: -1
03-21 20:55:20.691   625  2778 W libperfmgr: Failed to write to node: /proc/sys/kernel/sched_boost with value: 0, fd: -1
03-21 20:55:21.110   852  1054 I hwcomposer: [HWC] (0)fire a callback of refresh to SF[4]  
03-21 20:55:21.113   625  2778 W libperfmgr: Failed to write to node: /dev/stune/top-app/schedtune.boost with value: 10, fd: -1
03-21 20:55:21.113   625  2778 W libperfmgr: Failed to write to node: /proc/sys/kernel/sched_boost with value: 0, fd: -1
03-21 20:55:21.119   852   992 I hwcomposer: [HWCDisplay] [Display_0 (type:1)] fps:4.676817,dur:1069.10,max:430.76,min:69.04  
03-21 20:55:21.191   625  2778 W libperfmgr: Failed to write to node: /dev/stune/top-app/schedtune.boost with value: 10, fd: -1
03-21 20:55:21.191   625  2778 W libperfmgr: Failed to write to node: /proc/sys/kernel/sched_boost with value: 0, fd: -1
03-21 20:55:21.251   881   881 I WifiHAL : feature_set=0x8488141a
03-21 20:55:21.252  1587  1927 I HalDevMgr: bestIfaceCreationProposal is null, requestIface=STA, existingIface=[name=wlan0 type=STA]
03-21 20:55:21.610   852  1054 I hwcomposer: [HWC] (0)fire a callback of refresh to SF[4]  
03-21 20:55:21.613   625  2778 W libperfmgr: Failed to write to node: /dev/stune/top-app/schedtune.boost with value: 10, fd: -1
03-21 20:55:21.613   625  2778 W libperfmgr: Failed to write to node: /proc/sys/kernel/sched_boost with value: 0, fd: -1
03-21 20:55:21.691   625  2778 W libperfmgr: Failed to write to node: /dev/stune/top-app/schedtune.boost with value: 10, fd: -1
03-21 20:55:21.691   625  2778 W libperfmgr: Failed to write to node: /proc/sys/kernel/sched_boost with value: 0, fd: -1
03-21 20:55:22.110   852  1054 I hwcomposer: [HWC] (0)fire a callback of refresh to SF[4]  
03-21 20:55:22.125   625  2778 W libperfmgr: Failed to write to node: /dev/stune/top-app/schedtune.boost with value: 10, fd: -1
03-21 20:55:22.125   625  2778 W libperfmgr: Failed to write to node: /proc/sys/kernel/sched_boost with value: 0, fd: -1
03-21 20:55:22.129   852   992 I hwcomposer: [HWCDisplay] [Display_0 (type:1)] fps:3.958649,dur:1010.45,max:430.55,min:69.35  
03-21 20:55:22.191   625  2778 W libperfmgr: Failed to write to node: /dev/stune/top-app/schedtune.boost with value: 10, fd: -1
03-21 20:55:22.191   625  2778 W libperfmgr: Failed to write to node: /proc/sys/kernel/sched_boost with value: 0, fd: -1
03-21 20:55:22.606   852  1054 I hwcomposer: [HWC] (0)fire a callback of refresh to SF[4]  
03-21 20:55:22.613   625  2778 W libperfmgr: Failed to write to node: /dev/stune/top-app/schedtune.boost with value: 10, fd: -1
03-21 20:55:22.613   625  2778 W libperfmgr: Failed to write to node: /proc/sys/kernel/sched_boost with value: 0, fd: -1
03-21 20:55:22.687   625  2778 W libperfmgr: Failed to write to node: /dev/stune/top-app/schedtune.boost with value: 10, fd: -1
03-21 20:55:22.687   625  2778 W libperfmgr: Failed to write to node: /proc/sys/kernel/sched_boost with value: 0, fd: -1
03-21 20:55:23.106   852  1054 I hwcomposer: [HWC] (0)fire a callback of refresh to SF[4]  
03-21 20:55:23.113   625  2778 W libperfmgr: Failed to write to node: /dev/stune/top-app/schedtune.boost with value: 10, fd: -1
03-21 20:55:23.113   625  2778 W libperfmgr: Failed to write to node: /proc/sys/kernel/sched_boost with value: 0, fd: -1
03-21 20:55:23.187   625  2778 W libperfmgr: Failed to write to node: /dev/stune/top-app/schedtune.boost with value: 10, fd: -1
03-21 20:55:23.187   625  2778 W libperfmgr: Failed to write to node: /proc/sys/kernel/sched_boost with value: 0, fd: -1
03-21 20:55:23.475   877   924 E Situation: processEvent, handle:26, flush_action:0
03-21 20:55:23.477   625  2778 W libperfmgr: Failed to write to node: /dev/stune/top-app/schedtune.boost with value: 50, fd: -1
03-21 20:55:23.477   625  2778 W libperfmgr: Failed to write to node: /proc/sys/kernel/sched_boost with value: 2, fd: -1
03-21 20:55:23.548   852   992 I hwcomposer: [HWCDisplay] [Display_0 (type:1)] fps:3.523143,dur:1419.19,max:430.85,min:68.93  
03-21 20:55:23.606   852  1054 I hwcomposer: [HWC] (0)fire a callback of refresh to SF[4]  
03-21 20:55:23.612   625  2778 W libperfmgr: Failed to write to node: /dev/stune/top-app/schedtune.boost with value: 50, fd: -1
03-21 20:55:23.612   625  2778 W libperfmgr: Failed to write to node: /proc/sys/kernel/sched_boost with value: 2, fd: -1
03-21 20:55:23.626   625  2778 W libperfmgr: Failed to write to node: /dev/stune/top-app/schedtune.boost with value: 10, fd: -1
03-21 20:55:23.626   625  2778 W libperfmgr: Failed to write to node: /proc/sys/kernel/sched_boost with value: 0, fd: -1
03-21 20:55:23.687   625  2778 W libperfmgr: Failed to write to node: /dev/stune/top-app/schedtune.boost with value: 10, fd: -1
03-21 20:55:23.687   625  2778 W libperfmgr: Failed to write to node: /proc/sys/kernel/sched_boost with value: 0, fd: -1
03-21 20:55:24.106   852  1054 I hwcomposer: [HWC] (0)fire a callback of refresh to SF[4]  
03-21 20:55:24.112   625  2778 W libperfmgr: Failed to write to node: /dev/stune/top-app/schedtune.boost with value: 10, fd: -1
03-21 20:55:24.112   625  2778 W libperfmgr: Failed to write to node: /proc/sys/kernel/sched_boost with value: 0, fd: -1
03-21 20:55:24.187   625  2778 W libperfmgr: Failed to write to node: /dev/stune/top-app/schedtune.boost with value: 10, fd: -1
03-21 20:55:24.187   625  2778 W libperfmgr: Failed to write to node: /proc/sys/kernel/sched_boost with value: 0, fd: -1
03-21 20:55:24.262   881   881 I WifiHAL : feature_set=0x8488141a
03-21 20:55:24.263  1587  1927 I HalDevMgr: bestIfaceCreationProposal is null, requestIface=STA, existingIface=[name=wlan0 type=STA]
03-21 20:55:24.606   852  1054 I hwcomposer: [HWC] (0)fire a callback of refresh to SF[4]  
03-21 20:55:24.615   625  2778 W libperfmgr: Failed to write to node: /dev/stune/top-app/schedtune.boost with value: 10, fd: -1
03-21 20:55:24.615   625  2778 W libperfmgr: Failed to write to node: /proc/sys/kernel/sched_boost with value: 0, fd: -1
03-21 20:55:24.618   852   992 I hwcomposer: [HWCDisplay] [Display_0 (type:1)] fps:4.675682,dur:1069.36,max:433.22,min:66.79  
03-21 20:55:24.687   625  2778 W libperfmgr: Failed to write to node: /dev/stune/top-app/schedtune.boost with value: 10, fd: -1
03-21 20:55:24.687   625  2778 W libperfmgr: Failed to write to node: /proc/sys/kernel/sched_boost with value: 0, fd: -1
03-21 20:55:25.106   852  1054 I hwcomposer: [HWC] (0)fire a callback of refresh to SF[4]  
03-21 20:55:25.113   625  2778 W libperfmgr: Failed to write to node: /dev/stune/top-app/schedtune.boost with value: 10, fd: -1
03-21 20:55:25.113   625  2778 W libperfmgr: Failed to write to node: /proc/sys/kernel/sched_boost with value: 0, fd: -1
03-21 20:55:25.188   625  2778 W libperfmgr: Failed to write to node: /dev/stune/top-app/schedtune.boost with value: 10, fd: -1
03-21 20:55:25.188   625  2778 W libperfmgr: Failed to write to node: /proc/sys/kernel/sched_boost with value: 0, fd: -1
03-21 20:55:25.606   852  1054 I hwcomposer: [HWC] (0)fire a callback of refresh to SF[4]  
03-21 20:55:25.612   625  2778 W libperfmgr: Failed to write to node: /dev/stune/top-app/schedtune.boost with value: 10, fd: -1
03-21 20:55:25.612   625  2778 W libperfmgr: Failed to write to node: /proc/sys/kernel/sched_boost with value: 0, fd: -1
03-21 20:55:25.687   625  2778 W libperfmgr: Failed to write to node: /dev/stune/top-app/schedtune.boost with value: 10, fd: -1
03-21 20:55:25.687   625  2778 W libperfmgr: Failed to write to node: /proc/sys/kernel/sched_boost with value: 0, fd: -1
03-21 20:55:26.048   852   992 I hwcomposer: [HWCDisplay] [Display_0 (type:1)] fps:3.496604,dur:1429.96,max:430.60,min:69.22  
03-21 20:55:26.106   852  1054 I hwcomposer: [HWC] (0)fire a callback of refresh to SF[4]  
03-21 20:55:26.112   625  2778 W libperfmgr: Failed to write to node: /dev/stune/top-app/schedtune.boost with value: 10, fd: -1
03-21 20:55:26.112   625  2778 W libperfmgr: Failed to write to node: /proc/sys/kernel/sched_boost with value: 0, fd: -1
03-21 20:55:26.187   625  2778 W libperfmgr: Failed to write to node: /dev/stune/top-app/schedtune.boost with value: 10, fd: -1
03-21 20:55:26.187   625  2778 W libperfmgr: Failed to write to node: /proc/sys/kernel/sched_boost with value: 0, fd: -1
03-21 20:55:26.561 28863 28863 W libbinder.BackendUnifiedServiceManager: Thread Pool max thread count is 0. Cannot cache binder as linkToDeath cannot be implemented. serviceName: deviceidle
03-21 20:55:26.578 28865 28865 W libbinder.BackendUnifiedServiceManager: Thread Pool max thread count is 0. Cannot cache binder as linkToDeath cannot be implemented. serviceName: battery
03-21 20:55:26.594 28867 28867 W libbinder.BackendUnifiedServiceManager: Thread Pool max thread count is 0. Cannot cache binder as linkToDeath cannot be implemented. serviceName: deviceidle
03-21 20:55:26.606   852  1054 I hwcomposer: [HWC] (0)fire a callback of refresh to SF[4]  
03-21 20:55:26.611   625  2778 W libperfmgr: Failed to write to node: /dev/stune/top-app/schedtune.boost with value: 10, fd: -1
03-21 20:55:26.611   625  2778 W libperfmgr: Failed to write to node: /proc/sys/kernel/sched_boost with value: 0, fd: -1
03-21 20:55:26.625 28870 28870 W libbinder.BackendUnifiedServiceManager: Thread Pool max thread count is 0. Cannot cache binder as linkToDeath cannot be implemented. serviceName: activity
03-21 20:55:26.677 28879 28879 W libbinder.BackendUnifiedServiceManager: Thread Pool max thread count is 0. Cannot cache binder as linkToDeath cannot be implemented. serviceName: battery
03-21 20:55:26.687   625  2778 W libperfmgr: Failed to write to node: /dev/stune/top-app/schedtune.boost with value: 10, fd: -1
03-21 20:55:26.687   625  2778 W libperfmgr: Failed to write to node: /proc/sys/kernel/sched_boost with value: 0, fd: -1
03-21 20:55:26.871  2237  2237 E SatelliteController: registerForSatelliteModemStateChanged: mSatelliteSessionController is not initialized yet
03-21 20:55:26.873  2237  2237 E SatelliteController: registerForSatelliteModemStateChanged: mSatelliteSessionController is not initialized yet
03-21 20:55:26.876  2237  2378 E SatelliteController: notifyNtnEligibility: mSatellitePhone is null
03-21 20:55:26.888  1587  7870 W ContextImpl: Calling a method in the system process without a qualified user: android.app.ContextImpl.sendBroadcastMultiplePermissions:1358 android.content.Context.sendBroadcastMultiplePermissions:2796 com.android.server.TelephonyRegistry.broadcastServiceStateChanged:4172 com.android.server.TelephonyRegistry.notifyServiceStateForPhoneId:1848 com.android.internal.telephony.ITelephonyRegistry$Stub.onTransact:613 
03-21 20:55:26.891  1587  7870 W ContextImpl: Calling a method in the system process without a qualified user: android.app.ContextImpl.sendBroadcastMultiplePermissions:1391 com.android.server.TelephonyRegistry.broadcastServiceStateChanged:4177 com.android.server.TelephonyRegistry.notifyServiceStateForPhoneId:1848 com.android.internal.telephony.ITelephonyRegistry$Stub.onTransact:613 android.os.Binder.execTransactInternal:1473 
03-21 20:55:26.895  1587  7870 W ContextImpl: Calling a method in the system process without a qualified user: android.app.ContextImpl.sendBroadcastMultiplePermissions:1391 com.android.server.TelephonyRegistry.broadcastServiceStateChanged:4186 com.android.server.TelephonyRegistry.notifyServiceStateForPhoneId:1848 com.android.internal.telephony.ITelephonyRegistry$Stub.onTransact:613 android.os.Binder.execTransactInternal:1473 
03-21 20:55:26.897  1587  7870 W ContextImpl: Calling a method in the system process without a qualified user: android.app.ContextImpl.sendBroadcastMultiplePermissions:1391 com.android.server.TelephonyRegistry.broadcastServiceStateChanged:4192 com.android.server.TelephonyRegistry.notifyServiceStateForPhoneId:1848 com.android.internal.telephony.ITelephonyRegistry$Stub.onTransact:613 android.os.Binder.execTransactInternal:1473 
03-21 20:55:26.907   844   878 I netd    : tetherGetStats() -> {[]} <2.61ms>
03-21 20:55:26.907  1587  1680 W libprocessgroup: SetCgroup::ExecuteForProcess: failed to open /dev/stune/background/cgroup.procs: No such file or directory
03-21 20:55:26.910  2237  2237 I Telephony: TelecomAccountRegistry$TelecomAccountTelephonyCallback: TelecomAccountRegistry: onServiceStateChanged: newState=0, mServiceState=0
03-21 20:55:26.910  2237  2237 W Telephony: registerMmTelCapabilityCallback: registration failed, no ImsService available. Exception: code: 1
03-21 20:55:26.912  2237  2237 I Telephony: isRttCurrentlySupported -- regular acct, hasVoiceAvailability: false
03-21 20:55:26.912  2237  2237 I Telephony:  isRttSupported: false
03-21 20:55:26.912  2237  2237 I Telephony:  alwaysAllowWhileRoaming: false
03-21 20:55:26.912  2237  2237 I Telephony:  isRoaming: false
03-21 20:55:26.912  2237  2237 I Telephony:  isOnWfc: false
03-21 20:55:27.058   852   992 I hwcomposer: [HWCDisplay] [Display_0 (type:1)] fps:3.957335,dur:1010.78,max:443.19,min:67.78  
03-21 20:55:27.122   852  1054 I hwcomposer: [HWC] (0)fire a callback of refresh to SF[4]  
03-21 20:55:27.134   625  2778 W libperfmgr: Failed to write to node: /dev/stune/top-app/schedtune.boost with value: 10, fd: -1
03-21 20:55:27.134   625  2778 W libperfmgr: Failed to write to node: /proc/sys/kernel/sched_boost with value: 0, fd: -1
03-21 20:55:27.203   625  2778 W libperfmgr: Failed to write to node: /dev/stune/top-app/schedtune.boost with value: 10, fd: -1
03-21 20:55:27.204   625  2778 W libperfmgr: Failed to write to node: /proc/sys/kernel/sched_boost with value: 0, fd: -1
03-21 20:55:27.275   881   881 I WifiHAL : feature_set=0x8488141a
03-21 20:55:27.276  1587  1927 I HalDevMgr: bestIfaceCreationProposal is null, requestIface=STA, existingIface=[name=wlan0 type=STA]
03-21 20:55:27.322   844   878 I netd    : networkAddUidRangesParcel(NativeUidRangeConfig{netId: 105, uidRanges: [UidRangeParcel{start: 0, stop: 2147483647}], subPriority: 999}) <0.28ms>
03-21 20:55:27.322   844   878 I netd    : networkRemoveUidRangesParcel(NativeUidRangeConfig{netId: 105, uidRanges: [UidRangeParcel{start: 0, stop: 2147483647}], subPriority: 999}) <0.26ms>
03-21 20:55:27.394   852  1054 I hwcomposer: [HWC] (0)fire a callback of refresh to SF[4]  
03-21 20:55:27.401   625  2778 W libperfmgr: Failed to write to node: /dev/stune/top-app/schedtune.boost with value: 10, fd: -1
03-21 20:55:27.401   625  2778 W libperfmgr: Failed to write to node: /proc/sys/kernel/sched_boost with value: 0, fd: -1
03-21 20:55:27.475   625  2778 W libperfmgr: Failed to write to node: /dev/stune/top-app/schedtune.boost with value: 10, fd: -1
03-21 20:55:27.476   625  2778 W libperfmgr: Failed to write to node: /proc/sys/kernel/sched_boost with value: 0, fd: -1
03-21 20:55:27.618   852  1054 I hwcomposer: [HWC] (0)fire a callback of refresh to SF[4]  
03-21 20:55:27.622   625  2778 W libperfmgr: Failed to write to node: /dev/stune/top-app/schedtune.boost with value: 10, fd: -1
03-21 20:55:27.622   625  2778 W libperfmgr: Failed to write to node: /proc/sys/kernel/sched_boost with value: 0, fd: -1
03-21 20:55:27.699   625  2778 W libperfmgr: Failed to write to node: /dev/stune/top-app/schedtune.boost with value: 10, fd: -1
03-21 20:55:27.699   625  2778 W libperfmgr: Failed to write to node: /proc/sys/kernel/sched_boost with value: 0, fd: -1
03-21 20:55:27.708   877   924 E Situation: processEvent, handle:26, flush_action:0
03-21 20:55:27.710   625  2778 W libperfmgr: Failed to write to node: /dev/stune/top-app/schedtune.boost with value: 50, fd: -1
03-21 20:55:27.710   625  2778 W libperfmgr: Failed to write to node: /proc/sys/kernel/sched_boost with value: 2, fd: -1
03-21 20:55:27.710  2437  2437 I RotationButtonController: onRotationProposal(rotation=1)
03-21 20:55:27.729   914   988 E surfaceflinger: == MALI DEBUG ===eglp_winsys_populate_image_templates ==12288
03-21 20:55:27.731   914   988 E surfaceflinger: == MALI DEBUG ===eglp_winsys_populate_image_templates ==12288
03-21 20:55:27.743   914   988 E surfaceflinger: == MALI DEBUG ===eglp_winsys_populate_image_templates ==12288
03-21 20:55:27.754   914   988 E surfaceflinger: == MALI DEBUG ===eglp_winsys_populate_image_templates ==12288
03-21 20:55:27.826  2458 28605 I NearbySharing: Network state changed: NetworkState(isRestricted=false, isOnline=true, isCongested=false, isMetered=false, isWifiConnected=true)
03-21 20:55:27.860   625  2778 W libperfmgr: Failed to write to node: /dev/stune/top-app/schedtune.boost with value: 10, fd: -1
03-21 20:55:27.860   625  2778 W libperfmgr: Failed to write to node: /proc/sys/kernel/sched_boost with value: 0, fd: -1
03-21 20:55:28.069   852   992 I hwcomposer: [HWCDisplay] [Display_0 (type:1)] fps:36.610485,dur:1010.64,max:197.22,min:11.01  
03-21 20:55:28.360   625  2778 W libperfmgr: Failed to write to node: /dev/stune/top-app/schedtune.boost with value: 10, fd: -1
03-21 20:55:28.360   625  2778 W libperfmgr: Failed to write to node: /proc/sys/kernel/sched_boost with value: 0, fd: -1
03-21 20:55:28.861   625  2778 W libperfmgr: Failed to write to node: /dev/stune/top-app/schedtune.boost with value: 10, fd: -1
03-21 20:55:28.861   625  2778 W libperfmgr: Failed to write to node: /proc/sys/kernel/sched_boost with value: 0, fd: -1
03-21 20:55:28.972  1587  1683 W BluetoothPowerStatsCollector: BluetoothActivityEnergyInfo request failed with error code: 9
03-21 20:55:29.080   852   992 I hwcomposer: [HWCDisplay] [Display_0 (type:1)] fps:90.025681,dur:1010.82,max:11.17,min:11.03  
03-21 20:55:29.361   625  2778 W libperfmgr: Failed to write to node: /dev/stune/top-app/schedtune.boost with value: 10, fd: -1
03-21 20:55:29.361   625  2778 W libperfmgr: Failed to write to node: /proc/sys/kernel/sched_boost with value: 0, fd: -1
03-21 20:55:29.862   625  2778 W libperfmgr: Failed to write to node: /dev/stune/top-app/schedtune.boost with value: 10, fd: -1
03-21 20:55:29.862   625  2778 W libperfmgr: Failed to write to node: /proc/sys/kernel/sched_boost with value: 0, fd: -1
03-21 20:55:30.091   852   992 I hwcomposer: [HWCDisplay] [Display_0 (type:1)] fps:90.030525,dur:1010.77,max:11.20,min:10.97  
03-21 20:55:30.289   881   881 I WifiHAL : feature_set=0x8488141a
03-21 20:55:30.290  1587  1927 I HalDevMgr: bestIfaceCreationProposal is null, requestIface=STA, existingIface=[name=wlan0 type=STA]
03-21 20:55:30.362   625  2778 W libperfmgr: Failed to write to node: /dev/stune/top-app/schedtune.boost with value: 10, fd: -1
03-21 20:55:30.363   625  2778 W libperfmgr: Failed to write to node: /proc/sys/kernel/sched_boost with value: 0, fd: -1
03-21 20:55:30.863   625  2778 W libperfmgr: Failed to write to node: /dev/stune/top-app/schedtune.boost with value: 10, fd: -1
03-21 20:55:30.863   625  2778 W libperfmgr: Failed to write to node: /proc/sys/kernel/sched_boost with value: 0, fd: -1
03-21 20:55:31.101   852   992 I hwcomposer: [HWCDisplay] [Display_0 (type:1)] fps:90.027809,dur:1010.80,max:11.18,min:11.04  
03-21 20:55:31.161   844   878 I netd    : networkAddUidRangesParcel(NativeUidRangeConfig{netId: 105, uidRanges: [UidRangeParcel{start: 0, stop: 2147483647}], subPriority: 999}) <0.29ms>
03-21 20:55:31.162   844   878 I netd    : networkRemoveUidRangesParcel(NativeUidRangeConfig{netId: 105, uidRanges: [UidRangeParcel{start: 0, stop: 2147483647}], subPriority: 999}) <0.43ms>
03-21 20:55:31.364   625  2778 W libperfmgr: Failed to write to node: /dev/stune/top-app/schedtune.boost with value: 10, fd: -1
03-21 20:55:31.364   625  2778 W libperfmgr: Failed to write to node: /proc/sys/kernel/sched_boost with value: 0, fd: -1
03-21 20:55:31.668  2458 28605 I NearbySharing: Network state changed: NetworkState(isRestricted=false, isOnline=true, isCongested=false, isMetered=false, isWifiConnected=true)
03-21 20:55:31.864   625  2778 W libperfmgr: Failed to write to node: /dev/stune/top-app/schedtune.boost with value: 10, fd: -1
03-21 20:55:31.864   625  2778 W libperfmgr: Failed to write to node: /proc/sys/kernel/sched_boost with value: 0, fd: -1
03-21 20:55:32.162   852  1054 I hwcomposer: [HWC] (0)fire a callback of refresh to SF[4]  
03-21 20:55:32.166   625  2778 W libperfmgr: Failed to write to node: /dev/stune/top-app/schedtune.boost with value: 10, fd: -1
03-21 20:55:32.166   625  2778 W libperfmgr: Failed to write to node: /proc/sys/kernel/sched_boost with value: 0, fd: -1
03-21 20:55:32.171   852   992 I hwcomposer: [HWCDisplay] [Display_0 (type:1)] fps:85.074326,dur:1069.65,max:70.00,min:11.04  
03-21 20:55:32.243   625  2778 W libperfmgr: Failed to write to node: /dev/stune/top-app/schedtune.boost with value: 10, fd: -1
03-21 20:55:32.244   625  2778 W libperfmgr: Failed to write to node: /proc/sys/kernel/sched_boost with value: 0, fd: -1
03-21 20:55:32.614   852  1054 I hwcomposer: [HWC] (0)fire a callback of refresh to SF[4]  
03-21 20:55:32.621   625  2778 W libperfmgr: Failed to write to node: /dev/stune/top-app/schedtune.boost with value: 10, fd: -1
03-21 20:55:32.621   625  2778 W libperfmgr: Failed to write to node: /proc/sys/kernel/sched_boost with value: 0, fd: -1
03-21 20:55:32.695   625  2778 W libperfmgr: Failed to write to node: /dev/stune/top-app/schedtune.boost with value: 10, fd: -1
03-21 20:55:32.696   625  2778 W libperfmgr: Failed to write to node: /proc/sys/kernel/sched_boost with value: 0, fd: -1
03-21 20:55:32.874   852  1054 I hwcomposer: [HWC] (0)fire a callback of refresh to SF[4]  
03-21 20:55:32.887   625  2778 W libperfmgr: Failed to write to node: /dev/stune/top-app/schedtune.boost with value: 10, fd: -1
03-21 20:55:32.887   625  2778 W libperfmgr: Failed to write to node: /proc/sys/kernel/sched_boost with value: 0, fd: -1
03-21 20:55:32.894 28891 28891 W libbinder.BackendUnifiedServiceManager: Thread Pool max thread count is 0. Cannot cache binder as linkToDeath cannot be implemented. serviceName: deviceidle
03-21 20:55:32.910 28893 28893 W libbinder.BackendUnifiedServiceManager: Thread Pool max thread count is 0. Cannot cache binder as linkToDeath cannot be implemented. serviceName: battery
03-21 20:55:32.926 28895 28895 W libbinder.BackendUnifiedServiceManager: Thread Pool max thread count is 0. Cannot cache binder as linkToDeath cannot be implemented. serviceName: deviceidle
03-21 20:55:32.955   625  2778 W libperfmgr: Failed to write to node: /dev/stune/top-app/schedtune.boost with value: 10, fd: -1
03-21 20:55:32.955   625  2778 W libperfmgr: Failed to write to node: /proc/sys/kernel/sched_boost with value: 0, fd: -1
03-21 20:55:32.956 28898 28898 W libbinder.BackendUnifiedServiceManager: Thread Pool max thread count is 0. Cannot cache binder as linkToDeath cannot be implemented. serviceName: activity
03-21 20:55:33.013 28907 28907 W libbinder.BackendUnifiedServiceManager: Thread Pool max thread count is 0. Cannot cache binder as linkToDeath cannot be implemented. serviceName: battery
03-21 20:55:33.047  1587  7870 W ProcessStats: Tracking association SourceState{b76c886 com.google.android.gms.persistent/10300 BFgs #17628} whose proc state 4 is better than process ProcessState{d7c23e9 com.google.android.gms.unstable/10300 pkg=com.google.android.gms} proc state 14 (3 skipped)
03-21 20:55:33.118   852  1054 I hwcomposer: [HWC] (0)fire a callback of refresh to SF[4]  
03-21 20:55:33.131   625  2778 W libperfmgr: Failed to write to node: /dev/stune/top-app/schedtune.boost with value: 10, fd: -1
03-21 20:55:33.132   625  2778 W libperfmgr: Failed to write to node: /proc/sys/kernel/sched_boost with value: 0, fd: -1
03-21 20:55:33.199   625  2778 W libperfmgr: Failed to write to node: /dev/stune/top-app/schedtune.boost with value: 10, fd: -1
03-21 20:55:33.199   625  2778 W libperfmgr: Failed to write to node: /proc/sys/kernel/sched_boost with value: 0, fd: -1
03-21 20:55:33.302   881   881 I WifiHAL : feature_set=0x8488141a
03-21 20:55:33.302  1587  1927 I HalDevMgr: bestIfaceCreationProposal is null, requestIface=STA, existingIface=[name=wlan0 type=STA]
03-21 20:55:33.556   852   992 I hwcomposer: [HWCDisplay] [Display_0 (type:1)] fps:8.662228,dur:1385.32,max:420.56,min:11.05  
03-21 20:55:33.618   852  1054 I hwcomposer: [HWC] (0)fire a callback of refresh to SF[4]  
03-21 20:55:33.632   625  2778 W libperfmgr: Failed to write to node: /dev/stune/top-app/schedtune.boost with value: 10, fd: -1
03-21 20:55:33.632   625  2778 W libperfmgr: Failed to write to node: /proc/sys/kernel/sched_boost with value: 0, fd: -1
03-21 20:55:33.699   625  2778 W libperfmgr: Failed to write to node: /dev/stune/top-app/schedtune.boost with value: 10, fd: -1
03-21 20:55:33.699   625  2778 W libperfmgr: Failed to write to node: /proc/sys/kernel/sched_boost with value: 0, fd: -1
03-21 20:55:34.118   852  1054 I hwcomposer: [HWC] (0)fire a callback of refresh to SF[4]  
03-21 20:55:34.131   625  2778 W libperfmgr: Failed to write to node: /dev/stune/top-app/schedtune.boost with value: 10, fd: -1
03-21 20:55:34.131   625  2778 W libperfmgr: Failed to write to node: /proc/sys/kernel/sched_boost with value: 0, fd: -1
03-21 20:55:34.199   625  2778 W libperfmgr: Failed to write to node: /dev/stune/top-app/schedtune.boost with value: 10, fd: -1
03-21 20:55:34.199   625  2778 W libperfmgr: Failed to write to node: /proc/sys/kernel/sched_boost with value: 0, fd: -1
03-21 20:55:34.413  1587  1680 W libprocessgroup: SetCgroup::ExecuteForProcess: failed to open /dev/stune/background/cgroup.procs: No such file or directory
03-21 20:55:34.618   852  1054 I hwcomposer: [HWC] (0)fire a callback of refresh to SF[4]  
03-21 20:55:34.631   625  2778 W libperfmgr: Failed to write to node: /dev/stune/top-app/schedtune.boost with value: 10, fd: -1
03-21 20:55:34.631   625  2778 W libperfmgr: Failed to write to node: /proc/sys/kernel/sched_boost with value: 0, fd: -1
03-21 20:55:34.637   852   992 I hwcomposer: [HWCDisplay] [Display_0 (type:1)] fps:4.628217,dur:1080.33,max:419.61,min:80.19  
03-21 20:55:34.699   625  2778 W libperfmgr: Failed to write to node: /dev/stune/top-app/schedtune.boost with value: 10, fd: -1
03-21 20:55:34.699   625  2778 W libperfmgr: Failed to write to node: /proc/sys/kernel/sched_boost with value: 0, fd: -1
03-21 20:55:35.114   852  1054 I hwcomposer: [HWC] (0)fire a callback of refresh to SF[4]  
03-21 20:55:35.120   625  2778 W libperfmgr: Failed to write to node: /dev/stune/top-app/schedtune.boost with value: 10, fd: -1
03-21 20:55:35.120   625  2778 W libperfmgr: Failed to write to node: /proc/sys/kernel/sched_boost with value: 0, fd: -1
03-21 20:55:35.195   625  2778 W libperfmgr: Failed to write to node: /dev/stune/top-app/schedtune.boost with value: 10, fd: -1
03-21 20:55:35.195   625  2778 W libperfmgr: Failed to write to node: /proc/sys/kernel/sched_boost with value: 0, fd: -1
03-21 20:55:35.614   852  1054 I hwcomposer: [HWC] (0)fire a callback of refresh to SF[4]  
03-21 20:55:35.620   625  2778 W libperfmgr: Failed to write to node: /dev/stune/top-app/schedtune.boost with value: 10, fd: -1
03-21 20:55:35.620   625  2778 W libperfmgr: Failed to write to node: /proc/sys/kernel/sched_boost with value: 0, fd: -1
03-21 20:55:35.695   625  2778 W libperfmgr: Failed to write to node: /dev/stune/top-app/schedtune.boost with value: 10, fd: -1
03-21 20:55:35.695   625  2778 W libperfmgr: Failed to write to node: /proc/sys/kernel/sched_boost with value: 0, fd: -1
03-21 20:55:36.056   852   992 I hwcomposer: [HWCDisplay] [Display_0 (type:1)] fps:3.523993,dur:1418.85,max:430.43,min:69.41  
03-21 20:55:36.114   852  1054 I hwcomposer: [HWC] (0)fire a callback of refresh to SF[4]  
03-21 20:55:36.120   625  2778 W libperfmgr: Failed to write to node: /dev/stune/top-app/schedtune.boost with value: 10, fd: -1
03-21 20:55:36.120   625  2778 W libperfmgr: Failed to write to node: /proc/sys/kernel/sched_boost with value: 0, fd: -1
03-21 20:55:36.195   625  2778 W libperfmgr: Failed to write to node: /dev/stune/top-app/schedtune.boost with value: 10, fd: -1
03-21 20:55:36.195   625  2778 W libperfmgr: Failed to write to node: /proc/sys/kernel/sched_boost with value: 0, fd: -1
03-21 20:55:36.313   881   881 I WifiHAL : feature_set=0x8488141a
03-21 20:55:36.314  1587  1927 I HalDevMgr: bestIfaceCreationProposal is null, requestIface=STA, existingIface=[name=wlan0 type=STA]
03-21 20:55:36.614   852  1054 I hwcomposer: [HWC] (0)fire a callback of refresh to SF[4]  
03-21 20:55:36.620   625  2778 W libperfmgr: Failed to write to node: /dev/stune/top-app/schedtune.boost with value: 10, fd: -1
03-21 20:55:36.620   625  2778 W libperfmgr: Failed to write to node: /proc/sys/kernel/sched_boost with value: 0, fd: -1
03-21 20:55:36.695   625  2778 W libperfmgr: Failed to write to node: /dev/stune/top-app/schedtune.boost with value: 10, fd: -1
03-21 20:55:36.695   625  2778 W libperfmgr: Failed to write to node: /proc/sys/kernel/sched_boost with value: 0, fd: -1
03-21 20:55:37.114   852  1054 I hwcomposer: [HWC] (0)fire a callback of refresh to SF[4]  
03-21 20:55:37.119   625  2778 W libperfmgr: Failed to write to node: /dev/stune/top-app/schedtune.boost with value: 10, fd: -1
03-21 20:55:37.119   625  2778 W libperfmgr: Failed to write to node: /proc/sys/kernel/sched_boost with value: 0, fd: -1
03-21 20:55:37.124   852   992 I hwcomposer: [HWCDisplay] [Display_0 (type:1)] fps:4.677597,dur:1068.92,max:430.52,min:69.24  
03-21 20:55:37.195   625  2778 W libperfmgr: Failed to write to node: /dev/stune/top-app/schedtune.boost with value: 10, fd: -1
03-21 20:55:37.195   625  2778 W libperfmgr: Failed to write to node: /proc/sys/kernel/sched_boost with value: 0, fd: -1
03-21 20:55:37.614   852  1054 I hwcomposer: [HWC] (0)fire a callback of refresh to SF[4]  
03-21 20:55:37.620   625  2778 W libperfmgr: Failed to write to node: /dev/stune/top-app/schedtune.boost with value: 10, fd: -1
03-21 20:55:37.620   625  2778 W libperfmgr: Failed to write to node: /proc/sys/kernel/sched_boost with value: 0, fd: -1
03-21 20:55:37.695   625  2778 W libperfmgr: Failed to write to node: /dev/stune/top-app/schedtune.boost with value: 10, fd: -1
03-21 20:55:37.696   625  2778 W libperfmgr: Failed to write to node: /proc/sys/kernel/sched_boost with value: 0, fd: -1
03-21 20:55:37.975  1587  1708 I DisplayPowerController[0]: BrightnessEvent: brt=8.54597E-4(5.0%), nits=3.4861262, lux=-1.0, reason=manual [ dim ], strat=FallbackBrightnessStrategy, state=ON, stateReason=DEFAULT_POLICY, policy=DIM, flags=, initBrt=1.0, rcmdBrt=NaN, preBrt=NaN, preLux=0.0, wasShortTermModelActive=false, autoBrightness=false (default), unclampedBrt=1.0, hbmMax=1.0, hbmMode=sunlight, thrmMax=1.0, rbcStrength=50, powerFactor=1.0, physDisp=Built-in Screen(local:4627039422300187648), logicalId=0, slowChange=false, rampSpeed=0.70472443
03-21 20:55:38.196   625  2778 W libperfmgr: Failed to write to node: /dev/stune/top-app/schedtune.boost with value: 10, fd: -1
03-21 20:55:38.196   625  2778 W libperfmgr: Failed to write to node: /proc/sys/kernel/sched_boost with value: 0, fd: -1
03-21 20:55:38.555   852   992 I hwcomposer: [HWCDisplay] [Display_0 (type:1)] fps:2.796371,dur:1430.43,max:499.97,min:69.24  
03-21 20:55:38.674   852  1054 I hwcomposer: [HWC] (0)fire a callback of refresh to SF[4]  
03-21 20:55:38.686   625  2778 W libperfmgr: Failed to write to node: /dev/stune/top-app/schedtune.boost with value: 10, fd: -1
03-21 20:55:38.686   625  2778 W libperfmgr: Failed to write to node: /proc/sys/kernel/sched_boost with value: 0, fd: -1
03-21 20:55:38.755   625  2778 W libperfmgr: Failed to write to node: /dev/stune/top-app/schedtune.boost with value: 10, fd: -1
03-21 20:55:38.755   625  2778 W libperfmgr: Failed to write to node: /proc/sys/kernel/sched_boost with value: 0, fd: -1
03-21 20:55:39.114   852  1054 I hwcomposer: [HWC] (0)fire a callback of refresh to SF[4]  
03-21 20:55:39.119   625  2778 W libperfmgr: Failed to write to node: /dev/stune/top-app/schedtune.boost with value: 10, fd: -1
03-21 20:55:39.119   625  2778 W libperfmgr: Failed to write to node: /proc/sys/kernel/sched_boost with value: 0, fd: -1
03-21 20:55:39.195   625  2778 W libperfmgr: Failed to write to node: /dev/stune/top-app/schedtune.boost with value: 10, fd: -1
03-21 20:55:39.195   625  2778 W libperfmgr: Failed to write to node: /proc/sys/kernel/sched_boost with value: 0, fd: -1
03-21 20:55:39.241 28916 28916 W libbinder.BackendUnifiedServiceManager: Thread Pool max thread count is 0. Cannot cache binder as linkToDeath cannot be implemented. serviceName: deviceidle
03-21 20:55:39.259 28918 28918 W libbinder.BackendUnifiedServiceManager: Thread Pool max thread count is 0. Cannot cache binder as linkToDeath cannot be implemented. serviceName: battery
03-21 20:55:39.286 28920 28920 W libbinder.BackendUnifiedServiceManager: Thread Pool max thread count is 0. Cannot cache binder as linkToDeath cannot be implemented. serviceName: deviceidle
03-21 20:55:39.311 28923 28923 W libbinder.BackendUnifiedServiceManager: Thread Pool max thread count is 0. Cannot cache binder as linkToDeath cannot be implemented. serviceName: activity
03-21 20:55:39.326   881   881 I WifiHAL : feature_set=0x8488141a
03-21 20:55:39.327  1587  1927 I HalDevMgr: bestIfaceCreationProposal is null, requestIface=STA, existingIface=[name=wlan0 type=STA]
03-21 20:55:39.362 28932 28932 W libbinder.BackendUnifiedServiceManager: Thread Pool max thread count is 0. Cannot cache binder as linkToDeath cannot be implemented. serviceName: battery
03-21 20:55:39.618   852  1054 I hwcomposer: [HWC] (0)fire a callback of refresh to SF[4]  
03-21 20:55:39.630   625  2778 W libperfmgr: Failed to write to node: /dev/stune/top-app/schedtune.boost with value: 10, fd: -1
03-21 20:55:39.631   625  2778 W libperfmgr: Failed to write to node: /proc/sys/kernel/sched_boost with value: 0, fd: -1
03-21 20:55:39.635   852   992 I hwcomposer: [HWCDisplay] [Display_0 (type:1)] fps:4.630225,dur:1079.86,max:430.91,min:68.89  
03-21 20:55:39.699   625  2778 W libperfmgr: Failed to write to node: /dev/stune/top-app/schedtune.boost with value: 10, fd: -1
03-21 20:55:39.699   625  2778 W libperfmgr: Failed to write to node: /proc/sys/kernel/sched_boost with value: 0, fd: -1
03-21 20:55:40.114   852  1054 I hwcomposer: [HWC] (0)fire a callback of refresh to SF[4]  
03-21 20:55:40.119   625  2778 W libperfmgr: Failed to write to node: /dev/stune/top-app/schedtune.boost with value: 10, fd: -1
03-21 20:55:40.119   625  2778 W libperfmgr: Failed to write to node: /proc/sys/kernel/sched_boost with value: 0, fd: -1
03-21 20:55:40.195   625  2778 W libperfmgr: Failed to write to node: /dev/stune/top-app/schedtune.boost with value: 10, fd: -1
03-21 20:55:40.195   625  2778 W libperfmgr: Failed to write to node: /proc/sys/kernel/sched_boost with value: 0, fd: -1
03-21 20:55:40.614   852  1054 I hwcomposer: [HWC] (0)fire a callback of refresh to SF[4]  
03-21 20:55:40.624   625  2778 W libperfmgr: Failed to write to node: /dev/stune/top-app/schedtune.boost with value: 10, fd: -1
03-21 20:55:40.624   625  2778 W libperfmgr: Failed to write to node: /proc/sys/kernel/sched_boost with value: 0, fd: -1
03-21 20:55:40.668  1587  1680 W libprocessgroup: SetCgroup::ExecuteForProcess: failed to open /dev/stune/background/cgroup.procs: No such file or directory
03-21 20:55:40.685   625  2778 W libperfmgr: Failed to write to node: /dev/stune/top-app/schedtune.boost with value: 10, fd: -1
03-21 20:55:40.685   625  2778 W libperfmgr: Failed to write to node: /proc/sys/kernel/sched_boost with value: 0, fd: -1
03-21 20:55:40.687   852   992 I hwcomposer: [HWCDisplay] [Display_0 (type:1)] fps:4.750226,dur:1052.58,max:430.76,min:62.96  
03-21 20:55:40.746   852  1054 I hwcomposer: [HWC] (0)fire a callback of refresh to SF[4]  
03-21 20:55:40.752   625  2778 W libperfmgr: Failed to write to node: /dev/stune/top-app/schedtune.boost with value: 10, fd: -1
03-21 20:55:40.753   625  2778 W libperfmgr: Failed to write to node: /proc/sys/kernel/sched_boost with value: 0, fd: -1
03-21 20:55:40.828   625  2778 W libperfmgr: Failed to write to node: /dev/stune/top-app/schedtune.boost with value: 10, fd: -1
03-21 20:55:40.828   625  2778 W libperfmgr: Failed to write to node: /proc/sys/kernel/sched_boost with value: 0, fd: -1
03-21 20:55:41.114   852  1054 I hwcomposer: [HWC] (0)fire a callback of refresh to SF[4]  
03-21 20:55:41.119   625  2778 W libperfmgr: Failed to write to node: /dev/stune/top-app/schedtune.boost with value: 10, fd: -1
03-21 20:55:41.119   625  2778 W libperfmgr: Failed to write to node: /proc/sys/kernel/sched_boost with value: 0, fd: -1
03-21 20:55:41.195   625  2778 W libperfmgr: Failed to write to node: /dev/stune/top-app/schedtune.boost with value: 10, fd: -1
03-21 20:55:41.195   625  2778 W libperfmgr: Failed to write to node: /proc/sys/kernel/sched_boost with value: 0, fd: -1
03-21 20:55:41.482   852  1054 I hwcomposer: [HWC] (0)fire a callback of refresh to SF[4]  
03-21 20:55:41.497   625  2778 W libperfmgr: Failed to write to node: /dev/stune/top-app/schedtune.boost with value: 10, fd: -1
03-21 20:55:41.497   625  2778 W libperfmgr: Failed to write to node: /proc/sys/kernel/sched_boost with value: 0, fd: -1
03-21 20:55:41.522  2237  2237 E SatelliteController: registerForSatelliteModemStateChanged: mSatelliteSessionController is not initialized yet
03-21 20:55:41.524  2237  2237 E SatelliteController: registerForSatelliteModemStateChanged: mSatelliteSessionController is not initialized yet
03-21 20:55:41.528  2237  2378 E SatelliteController: notifyNtnEligibility: mSatellitePhone is null
03-21 20:55:41.538  1587  2260 W ContextImpl: Calling a method in the system process without a qualified user: android.app.ContextImpl.sendBroadcastMultiplePermissions:1358 android.content.Context.sendBroadcastMultiplePermissions:2796 com.android.server.TelephonyRegistry.broadcastServiceStateChanged:4172 com.android.server.TelephonyRegistry.notifyServiceStateForPhoneId:1848 com.android.internal.telephony.ITelephonyRegistry$Stub.onTransact:613 
03-21 20:55:41.541  1587  2260 W ContextImpl: Calling a method in the system process without a qualified user: android.app.ContextImpl.sendBroadcastMultiplePermissions:1391 com.android.server.TelephonyRegistry.broadcastServiceStateChanged:4177 com.android.server.TelephonyRegistry.notifyServiceStateForPhoneId:1848 com.android.internal.telephony.ITelephonyRegistry$Stub.onTransact:613 android.os.Binder.execTransactInternal:1473 
03-21 20:55:41.545  1587  2260 W ContextImpl: Calling a method in the system process without a qualified user: android.app.ContextImpl.sendBroadcastMultiplePermissions:1391 com.android.server.TelephonyRegistry.broadcastServiceStateChanged:4186 com.android.server.TelephonyRegistry.notifyServiceStateForPhoneId:1848 com.android.internal.telephony.ITelephonyRegistry$Stub.onTransact:613 android.os.Binder.execTransactInternal:1473 
03-21 20:55:41.548  1587  2260 W ContextImpl: Calling a method in the system process without a qualified user: android.app.ContextImpl.sendBroadcastMultiplePermissions:1391 com.android.server.TelephonyRegistry.broadcastServiceStateChanged:4192 com.android.server.TelephonyRegistry.notifyServiceStateForPhoneId:1848 com.android.internal.telephony.ITelephonyRegistry$Stub.onTransact:613 android.os.Binder.execTransactInternal:1473 
03-21 20:55:41.553   625  2778 W libperfmgr: Failed to write to node: /dev/stune/top-app/schedtune.boost with value: 10, fd: -1
03-21 20:55:41.553   625  2778 W libperfmgr: Failed to write to node: /proc/sys/kernel/sched_boost with value: 0, fd: -1
03-21 20:55:41.558  1587  1680 W libprocessgroup: SetCgroup::ExecuteForProcess: failed to open /dev/stune/background/cgroup.procs: No such file or directory
03-21 20:55:41.558   844   878 I netd    : tetherGetStats() -> {[]} <1.13ms>
03-21 20:55:41.562  2237  2237 I Telephony: TelecomAccountRegistry$TelecomAccountTelephonyCallback: TelecomAccountRegistry: onServiceStateChanged: newState=0, mServiceState=0
03-21 20:55:41.562  2237  2237 W Telephony: registerMmTelCapabilityCallback: registration failed, no ImsService available. Exception: code: 1
03-21 20:55:41.564  2237  2237 I Telephony: isRttCurrentlySupported -- regular acct, hasVoiceAvailability: false
03-21 20:55:41.564  2237  2237 I Telephony:  isRttSupported: false
03-21 20:55:41.564  2237  2237 I Telephony:  alwaysAllowWhileRoaming: false
03-21 20:55:41.564  2237  2237 I Telephony:  isRoaming: false
03-21 20:55:41.564  2237  2237 I Telephony:  isOnWfc: false
03-21 20:55:41.614   852  1054 I hwcomposer: [HWC] (0)fire a callback of refresh to SF[4]  
03-21 20:55:41.619   625  2778 W libperfmgr: Failed to write to node: /dev/stune/top-app/schedtune.boost with value: 10, fd: -1
03-21 20:55:41.619   625  2778 W libperfmgr: Failed to write to node: /proc/sys/kernel/sched_boost with value: 0, fd: -1
03-21 20:55:41.695   625  2778 W libperfmgr: Failed to write to node: /dev/stune/top-app/schedtune.boost with value: 10, fd: -1
03-21 20:55:41.695   625  2778 W libperfmgr: Failed to write to node: /proc/sys/kernel/sched_boost with value: 0, fd: -1
03-21 20:55:42.054   852   992 I hwcomposer: [HWCDisplay] [Display_0 (type:1)] fps:5.854740,dur:1366.41,max:430.09,min:52.32  
03-21 20:55:42.118   852  1054 I hwcomposer: [HWC] (0)fire a callback of refresh to SF[4]  
03-21 20:55:42.130   625  2778 W libperfmgr: Failed to write to node: /dev/stune/top-app/schedtune.boost with value: 10, fd: -1
03-21 20:55:42.130   625  2778 W libperfmgr: Failed to write to node: /proc/sys/kernel/sched_boost with value: 0, fd: -1
03-21 20:55:42.199   625  2778 W libperfmgr: Failed to write to node: /dev/stune/top-app/schedtune.boost with value: 10, fd: -1
03-21 20:55:42.200   625  2778 W libperfmgr: Failed to write to node: /proc/sys/kernel/sched_boost with value: 0, fd: -1
03-21 20:55:42.338   881   881 I WifiHAL : feature_set=0x8488141a
03-21 20:55:42.339  1587  1927 I HalDevMgr: bestIfaceCreationProposal is null, requestIface=STA, existingIface=[name=wlan0 type=STA]
03-21 20:55:42.360   844   878 I netd    : networkAddUidRangesParcel(NativeUidRangeConfig{netId: 105, uidRanges: [UidRangeParcel{start: 0, stop: 2147483647}], subPriority: 999}) <0.31ms>
03-21 20:55:42.361   844   878 I netd    : networkRemoveUidRangesParcel(NativeUidRangeConfig{netId: 105, uidRanges: [UidRangeParcel{start: 0, stop: 2147483647}], subPriority: 999}) <0.21ms>
03-21 20:55:42.446   852  1054 I hwcomposer: [HWC] (0)fire a callback of refresh to SF[4]  
03-21 20:55:42.452   625  2778 W libperfmgr: Failed to write to node: /dev/stune/top-app/schedtune.boost with value: 10, fd: -1
03-21 20:55:42.452   625  2778 W libperfmgr: Failed to write to node: /proc/sys/kernel/sched_boost with value: 0, fd: -1
03-21 20:55:42.527   625  2778 W libperfmgr: Failed to write to node: /dev/stune/top-app/schedtune.boost with value: 10, fd: -1
03-21 20:55:42.527   625  2778 W libperfmgr: Failed to write to node: /proc/sys/kernel/sched_boost with value: 0, fd: -1
03-21 20:55:42.614   852  1054 I hwcomposer: [HWC] (0)fire a callback of refresh to SF[4]  
03-21 20:55:42.618   625  2778 W libperfmgr: Failed to write to node: /dev/stune/top-app/schedtune.boost with value: 10, fd: -1
03-21 20:55:42.618   625  2778 W libperfmgr: Failed to write to node: /proc/sys/kernel/sched_boost with value: 0, fd: -1
03-21 20:55:42.694  1213  1213 W adbd    : timeout expired while flushing socket, closing
03-21 20:55:42.695   625  2778 W libperfmgr: Failed to write to node: /dev/stune/top-app/schedtune.boost with value: 10, fd: -1
03-21 20:55:42.695   625  2778 W libperfmgr: Failed to write to node: /proc/sys/kernel/sched_boost with value: 0, fd: -1
03-21 20:55:42.725  1213  1213 W adbd    : timeout expired while flushing socket, closing
03-21 20:55:42.865  2458 28605 I NearbySharing: Network state changed: NetworkState(isRestricted=false, isOnline=true, isCongested=false, isMetered=false, isWifiConnected=true)
03-21 20:55:43.114   852  1054 I hwcomposer: [HWC] (0)fire a callback of refresh to SF[4]  
03-21 20:55:43.118   625  2778 W libperfmgr: Failed to write to node: /dev/stune/top-app/schedtune.boost with value: 10, fd: -1
03-21 20:55:43.118   625  2778 W libperfmgr: Failed to write to node: /proc/sys/kernel/sched_boost with value: 0, fd: -1
03-21 20:55:43.123   852   992 I hwcomposer: [HWCDisplay] [Display_0 (type:1)] fps:6.546782,dur:1069.23,max:429.63,min:69.54  
03-21 20:55:43.195   625  2778 W libperfmgr: Failed to write to node: /dev/stune/top-app/schedtune.boost with value: 10, fd: -1
03-21 20:55:43.195   625  2778 W libperfmgr: Failed to write to node: /proc/sys/kernel/sched_boost with value: 0, fd: -1
03-21 20:55:43.334  2458 28605 I GmsCoreXrpcWrapper: (REDACTED) Creating a custom channel provider with trafficStatsTag=%d trafficStatsUid=%d
03-21 20:55:43.340  2458 28605 I LocationReportUplIntOp: Uploading owner sightings. [CONTEXT service_id=284 ratelimit_period="5 MINUTES" ]
03-21 20:55:43.340 23481 23639 W Looper  : Slow delivery took 44220ms android.bg app=com.google.android.gms main=false group=FOREGROUND h=android.database.sqlite.SQLiteConnectionPool$IdleConnectionHandler c=null m=10
03-21 20:55:43.340  2458 28605 I GmsCoreXrpcWrapper: (REDACTED) Returning a channel provider with trafficStatsTag=%d trafficStatsUid=%d
03-21 20:55:43.345  1587  2260 W ProcessStats: Tracking association SourceState{fbd0e38 com.google.android.gms.persistent/10300 BFgs #17642} whose proc state 4 is better than process ProcessState{b944812 com.google.android.gms/10300 pkg=com.google.android.gms} proc state 14 (1 skipped)
03-21 20:55:43.345 23481 27608 W ConsentManagerApiServic: Consent Manager API is not enabled. [CONTEXT service_id=460 ]
03-21 20:55:43.356   844 28949 I resolv  : GetAddrInfoHandler::run: {102 786534 102 983142 10300 0}
03-21 20:55:43.356   844 28950 I resolv  : res_nmkquery: (QUERY, IN, A)
03-21 20:55:43.368   844 28950 I resolv  : res_nsend: used send_dg 104 terrno: 0
03-21 20:55:43.368   844 28950 I resolv  : doQuery: rcode=0, ancount=4, return value=104
03-21 20:55:43.614   852  1054 I hwcomposer: [HWC] (0)fire a callback of refresh to SF[4]  
03-21 20:55:43.618   625  2778 W libperfmgr: Failed to write to node: /dev/stune/top-app/schedtune.boost with value: 10, fd: -1
03-21 20:55:43.618   625  2778 W libperfmgr: Failed to write to node: /proc/sys/kernel/sched_boost with value: 0, fd: -1
03-21 20:55:43.695   625  2778 W libperfmgr: Failed to write to node: /dev/stune/top-app/schedtune.boost with value: 10, fd: -1
03-21 20:55:43.695   625  2778 W libperfmgr: Failed to write to node: /proc/sys/kernel/sched_boost with value: 0, fd: -1
03-21 20:55:43.941  2458  4303 I cn_CronetUrlRequestContext: destroyNativeStreamLocked org.chromium.net.impl.CronetBidirectionalStream@94e775c
03-21 20:55:43.975  1587  1708 I PowerGroup: Napping power group (groupId=0, uid=1000)...
03-21 20:55:43.975  1587  1708 I PowerGroup: dreamManagerAttemptedDozing status changed to false for group 0
03-21 20:55:43.975  1587  1708 I PowerManagerService: Nap time (uid 1000)...
03-21 20:55:43.976  1587  1708 I PowerGroup: Powering off display group due to timeout (groupId= 0, uid= 1000, millisSinceLastUserActivity=30001, lastUserActivityEvent=touch)...
03-21 20:55:43.977  1587  1708 I PowerManagerService: Going to sleep due to timeout (uid 1000, screenOffTimeout=30000, activityTimeoutWM=-1, maxDimRatio=0.20000005, maxDimDur=7000)...
03-21 20:55:43.979  3073  3073 I GoogleInputMethodService: GoogleInputMethodService.onFinishInput():2114 
03-21 20:55:43.980  3073  3073 I Module  : DeviceLockedStatusModuleProvider$Module.updateDeviceLockedStatus():103 repeatCheckTimes = 0, locked = false
03-21 20:55:43.983   914   988 E surfaceflinger: == MALI DEBUG ===eglp_winsys_populate_image_templates ==12288
03-21 20:55:43.989   844   878 I netd    : tetherGetStats() -> {[]} <3.77ms>
03-21 20:55:43.993  1587  1708 I DisplayPowerController[0]: BrightnessEvent: brt=1.0(100.0%), nits=700.0, lux=-1.0, reason=manual, strat=FallbackBrightnessStrategy, state=ON, stateReason=DEFAULT_POLICY, policy=OFF, flags=, initBrt=8.54597E-4, rcmdBrt=NaN, preBrt=NaN, preLux=0.0, wasShortTermModelActive=false, autoBrightness=false (default), unclampedBrt=1.0, hbmMax=1.0, hbmMode=sunlight, thrmMax=1.0, rbcStrength=50, powerFactor=1.0, physDisp=Built-in Screen(local:4627039422300187648), logicalId=0, slowChange=false, rampSpeed=0.0
03-21 20:55:43.997  1151  1151 I [GF_HAL][gf_hal]: [gf_hal_authenticate] group_id=0
03-21 20:55:43.998  2034  2034 I KeyguardTransitionRepository: STARTED transition: TransitionStep(from=GONE, to=DOZING, value=0.0, transitionState=STARTED, ownerName=FromGoneTransitionInteractor(Sleep transition triggered))
03-21 20:55:43.998   579   579 I [mTEE]  :  come into the TZ_VFS_OPEN function
03-21 20:55:44.000   579   579 I [mTEE]  :  come into the TZ_VFS_OPEN function
03-21 20:55:44.001   579   579 I [mTEE]  :  come into the TZ_VFS_OPEN function
03-21 20:55:44.002   579   579 I [mTEE]  :  come into the TZ_VFS_OPEN function
03-21 20:55:44.006   579   579 I [mTEE]  :  come into the TZ_VFS_OPEN function
03-21 20:55:44.007   579   579 I [mTEE]  :  come into the TZ_VFS_OPEN function
03-21 20:55:44.012   579   579 I [mTEE]  :  come into the TZ_VFS_OPEN function
03-21 20:55:44.012   579   579 I [mTEE]  :  come into the TZ_VFS_OPEN function
03-21 20:55:44.013   579   579 I [mTEE]  :  come into the TZ_VFS_OPEN function
03-21 20:55:44.014   579   579 I [mTEE]  :  come into the TZ_VFS_OPEN function
03-21 20:55:44.018   579   579 I [mTEE]  :  come into the TZ_VFS_OPEN function
03-21 20:55:44.019   579   579 I [mTEE]  :  come into the TZ_VFS_OPEN function
03-21 20:55:44.023   579   579 I [mTEE]  :  come into the TZ_VFS_OPEN function
03-21 20:55:44.023   579   579 I [mTEE]  :  come into the TZ_VFS_OPEN function
03-21 20:55:44.024   579   579 I [mTEE]  :  come into the TZ_VFS_OPEN function
03-21 20:55:44.025   579   579 I [mTEE]  :  come into the TZ_VFS_OPEN function
03-21 20:55:44.028   579   579 I [mTEE]  :  come into the TZ_VFS_OPEN function
03-21 20:55:44.029   579   579 I [mTEE]  :  come into the TZ_VFS_OPEN function
03-21 20:55:44.034   579   579 I [mTEE]  :  come into the TZ_VFS_OPEN function
03-21 20:55:44.035   579   579 I [mTEE]  :  come into the TZ_VFS_OPEN function
03-21 20:55:44.036   579   579 I [mTEE]  :  come into the TZ_VFS_OPEN function
03-21 20:55:44.036   579   579 I [mTEE]  :  come into the TZ_VFS_OPEN function
03-21 20:55:44.040   579   579 I [mTEE]  :  come into the TZ_VFS_OPEN function
03-21 20:55:44.040   579   579 I [mTEE]  :  come into the TZ_VFS_OPEN function
03-21 20:55:44.050   579   579 I [mTEE]  :  come into the TZ_VFS_OPEN function
03-21 20:55:44.051   579   579 I [mTEE]  :  come into the TZ_VFS_OPEN function
03-21 20:55:44.052   579   579 I [mTEE]  :  come into the TZ_VFS_OPEN function
03-21 20:55:44.053   579   579 I [mTEE]  :  come into the TZ_VFS_OPEN function
03-21 20:55:44.056   579   579 I [mTEE]  :  come into the TZ_VFS_OPEN function
03-21 20:55:44.057   579   579 I [mTEE]  :  come into the TZ_VFS_OPEN function
03-21 20:55:44.059   579   579 I [mTEE]  :  come into the TZ_VFS_OPEN function
03-21 20:55:44.060   579   579 I [mTEE]  :  come into the TZ_VFS_OPEN function
03-21 20:55:44.061   579   579 I [mTEE]  :  come into the TZ_VFS_OPEN function
03-21 20:55:44.062   579   579 I [mTEE]  :  come into the TZ_VFS_OPEN function
03-21 20:55:44.066   579   579 I [mTEE]  :  come into the TZ_VFS_OPEN function
03-21 20:55:44.067   579   579 I [mTEE]  :  come into the TZ_VFS_OPEN function
03-21 20:55:44.069   579   579 I [mTEE]  :  come into the TZ_VFS_OPEN function
03-21 20:55:44.069   579   579 I [mTEE]  :  come into the TZ_VFS_OPEN function
03-21 20:55:44.070   579   579 I [mTEE]  :  come into the TZ_VFS_OPEN function
03-21 20:55:44.071   579   579 I [mTEE]  :  come into the TZ_VFS_OPEN function
03-21 20:55:44.072   579   579 I [mTEE]  :  come into the TZ_VFS_OPEN function
03-21 20:55:44.073   579   579 I [mTEE]  :  come into the TZ_VFS_OPEN function
03-21 20:55:44.073   579   579 I [mTEE]  :  come into the TZ_VFS_OPEN function
03-21 20:55:44.074   579   579 I [mTEE]  :  come into the TZ_VFS_OPEN function
03-21 20:55:44.075   579   579 I [mTEE]  :  come into the TZ_VFS_OPEN function
03-21 20:55:44.076   579   579 I [mTEE]  :  come into the TZ_VFS_OPEN function
03-21 20:55:44.078   579   579 I [mTEE]  :  come into the TZ_VFS_OPEN function
03-21 20:55:44.078   579   579 I [mTEE]  :  come into the TZ_VFS_OPEN function
03-21 20:55:44.079   579   579 I [mTEE]  :  come into the TZ_VFS_OPEN function
03-21 20:55:44.080   579   579 I [mTEE]  :  come into the TZ_VFS_OPEN function
03-21 20:55:44.081   579   579 I [mTEE]  :  come into the TZ_VFS_OPEN function
03-21 20:55:44.081   579   579 I [mTEE]  :  come into the TZ_VFS_OPEN function
03-21 20:55:44.082   579   579 I [mTEE]  :  come into the TZ_VFS_OPEN function
03-21 20:55:44.083   579   579 I [mTEE]  :  come into the TZ_VFS_OPEN function
03-21 20:55:44.084   579   579 I [mTEE]  :  come into the TZ_VFS_OPEN function
03-21 20:55:44.085   579   579 I [mTEE]  :  come into the TZ_VFS_OPEN function
03-21 20:55:44.086   579   579 I [mTEE]  :  come into the TZ_VFS_OPEN function
03-21 20:55:44.087   579   579 I [mTEE]  :  come into the TZ_VFS_OPEN function
03-21 20:55:44.087   579   579 I [mTEE]  :  come into the TZ_VFS_OPEN function
03-21 20:55:44.089   579   579 I [mTEE]  :  come into the TZ_VFS_OPEN function
03-21 20:55:44.090   579   579 I [mTEE]  :  come into the TZ_VFS_OPEN function
03-21 20:55:44.090   579   579 I [mTEE]  :  come into the TZ_VFS_OPEN function
03-21 20:55:44.091   579   579 I [mTEE]  :  come into the TZ_VFS_OPEN function
03-21 20:55:44.092   579   579 I [mTEE]  :  come into the TZ_VFS_OPEN function
03-21 20:55:44.093   579   579 I [mTEE]  :  come into the TZ_VFS_OPEN function
03-21 20:55:44.094   579   579 I [mTEE]  :  come into the TZ_VFS_OPEN function
03-21 20:55:44.095   579   579 I [mTEE]  :  come into the TZ_VFS_OPEN function
03-21 20:55:44.095   579   579 I [mTEE]  :  come into the TZ_VFS_OPEN function
03-21 20:55:44.097   579   579 I [mTEE]  :  come into the TZ_VFS_OPEN function
03-21 20:55:44.098   579   579 I [mTEE]  :  come into the TZ_VFS_OPEN function
03-21 20:55:44.099   579   579 I [mTEE]  :  come into the TZ_VFS_OPEN function
03-21 20:55:44.100   579   579 I [mTEE]  :  come into the TZ_VFS_OPEN function
03-21 20:55:44.104   579   579 I [mTEE]  :  come into the TZ_VFS_OPEN function
03-21 20:55:44.105   579   579 I [mTEE]  :  come into the TZ_VFS_OPEN function
03-21 20:55:44.121   579   579 I [mTEE]  :  come into the TZ_VFS_OPEN function
03-21 20:55:44.122   579   579 I [mTEE]  :  come into the TZ_VFS_OPEN function
03-21 20:55:44.124   579   579 I [mTEE]  :  come into the TZ_VFS_OPEN function
03-21 20:55:44.125   579   579 I [mTEE]  :  come into the TZ_VFS_OPEN function
03-21 20:55:44.128   579   579 I [mTEE]  :  come into the TZ_VFS_OPEN function
03-21 20:55:44.129   579   579 I [mTEE]  :  come into the TZ_VFS_OPEN function
03-21 20:55:44.131   852   992 I hwcomposer: [HWCDisplay] [Display_0 (type:1)] fps:14.885206,dur:1007.71,max:430.23,min:10.81  
03-21 20:55:44.132   579   579 I [mTEE]  :  come into the TZ_VFS_OPEN function
03-21 20:55:44.133   579   579 I [mTEE]  :  come into the TZ_VFS_OPEN function
03-21 20:55:44.134   579   579 I [mTEE]  :  come into the TZ_VFS_OPEN function
03-21 20:55:44.135   579   579 I [mTEE]  :  come into the TZ_VFS_OPEN function
03-21 20:55:44.138   579   579 I [mTEE]  :  come into the TZ_VFS_OPEN function
03-21 20:55:44.139   579   579 I [mTEE]  :  come into the TZ_VFS_OPEN function
03-21 20:55:44.143   579   579 I [mTEE]  :  come into the TZ_VFS_OPEN function
03-21 20:55:44.144   579   579 I [mTEE]  :  come into the TZ_VFS_OPEN function
03-21 20:55:44.145   579   579 I [mTEE]  :  come into the TZ_VFS_OPEN function
03-21 20:55:44.146   579   579 I [mTEE]  :  come into the TZ_VFS_OPEN function
03-21 20:55:44.150   579   579 I [mTEE]  :  come into the TZ_VFS_OPEN function
03-21 20:55:44.151   579   579 I [mTEE]  :  come into the TZ_VFS_OPEN function
03-21 20:55:44.167   579   579 I [mTEE]  :  come into the TZ_VFS_OPEN function
03-21 20:55:44.168   579   579 I [mTEE]  :  come into the TZ_VFS_OPEN function
03-21 20:55:44.169   579   579 I [mTEE]  :  come into the TZ_VFS_OPEN function
03-21 20:55:44.170   579   579 I [mTEE]  :  come into the TZ_VFS_OPEN function
03-21 20:55:44.171   579   579 I [mTEE]  :  come into the TZ_VFS_OPEN function
03-21 20:55:44.171   579   579 I [mTEE]  :  come into the TZ_VFS_OPEN function
03-21 20:55:44.172   579   579 I [mTEE]  :  come into the TZ_VFS_OPEN function
03-21 20:55:44.173   579   579 I [mTEE]  :  come into the TZ_VFS_OPEN function
03-21 20:55:44.174   579   579 I [mTEE]  :  come into the TZ_VFS_OPEN function
03-21 20:55:44.175   579   579 I [mTEE]  :  come into the TZ_VFS_OPEN function
03-21 20:55:44.176   579   579 I [mTEE]  :  come into the TZ_VFS_OPEN function
03-21 20:55:44.177   579   579 I [mTEE]  :  come into the TZ_VFS_OPEN function
03-21 20:55:44.178   579   579 I [mTEE]  :  come into the TZ_VFS_OPEN function
03-21 20:55:44.179   579   579 I [mTEE]  :  come into the TZ_VFS_OPEN function
03-21 20:55:44.180   579   579 I [mTEE]  :  come into the TZ_VFS_OPEN function
03-21 20:55:44.180   579   579 I [mTEE]  :  come into the TZ_VFS_OPEN function
03-21 20:55:44.182   579   579 I [mTEE]  :  come into the TZ_VFS_OPEN function
03-21 20:55:44.182   579   579 I [mTEE]  :  come into the TZ_VFS_OPEN function
03-21 20:55:44.183   579   579 I [mTEE]  :  come into the TZ_VFS_OPEN function
03-21 20:55:44.184   579   579 I [mTEE]  :  come into the TZ_VFS_OPEN function
03-21 20:55:44.185   579   579 I [mTEE]  :  come into the TZ_VFS_OPEN function
03-21 20:55:44.186   579   579 I [mTEE]  :  come into the TZ_VFS_OPEN function
03-21 20:55:44.187   579   579 I [mTEE]  :  come into the TZ_VFS_OPEN function
03-21 20:55:44.187   579   579 I [mTEE]  :  come into the TZ_VFS_OPEN function
03-21 20:55:44.189   579   579 I [mTEE]  :  come into the TZ_VFS_OPEN function
03-21 20:55:44.190   579   579 I [mTEE]  :  come into the TZ_VFS_OPEN function
03-21 20:55:44.190   579   579 I [mTEE]  :  come into the TZ_VFS_OPEN function
03-21 20:55:44.191   579   579 I [mTEE]  :  come into the TZ_VFS_OPEN function
03-21 20:55:44.192   579   579 I [mTEE]  :  come into the TZ_VFS_OPEN function
03-21 20:55:44.193   579   579 I [mTEE]  :  come into the TZ_VFS_OPEN function
03-21 20:55:44.194   579   579 I [mTEE]  :  come into the TZ_VFS_OPEN function
03-21 20:55:44.195   579   579 I [mTEE]  :  come into the TZ_VFS_OPEN function
03-21 20:55:44.195   625  2778 W libperfmgr: Failed to write to node: /dev/stune/top-app/schedtune.boost with value: 10, fd: -1
03-21 20:55:44.196   625  2778 W libperfmgr: Failed to write to node: /proc/sys/kernel/sched_boost with value: 0, fd: -1
03-21 20:55:44.200  1587  1708 I DisplayPowerController[0]: Blocking screen off
03-21 20:55:44.201  1032  1082 E flp     : mnld_screen_monitor_thread: Screen off
03-21 20:55:44.209   914   988 E surfaceflinger: == MALI DEBUG ===eglp_winsys_populate_image_templates ==12288
03-21 20:55:44.212   852  1055 W hwcomposer: [DRMDEV] paramIsSame(), id 1145, w 1080/1080, h 93/93, pitch 1088/1088, format 0x1/0x2, secure 0/0  
03-21 20:55:44.213  1151  1151 E [GF_HAL][gf_hal_milan]: [hal_milan_invoke_command] err=GF_SUCCESS, errno=0. reset g_hal_over_current_count to 0!
03-21 20:55:44.218   877   877 I Situation: enable: handle:26, en:0 
03-21 20:55:44.218  1587  1680 W libprocessgroup: SetCgroup::ExecuteForProcess: failed to open /dev/stune/background/cgroup.procs: No such file or directory
03-21 20:55:44.218  1587  1999 W ImageReader_JNI: Unable to acquire a buffer item, very likely client tried to acquire more than maxImages buffers
03-21 20:55:44.218  1587  1708 I DisplayPowerController[0]: Unblocked screen off after 18 ms
03-21 20:55:44.219  1587  1708 I DisplayBrightnessStrategySelector: Changing the DisplayBrightnessStrategy from FallbackBrightnessStrategy to ScreenOffBrightnessStrategy for display 0
03-21 20:55:44.220  1587  1708 I DisplayPowerController[0]: BrightnessEvent: brt=0.0(0.0%), nits=2.7194705, lux=-1.0, reason=screen_off, strat=ScreenOffBrightnessStrategy, state=OFF, stateReason=DEFAULT_POLICY, policy=OFF, flags=, initBrt=1.0, rcmdBrt=NaN, preBrt=NaN, preLux=0.0, wasShortTermModelActive=false, autoBrightness=false (default), unclampedBrt=-1.0, hbmMax=1.0, hbmMode=sunlight, thrmMax=1.0, rbcStrength=50, powerFactor=1.0, physDisp=Built-in Screen(local:4627039422300187648), logicalId=0, slowChange=false, rampSpeed=0.0
03-21 20:55:44.221   877   877 I Accelerometer: batch: handle:0, flag:0,samplingPeriodNs:80000000 maxBatchReportLatencyNs:2000000000
03-21 20:55:44.226   914   914 W SurfaceFlinger: setPhysicalDisplayPowerMode: Failed to disable uclamp.min: Invalid argument
03-21 20:55:44.226  1587  1655 I DisplayDeviceRepository: Display device changed state: "Built-in Screen", OFF
03-21 20:55:44.226   852   992 I hwcomposer: [HWCDisplay] [XMFP]: Display(0) SetPowerMode(0) fp_parallel:0  
03-21 20:55:44.226  1587  1655 I InputManager-JNI: Viewport [0] to add: local:4627039422300187648, isActive: false
03-21 20:55:44.227  1587  1903 I InputReader: Reconfiguring input devices, changes=DISPLAY_INFO
03-21 20:55:44.227  1587  1903 I InputReader: Disabling fts_ts (device 4) because the associated viewport is not active
03-21 20:55:44.227  1587  1903 I InputReader: Device reconfigured: id=4, name='fts_ts', size 1080x2400, orientation Rotation0, mode DISABLED, display id 0
03-21 20:55:44.229  1587  1653 W SurfaceControl: Invalid layer stack -1
03-21 20:55:44.229  1587  1653 I DisplayDevice: [0] Layerstack set to -1 for local:4627039422300187648
03-21 20:55:44.230  2458 28605 I NearbySharing: Screen is locked
03-21 20:55:44.230  2458 28605 I NearbySharing: Stopping scanning because the screen is locked.
03-21 20:55:44.230  2458 28605 I NearbySharing: Stopping Fast Init advertisement because Bluetooth is off.
03-21 20:55:44.230  2458 28605 I NearbySharing: Stopping advertising because Bluetooth is disabled.
03-21 20:55:44.230  2458 28605 I NearbySharing: Stopping FastInitiation scanning because the screen is locked.
03-21 20:55:44.231  2458 28605 I NearbySharing: Fast Initiation Scanning has stopped
03-21 20:55:44.234  2458 28605 I NearbySharing: Dismissing HUN as there's no device nearby.
03-21 20:55:44.236 26664 26752 I ReactNativeJNI: Memory warning (pressure level: TRIM_MEMORY_UI_HIDDEN) received by JS VM, ignoring because it's non-severe
03-21 20:55:44.251  1587  1673 I ActivityManager: Start proc 28952:ru.fourpda.client/u0a375 for service {ru.fourpda.client/ru.fourpda.client.FourpdaJobService}
03-21 20:55:44.258 26664 26664 I AutofillManager: onInvisibleForAutofill(): expiringResponse
03-21 20:55:44.260  3073  3073 I PkDeviceHelper: PkDeviceHelper.refreshDevices():87 refreshing devices
03-21 20:55:44.265  1587  1673 I ActivityManager: Start proc 28953:com.instagram.android/u0a390 for service {com.instagram.android/com.facebook.common.errorreporting.memory.service.jobschedulercompat.igsvc.DumperUploadService}
03-21 20:55:44.274 28952 28952 I Zygote  : Process 28952 created for ru.fourpda.client
03-21 20:55:44.274 28952 28952 I .fourpda.client: Using CollectorTypeCMC GC.
03-21 20:55:44.286 28953 28953 I Zygote  : Process 28953 created for com.instagram.android
03-21 20:55:44.287 28953 28953 I stagram.android: Using CollectorTypeCMC GC.
03-21 20:55:44.341 28952 28952 I ACRA    : ACRA is enabled for ru.fourpda.client, initializing...
03-21 20:55:44.344 28953 28953 W CrashLoopRemedyLog: unable to delete remedy log, instaCrash: false
03-21 20:55:44.344 28953 28953 W CrashLoopRemedyLog: unable to delete remedy log, instaCrash: true
03-21 20:55:44.351 28952 28952 I ACRA    : ACRA is enabled for ru.fourpda.client
03-21 20:55:44.352 28953 28953 W lacrima : LacrimaConfigBuilder.setUserIdActorId not called, using 0
03-21 20:55:44.352 28953 28953 W lacrima : LacrimaConfigBuilder.setUserIdActingAccountId not called, using 0
03-21 20:55:44.359 28953 28953 W lacrima : Start JavaAppDeathCrashDetector... X.0bf
03-21 20:55:44.360 28953 28953 W lacrima : Sending pending reports
03-21 20:55:44.361 28953 28978 E ashmem  : Pinning is deprecated since Android Q. Please use trim or other methods.
03-21 20:55:44.362 28953 28953 W SoLoader: Initializing SoLoader: 2
03-21 20:55:44.362 28953 28953 W SoLoader: context.getApplicationContext returned null, holding reference to original context.ApplicationSoSource fallbacks to: /data/app/~~AQJuHT9CO4Ejisb0ujjQ0A==/com.instagram.android-2AvLbAJ7s7XRxIBd4Cn64Q==/lib/arm64
03-21 20:55:44.362 28953 28953 W SoLoader: Recording new base apk path: /data/app/~~AQJuHT9CO4Ejisb0ujjQ0A==/com.instagram.android-2AvLbAJ7s7XRxIBd4Cn64Q==/base.apk
03-21 20:55:44.362 28953 28953 W SoLoader: Previously recorded 0 base apk paths.
03-21 20:55:44.360 28953 28953 W Lacrima_single_: type=1400 audit(0.0:1510): avc:  denied  { read } for  name="sdcard" dev="tmpfs" ino=99 scontext=u:r:untrusted_app_32:s0:c134,c257,c512,c768 tcontext=u:object_r:mnt_sdcard_file:s0 tclass=lnk_file permissive=0 app=com.instagram.android
03-21 20:55:44.360 28953 28953 W Lacrima_single_: type=1400 audit(0.0:1511): avc:  denied  { read } for  name="sdcard" dev="tmpfs" ino=99 scontext=u:r:untrusted_app_32:s0:c134,c257,c512,c768 tcontext=u:object_r:mnt_sdcard_file:s0 tclass=lnk_file permissive=0 app=com.instagram.android
03-21 20:55:44.363 28953 28953 W SoLoader: SoLoader initialized: 2
03-21 20:55:44.364  1587  1866 W JobServiceContext: Sending onNetworkChanged for a job that isn't started. JobStatus{1494447 #u0a375/5 ru.fourpda.client/.FourpdaJobService u=0 s=10375 TIME=-33s267ms:none NET READY}
03-21 20:55:44.365 28953 28953 W FbSoLoader: Initialized FBSoLoader
03-21 20:55:44.365  1587  1680 W libprocessgroup: SetCgroup::ExecuteForProcess: failed to open /dev/stune/background/cgroup.procs: No such file or directory
03-21 20:55:44.367 28953 28983 W Fixie   : Initialize IG_EARLY_NATIVE on thread: Lacrima_startup_1:1774115744347-a93ebe17-be66-c3e3-f188-e5ea0f6b1fb0
03-21 20:55:44.367 28953 28983 W Fixie   : Initialize NoSyncFixer
03-21 20:55:44.371 28952 28984 E ashmem  : Pinning is deprecated since Android Q. Please use trim or other methods.
03-21 20:55:44.375 28953 28983 I stagram.android: Thread[19,tid=28983,Native,Thread*=0xb4000075fd25d1b0,peer=0x2388460,"Lacrima_startup_1:1774115744347-a93ebe17-be66-c3e3-f188-e5ea0f6b1fb0"] recursive attempt to load library "/data/app/~~AQJuHT9CO4Ejisb0ujjQ0A==/com.instagram.android-2AvLbAJ7s7XRxIBd4Cn64Q==/lib/arm64/libfb.so"
03-21 20:55:44.377   844 28985 I resolv  : GetAddrInfoHandler::run: {102 102 102 983142 10375 0}
03-21 20:55:44.378   844 28988 I resolv  : res_nmkquery: (QUERY, IN, A)
03-21 20:55:44.376 28953 28953 W Lacrima_startup: type=1400 audit(0.0:1512): avc:  granted  { execute } for  path="/data/data/com.instagram.android/lib-compressed/libredexsharedmerged.so" dev="dm-41" ino=46429 scontext=u:r:untrusted_app_32:s0:c134,c257,c512,c768 tcontext=u:object_r:app_data_file:s0:c134,c257,c512,c768 tclass=file app=com.instagram.android
03-21 20:55:44.380 28953 28953 W Lacrima_startup: type=1400 audit(0.0:1513): avc:  granted  { execute } for  path="/data/data/com.instagram.android/lib-compressed/libdextricksmerged.so" dev="dm-41" ino=54481 scontext=u:r:untrusted_app_32:s0:c134,c257,c512,c768 tcontext=u:object_r:app_data_file:s0:c134,c257,c512,c768 tclass=file app=com.instagram.android
03-21 20:55:44.384 28953 28953 W Lacrima_startup: type=1400 audit(0.0:1514): avc:  granted  { execute } for  path="/data/data/com.instagram.android/lib-compressed/libloommerged_2.so" dev="dm-41" ino=46584 scontext=u:r:untrusted_app_32:s0:c134,c257,c512,c768 tcontext=u:object_r:app_data_file:s0:c134,c257,c512,c768 tclass=file app=com.instagram.android
03-21 20:55:44.384 28953 28953 W Lacrima_startup: type=1400 audit(0.0:1515): avc:  granted  { execute } for  path="/data/data/com.instagram.android/lib-compressed/libloommerged.so" dev="dm-41" ino=52298 scontext=u:r:untrusted_app_32:s0:c134,c257,c512,c768 tcontext=u:object_r:app_data_file:s0:c134,c257,c512,c768 tclass=file app=com.instagram.android
03-21 20:55:44.388 28953 28953 W Lacrima_startup: type=1400 audit(0.0:1516): avc:  granted  { execute } for  path="/data/data/com.instagram.android/lib-compressed/libpthread_interceptor.so" dev="dm-41" ino=46552 scontext=u:r:untrusted_app_32:s0:c134,c257,c512,c768 tcontext=u:object_r:app_data_file:s0:c134,c257,c512,c768 tclass=file app=com.instagram.android
03-21 20:55:44.388 28953 28953 W Lacrima_startup: type=1400 audit(0.0:1517): avc:  granted  { execute } for  path="/data/data/com.instagram.android/lib-compressed/libappstatelogger2.so" dev="dm-41" ino=49339 scontext=u:r:untrusted_app_32:s0:c134,c257,c512,c768 tcontext=u:object_r:app_data_file:s0:c134,c257,c512,c768 tclass=file app=com.instagram.android
03-21 20:55:44.400 28953 28953 W Lacrima_startup: type=1400 audit(0.0:1518): avc:  denied  { execmod } for  path="/apex/com.android.runtime/lib64/bionic/libc.so" dev="loop24" ino=41 scontext=u:r:untrusted_app_32:s0:c134,c257,c512,c768 tcontext=u:object_r:system_lib_file:s0 tclass=file permissive=0 app=com.instagram.android
03-21 20:55:44.408 28953 28983 W lacrima : The minidump file is empty!
03-21 20:55:44.410   844 28991 I resolv  : GetAddrInfoHandler::run: {102 102 102 983142 10390 0}
03-21 20:55:44.410   844 28991 I resolv  : GetAddrInfoHandler::run: network access blocked
03-21 20:55:44.410 28953 28983 W lacrima : Start AnrAppDeathDetector... X.0b5
03-21 20:55:44.410 28953 28990 E Indr    : Error while calling fetchUsers: Unable to resolve host "thedise.me": No address associated with hostname
03-21 20:55:44.432   844 28988 I resolv  : res_nsend: used send_dg 45 terrno: 0
03-21 20:55:44.432   844 28988 I resolv  : doQuery: rcode=0, ancount=1, return value=45
03-21 20:55:44.437 28953 28953 W lacrima : LacrimaInitializer.init
03-21 20:55:44.439 28953 28953 W lacrima : Cannot find registered detector
03-21 20:55:44.439 28953 28953 W lacrima : Cannot find registered detector
03-21 20:55:44.439 28953 28953 W lacrima : Cannot find registered detector
03-21 20:55:44.439 28953 28953 W lacrima : Cannot find registered detector
03-21 20:55:44.439 28953 28953 W lacrima : Cannot find registered detector
03-21 20:55:44.439 28953 28953 W lacrima : Cannot find registered detector
03-21 20:55:44.458 28953 28983 W lacrima : Start AnrDetector... com.facebook.acra.anr.multisignal.MultiSignalANRDetector
03-21 20:55:44.458 28953 28983 W MultiSignalANRDetectorLacrima: Starting
03-21 20:55:44.458 28953 28983 W ProcessAnrErrorMonitor: startMonitoring with delay: 0
03-21 20:55:44.458 28953 28999 W Fixie   : Initialize IG_NEED_INIT on thread: SIMPLE_WORKER5
03-21 20:55:44.459 28953 28983 W NightwatchConfig: saveExitStatus false, useMmap true, monitorResources true, tickInfo 0, detectLmkd false, needNightWatch true
03-21 20:55:44.459 28953 29008 W ProcessAnrErrorMonitor: Starting process monitor checks for process 'com.instagram.android'
03-21 20:55:44.459 28953 29008 W MultiSignalANRDetectorLacrima: Started monitoring
03-21 20:55:44.461 28953 28999 W Fixie   : Initialize ProcessStatePolling
03-21 20:55:44.461 28953 28999 W Fixie   : Initialize ActivityManagerProtector
03-21 20:55:44.467 28953 28983 I nightwatch-lib: fail to mlock file: Out of memory
03-21 20:55:44.467 28953 28983 I nightwatch-lib: watcher succeeded mmap /data/data/com.instagram.android/app_errorreporting/sess__000000145-1774115744347-a93ebe17-be66-c3e3-f188-e5ea0f6b1fb0/nightwatch.txt
03-21 20:55:44.467 28953 28999 W Fixie   : Initialize ActivityThreadProtector
03-21 20:55:44.467 28953 28999 W Fixie   : Initialize BadNotificationDebugger
03-21 20:55:44.467 28953 28999 W Fixie   : Initialize ContentProviderFixer
03-21 20:55:44.467 28953 28983 I nightwatch-target: created thread to monitor process resources
03-21 20:55:44.467 28953 28999 W Fixie   : Initialize SharedPrefsANRFixer
03-21 20:55:44.468 28953 29012 I nightwatch-target: monitor resources interval 500 ms
03-21 20:55:44.468 28953 28999 W Fixie   : Initialize GcOptimizerFixer
03-21 20:55:44.468 28953 29012 E nightwatch-target: /proc/zoneinfo open: errno=13
03-21 20:55:44.468 28953 29012 E nightwatch-target: sysmeminfo parse failed
03-21 20:55:44.468 28953 28999 W Fixie   : Initialize LimitNativeStackSizeFixer
03-21 20:55:44.468 28953 28999 W Fixie   : Initialize MemoryRedFixer
03-21 20:55:44.469 28953 29007 W SigquitDetectorLacrima: nativeInit
03-21 20:55:44.469 28953 28999 W Fixie   : Initialize TransactionTooLargeDebugger
03-21 20:55:44.469 28953 28999 W Fixie   : Initialize ForegroundServiceDebugger
03-21 20:55:44.469 28953 28999 W Fixie   : Initialize InstagramStartupOptimizer
03-21 20:55:44.475 28953 28999 W Fixie   : Initialize PackageInfoCache
03-21 20:55:44.476 28953 28999 W Fixie   : Initialize ApplicationThreadHook
03-21 20:55:44.476 28953 28999 W Fixie   : Initialize MainThreadIpcMonitor
03-21 20:55:44.476 28953 28999 W Fixie   : Initialize AppCoordinator
03-21 20:55:44.476 28953 29016 W QPLConfig: failed to load config
03-21 20:55:44.476 28953 29016 W QPLConfig: java.io.FileNotFoundException: /data/user/0/com.instagram.android/app_qpl/qpl_sampling_config_v2.null: open failed: ENOENT (No such file or directory)
03-21 20:55:44.476 28953 29016 W QPLConfig: 	at libcore.io.IoBridge.open(IoBridge.java:574)
03-21 20:55:44.476 28953 29016 W QPLConfig: 	at java.io.FileInputStream.<init>(FileInputStream.java:179)
03-21 20:55:44.476 28953 29016 W QPLConfig: 	at X.0xL.run(Unknown Source:88)
03-21 20:55:44.476 28953 29016 W QPLConfig: 	at X.0kf.run(Unknown Source:2)
03-21 20:55:44.476 28953 29016 W QPLConfig: 	at X.0ja.run(Unknown Source:7)
03-21 20:55:44.476 28953 29016 W QPLConfig: 	at X.0jS.run(Unknown Source:32)
03-21 20:55:44.476 28953 29016 W QPLConfig: 	at X.0ja.run(Unknown Source:7)
03-21 20:55:44.476 28953 29016 W QPLConfig: 	at java.util.concurrent.ThreadPoolExecutor.runWorker(ThreadPoolExecutor.java:1154)
03-21 20:55:44.476 28953 29016 W QPLConfig: 	at java.util.concurrent.ThreadPoolExecutor$Worker.run(ThreadPoolExecutor.java:652)
03-21 20:55:44.476 28953 29016 W QPLConfig: 	at java.lang.Thread.run(Thread.java:1563)
03-21 20:55:44.476 28953 29016 W QPLConfig: 	at X.0gi.run(Unknown Source:5)
03-21 20:55:44.476 28953 29016 W QPLConfig: Caused by: android.system.ErrnoException: open failed: ENOENT (No such file or directory)
03-21 20:55:44.476 28953 29016 W QPLConfig: 	at libcore.io.Linux.open(Native Method)
03-21 20:55:44.476 28953 29016 W QPLConfig: 	at libcore.io.ForwardingOs.open(ForwardingOs.java:574)
03-21 20:55:44.476 28953 29016 W QPLConfig: 	at libcore.io.BlockGuardOs.open(BlockGuardOs.java:274)
03-21 20:55:44.476 28953 29016 W QPLConfig: 	at libcore.io.ForwardingOs.open(ForwardingOs.java:574)
03-21 20:55:44.476 28953 29016 W QPLConfig: 	at android.app.AndroidForwardingOs.open(AndroidForwardingOs.java:120)
03-21 20:55:44.476 28953 29016 W QPLConfig: 	at libcore.io.IoBridge.open(IoBridge.java:560)
03-21 20:55:44.476 28953 29016 W QPLConfig: 	... 10 more
03-21 20:55:44.477 28953 28983 W dalvik-internals: sigaction64 succeeded
03-21 20:55:44.478 28953 28983 I dalvik-internals: integrateWithCrashLog crashlog: /data/user/0/com.instagram.android/crash_log, insta_crashlog: /data/user/0/com.instagram.android/insta_crash_log
03-21 20:55:44.478 28953 28983 I dalvik-internals: installed sigmux crash handler for crash log
03-21 20:55:44.483  2034  2034 I KeyguardTransitionRepository: FINISHED transition: TransitionStep(from=GONE, to=DOZING, value=1.0, transitionState=FINISHED, ownerName=FromGoneTransitionInteractor(Sleep transition triggered))
03-21 20:55:44.487  1151  1333 I [GF_HAL][gf_hal]: [gf_hal_screen_off]
03-21 20:55:44.488  1587  1997 I LocalDisplayAdapter: SF.setDisplayPowerMode took 262ms
03-21 20:55:44.491  1587  1708 I PowerGroup: dreamManagerAttemptedDozing status changed to true for group 0
03-21 20:55:44.492  1587  1708 I DreamManagerService: Entering dreamland.
03-21 20:55:44.493  1587  1708 I PowerManagerService: Dozing...
03-21 20:55:44.496   625  2778 W libperfmgr: Failed to write to node: /dev/stune/top-app/schedtune.boost with value: 10, fd: -1
03-21 20:55:44.497   625  2778 W libperfmgr: Failed to write to node: /proc/sys/kernel/sched_boost with value: 0, fd: -1
03-21 20:55:44.518   595   595 I beanpodkeymaster: Enter BeanpodKeymaster BeginOperation
03-21 20:55:44.519   595   595 I beanpodkeymaster: cmd:4 Received 24 byte response
03-21 20:55:44.520   595   595 I beanpodkeymaster: Exit BeanpodKeymaster BeginOperation
03-21 20:55:44.520  1151  1333 E [GF_HAL][gf_hal_milan]: [hal_milan_invoke_command] err=GF_SUCCESS, errno=0. reset g_hal_over_current_count to 0!
03-21 20:55:44.527   595   595 I beanpodkeymaster: Enter BeanpodKeymaster UpdateOperation
03-21 20:55:44.530   595   595 I beanpodkeymaster: cmd:8 Received 315 byte response
03-21 20:55:44.530   595   595 I beanpodkeymaster: Exit BeanpodKeymaster UpdateOperation
03-21 20:55:44.532  1587  1652 I DreamController: Starting dream: name=ComponentInfo{com.android.systemui/com.android.systemui.doze.DozeService}, isPreviewMode=false, canDoze=true, userId=0, reason='power manager request'
03-21 20:55:44.537   595   595 I beanpodkeymaster: Enter BeanpodKeymaster FinishOperation
03-21 20:55:44.537   595   595 I beanpodkeymaster: cmd:c Received 20 byte response
03-21 20:55:44.537   595   595 I beanpodkeymaster: Exit BeanpodKeymaster FinishOperation
03-21 20:55:44.553  2034  2159 I PluginActionManager[com.android.systemui.action.PLUGIN_DOZE]: Found 0 plugins
03-21 20:55:44.588  2034  2034 E NotifRow: Magnetic state changed from IDLE to IDLE on a null swiped listener, or the logging key of the listener is null
03-21 20:55:44.638  1587  1680 W libprocessgroup: SetCgroup::ExecuteForProcess: failed to open /dev/stune/top-app/cgroup.procs: No such file or directory
03-21 20:55:44.649   877   877 E SensorManager: Correct handle(24) mindelay: 200000000 old: 1000000
03-21 20:55:44.649   877   877 I Situation: batch: handle:24, flag:0,samplingPeriodNs:200000000 maxBatchReportLatencyNs:0
03-21 20:55:44.652   877   877 I Situation: enable: handle:24, en:1 
03-21 20:55:44.653  1587  1708 I DisplayPowerController[0]: BrightnessEvent: brt=0.0(0.0%), nits=2.7194705, lux=-1.0, reason=screen_off, strat=ScreenOffBrightnessStrategy, state=OFF, stateReason=UNKNOWN, policy=DOZE, flags=, initBrt=0.0, rcmdBrt=NaN, preBrt=NaN, preLux=0.0, wasShortTermModelActive=false, autoBrightness=false (default), unclampedBrt=-1.0, hbmMax=1.0, hbmMode=sunlight, thrmMax=1.0, rbcStrength=50, powerFactor=1.0, physDisp=Built-in Screen(local:4627039422300187648), logicalId=0, slowChange=false, rampSpeed=0.0
03-21 20:55:44.697   888  2646 W StNfcHal: ! i2cWrite!!, errno is 'I/O error'
03-21 20:55:44.701  1587  1587 I PowerManagerService: onFlip(): Face up.
03-21 20:55:44.702   877   877 I Accelerometer: enable: handle:0, en:0
03-21 20:55:44.702   888  2646 W StNfcHal: Idle data: 2nd byte is 0x40
03-21 20:55:44.702   888  2646 W StNfcHal: , reading next 2 bytes
03-21 20:55:44.707   888  2646 W StNfcHal: Idle data: 2nd byte is 0x40
03-21 20:55:44.707   888  2646 W StNfcHal: , reading next 2 bytes
03-21 20:55:44.710  2203  2203 W libnfc_nci: nativeNfcTag_doDisconnect: tag already deactivated
03-21 20:55:44.764   914   914 I SurfaceFlinger: Display 4627039422300187648 policy changed
03-21 20:55:44.764   914   914 I SurfaceFlinger: Previous: {defaultModeId=1, allowGroupSwitching=false, primaryRanges={physical=[90.00 Hz, 90.00 Hz], render=[90.00 Hz, 90.00 Hz]}, appRequestRanges={physical=[90.00 Hz, 90.00 Hz], render=[90.00 Hz, 90.00 Hz]} idleScreenConfig=nullptr}
03-21 20:55:44.764   914   914 I SurfaceFlinger: Current:  DisplayManagerPolicy{defaultModeId=1, allowGroupSwitching=false, primaryRanges={physical=[90.00 Hz, 90.00 Hz], render=[90.00 Hz, 90.00 Hz]}, appRequestRanges={physical=[0.00 Hz, 90.00 Hz], render=[0.00 Hz, 90.00 Hz]} idleScreenConfig=nullptr}
03-21 20:55:44.764   914   914 I SurfaceFlinger: 0 mode changes were performed under the previous policy
03-21 20:55:44.772  3073 29025 I DeviceStatusMonitor: DeviceStatusMonitor.handleBroadcast():138 onReceive() : Action = android.intent.action.SCREEN_OFF
03-21 20:55:44.772  3073 29025 I DeviceStatusMonitor: DeviceStatusMonitor.updateCountryInfo():154 updateCountryInfo(), notifyAnyway = false
03-21 20:55:44.780  3073  3073 I Module  : DeviceLockedStatusModuleProvider$Module.updateDeviceLockedStatus():103 repeatCheckTimes = 0, locked = false
03-21 20:55:44.780  3073  3073 I InputBundle: InputBundle.consumeEvent():1037 Skip consuming an event as imeStatus is INACTIVE
03-21 20:55:44.785  1587  2260 W AppOps  : Noting op not finished: uid 10300 pkg com.google.android.gms code 113 startTime of in progress event=1774113928726
03-21 20:55:44.786  1587  1972 I MR2ServiceImpl: Updating composite discovery preference | preference: RouteDiscoveryRequest{ preferredFeatures={}, activeScan=false }, active routers: []
03-21 20:55:44.803  2034  2034 W View    : requestLayout() improperly called by com.android.keyguard.CarrierText{69a8c9b V.ED..... ......ID 47,0-503,93 #7f0b0456 app:id/keyguard_carrier_text} during layout: running second layout pass
03-21 20:55:44.804  2034  2034 W View    : requestLayout() improperly called by qqs_header_constraint->qs_header_constraint (pos:0.0 Dpos/Dt:0.0 during layout: running second layout pass
03-21 20:55:44.804  2034  2034 W View    : requestLayout() improperly called by com.android.systemui.statusbar.policy.CustomClockViewStub{ed02b07 V.E...... ......I. 47,0-52,93 #7f0b027e app:id/custom_clock} during layout: running second layout pass
03-21 20:55:44.804  2034  2034 W View    : requestLayout() improperly called by com.android.systemui.statusbar.policy.Clock{a28a434 VFED..C.. ......ID 47,0-127,93 #7f0b020c app:id/clock} during layout: running second layout pass
03-21 20:55:44.804  2034  2034 W View    : requestLayout() improperly called by com.android.systemui.statusbar.policy.VariableDateView{98df25d V.ED..... ......ID 148,15-148,78 #7f0b028b app:id/date} during layout: running second layout pass
03-21 20:55:44.804  2034  2034 W View    : requestLayout() improperly called by com.android.systemui.shade.carrier.ShadeCarrierGroup{236b7d2 V.E...... ......ID 674,0-1038,93 #7f0b01df app:id/carrier_group} during layout: running second layout pass
03-21 20:55:44.804  2034  2034 W View    : requestLayout() improperly called by android.widget.FrameLayout{bba70a3 V.E...... ......ID 762,15-1027,78 #7f0b07f6 app:id/shade_header_system_icons} during layout: running second layout pass
03-21 20:55:44.804  2034  2034 W View    : requestLayout() improperly called by android.widget.FrameLayout{dc5cfa0 V.E...... ......I. 1027,0-1027,93 #7f0b06ce app:id/privacy_container} during layout: running second layout pass
03-21 20:55:44.804  2034  2034 W View    : requestLayout() improperly called by com.android.systemui.util.AutoMarqueeTextView{1874838 V.ED..... ..S...ID 0,0-135,55 #7f0b0576 app:id/mobile_carrier_text} during layout: running second layout pass
03-21 20:55:44.812   877   924 W AString : ctor got NULL, using empty string instead
03-21 20:55:44.813   877   924 I Gyroscope: write temp cali: [111, 1389, 2790, -52746, -13396, -161287]
03-21 20:55:44.824 28953 28999 W Fixie   : Initialize IG_NEED_INIT_POST_QE on thread: SIMPLE_WORKER5
03-21 20:55:44.832  1587  1652 I UsbPortManager: USB HAL AIDL version: USB_HAL_V2_0
03-21 20:55:44.839  1587  1927 E SupplicantStaIfaceHalAidlImpl: ISupplicantStaIface.setSuspendModeEnabled failed with service specific exception: 
03-21 20:55:44.839  1587  1927 E SupplicantStaIfaceHalAidlImpl: android.os.ServiceSpecificException:  (code 1)
03-21 20:55:44.839  1587  1927 E SupplicantStaIfaceHalAidlImpl: 	at android.os.Parcel.createExceptionOrNull(Parcel.java:3387)
03-21 20:55:44.839  1587  1927 E SupplicantStaIfaceHalAidlImpl: 	at android.os.Parcel.createException(Parcel.java:3357)
03-21 20:55:44.839  1587  1927 E SupplicantStaIfaceHalAidlImpl: 	at android.os.Parcel.readException(Parcel.java:3340)
03-21 20:55:44.839  1587  1927 E SupplicantStaIfaceHalAidlImpl: 	at android.os.Parcel.readException(Parcel.java:3282)
03-21 20:55:44.839  1587  1927 E SupplicantStaIfaceHalAidlImpl: 	at com.android.wifi.x.android.hardware.wifi.supplicant.ISupplicantStaIface$Stub$Proxy.setSuspendModeEnabled(ISupplicantStaIface.java:2962)
03-21 20:55:44.839  1587  1927 E SupplicantStaIfaceHalAidlImpl: 	at com.android.server.wifi.SupplicantStaIfaceHalAidlImpl.setSuspendModeEnabled(SupplicantStaIfaceHalAidlImpl.java:2094)
03-21 20:55:44.839  1587  1927 E SupplicantStaIfaceHalAidlImpl: 	at com.android.server.wifi.SupplicantStaIfaceHal.setSuspendModeEnabled(SupplicantStaIfaceHal.java:1722)
03-21 20:55:44.839  1587  1927 E SupplicantStaIfaceHalAidlImpl: 	at com.android.server.wifi.WifiNative.setSuspendOptimizations(WifiNative.java:2831)
03-21 20:55:44.839  1587  1927 E SupplicantStaIfaceHalAidlImpl: 	at com.android.server.wifi.ClientModeImpl.setSuspendOptimizationsNative(ClientModeImpl.java:2759)
03-21 20:55:44.839  1587  1927 E SupplicantStaIfaceHalAidlImpl: 	at com.android.server.wifi.ClientModeImpl.-$$Nest$msetSuspendOptimizationsNative(ClientModeImpl.java:0)
03-21 20:55:44.839  1587  1927 E SupplicantStaIfaceHalAidlImpl: 	at com.android.server.wifi.ClientModeImpl$ConnectableState.processMessageImpl(ClientModeImpl.java:5048)
03-21 20:55:44.839  1587  1927 E SupplicantStaIfaceHalAidlImpl: 	at com.android.server.wifi.RunnerState.processMessage(RunnerState.java:82)
03-21 20:55:44.839  1587  1927 E SupplicantStaIfaceHalAidlImpl: 	at com.android.wifi.x.com.android.internal.util.StateMachine$SmHandler.processMsg(StateMachine.java:1007)
03-21 20:55:44.839  1587  1927 E SupplicantStaIfaceHalAidlImpl: 	at com.android.wifi.x.com.android.internal.util.StateMachine$SmHandler.handleMessage(StateMachine.java:820)
03-21 20:55:44.839  1587  1927 E SupplicantStaIfaceHalAidlImpl: 	at android.os.Handler.dispatchMessage(Handler.java:132)
03-21 20:55:44.839  1587  1927 E SupplicantStaIfaceHalAidlImpl: 	at android.os.Looper.dispatchMessage(Looper.java:333)
03-21 20:55:44.839  1587  1927 E SupplicantStaIfaceHalAidlImpl: 	at android.os.Looper.loopOnce(Looper.java:263)
03-21 20:55:44.839  1587  1927 E SupplicantStaIfaceHalAidlImpl: 	at android.os.Looper.loop(Looper.java:367)
03-21 20:55:44.839  1587  1927 E SupplicantStaIfaceHalAidlImpl: 	at android.os.HandlerThread.run(HandlerThread.java:139)
03-21 20:55:44.845  2458  2458 I Dtdi    : [RouteScanController] stopScan: stopping route scanning [CONTEXT service_id=312 ]
03-21 20:55:44.845  2458  2458 I Dtdi    : [RouteScanController] stopScan: no active scanning sessions exist [CONTEXT service_id=312 ]
03-21 20:55:44.876   914   988 E surfaceflinger: == MALI DEBUG ===eglp_winsys_populate_image_templates ==12288
03-21 20:55:44.894   914   914 I SurfaceFlinger: Display 4627039422300187648 policy changed
03-21 20:55:44.894   914   914 I SurfaceFlinger: Previous: {defaultModeId=1, allowGroupSwitching=false, primaryRanges={physical=[90.00 Hz, 90.00 Hz], render=[90.00 Hz, 90.00 Hz]}, appRequestRanges={physical=[0.00 Hz, 90.00 Hz], render=[0.00 Hz, 90.00 Hz]} idleScreenConfig=nullptr}
03-21 20:55:44.894   914   914 I SurfaceFlinger: Current:  DisplayManagerPolicy{defaultModeId=0, allowGroupSwitching=false, primaryRanges={physical=[0.00 Hz, 90.00 Hz], render=[0.00 Hz, 60.00 Hz]}, appRequestRanges={physical=[0.00 Hz, 90.00 Hz], render=[0.00 Hz, 60.00 Hz]} idleScreenConfig=nullptr}
03-21 20:55:44.894   914   914 I SurfaceFlinger: 0 mode changes were performed under the previous policy
03-21 20:55:44.907   852   992 I hwcomposer: [HWC] (0) displaySetActiveConfig config:0  
03-21 20:55:44.922  1587  1655 I DisplayDeviceRepository: Display device changed render timings: "Built-in Screen", renderFrameRate=60.0, presentationDeadlineNanos=16666667, appVsyncOffsetNanos=1000000, frameRateOverrides=[]
03-21 20:55:44.943   844   878 I netd    : networkAddUidRangesParcel(NativeUidRangeConfig{netId: 105, uidRanges: [UidRangeParcel{start: 0, stop: 2147483647}], subPriority: 999}) <0.36ms>
03-21 20:55:44.944   844   878 I netd    : networkRemoveUidRangesParcel(NativeUidRangeConfig{netId: 105, uidRanges: [UidRangeParcel{start: 0, stop: 2147483647}], subPriority: 999}) <0.25ms>
03-21 20:55:44.945 28953 28953 W proxy_service: Should proxy traffic: false (country_check)
03-21 20:55:44.958 28953 28997 W IGHttpEngineSupplier: No modification made to CONNECTION_POOL_MAX_IDLE_CONNECTIONS for UrlConnectionHttpStack. Not accessible on Android 10+.
03-21 20:55:44.969 28953 29012 E nightwatch-target: /proc/zoneinfo open: errno=13
03-21 20:55:44.969 28953 29012 E nightwatch-target: sysmeminfo parse failed
03-21 20:55:44.985   595   595 I beanpodkeymaster: Enter BeanpodKeymaster BeginOperation
03-21 20:55:44.986   595   595 I beanpodkeymaster: cmd:4 Received 24 byte response
03-21 20:55:44.986   595   595 I beanpodkeymaster: Exit BeanpodKeymaster BeginOperation
03-21 20:55:44.997   625  2778 W libperfmgr: Failed to write to node: /dev/stune/top-app/schedtune.boost with value: 10, fd: -1
03-21 20:55:44.997   625  2778 W libperfmgr: Failed to write to node: /proc/sys/kernel/sched_boost with value: 0, fd: -1
03-21 20:55:45.004   595   595 I beanpodkeymaster: Enter BeanpodKeymaster UpdateOperation
03-21 20:55:45.005   595   595 I beanpodkeymaster: cmd:8 Received 118 byte response
03-21 20:55:45.005   595   595 I beanpodkeymaster: Exit BeanpodKeymaster UpdateOperation
03-21 20:55:45.010   595   595 I beanpodkeymaster: Enter BeanpodKeymaster FinishOperation
03-21 20:55:45.011   595   595 I beanpodkeymaster: cmd:c Received 20 byte response
03-21 20:55:45.011   595   595 I beanpodkeymaster: Exit BeanpodKeymaster FinishOperation
03-21 20:55:45.033 28953 28997 W stagram.android: JNI RegisterNativeMethods: attempt to register 0 native methods for com.facebook.msys.mci.EventLoggingData
03-21 20:55:45.069   595   595 I beanpodkeymaster: Enter BeanpodKeymaster BeginOperation
03-21 20:55:45.071   595   595 I beanpodkeymaster: cmd:4 Received 24 byte response
03-21 20:55:45.071   595   595 I beanpodkeymaster: Exit BeanpodKeymaster BeginOperation
03-21 20:55:45.075   595   595 I beanpodkeymaster: Enter BeanpodKeymaster UpdateOperation
03-21 20:55:45.077   595   595 I beanpodkeymaster: cmd:8 Received 80 byte response
03-21 20:55:45.077   595   595 I beanpodkeymaster: Exit BeanpodKeymaster UpdateOperation
03-21 20:55:45.079   844 29038 I resolv  : GetAddrInfoHandler::run: {102 102 102 983142 10390 0}
03-21 20:55:45.079   844 29038 I resolv  : GetAddrInfoHandler::run: network access blocked
03-21 20:55:45.079   844 29039 I resolv  : GetAddrInfoHandler::run: {102 102 102 983142 10390 0}
03-21 20:55:45.079   844 29039 I resolv  : GetAddrInfoHandler::run: network access blocked
03-21 20:55:45.086   595   595 I beanpodkeymaster: Enter BeanpodKeymaster FinishOperation
03-21 20:55:45.089   595   595 I beanpodkeymaster: cmd:c Received 20 byte response
03-21 20:55:45.089   595   595 I beanpodkeymaster: Exit BeanpodKeymaster FinishOperation
03-21 20:55:45.224  1587  8672 W Transition: Transition already started id=261 state=2
03-21 20:55:45.314 28953 28953 W FrscLanguagePackLoader: Loading FRSC strings for locale (en)
03-21 20:55:45.342 28953 29044 W FrscLanguagePackLoader: FRSC English strings buffer size - (limit : 751440, capacity : 751440)
03-21 20:55:45.427 28953 28999 W FrscLanguagePack: FRSC English string not found for ID #0x7f11002d
03-21 20:55:45.469  2458 28604 I NearbySharing: Network state changed: NetworkState(isRestricted=false, isOnline=true, isCongested=false, isMetered=false, isWifiConnected=true)
03-21 20:55:45.475  2034  2110 E QuickAccessWalletKeyguardQuickAffordanceConfig: Wallet card retrieval error, message: "null"
03-21 20:55:45.477  2034  2110 E QuickAccessWalletKeyguardQuickAffordanceConfig: Wallet card retrieval error, message: "null"
03-21 20:55:45.478  2034  2110 E QuickAccessWalletKeyguardQuickAffordanceConfig: Wallet card retrieval error, message: "null"
03-21 20:55:45.497   625  2778 W libperfmgr: Failed to write to node: /dev/stune/top-app/schedtune.boost with value: 10, fd: -1
03-21 20:55:45.497   625  2778 W libperfmgr: Failed to write to node: /proc/sys/kernel/sched_boost with value: 0, fd: -1
03-21 20:55:45.665 29045 29045 W libbinder.BackendUnifiedServiceManager: Thread Pool max thread count is 0. Cannot cache binder as linkToDeath cannot be implemented. serviceName: deviceidle
03-21 20:55:45.765 29050 29050 W libbinder.BackendUnifiedServiceManager: Thread Pool max thread count is 0. Cannot cache binder as linkToDeath cannot be implemented. serviceName: battery
03-21 20:55:45.787  1587  7355 W AppOps  : Noting op not finished: uid 10300 pkg com.google.android.gms code 113 startTime of in progress event=1774113928726
03-21 20:55:45.799 28953 28999 W FrscLanguagePack: FRSC English string not found for ID #0x7f11002d
03-21 20:55:45.857 29057 29057 W libbinder.BackendUnifiedServiceManager: Thread Pool max thread count is 0. Cannot cache binder as linkToDeath cannot be implemented. serviceName: deviceidle
03-21 20:55:45.872 28953 28999 W FrscLanguagePack: FRSC English string not found for ID #0x7f11002d
03-21 20:55:45.956 28953 29060 W IgSharedPreferences: getAll was used, which can cause ConcurrentModificationExceptions
03-21 20:55:45.956 28953 29060 W IgSharedPreferences: java.lang.Throwable
03-21 20:55:45.956 28953 29060 W IgSharedPreferences: 	at X.0dO.getAll(Unknown Source:9)
03-21 20:55:45.956 28953 29060 W IgSharedPreferences: 	at X.1q5.run(Unknown Source:4)
03-21 20:55:45.956 28953 29060 W IgSharedPreferences: 	at X.0ja.run(Unknown Source:7)
03-21 20:55:45.956 28953 29060 W IgSharedPreferences: 	at java.util.concurrent.ThreadPoolExecutor.runWorker(ThreadPoolExecutor.java:1154)
03-21 20:55:45.956 28953 29060 W IgSharedPreferences: 	at java.util.concurrent.ThreadPoolExecutor$Worker.run(ThreadPoolExecutor.java:652)
03-21 20:55:45.956 28953 29060 W IgSharedPreferences: 	at java.lang.Thread.run(Thread.java:1563)
03-21 20:55:45.956 28953 29060 W IgSharedPreferences: 	at X.0gi.run(Unknown Source:5)
03-21 20:55:45.971 28953 29012 E nightwatch-target: /proc/zoneinfo open: errno=13
03-21 20:55:45.971 28953 29012 E nightwatch-target: sysmeminfo parse failed
03-21 20:55:45.973 28953 28996 W RageShakeDialogProviderImpl: onUserSessionStart start
03-21 20:55:45.977 28953 28996 W RageShakeSensorHelper: initInstance Initialized | rageShakeEnabled=true | shakeForceThreshold=18.042845
03-21 20:55:45.991   844   878 I netd    : tetherGetStats() -> {[]} <3.40ms>
03-21 20:55:45.998   625  2778 W libperfmgr: Failed to write to node: /dev/stune/top-app/schedtune.boost with value: 10, fd: -1
03-21 20:55:45.998   625  2778 W libperfmgr: Failed to write to node: /proc/sys/kernel/sched_boost with value: 0, fd: -1
03-21 20:55:46.056 28953 28953 W SIMPLE_WORKER1: type=1400 audit(0.0:1549): avc:  granted  { execute } for  path="/data/data/com.instagram.android/lib-compressed/libmediacodechooks_jni.so" dev="dm-41" ino=46600 scontext=u:r:untrusted_app_32:s0:c134,c257,c512,c768 tcontext=u:object_r:app_data_file:s0:c134,c257,c512,c768 tclass=file app=com.instagram.android
03-21 20:55:46.133 28953 29064 W VideoCapabilities: Unsupported mime image/vnd.android.heic
03-21 20:55:46.134 28953 29064 W VideoCapabilities: Unsupported mime image/vnd.android.heic
03-21 20:55:46.150 28953 29064 W VideoCapabilities: Unrecognized profile/level 32768/256 for video/mp4v-es
03-21 20:55:46.180 28953 28953 W pool-17-thread-: type=1400 audit(0.0:1550): avc:  granted  { execute } for  path="/data/data/com.instagram.android/lib-compressed/libxplat_timeinappcore_timeinappcore-nonnativesqliteAndroid.so" dev="dm-41" ino=48867 scontext=u:r:untrusted_app_32:s0:c134,c257,c512,c768 tcontext=u:object_r:app_data_file:s0:c134,c257,c512,c768 tclass=file app=com.instagram.android
03-21 20:55:46.204 28953 28953 W pool-17-thread-: type=1400 audit(0.0:1551): avc:  granted  { execute } for  path="/data/data/com.instagram.android/lib-compressed/libtimeinapp-jni.so" dev="dm-41" ino=51228 scontext=u:r:untrusted_app_32:s0:c134,c257,c512,c768 tcontext=u:object_r:app_data_file:s0:c134,c257,c512,c768 tclass=file app=com.instagram.android
03-21 20:55:46.265 28953 28999 W FederatedAnalyticsEventManager: Exception when de-serializing federated analytics config: falcob64gzj:eJztUstOxDAM/JVVz3uBI3f4CYQsN5l0rU2TKna6VIh/R93CPqB75QJXjzUez8xbE2qMEwV4FDZ4wohk2jxsnpvA1EOVO5AieaWudwvebDeNGmJkCkySDIWdSU5nuD+0pBxAbckHldSdIY9RHKjPHpFcrskuWHsuRl1kVehMvgMXa8FH1KBGq4opcY+FXDySSRB4YlVR42Skkxr6mS3ajgI3L9tNM3Ax4Zv/O8RIlg8o3/FVpVy9ZBoiTy27PSlUJSedd0PryPKwp6EgyOs8qopCo6gYXxv3g9fxYLVgIWLyubYRFHPXXbl69ObmRyd/zpZENiR3sbkoJclKq+ro7qZwGu+X0Jl0SraDiZu1n9RlV2NV+ox+LsuIi8tzGsdcn75Gj3+xh2vf/7fw91r4/gEt7una
03-21 20:55:46.265 28953 28999 W FederatedAnalyticsEventManager: org.json.JSONException: Value falcob64gzj of type java.lang.String cannot be converted to JSONObject
03-21 20:55:46.265 28953 28999 W FederatedAnalyticsEventManager: 	at org.json.JSON.typeMismatch(JSON.java:112)
03-21 20:55:46.265 28953 28999 W FederatedAnalyticsEventManager: 	at org.json.JSONObject.<init>(JSONObject.java:172)
03-21 20:55:46.265 28953 28999 W FederatedAnalyticsEventManager: 	at org.json.JSONObject.<init>(JSONObject.java:185)
03-21 20:55:46.265 28953 28999 W FederatedAnalyticsEventManager: 	at X.1cK.run(Unknown Source:22)
03-21 20:55:46.265 28953 28999 W FederatedAnalyticsEventManager: 	at X.0ja.run(Unknown Source:7)
03-21 20:55:46.265 28953 28999 W FederatedAnalyticsEventManager: 	at X.0ja.run(Unknown Source:7)
03-21 20:55:46.265 28953 28999 W FederatedAnalyticsEventManager: 	at X.0gY.run(Unknown Source:102)
03-21 20:55:46.269 28953 29064 W VideoCapabilities: Unsupported mime image/vnd.android.heic
03-21 20:55:46.273 28953 29064 W VideoCapabilities: Unsupported mime image/vnd.android.heic
03-21 20:55:46.286 28953 28953 W ServiceInfoParser: X.23i: Service com.facebook.browser.lite.BrowserLiteIntentService is missing meta key com.facebook.common.jobscheduler.compat.jobIds
03-21 20:55:46.286 28953 28953 W ServiceInfoParser: X.23i: Service com.facebook.browser.lite.BrowserLiteInMainProcessIntentService is missing meta key com.facebook.common.jobscheduler.compat.jobIds
03-21 20:55:46.286 28953 28953 W ServiceInfoParser: X.23i: Service com.instagram.creation.location.NearbyVenuesService is missing meta key com.facebook.common.jobscheduler.compat.jobIds
03-21 20:55:46.287 28953 28953 W ServiceInfoParser: X.23i: Service com.instagram.contacts.ccu.intf.CCUJobService is missing meta key com.facebook.common.jobscheduler.compat.jobIds
03-21 20:55:46.287 28953 28953 W ServiceInfoParser: X.23i: Service com.instagram.lazyload.download.ModuleDownloadJobService is missing meta key com.facebook.common.jobscheduler.compat.jobIds
03-21 20:55:46.287 28953 29064 W VideoCapabilities: Unrecognized profile/level 32768/256 for video/mp4v-es
03-21 20:55:46.290 28953 28953 W ServiceInfoParser: X.23i: Service com.instagram.pendingmedia.service.impl.UploadRetryJobService is missing meta key com.facebook.common.jobscheduler.compat.jobIds
03-21 20:55:46.290 28953 28953 W ServiceInfoParser: X.23i: Service com.instagram.publisher.TransactionRevivalJobService is missing meta key com.facebook.common.jobscheduler.compat.jobIds
03-21 20:55:46.291 28953 28953 W ServiceInfoParser: X.23i: Service com.instagram.publisher.HeartbeatJobService is missing meta key com.facebook.common.jobscheduler.compat.jobIds
03-21 20:55:46.291 28953 28953 W ServiceInfoParser: X.23i: Service com.facebook.common.dextricks.DexOptimization$Service is missing meta key com.facebook.common.jobscheduler.compat.jobIds
03-21 20:55:46.291 28953 28953 W ServiceInfoParser: X.23i: Service com.facebook.common.dextricks.DexOptimizationJobService is missing meta key com.facebook.common.jobscheduler.compat.jobIds
03-21 20:55:46.292 28953 28953 W ServiceInfoParser: X.23i: Service com.instagram.notifications.local.LocalNotificationFetchInventoryJobService is missing meta key com.facebook.common.jobscheduler.compat.jobIds
03-21 20:55:46.293 28953 28953 W ServiceInfoParser: X.23i: Service com.instagram.util.offline.BackgroundPrefetchJobService is missing meta key com.facebook.common.jobscheduler.compat.jobIds
03-21 20:55:46.293 28953 28953 W ServiceInfoParser: X.23i: Service com.instagram.util.offline.MainFeedBackgroundPrefetchJobService is missing meta key com.facebook.common.jobscheduler.compat.jobIds
03-21 20:55:46.293 28953 28953 W ServiceInfoParser: X.23i: Service com.instagram.util.offline.StoryBackgroundPrefetchJobService is missing meta key com.facebook.common.jobscheduler.compat.jobIds
03-21 20:55:46.294 28953 28953 W ServiceInfoParser: X.23i: Service com.instagram.gallery.scanner.MediaScannerJobService is missing meta key com.facebook.common.jobscheduler.compat.jobIds
03-21 20:55:46.295 28953 28953 W ServiceInfoParser: X.23i: Service com.instagram.notifications.push.GCMJobService is missing meta key com.facebook.common.jobscheduler.compat.jobIds
03-21 20:55:46.295 28953 28953 W ServiceInfoParser: X.23i: Service com.instagram.notifications.push.IgPushRegistrationService is missing meta key com.facebook.common.jobscheduler.compat.jobIds
03-21 20:55:46.295 28953 28953 W ServiceInfoParser: X.23i: Service com.instagram.notifications.push.ADMMessageJobHandler is missing meta key com.facebook.common.jobscheduler.compat.jobIds
03-21 20:55:46.296 28953 28953 W ServiceInfoParser: X.23i: Service com.facebook.analytics2.logger.service.LollipopUploadSafeService is missing meta key com.facebook.common.jobscheduler.compat.jobIds
03-21 20:55:46.296 28953 28953 W ServiceInfoParser: X.23i: Service com.facebook.analytics2.logger.LollipopUploadService is missing meta key com.facebook.common.jobscheduler.compat.jobIds
03-21 20:55:46.296 28953 28953 W ServiceInfoParser: X.23i: Service com.facebook.oxygen.preloads.sdk.firstparty.managedappcache.IsManagedAppCacheJobService is missing meta key com.facebook.common.jobscheduler.compat.jobIds
03-21 20:55:46.296 28953 28953 W ServiceInfoParser: X.23i: Service com.facebook.appcomponentmanager.AppComponentManagerService is missing meta key com.facebook.common.jobscheduler.compat.jobIds
03-21 20:55:46.297 28953 28953 W ServiceInfoParser: X.23i: Service com.instagram.bugreporter.BugReporterService is missing meta key com.facebook.common.jobscheduler.compat.jobIds
03-21 20:55:46.297 28953 28953 W ServiceInfoParser: X.23i: Service com.facebook.common.zopt.ZOptBackgroundService is missing meta key com.facebook.common.jobscheduler.compat.jobIds
03-21 20:55:46.298 28953 28953 W ServiceInfoParser: X.23i: Service com.instagram.backgroundsync.BackgroundSyncJobService is missing meta key com.facebook.common.jobscheduler.compat.jobIds
03-21 20:55:46.299 28953 28953 W ServiceInfoParser: X.23i: Service androidx.work.impl.background.systemjob.SystemJobService is missing meta key com.facebook.common.jobscheduler.compat.jobIds
03-21 20:55:46.299 28953 28953 W ServiceInfoParser: X.23i: Service com.facebook.papaya.fb.instagram.PapayaExecutionJobService is missing meta key com.facebook.common.jobscheduler.compat.jobIds
03-21 20:55:46.299 28953 28953 W ServiceInfoParser: X.23i: Service com.facebook.voltron.download.scheduledinstaller.OxygenScheduledInstallerJobService is missing meta key com.facebook.common.jobscheduler.compat.jobIds
03-21 20:55:46.367 28953 29064 W VideoCapabilities: Unsupported mime image/vnd.android.heic
03-21 20:55:46.368 28953 29064 W VideoCapabilities: Unsupported mime image/vnd.android.heic
03-21 20:55:46.374 28953 29064 W VideoCapabilities: Unrecognized profile/level 32768/256 for video/mp4v-es
03-21 20:55:46.423 28953 28953 W IgZoneModule: IG Policy Zone is disabled. No-op Zone is setup
03-21 20:55:46.463 28953 28999 E PendingMediaStoreSerializer: deserialize start
03-21 20:55:46.463 28953 28999 E PendingMediaStoreSerializer: start reading pending media
03-21 20:55:46.465 28953 28999 E PendingMediaStoreSerializer: Set the submedia on albums
03-21 20:55:46.465 28953 28999 E PendingMediaStoreSerializer: Set the submedia on post threads
03-21 20:55:46.465 28953 28999 E PendingMediaStoreSerializer: deserialize is done. start calling callbacks
03-21 20:55:46.466 28953 28999 E PendingMediaStoreSerializer: deserialize end
03-21 20:55:46.468 28953 29076 W FileBasedMultiProcessTracker: <default>: Initializing FileBasedMultiProcessTracking using /data/user/0/com.instagram.android/app_multiprocess_tracking
03-21 20:55:46.468 28953 29076 W FileBasedMultiProcessTracker: <default>: Creating file to track 28953
03-21 20:55:46.473 28953 29076 W FileBasedMultiProcessTracker: <default>: FileBasedMultiProcessTracker ready!
03-21 20:55:46.473 28953 29077 W FileBasedMultiProcessTracker: <default>: Observed removed PID: 27709
03-21 20:55:46.476 28953 29006 W MultiSignalANRDetectorLacrima: Pausing error state checks
03-21 20:55:46.487 28953 28953 W proxy_service: Initialize proxy service.
03-21 20:55:46.488 28953 28953 W proxy_service: User not in allowed region.
03-21 20:55:46.498   625  2778 W libperfmgr: Failed to write to node: /dev/stune/top-app/schedtune.boost with value: 10, fd: -1
03-21 20:55:46.498   625  2778 W libperfmgr: Failed to write to node: /proc/sys/kernel/sched_boost with value: 0, fd: -1
03-21 20:55:46.534 28953 28953 E IgFunctionalErrorEvent: MANUAL_APP_TERMINATION
03-21 20:55:46.534 28953 28953 E IgFunctionalErrorEvent: 	 time_from_app_kill_to_app_start = -3275693
03-21 20:55:46.534 28953 28953 E IgFunctionalErrorEvent: 	 last_naivigation_source = clips_viewer_feed_timeline_mixed_unconnected
03-21 20:55:46.534 28953 28953 E IgFunctionalErrorEvent: 	 last_navigation_destination = feed_timeline
03-21 20:55:46.534 28953 28953 E IgFunctionalErrorEvent: 	 last_navigation_history = unknown->login->feed_timeline->feed_timeline->comments_v2_feed_timeline->unknown->feed_timeline->feed_timeline->feed_timeline->feed_timeline->clips_viewer_feed_timeline_mixed_unconnected->feed_timeline
03-21 20:55:46.535 28953 28953 E IgFunctionalErrorEvent: 	 time_from_navigation_to_app_kill = 1502
03-21 20:55:46.535 28953 28953 E IgFunctionalErrorEvent: 	 time_from_bg_to_app_kill = 0
03-21 20:55:46.535 28953 28953 E IgFunctionalErrorEvent: 	 last_navigation_fragment = MainFeedFragment
03-21 20:55:46.535 28953 28953 E IgFunctionalErrorEvent: 	 last_nav_chain = MainFeedFragment:feed_timeline:1:cold_start:1773961910.893::
03-21 20:55:46.535 28953 28953 E IgFunctionalErrorEvent: 	 logview_group_by = last_navigation_destination
03-21 20:55:46.566 28953 28953 I Choreographer: Skipped 193 frames!  The application may be doing too much work on its main thread.
03-21 20:55:46.582 28953 28953 E PendingMediaStoreSerializer: wait for deserialization lock
03-21 20:55:46.582 28953 28953 E PendingMediaStoreSerializer: calling callbacks
03-21 20:55:46.590  1587  1680 W libprocessgroup: SetCgroup::ExecuteForProcess: failed to open /dev/stune/background/cgroup.procs: No such file or directory
03-21 20:55:46.598  1587  1587 W JobScheduler: Job didn't exist in JobStore: 6c06cd6 #u0a390/2131303195 com.instagram.android/com.facebook.common.errorreporting.memory.service.jobschedulercompat.igsvc.DumperUploadService
03-21 20:55:46.600 28953 28953 E SlowAppComponent: 0ms: InstagramAppShell instantiating…
03-21 20:55:46.601 28953 28953 E SlowAppComponent: 49ms: SecureFileProvider instantiating…
03-21 20:55:46.602 28953 28953 E SlowAppComponent: 52ms: AsyncFamilyAppsUserValuesProvider instantiating…
03-21 20:55:46.602 28953 28953 E SlowAppComponent: 53ms: AsyncInstagramPhoneIdProvider instantiating…
03-21 20:55:46.602 28953 28953 E SlowAppComponent: 53ms: FileProvider instantiating…
03-21 20:55:46.602 28953 28953 E SlowAppComponent: 59ms: DeferredCurrentUserProvider instantiating…
03-21 20:55:46.602 28953 28953 E SlowAppComponent: 59ms: InstallReferrerProvider instantiating…
03-21 20:55:46.602 28953 28953 E SlowAppComponent: 59ms: IgLoggedInUsersContentProvider instantiating…
03-21 20:55:46.602 28953 28953 E SlowAppComponent: 59ms: AndroidXAppInitializer instantiating…
03-21 20:55:46.603 28953 28953 E SlowAppComponent: 2246ms: DumperUploadService instantiating…
03-21 20:55:46.603 28953 28953 E SlowAppComponent: Main thread was blocked for 2264ms in the background starting with InstagramAppShell
03-21 20:55:46.632 28953 29081 W stagram.android: JNI RegisterNativeMethods: attempt to register 0 native methods for com.facebook.msys.mci.AuthDataContext
03-21 20:55:46.640 28953 28953 W MainContext: type=1400 audit(0.0:1552): avc:  granted  { execute } for  path="/data/data/com.instagram.android/lib-compressed/libbreakpad-fatal-java-exception-description-handler-jni.so" dev="dm-41" ino=46508 scontext=u:r:untrusted_app_32:s0:c134,c257,c512,c768 tcontext=u:object_r:app_data_file:s0:c134,c257,c512,c768 tclass=file app=com.instagram.android
03-21 20:55:46.659 28953 29081 W msys    : Proxies already configured: null
03-21 20:55:46.688  1587  7355 W ActivityManager: Background start not allowed: service Intent { act=Orca.START xflg=0x4 cmp=com.instagram.android/com.facebook.rti.push.service.FbnsService (has extras) } to com.instagram.android/com.facebook.rti.push.service.FbnsService from pid=28953 uid=10390 pkg=com.instagram.android startFg?=false
03-21 20:55:46.692 28953 29085 E msys    : E[D decrypt]MCIDatabaseFileManagerDecryptDB(287)=>Encryption handlers not registered.
03-21 20:55:46.713 28953 29084 E Security-LocalReporter: category=TrustedAppIntentScope, message=No matching packages available.
03-21 20:55:46.713 28953 29084 E FbnsAIDLClientManager: open failed: bindService failure, do unbind to let service shutdown
03-21 20:55:46.725 28953 28999 W Fixie   : Initialize IG_POST_APP_START on thread: SIMPLE_WORKER5
03-21 20:55:46.727 28953 28999 W Fixie   : Initialize MediaSessionANRFixer
03-21 20:55:46.727 28953 28999 W Fixie   : Initialize LicmCrashFixer
03-21 20:55:46.732 28953 28953 W SIMPLE_WORKER5: type=1400 audit(0.0:1553): avc:  granted  { execute } for  path="/data/data/com.instagram.android/lib-compressed/libfb_mboost.so" dev="dm-41" ino=46666 scontext=u:r:untrusted_app_32:s0:c134,c257,c512,c768 tcontext=u:object_r:app_data_file:s0:c134,c257,c512,c768 tclass=file app=com.instagram.android
03-21 20:55:46.754 28953 28999 W Fixie   : Initialize BrowserLiteCookieManagerFixer
03-21 20:55:46.974 28953 29012 E nightwatch-target: /proc/zoneinfo open: errno=13
03-21 20:55:46.975 28953 29012 E nightwatch-target: sysmeminfo parse failed
03-21 20:55:46.998   625  2778 W libperfmgr: Failed to write to node: /dev/stune/top-app/schedtune.boost with value: 10, fd: -1
03-21 20:55:46.998   625  2778 W libperfmgr: Failed to write to node: /proc/sys/kernel/sched_boost with value: 0, fd: -1
03-21 20:55:47.140 28953 28953 W MainContext: type=1400 audit(0.0:1560): avc:  granted  { execute } for  path="/data/data/com.instagram.android/lib-compressed/libmpl-tracker.so" dev="dm-41" ino=46416 scontext=u:r:untrusted_app_32:s0:c134,c257,c512,c768 tcontext=u:object_r:app_data_file:s0:c134,c257,c512,c768 tclass=file app=com.instagram.android
03-21 20:55:47.156 28953 28953 W MainContext: type=1400 audit(0.0:1561): avc:  granted  { execute } for  path="/data/data/com.instagram.android/lib-compressed/libcryptocontextholder.so" dev="dm-41" ino=48839 scontext=u:r:untrusted_app_32:s0:c134,c257,c512,c768 tcontext=u:object_r:app_data_file:s0:c134,c257,c512,c768 tclass=file app=com.instagram.android
03-21 20:55:47.177 28953 29086 E msys    : E[N rtchannel]_rt_mqtt_bridge_bootstrap_callback(967)=>Failed to boot stap bridged mqtt channel.  RT error code:2002 token:-2
03-21 20:55:47.178 28953 29086 E msys    : E[N rtchannel]_rt_mqtt_bridge_bootstrap_callback(967)=>Failed to boot stap bridged mqtt channel.  RT error code:2002 token:-3
03-21 20:55:47.238   844 29094 I resolv  : GetAddrInfoHandler::run: {102 102 102 983142 10390 0}
03-21 20:55:47.239   844 29095 I resolv  : res_nmkquery: (QUERY, IN, A)
03-21 20:55:47.258   844 29095 I resolv  : res_nsend: used send_dg 101 terrno: 0
03-21 20:55:47.258   844 29095 I resolv  : doQuery: rcode=0, ancount=2, return value=101
03-21 20:55:47.359  2237  2237 E SatelliteController: registerForSatelliteModemStateChanged: mSatelliteSessionController is not initialized yet
03-21 20:55:47.366  2237  2237 E SatelliteController: registerForSatelliteModemStateChanged: mSatelliteSessionController is not initialized yet
03-21 20:55:47.375  2237  2378 E SatelliteController: notifyNtnEligibility: mSatellitePhone is null
03-21 20:55:47.387  1587  3186 W ContextImpl: Calling a method in the system process without a qualified user: android.app.ContextImpl.sendBroadcastMultiplePermissions:1358 android.content.Context.sendBroadcastMultiplePermissions:2796 com.android.server.TelephonyRegistry.broadcastServiceStateChanged:4172 com.android.server.TelephonyRegistry.notifyServiceStateForPhoneId:1848 com.android.internal.telephony.ITelephonyRegistry$Stub.onTransact:613 
03-21 20:55:47.391  1587  3186 W ContextImpl: Calling a method in the system process without a qualified user: android.app.ContextImpl.sendBroadcastMultiplePermissions:1391 com.android.server.TelephonyRegistry.broadcastServiceStateChanged:4177 com.android.server.TelephonyRegistry.notifyServiceStateForPhoneId:1848 com.android.internal.telephony.ITelephonyRegistry$Stub.onTransact:613 android.os.Binder.execTransactInternal:1473 
03-21 20:55:47.396  1587  3186 W ContextImpl: Calling a method in the system process without a qualified user: android.app.ContextImpl.sendBroadcastMultiplePermissions:1391 com.android.server.TelephonyRegistry.broadcastServiceStateChanged:4186 com.android.server.TelephonyRegistry.notifyServiceStateForPhoneId:1848 com.android.internal.telephony.ITelephonyRegistry$Stub.onTransact:613 android.os.Binder.execTransactInternal:1473 
03-21 20:55:47.400  1587  3186 W ContextImpl: Calling a method in the system process without a qualified user: android.app.ContextImpl.sendBroadcastMultiplePermissions:1391 com.android.server.TelephonyRegistry.broadcastServiceStateChanged:4192 com.android.server.TelephonyRegistry.notifyServiceStateForPhoneId:1848 com.android.internal.telephony.ITelephonyRegistry$Stub.onTransact:613 android.os.Binder.execTransactInternal:1473 
03-21 20:55:47.437  1587  1680 W libprocessgroup: SetCgroup::ExecuteForProcess: failed to open /dev/stune/background/cgroup.procs: No such file or directory
03-21 20:55:47.451  2237  2237 I Telephony: TelecomAccountRegistry$TelecomAccountTelephonyCallback: TelecomAccountRegistry: onServiceStateChanged: newState=0, mServiceState=0
03-21 20:55:47.452  2237  2237 W Telephony: registerMmTelCapabilityCallback: registration failed, no ImsService available. Exception: code: 1
03-21 20:55:47.456  2237  2237 I Telephony: isRttCurrentlySupported -- regular acct, hasVoiceAvailability: false
03-21 20:55:47.456  2237  2237 I Telephony:  isRttSupported: false
03-21 20:55:47.456  2237  2237 I Telephony:  alwaysAllowWhileRoaming: false
03-21 20:55:47.456  2237  2237 I Telephony:  isRoaming: false
03-21 20:55:47.456  2237  2237 I Telephony:  isOnWfc: false
03-21 20:55:47.476  2034  2044 W System  : A resource failed to call release. 
03-21 20:55:47.481  2034  2044 W System  : A resource failed to call release. 
03-21 20:55:47.481  2034  2044 W System  : A resource failed to call release. 
03-21 20:55:47.499   625  2778 W libperfmgr: Failed to write to node: /dev/stune/top-app/schedtune.boost with value: 10, fd: -1
03-21 20:55:47.499   625  2778 W libperfmgr: Failed to write to node: /proc/sys/kernel/sched_boost with value: 0, fd: -1
03-21 20:55:47.976 28953 29012 E nightwatch-target: /proc/zoneinfo open: errno=13
03-21 20:55:47.976 28953 29012 E nightwatch-target: sysmeminfo parse failed
03-21 20:55:47.976 28953 29085 E msys    : E[U MEMDataLossChecker]_IsCheckerEnabled(156)=>Checker enabled
03-21 20:55:47.992 28953 28953 W SIMPLE_WORKER5: type=1400 audit(0.0:1562): avc:  granted  { execute } for  path="/data/data/com.instagram.android/lib-compressed/libliger.so" dev="dm-41" ino=46308 scontext=u:r:untrusted_app_32:s0:c134,c257,c512,c768 tcontext=u:object_r:app_data_file:s0:c134,c257,c512,c768 tclass=file app=com.instagram.android
03-21 20:55:47.999   625  2778 W libperfmgr: Failed to write to node: /dev/stune/top-app/schedtune.boost with value: 10, fd: -1
03-21 20:55:47.999   625  2778 W libperfmgr: Failed to write to node: /proc/sys/kernel/sched_boost with value: 0, fd: -1
03-21 20:55:48.008 28953 28953 W SIMPLE_WORKER5: type=1400 audit(0.0:1563): avc:  granted  { execute } for  path="/data/data/com.instagram.android/modules/pytorch_ae84a8c57170fcbf42f5b2efed21e674dddb2c01371c83b95546fd27ce1abd14/lib-compressed/arm64-v8a/libxplat_third-party_NNPACK_NNPACKAndroid.so" dev="dm-41" ino=56445 scontext=u:r:untrusted_app_32:s0:c134,c257,c512,c768 tcontext=u:object_r:app_data_file:s0:c134,c257,c512,c768 tclass=file app=com.instagram.android
03-21 20:55:48.012 28953 28953 W SIMPLE_WORKER5: type=1400 audit(0.0:1564): avc:  granted  { execute } for  path="/data/data/com.instagram.android/lib-compressed/libdextricksmerged_3.so" dev="dm-41" ino=51156 scontext=u:r:untrusted_app_32:s0:c134,c257,c512,c768 tcontext=u:object_r:app_data_file:s0:c134,c257,c512,c768 tclass=file app=com.instagram.android
03-21 20:55:48.361  1587  1680 W libprocessgroup: SetCgroup::ExecuteForProcess: failed to open /dev/stune/background/cgroup.procs: No such file or directory
03-21 20:55:48.499   625  2778 W libperfmgr: Failed to write to node: /dev/stune/top-app/schedtune.boost with value: 10, fd: -1
03-21 20:55:48.499   625  2778 W libperfmgr: Failed to write to node: /proc/sys/kernel/sched_boost with value: 0, fd: -1
03-21 20:55:48.977 28953 29012 E nightwatch-target: /proc/zoneinfo open: errno=13
03-21 20:55:48.977 28953 29012 E nightwatch-target: sysmeminfo parse failed
03-21 20:55:49.000   625  2778 W libperfmgr: Failed to write to node: /dev/stune/top-app/schedtune.boost with value: 10, fd: -1
03-21 20:55:49.000   625  2778 W libperfmgr: Failed to write to node: /proc/sys/kernel/sched_boost with value: 0, fd: -1
03-21 20:55:49.004  2034  2122 E FromGoneTransitionInteractor: Ignoring startTransition: This interactor asked to transition from GONE -> LOCKSCREEN, but we last transitioned to DOZING, not GONE. This should never happen - check currentTransitionInfoInternal or use filterRelevantKeyguardState before starting transitions.
03-21 20:55:49.005  2034  2034 E NotifRow: Magnetic state changed from IDLE to IDLE on a null swiped listener, or the logging key of the listener is null
03-21 20:55:49.012   594  7857 I keystore2: system/security/keystore2/src/authorization.rs:151 - on_device_locked(AndroidUserId(0), unlocking_sids=[SecureUserId(-7245739854948165699)], weak_unlock_enabled=false)
03-21 20:55:49.012   888  2646 W StNfcHal: ! i2cWrite!!, errno is 'I/O error'
03-21 20:55:49.015   595   595 I beanpodkeymaster: cmd:14 Received 485 byte response
03-21 20:55:49.017   888  2646 W StNfcHal: Idle data: 2nd byte is 0x40
03-21 20:55:49.017   888  2646 W StNfcHal: , reading next 2 bytes
03-21 20:55:49.020   888  2646 W StNfcHal: Idle data: 2nd byte is 0x40
03-21 20:55:49.020   888  2646 W StNfcHal: , reading next 2 bytes
03-21 20:55:49.025   594  7857 I keystore2: system/security/keystore2/src/super_key.rs:995 - UnlockedDeviceRequired super keys for AndroidUserId(0) are biometric-encrypted
03-21 20:55:49.037   595   595 I beanpodkeymaster: cmd:20 Received 4 byte response
03-21 20:55:49.039  2034  2034 I KeyguardDisplayManager: Secondary Keyguard presentation not shown on display 0 because shade window is on it (with the primary keyguard)
03-21 20:55:49.256  1587  1652 I UsbPortManager: USB HAL AIDL version: USB_HAL_V2_0
03-21 20:55:49.500   625  2778 W libperfmgr: Failed to write to node: /dev/stune/top-app/schedtune.boost with value: 10, fd: -1
03-21 20:55:49.500   625  2778 W libperfmgr: Failed to write to node: /proc/sys/kernel/sched_boost with value: 0, fd: -1
03-21 20:55:49.978 28953 29012 E nightwatch-target: /proc/zoneinfo open: errno=13
03-21 20:55:49.978 28953 29012 E nightwatch-target: sysmeminfo parse failed
03-21 20:55:50.000   625  2778 W libperfmgr: Failed to write to node: /dev/stune/top-app/schedtune.boost with value: 10, fd: -1
03-21 20:55:50.000   625  2778 W libperfmgr: Failed to write to node: /proc/sys/kernel/sched_boost with value: 0, fd: -1
03-21 20:55:50.500   625  2778 W libperfmgr: Failed to write to node: /dev/stune/top-app/schedtune.boost with value: 10, fd: -1
03-21 20:55:50.500   625  2778 W libperfmgr: Failed to write to node: /proc/sys/kernel/sched_boost with value: 0, fd: -1
03-21 20:55:50.979 28953 29012 E nightwatch-target: /proc/zoneinfo open: errno=13
03-21 20:55:50.979 28953 29012 E nightwatch-target: sysmeminfo parse failed
03-21 20:55:51.001   625  2778 W libperfmgr: Failed to write to node: /dev/stune/top-app/schedtune.boost with value: 10, fd: -1
03-21 20:55:51.001   625  2778 W libperfmgr: Failed to write to node: /proc/sys/kernel/sched_boost with value: 0, fd: -1
03-21 20:55:51.501   625  2778 W libperfmgr: Failed to write to node: /dev/stune/top-app/schedtune.boost with value: 10, fd: -1
03-21 20:55:51.501   625  2778 W libperfmgr: Failed to write to node: /proc/sys/kernel/sched_boost with value: 0, fd: -1
03-21 20:55:51.951 29098 29098 W libbinder.BackendUnifiedServiceManager: Thread Pool max thread count is 0. Cannot cache binder as linkToDeath cannot be implemented. serviceName: deviceidle
03-21 20:55:51.980 28953 29012 E nightwatch-target: /proc/zoneinfo open: errno=13
03-21 20:55:51.980 28953 29012 E nightwatch-target: sysmeminfo parse failed
03-21 20:55:52.001   625  2778 W libperfmgr: Failed to write to node: /dev/stune/top-app/schedtune.boost with value: 10, fd: -1
03-21 20:55:52.001   625  2778 W libperfmgr: Failed to write to node: /proc/sys/kernel/sched_boost with value: 0, fd: -1
03-21 20:55:52.037 29101 29101 W libbinder.BackendUnifiedServiceManager: Thread Pool max thread count is 0. Cannot cache binder as linkToDeath cannot be implemented. serviceName: battery
03-21 20:55:52.124 29103 29103 W libbinder.BackendUnifiedServiceManager: Thread Pool max thread count is 0. Cannot cache binder as linkToDeath cannot be implemented. serviceName: deviceidle
03-21 20:55:52.501   625  2778 W libperfmgr: Failed to write to node: /dev/stune/top-app/schedtune.boost with value: 10, fd: -1
03-21 20:55:52.501   625  2778 W libperfmgr: Failed to write to node: /proc/sys/kernel/sched_boost with value: 0, fd: -1
03-21 20:55:52.981 28953 29012 E nightwatch-target: /proc/zoneinfo open: errno=13
03-21 20:55:52.981 28953 29012 E nightwatch-target: sysmeminfo parse failed
03-21 20:55:53.002   625  2778 W libperfmgr: Failed to write to node: /dev/stune/top-app/schedtune.boost with value: 10, fd: -1
03-21 20:55:53.002   625  2778 W libperfmgr: Failed to write to node: /proc/sys/kernel/sched_boost with value: 0, fd: -1
03-21 20:55:53.502   625  2778 W libperfmgr: Failed to write to node: /dev/stune/top-app/schedtune.boost with value: 10, fd: -1
03-21 20:55:53.502   625  2778 W libperfmgr: Failed to write to node: /proc/sys/kernel/sched_boost with value: 0, fd: -1
03-21 20:55:53.982 28953 29012 E nightwatch-target: /proc/zoneinfo open: errno=13
03-21 20:55:53.982 28953 29012 E nightwatch-target: sysmeminfo parse failed
03-21 20:55:54.002   625  2778 W libperfmgr: Failed to write to node: /dev/stune/top-app/schedtune.boost with value: 10, fd: -1
03-21 20:55:54.002   625  2778 W libperfmgr: Failed to write to node: /proc/sys/kernel/sched_boost with value: 0, fd: -1
03-21 20:55:54.503   625  2778 W libperfmgr: Failed to write to node: /dev/stune/top-app/schedtune.boost with value: 10, fd: -1
03-21 20:55:54.503   625  2778 W libperfmgr: Failed to write to node: /proc/sys/kernel/sched_boost with value: 0, fd: -1
03-21 20:55:54.896  2458 28604 I NearbyPresence: (REDACTED) %s verified [==] new request %s equals to the old request
03-21 20:55:55.003   625  2778 W libperfmgr: Failed to write to node: /dev/stune/top-app/schedtune.boost with value: 10, fd: -1
03-21 20:55:55.003   625  2778 W libperfmgr: Failed to write to node: /proc/sys/kernel/sched_boost with value: 0, fd: -1
03-21 20:55:55.503   625  2778 W libperfmgr: Failed to write to node: /dev/stune/top-app/schedtune.boost with value: 10, fd: -1
03-21 20:55:55.503   625  2778 W libperfmgr: Failed to write to node: /proc/sys/kernel/sched_boost with value: 0, fd: -1
03-21 20:55:56.003   625  2778 W libperfmgr: Failed to write to node: /dev/stune/top-app/schedtune.boost with value: 10, fd: -1
03-21 20:55:56.003   625  2778 W libperfmgr: Failed to write to node: /proc/sys/kernel/sched_boost with value: 0, fd: -1
03-21 20:55:56.504   625  2778 W libperfmgr: Failed to write to node: /dev/stune/top-app/schedtune.boost with value: 10, fd: -1
03-21 20:55:56.504   625  2778 W libperfmgr: Failed to write to node: /proc/sys/kernel/sched_boost with value: 0, fd: -1
03-21 20:55:57.004   625  2778 W libperfmgr: Failed to write to node: /dev/stune/top-app/schedtune.boost with value: 10, fd: -1
03-21 20:55:57.004   625  2778 W libperfmgr: Failed to write to node: /proc/sys/kernel/sched_boost with value: 0, fd: -1
03-21 20:55:57.504   625  2778 W libperfmgr: Failed to write to node: /dev/stune/top-app/schedtune.boost with value: 10, fd: -1
03-21 20:55:57.504   625  2778 W libperfmgr: Failed to write to node: /proc/sys/kernel/sched_boost with value: 0, fd: -1
03-21 20:55:58.004   625  2778 W libperfmgr: Failed to write to node: /dev/stune/top-app/schedtune.boost with value: 10, fd: -1
03-21 20:55:58.005   625  2778 W libperfmgr: Failed to write to node: /proc/sys/kernel/sched_boost with value: 0, fd: -1
03-21 20:55:58.211 29106 29106 W libbinder.BackendUnifiedServiceManager: Thread Pool max thread count is 0. Cannot cache binder as linkToDeath cannot be implemented. serviceName: deviceidle
03-21 20:55:58.297 29108 29108 W libbinder.BackendUnifiedServiceManager: Thread Pool max thread count is 0. Cannot cache binder as linkToDeath cannot be implemented. serviceName: battery
03-21 20:55:58.383 29110 29110 W libbinder.BackendUnifiedServiceManager: Thread Pool max thread count is 0. Cannot cache binder as linkToDeath cannot be implemented. serviceName: deviceidle
03-21 20:55:58.505   625  2778 W libperfmgr: Failed to write to node: /dev/stune/top-app/schedtune.boost with value: 10, fd: -1
03-21 20:55:58.505   625  2778 W libperfmgr: Failed to write to node: /proc/sys/kernel/sched_boost with value: 0, fd: -1
03-21 20:55:59.005   625  2778 W libperfmgr: Failed to write to node: /dev/stune/top-app/schedtune.boost with value: 10, fd: -1
03-21 20:55:59.005   625  2778 W libperfmgr: Failed to write to node: /proc/sys/kernel/sched_boost with value: 0, fd: -1
03-21 20:55:59.505   625  2778 W libperfmgr: Failed to write to node: /dev/stune/top-app/schedtune.boost with value: 10, fd: -1
03-21 20:55:59.505   625  2778 W libperfmgr: Failed to write to node: /proc/sys/kernel/sched_boost with value: 0, fd: -1
03-21 20:55:59.525   594 29018 I keystore2: system/security/keystore2/watchdog/src/lib.rs:371 - Watchdog thread idle -> terminating. Have a great day.
03-21 20:56:00.006   625  2778 W libperfmgr: Failed to write to node: /dev/stune/top-app/schedtune.boost with value: 10, fd: -1
03-21 20:56:00.006   625  2778 W libperfmgr: Failed to write to node: /proc/sys/kernel/sched_boost with value: 0, fd: -1
03-21 20:56:00.506   625  2778 W libperfmgr: Failed to write to node: /dev/stune/top-app/schedtune.boost with value: 10, fd: -1
03-21 20:56:00.506   625  2778 W libperfmgr: Failed to write to node: /proc/sys/kernel/sched_boost with value: 0, fd: -1
03-21 20:56:01.006   625  2778 W libperfmgr: Failed to write to node: /dev/stune/top-app/schedtune.boost with value: 10, fd: -1
03-21 20:56:01.006   625  2778 W libperfmgr: Failed to write to node: /proc/sys/kernel/sched_boost with value: 0, fd: -1
03-21 20:56:01.506   625  2778 W libperfmgr: Failed to write to node: /dev/stune/top-app/schedtune.boost with value: 10, fd: -1
03-21 20:56:01.506   625  2778 W libperfmgr: Failed to write to node: /proc/sys/kernel/sched_boost with value: 0, fd: -1
03-21 20:56:02.007   625  2778 W libperfmgr: Failed to write to node: /dev/stune/top-app/schedtune.boost with value: 10, fd: -1
03-21 20:56:02.007   625  2778 W libperfmgr: Failed to write to node: /proc/sys/kernel/sched_boost with value: 0, fd: -1
03-21 20:56:02.507   625  2778 W libperfmgr: Failed to write to node: /dev/stune/top-app/schedtune.boost with value: 10, fd: -1
03-21 20:56:02.507   625  2778 W libperfmgr: Failed to write to node: /proc/sys/kernel/sched_boost with value: 0, fd: -1
03-21 20:56:03.007   625  2778 W libperfmgr: Failed to write to node: /dev/stune/top-app/schedtune.boost with value: 10, fd: -1
03-21 20:56:03.007   625  2778 W libperfmgr: Failed to write to node: /proc/sys/kernel/sched_boost with value: 0, fd: -1
03-21 20:56:03.507   625  2778 W libperfmgr: Failed to write to node: /dev/stune/top-app/schedtune.boost with value: 10, fd: -1
03-21 20:56:03.507   625  2778 W libperfmgr: Failed to write to node: /proc/sys/kernel/sched_boost with value: 0, fd: -1
03-21 20:56:04.008   625  2778 W libperfmgr: Failed to write to node: /dev/stune/top-app/schedtune.boost with value: 10, fd: -1
03-21 20:56:04.008   625  2778 W libperfmgr: Failed to write to node: /proc/sys/kernel/sched_boost with value: 0, fd: -1
03-21 20:56:04.468 29112 29112 W libbinder.BackendUnifiedServiceManager: Thread Pool max thread count is 0. Cannot cache binder as linkToDeath cannot be implemented. serviceName: deviceidle
03-21 20:56:04.508   625  2778 W libperfmgr: Failed to write to node: /dev/stune/top-app/schedtune.boost with value: 10, fd: -1
03-21 20:56:04.508   625  2778 W libperfmgr: Failed to write to node: /proc/sys/kernel/sched_boost with value: 0, fd: -1
03-21 20:56:04.552 29114 29114 W libbinder.BackendUnifiedServiceManager: Thread Pool max thread count is 0. Cannot cache binder as linkToDeath cannot be implemented. serviceName: battery
03-21 20:56:04.637 29116 29116 W libbinder.BackendUnifiedServiceManager: Thread Pool max thread count is 0. Cannot cache binder as linkToDeath cannot be implemented. serviceName: deviceidle
03-21 20:56:05.008   625  2778 W libperfmgr: Failed to write to node: /dev/stune/top-app/schedtune.boost with value: 10, fd: -1
03-21 20:56:05.008   625  2778 W libperfmgr: Failed to write to node: /proc/sys/kernel/sched_boost with value: 0, fd: -1
03-21 20:56:05.508   625  2778 W libperfmgr: Failed to write to node: /dev/stune/top-app/schedtune.boost with value: 10, fd: -1
03-21 20:56:05.508   625  2778 W libperfmgr: Failed to write to node: /proc/sys/kernel/sched_boost with value: 0, fd: -1
03-21 20:56:06.009   625  2778 W libperfmgr: Failed to write to node: /dev/stune/top-app/schedtune.boost with value: 10, fd: -1
03-21 20:56:06.009   625  2778 W libperfmgr: Failed to write to node: /proc/sys/kernel/sched_boost with value: 0, fd: -1
03-21 20:56:06.509   625  2778 W libperfmgr: Failed to write to node: /dev/stune/top-app/schedtune.boost with value: 10, fd: -1
03-21 20:56:06.509   625  2778 W libperfmgr: Failed to write to node: /proc/sys/kernel/sched_boost with value: 0, fd: -1
03-21 20:56:06.576  2458 28946 I AlarmManager: setExactAndAllowWhileIdle [name: GCM_HB_ALARM type: 2 triggerAtMillis: 15101522]
03-21 20:56:06.579  2458 28946 I AlarmManager: setExactAndAllowWhileIdle [name: GCM_HB_ALARM type: 2 triggerAtMillis: 15101524]
03-21 20:56:07.009   625  2778 W libperfmgr: Failed to write to node: /dev/stune/top-app/schedtune.boost with value: 10, fd: -1
03-21 20:56:07.009   625  2778 W libperfmgr: Failed to write to node: /proc/sys/kernel/sched_boost with value: 0, fd: -1
03-21 20:56:07.509   625  2778 W libperfmgr: Failed to write to node: /dev/stune/top-app/schedtune.boost with value: 10, fd: -1
03-21 20:56:07.510   625  2778 W libperfmgr: Failed to write to node: /proc/sys/kernel/sched_boost with value: 0, fd: -1
03-21 20:56:08.010   625  2778 W libperfmgr: Failed to write to node: /dev/stune/top-app/schedtune.boost with value: 10, fd: -1
03-21 20:56:08.010   625  2778 W libperfmgr: Failed to write to node: /proc/sys/kernel/sched_boost with value: 0, fd: -1
03-21 20:56:08.510   625  2778 W libperfmgr: Failed to write to node: /dev/stune/top-app/schedtune.boost with value: 10, fd: -1
03-21 20:56:08.510   625  2778 W libperfmgr: Failed to write to node: /proc/sys/kernel/sched_boost with value: 0, fd: -1
03-21 20:56:09.010   625  2778 W libperfmgr: Failed to write to node: /dev/stune/top-app/schedtune.boost with value: 10, fd: -1
03-21 20:56:09.010   625  2778 W libperfmgr: Failed to write to node: /proc/sys/kernel/sched_boost with value: 0, fd: -1
03-21 20:56:09.511   625  2778 W libperfmgr: Failed to write to node: /dev/stune/top-app/schedtune.boost with value: 10, fd: -1
03-21 20:56:09.511   625  2778 W libperfmgr: Failed to write to node: /proc/sys/kernel/sched_boost with value: 0, fd: -1
03-21 20:56:10.011   625  2778 W libperfmgr: Failed to write to node: /dev/stune/top-app/schedtune.boost with value: 10, fd: -1
03-21 20:56:10.011   625  2778 W libperfmgr: Failed to write to node: /proc/sys/kernel/sched_boost with value: 0, fd: -1
03-21 20:56:10.511   625  2778 W libperfmgr: Failed to write to node: /dev/stune/top-app/schedtune.boost with value: 10, fd: -1
03-21 20:56:10.511   625  2778 W libperfmgr: Failed to write to node: /proc/sys/kernel/sched_boost with value: 0, fd: -1
03-21 20:56:10.723 29121 29121 W libbinder.BackendUnifiedServiceManager: Thread Pool max thread count is 0. Cannot cache binder as linkToDeath cannot be implemented. serviceName: deviceidle
03-21 20:56:10.807 29123 29123 W libbinder.BackendUnifiedServiceManager: Thread Pool max thread count is 0. Cannot cache binder as linkToDeath cannot be implemented. serviceName: battery
03-21 20:56:10.892 29125 29125 W libbinder.BackendUnifiedServiceManager: Thread Pool max thread count is 0. Cannot cache binder as linkToDeath cannot be implemented. serviceName: deviceidle
03-21 20:56:11.011   625  2778 W libperfmgr: Failed to write to node: /dev/stune/top-app/schedtune.boost with value: 10, fd: -1
03-21 20:56:11.011   625  2778 W libperfmgr: Failed to write to node: /proc/sys/kernel/sched_boost with value: 0, fd: -1
03-21 20:56:11.512   625  2778 W libperfmgr: Failed to write to node: /dev/stune/top-app/schedtune.boost with value: 10, fd: -1
03-21 20:56:11.512   625  2778 W libperfmgr: Failed to write to node: /proc/sys/kernel/sched_boost with value: 0, fd: -1
03-21 20:56:12.012   625  2778 W libperfmgr: Failed to write to node: /dev/stune/top-app/schedtune.boost with value: 10, fd: -1
03-21 20:56:12.012   625  2778 W libperfmgr: Failed to write to node: /proc/sys/kernel/sched_boost with value: 0, fd: -1
03-21 20:56:12.512   625  2778 W libperfmgr: Failed to write to node: /dev/stune/top-app/schedtune.boost with value: 10, fd: -1
03-21 20:56:12.512   625  2778 W libperfmgr: Failed to write to node: /proc/sys/kernel/sched_boost with value: 0, fd: -1
03-21 20:56:13.012   625  2778 W libperfmgr: Failed to write to node: /dev/stune/top-app/schedtune.boost with value: 10, fd: -1
03-21 20:56:13.012   625  2778 W libperfmgr: Failed to write to node: /proc/sys/kernel/sched_boost with value: 0, fd: -1
03-21 20:56:13.513   625  2778 W libperfmgr: Failed to write to node: /dev/stune/top-app/schedtune.boost with value: 10, fd: -1
03-21 20:56:13.513   625  2778 W libperfmgr: Failed to write to node: /proc/sys/kernel/sched_boost with value: 0, fd: -1
03-21 20:56:14.013   625  2778 W libperfmgr: Failed to write to node: /dev/stune/top-app/schedtune.boost with value: 10, fd: -1
03-21 20:56:14.013   625  2778 W libperfmgr: Failed to write to node: /proc/sys/kernel/sched_boost with value: 0, fd: -1
03-21 20:56:14.513   625  2778 W libperfmgr: Failed to write to node: /dev/stune/top-app/schedtune.boost with value: 10, fd: -1
03-21 20:56:14.513   625  2778 W libperfmgr: Failed to write to node: /proc/sys/kernel/sched_boost with value: 0, fd: -1
03-21 20:56:15.013   625  2778 W libperfmgr: Failed to write to node: /dev/stune/top-app/schedtune.boost with value: 10, fd: -1
03-21 20:56:15.013   625  2778 W libperfmgr: Failed to write to node: /proc/sys/kernel/sched_boost with value: 0, fd: -1
03-21 20:56:15.055   877   924 W AString : ctor got NULL, using empty string instead
03-21 20:56:15.055   877   924 I Gyroscope: write temp cali: [111, 1389, 2790, -52746, -13396, -161287]
03-21 20:56:15.514   625  2778 W libperfmgr: Failed to write to node: /dev/stune/top-app/schedtune.boost with value: 10, fd: -1
03-21 20:56:15.514   625  2778 W libperfmgr: Failed to write to node: /proc/sys/kernel/sched_boost with value: 0, fd: -1
03-21 20:56:16.014   625  2778 W libperfmgr: Failed to write to node: /dev/stune/top-app/schedtune.boost with value: 10, fd: -1
03-21 20:56:16.014   625  2778 W libperfmgr: Failed to write to node: /proc/sys/kernel/sched_boost with value: 0, fd: -1
03-21 20:56:16.514   625  2778 W libperfmgr: Failed to write to node: /dev/stune/top-app/schedtune.boost with value: 10, fd: -1
03-21 20:56:16.514   625  2778 W libperfmgr: Failed to write to node: /proc/sys/kernel/sched_boost with value: 0, fd: -1
03-21 20:56:16.978 29127 29127 W libbinder.BackendUnifiedServiceManager: Thread Pool max thread count is 0. Cannot cache binder as linkToDeath cannot be implemented. serviceName: deviceidle
03-21 20:56:17.014   625  2778 W libperfmgr: Failed to write to node: /dev/stune/top-app/schedtune.boost with value: 10, fd: -1
03-21 20:56:17.015   625  2778 W libperfmgr: Failed to write to node: /proc/sys/kernel/sched_boost with value: 0, fd: -1
03-21 20:56:17.066 29129 29129 W libbinder.BackendUnifiedServiceManager: Thread Pool max thread count is 0. Cannot cache binder as linkToDeath cannot be implemented. serviceName: battery
03-21 20:56:17.153 29131 29131 W libbinder.BackendUnifiedServiceManager: Thread Pool max thread count is 0. Cannot cache binder as linkToDeath cannot be implemented. serviceName: deviceidle
03-21 20:56:17.515   625  2778 W libperfmgr: Failed to write to node: /dev/stune/top-app/schedtune.boost with value: 10, fd: -1
03-21 20:56:17.515   625  2778 W libperfmgr: Failed to write to node: /proc/sys/kernel/sched_boost with value: 0, fd: -1
03-21 20:56:17.777  2458 28946 I .gms.persistent: Explicit concurrent mark compact GC freed 10019KB AllocSpace bytes, 9(392KB) LOS objects, 50% free, 22MB/45MB, paused 3.133ms,17.572ms total 847.534ms
03-21 20:56:17.825   877   924 E Situation: processEvent, handle:24, flush_action:0
03-21 20:56:18.015   625  2778 W libperfmgr: Failed to write to node: /dev/stune/top-app/schedtune.boost with value: 10, fd: -1
03-21 20:56:18.015   625  2778 W libperfmgr: Failed to write to node: /proc/sys/kernel/sched_boost with value: 0, fd: -1
03-21 20:56:18.515   625  2778 W libperfmgr: Failed to write to node: /dev/stune/top-app/schedtune.boost with value: 10, fd: -1
03-21 20:56:18.515   625  2778 W libperfmgr: Failed to write to node: /proc/sys/kernel/sched_boost with value: 0, fd: -1
03-21 20:56:19.016   625  2778 W libperfmgr: Failed to write to node: /dev/stune/top-app/schedtune.boost with value: 10, fd: -1
03-21 20:56:19.016   625  2778 W libperfmgr: Failed to write to node: /proc/sys/kernel/sched_boost with value: 0, fd: -1
03-21 20:56:19.516   625  2778 W libperfmgr: Failed to write to node: /dev/stune/top-app/schedtune.boost with value: 10, fd: -1
03-21 20:56:19.516   625  2778 W libperfmgr: Failed to write to node: /proc/sys/kernel/sched_boost with value: 0, fd: -1
03-21 20:56:20.016   625  2778 W libperfmgr: Failed to write to node: /dev/stune/top-app/schedtune.boost with value: 10, fd: -1
03-21 20:56:20.016   625  2778 W libperfmgr: Failed to write to node: /proc/sys/kernel/sched_boost with value: 0, fd: -1
03-21 20:56:20.516   625  2778 W libperfmgr: Failed to write to node: /dev/stune/top-app/schedtune.boost with value: 10, fd: -1
03-21 20:56:20.517   625  2778 W libperfmgr: Failed to write to node: /proc/sys/kernel/sched_boost with value: 0, fd: -1
03-21 20:56:20.991   852  1052 I hwcomposer: [XMFP]: Receive panel on event!
03-21 20:56:20.991   852  1052 I hwcomposer: [HWCDisplay] [XMFP]: Display(0) SetPowerMode(2) fp_parallel:1  
03-21 20:56:20.997  1151  1333 E [GF_HAL][gf_hal_milan]: [hal_milan_invoke_command] err=GF_SUCCESS, errno=0. reset g_hal_over_current_count to 0!
03-21 20:56:20.997  1151  1333 I [GF_HAL][gf_hal_milan]: [irq_pre_process] irq_type=[GF_IRQ_FINGER_DOWN_MASK], irq_type=0x0002
03-21 20:56:20.997  1151  1333 E [GF_HAL][gf_hal_common]: [gf_hal_notify_perf_lock] notify perf lock message GF_FINGERPRINT_TEST_CMD.
03-21 20:56:21.044   625  2778 W libperfmgr: Failed to write to node: /dev/stune/top-app/schedtune.boost with value: 10, fd: -1
03-21 20:56:21.045   625  2778 W libperfmgr: Failed to write to node: /proc/sys/kernel/sched_boost with value: 0, fd: -1
03-21 20:56:21.089  1151  1333 E [GF_HAL][gf_hal_milan]: [hal_milan_invoke_command] err=GF_ERROR_MATCH_FAIL_AND_RETRY, errno=1064. reset g_hal_over_current_count to 0!
03-21 20:56:21.089  1151  1333 E [GF_HAL][gf_hal_milan]: [hal_milan_invoke_command] exit. err=GF_ERROR_MATCH_FAIL_AND_RETRY, errno=1064
03-21 20:56:21.089  1151  1333 E [GF_HAL][gf_hal_common]: [gf_hal_invoke_command] exit. err=GF_ERROR_MATCH_FAIL_AND_RETRY, errno=1064
03-21 20:56:21.089  1151  1333 E [GF_HAL][gf_hal_milan]: [irq_pre_process] exit. err=GF_ERROR_MATCH_FAIL_AND_RETRY, errno=1064
03-21 20:56:21.089  1151  1333 I [GF_HAL][gf_hal_milan]: [irq_image_enroll_or_authenticate] match fail and retry
03-21 20:56:21.089  1151  1333 W libc    : Access denied finding property "gf.debug.dump_data"
03-21 20:56:21.089  1151  1333 W libc    : Access denied finding property "gf.debug.dump_data"
03-21 20:56:21.084  1151  1151 W android.hardwar: type=1400 audit(0.0:1571): avc:  denied  { read } for  name="u:object_r:default_prop:s0" dev="tmpfs" ino=8926 scontext=u:r:hal_fingerprint_default:s0 tcontext=u:object_r:default_prop:s0 tclass=file permissive=0
03-21 20:56:21.084  1151  1151 W android.hardwar: type=1400 audit(0.0:1572): avc:  denied  { read } for  name="u:object_r:default_prop:s0" dev="tmpfs" ino=8926 scontext=u:r:hal_fingerprint_default:s0 tcontext=u:object_r:default_prop:s0 tclass=file permissive=0
03-21 20:56:21.190  1151  1333 E [GF_HAL][gf_hal_milan]: [hal_milan_invoke_command] err=GF_ERROR_NOT_MATCH, errno=1006. reset g_hal_over_current_count to 0!
03-21 20:56:21.190  1151  1333 E [GF_HAL][gf_hal_milan]: [hal_milan_invoke_command] exit. err=GF_ERROR_NOT_MATCH, errno=1006
03-21 20:56:21.190  1151  1333 E [GF_HAL][gf_hal_common]: [gf_hal_invoke_command] exit. err=GF_ERROR_NOT_MATCH, errno=1006
03-21 20:56:21.191  1151  1333 E [GF_HAL][gf_hal_frr_database]: [writeXiaomiDataToRecordFile] /sdcard/MIUI/debug_log/1.dat can't open file. err=GF_ERROR_FILE_OPEN_FAILED, errno=1078
03-21 20:56:21.191  1151  1333 E [GF_HAL][gf_hal_frr_database]: [writeXiaomiDataToRecordFile] exit. err=GF_ERROR_FILE_OPEN_FAILED, errno=1078
03-21 20:56:21.191  1151  1333 I [GF_HAL][gf_hal_common]: [gf_hal_common_authenticate_not_match]     image_quality=87
03-21 20:56:21.191  1151  1333 I [GF_HAL][gf_hal_common]: [gf_hal_common_authenticate_not_match]        valid_area=100
03-21 20:56:21.191  1151  1333 I [GF_HAL][gf_hal_common]: [gf_hal_common_authenticate_not_match]     key_point_num=120
03-21 20:56:21.191  1151  1333 I [GF_HAL][gf_hal_common]: [gf_hal_common_authenticate_not_match]       match_score=0
03-21 20:56:21.191  1151  1333 I [GF_HAL][gf_hal_common]: [gf_hal_common_authenticate_not_match] polling_image_time=0ms
03-21 20:56:21.191  1151  1333 I [GF_HAL][gf_hal_common]: [gf_hal_common_authenticate_not_match] get_raw_data_time=15ms
03-21 20:56:21.191  1151  1333 I [GF_HAL][gf_hal_common]: [gf_hal_common_authenticate_not_match]   preprocess_time=23ms
03-21 20:56:21.191  1151  1333 I [GF_HAL][gf_hal_common]: [gf_hal_common_authenticate_not_match]  get_feature_time=26ms
03-21 20:56:21.191  1151  1333 I [GF_HAL][gf_hal_common]: [gf_hal_common_authenticate_not_match] authenticate_time=19ms
03-21 20:56:21.191  1151  1333 I [GF_HAL][gf_hal_common]: [gf_hal_common_authenticate_not_match] KPI time=83ms
03-21 20:56:21.191  1151  1333 I [GF_HAL][gf_hal_common]: [gf_hal_common_authenticate_not_match]        total time=199ms
03-21 20:56:21.192  1151  1333 E [GF_HAL][gf_hal_frr_database]: [gf_hal_write_auth_record] /data/vendor/goodix/gf_data/auth_ratio_database.db can't open file. err=GF_ERROR_FILE_OPEN_FAILED, errno=1078
03-21 20:56:21.192  1151  1333 E [GF_HAL][gf_hal_frr_database]: [gf_hal_write_auth_record] exit. err=GF_ERROR_FILE_OPEN_FAILED, errno=1078
03-21 20:56:21.192  1151  1333 E [GF_HAL][gf_hal_frr_database]: [gf_hal_save_auth_ratio_record] exit. err=GF_ERROR_FILE_OPEN_FAILED, errno=1078
03-21 20:56:21.192  1151  1333 I [GF_HAL][gf_hal_frr_database]: [gf_hal_handle_frr_database] frr database file and dir not exist 
03-21 20:56:21.192  1151  1333 E cutils  : Failed to open(/): Permission denied
03-21 20:56:21.192  1151  1333 E [GF_HAL][gf_hal_frr_database]: [gf_hal_handle_frr_database] mkdir /data/vendor/goodix/gf_data/ failed. ret=-13
03-21 20:56:21.192  1151  1333 E [GF_HAL][gf_hal_frr_database]: [gf_hal_handle_frr_database] exit. err=GF_ERROR_MKDIR_FAILED, errno=1077
03-21 20:56:21.192  1151  1333 W libc    : Access denied finding property "gf.debug.dump_data"
03-21 20:56:21.192  1151  1333 W libc    : Access denied finding property "gf.debug.dump_data"
03-21 20:56:21.192  1151  1333 E [GF_HAL][gf_hal_milan]: [hal_milan_irq] exit. err=GF_ERROR_NOT_MATCH, errno=1006
03-21 20:56:21.192  1151  1333 E [GF_HAL][gf_hal]: [gf_hal_irq] exit. err=GF_ERROR_NOT_MATCH, errno=1006
03-21 20:56:21.188  1151  1151 W android.hardwar: type=1400 audit(0.0:1573): avc:  denied  { read } for  name="/" dev="dm-0" ino=2 scontext=u:r:hal_fingerprint_default:s0 tcontext=u:object_r:rootfs:s0 tclass=dir permissive=0
03-21 20:56:21.188  1151  1151 W android.hardwar: type=1400 audit(0.0:1574): avc:  denied  { read } for  name="u:object_r:default_prop:s0" dev="tmpfs" ino=8926 scontext=u:r:hal_fingerprint_default:s0 tcontext=u:object_r:default_prop:s0 tclass=file permissive=0
03-21 20:56:21.188  1151  1151 W android.hardwar: type=1400 audit(0.0:1575): avc:  denied  { read } for  name="u:object_r:default_prop:s0" dev="tmpfs" ino=8926 scontext=u:r:hal_fingerprint_default:s0 tcontext=u:object_r:default_prop:s0 tclass=file permissive=0
03-21 20:56:21.193   877   877 I Light   : batch: handle:4, flag:0,samplingPeriodNs:200000000 maxBatchReportLatencyNs:0
03-21 20:56:21.195   877   877 I Light   : enable: handle:4, en:1 
03-21 20:56:21.196  1587  1973 W AuthenticationClient: Allowing background authentication, this is allowed only for platform or test invocations
03-21 20:56:21.197  1587  1973 I AuthenticationPolicyService: AuthenticationStateListener#onAuthenticationFailed
03-21 20:56:21.197  1587  1587 I AuthenticationPolicyService: reportAuthAttempt: numFailedAttempts=1, userId=0
03-21 20:56:21.213  2458 28946 E ixwu    : *~*~*~ Previous channel {0} was garbage collected without being shut down! ~*~*~*
03-21 20:56:21.213  2458 28946 E ixwu    :     Make sure to call shutdown()/shutdownNow()
03-21 20:56:21.213  2458 28946 E ixwu    : java.lang.RuntimeException: ManagedChannel allocation site
03-21 20:56:21.213  2458 28946 E ixwu    : 	at ixwt.<init>(:com.google.android.gms@261035035@26.10.35 (260400-885717106):21)
03-21 20:56:21.213  2458 28946 E ixwu    : 	at ixwu.<init>(:com.google.android.gms@261035035@26.10.35 (260400-885717106):10)
03-21 20:56:21.213  2458 28946 E ixwu    : 	at ixws.a(:com.google.android.gms@261035035@26.10.35 (260400-885717106):296)
03-21 20:56:21.213  2458 28946 E ixwu    : 	at ixel.a(:com.google.android.gms@261035035@26.10.35 (260400-885717106):5)
03-21 20:56:21.213  2458 28946 E ixwu    : 	at cxjh.h(:com.google.android.gms@261035035@26.10.35 (260400-885717106):150)
03-21 20:56:21.213  2458 28946 E ixwu    : 	at himo.a(:com.google.android.gms@261035035@26.10.35 (260400-885717106):142)
03-21 20:56:21.213  2458 28946 E ixwu    : 	at gwat.a(:com.google.android.gms@261035035@26.10.35 (260400-885717106):13)
03-21 20:56:21.213  2458 28946 E ixwu    : 	at hezf.a(:com.google.android.gms@261035035@26.10.35 (260400-885717106):3)
03-21 20:56:21.213  2458 28946 E ixwu    : 	at heyg.run(:com.google.android.gms@261035035@26.10.35 (260400-885717106):19)
03-21 20:56:21.213  2458 28946 E ixwu    : 	at hezh.run(:com.google.android.gms@261035035@26.10.35 (260400-885717106):5)
03-21 20:56:21.213  2458 28946 E ixwu    : 	at bhxh.c(:com.google.android.gms@261035035@26.10.35 (260400-885717106):50)
03-21 20:56:21.213  2458 28946 E ixwu    : 	at bhxh.run(:com.google.android.gms@261035035@26.10.35 (260400-885717106):73)
03-21 20:56:21.213  2458 28946 E ixwu    : 	at java.util.concurrent.ThreadPoolExecutor.runWorker(ThreadPoolExecutor.java:1154)
03-21 20:56:21.213  2458 28946 E ixwu    : 	at java.util.concurrent.ThreadPoolExecutor$Worker.run(ThreadPoolExecutor.java:652)
03-21 20:56:21.213  2458 28946 E ixwu    : 	at bicy.run(:com.google.android.gms@261035035@26.10.35 (260400-885717106):8)
03-21 20:56:21.213  2458 28946 E ixwu    : 	at java.lang.Thread.run(Thread.java:1563)
03-21 20:56:21.251  1151  1333 I [GF_HAL][gf_hal]: [gf_hal_screen_on]
03-21 20:56:21.252  1151  1333 E [GF_HAL][gf_hal_milan]: [hal_milan_invoke_command] err=GF_SUCCESS, errno=0. reset g_hal_over_current_count to 0!
03-21 20:56:21.403   877   877 I Light   : enable: handle:4, en:0 
03-21 20:56:21.405  1587  1973 W BiometricFrameworkStatsLogger: found a negative latency : -1
03-21 20:56:21.545   625  2778 W libperfmgr: Failed to write to node: /dev/stune/top-app/schedtune.boost with value: 10, fd: -1
03-21 20:56:21.545   625  2778 W libperfmgr: Failed to write to node: /proc/sys/kernel/sched_boost with value: 0, fd: -1
03-21 20:56:21.923   877   924 E Situation: processEvent, handle:24, flush_action:0
03-21 20:56:21.932  1587  3186 I PowerGroup: Waking up power group from Dozing (groupId=0, uid=10325, reason=WAKE_REASON_LIFT, details=com.android.systemui:NODOZE pickup)...
03-21 20:56:21.933  1587  3186 I PowerGroup: dreamManagerAttemptedDozing status changed to false for group 0
03-21 20:56:21.933  1587  3186 I PowerManagerService: Waking up from Dozing (uid=10325, reason=WAKE_REASON_LIFT, details=com.android.systemui:NODOZE pickup)...
03-21 20:56:21.936  1587  1708 I DisplayPowerController[0]: Blocking screen on until initial contents have been drawn.
03-21 20:56:21.937  1587  1708 I DisplayPowerController: Window Manager Policy screenTurningOn complete
03-21 20:56:21.938  1587  1708 I DisplayBrightnessStrategySelector: Changing the DisplayBrightnessStrategy from ScreenOffBrightnessStrategy to FallbackBrightnessStrategy for display 0
03-21 20:56:21.939  1587  1708 I DisplayPowerController[0]: BrightnessEvent: brt=1.0(100.0%), nits=700.0, lux=-1.0, reason=manual, strat=FallbackBrightnessStrategy, state=ON, stateReason=DEFAULT_POLICY, policy=BRIGHT, flags=, initBrt=0.0, rcmdBrt=NaN, preBrt=NaN, preLux=0.0, wasShortTermModelActive=false, autoBrightness=false (default), unclampedBrt=1.0, hbmMax=1.0, hbmMode=sunlight, thrmMax=1.0, rbcStrength=50, powerFactor=1.0, physDisp=Built-in Screen(local:4627039422300187648), logicalId=0, slowChange=false, rampSpeed=0.0
03-21 20:56:21.941   579   579 I [mTEE]  :  come into the TZ_VFS_OPEN function
03-21 20:56:21.941   877   877 E SensorManager: Correct handle(24) mindelay: 200000000 old: 1000000
03-21 20:56:21.944   579   579 I [mTEE]  :  come into the TZ_VFS_OPEN function
03-21 20:56:21.945  1587  1655 I DisplayDeviceRepository: Display device changed state: "Built-in Screen", ON
03-21 20:56:21.945  1587  1655 I InputManager-JNI: Viewport [0] to add: local:4627039422300187648, isActive: true
03-21 20:56:21.945   852   992 I hwcomposer: [HWCDisplay] [XMFP]: Display(0) SetPowerMode(2) fp_parallel:0  
03-21 20:56:21.946   579   579 I [mTEE]  :  come into the TZ_VFS_OPEN function
03-21 20:56:21.947  1587  1903 I InputReader: Reconfiguring input devices, changes=DISPLAY_INFO
03-21 20:56:21.947   625  2778 W libperfmgr: Failed to write to node: /dev/stune/top-app/schedtune.boost with value: 10, fd: -1
03-21 20:56:21.947   625  2778 W libperfmgr: Failed to write to node: /proc/sys/kernel/sched_boost with value: 0, fd: -1
03-21 20:56:21.947  1587  1903 I InputReader: Device reconfigured: id=4, name='fts_ts', size 1080x2400, orientation Rotation0, mode DIRECT, display id 0
03-21 20:56:21.948   579   579 I [mTEE]  :  come into the TZ_VFS_OPEN function
03-21 20:56:21.952   579   579 I [mTEE]  :  come into the TZ_VFS_OPEN function
03-21 20:56:21.953   852   992 I hwcomposer: [HWCDisplay] [Display_0 (type:1)] fps:0.211516,dur:37822.24,max:37741.33,min:11.06  
03-21 20:56:21.953   852  1056 E hwcomposer: [JOB] (0) Handle a job with no visible layer  
03-21 20:56:21.953   579   579 I [mTEE]  :  come into the TZ_VFS_OPEN function
03-21 20:56:21.954   844   878 I netd    : tetherGetStats() -> {[]} <2.40ms>
03-21 20:56:21.955  1587  1997 I LocalDisplayAdapter: SF.setDisplayPowerMode took 12ms
03-21 20:56:21.956  1587  1657 I DisplayDevice: [0] Layerstack set to 0 for local:4627039422300187648
03-21 20:56:21.958  1587  1680 W libprocessgroup: SetCgroup::ExecuteForProcess: failed to open /dev/stune/top-app/cgroup.procs: No such file or directory
03-21 20:56:21.961  2034  2034 E NotifRow: Magnetic state changed from IDLE to IDLE on a null swiped listener, or the logging key of the listener is null
03-21 20:56:21.968   888  2646 W StNfcHal: ! i2cWrite!!, errno is 'I/O error'
03-21 20:56:21.968   914   914 I SurfaceFlinger: Display 4627039422300187648 policy changed
03-21 20:56:21.968   914   914 I SurfaceFlinger: Previous: {defaultModeId=0, allowGroupSwitching=false, primaryRanges={physical=[0.00 Hz, 90.00 Hz], render=[0.00 Hz, 60.00 Hz]}, appRequestRanges={physical=[0.00 Hz, 90.00 Hz], render=[0.00 Hz, 60.00 Hz]} idleScreenConfig=nullptr}
03-21 20:56:21.968   914   914 I SurfaceFlinger: Current:  DisplayManagerPolicy{defaultModeId=1, allowGroupSwitching=false, primaryRanges={physical=[90.00 Hz, 90.00 Hz], render=[90.00 Hz, 90.00 Hz]}, appRequestRanges={physical=[0.00 Hz, 90.00 Hz], render=[0.00 Hz, 90.00 Hz]} idleScreenConfig=nullptr}
03-21 20:56:21.968   914   914 I SurfaceFlinger: 1 mode changes were performed under the previous policy
03-21 20:56:21.969   579   579 I [mTEE]  :  come into the TZ_VFS_OPEN function
03-21 20:56:21.970   579   579 I [mTEE]  :  come into the TZ_VFS_OPEN function
03-21 20:56:21.971   579   579 I [mTEE]  :  come into the TZ_VFS_OPEN function
03-21 20:56:21.972   579   579 I [mTEE]  :  come into the TZ_VFS_OPEN function
03-21 20:56:21.972   888  2646 W StNfcHal: Idle data: 2nd byte is 0x40
03-21 20:56:21.972   888  2646 W StNfcHal: , reading next 2 bytes
03-21 20:56:21.973   877   877 E sensors.elliptic@2.0: Elliptic: batch() 0
03-21 20:56:21.973   852   992 I hwcomposer: [HWC] (0) displaySetActiveConfig config:1  
03-21 20:56:21.974   877   877 E sensors.elliptic@2.0: Elliptic: activate() 0, 1
03-21 20:56:21.975  1587  1972 I MR2ServiceImpl: Updating composite discovery preference | preference: RouteDiscoveryRequest{ preferredFeatures={}, activeScan=false }, active routers: []
03-21 20:56:21.976   579   579 I [mTEE]  :  come into the TZ_VFS_OPEN function
03-21 20:56:21.976   579   579 I [mTEE]  :  come into the TZ_VFS_OPEN function
03-21 20:56:21.976   914   914 I SurfaceFlinger: Display 4627039422300187648 policy changed
03-21 20:56:21.976   914   914 I SurfaceFlinger: Previous: {defaultModeId=1, allowGroupSwitching=false, primaryRanges={physical=[90.00 Hz, 90.00 Hz], render=[90.00 Hz, 90.00 Hz]}, appRequestRanges={physical=[0.00 Hz, 90.00 Hz], render=[0.00 Hz, 90.00 Hz]} idleScreenConfig=nullptr}
03-21 20:56:21.976   914   914 I SurfaceFlinger: Current:  DisplayManagerPolicy{defaultModeId=1, allowGroupSwitching=false, primaryRanges={physical=[90.00 Hz, 90.00 Hz], render=[90.00 Hz, 90.00 Hz]}, appRequestRanges={physical=[90.00 Hz, 90.00 Hz], render=[90.00 Hz, 90.00 Hz]} idleScreenConfig=nullptr}
03-21 20:56:21.976   914   914 I SurfaceFlinger: 1 mode changes were performed under the previous policy
03-21 20:56:21.978   888  2646 W StNfcHal: Idle data: 2nd byte is 0x40
03-21 20:56:21.978   888  2646 W StNfcHal: , reading next 2 bytes
03-21 20:56:21.980   877   877 I Accelerometer: batch: handle:0, flag:0,samplingPeriodNs:80000000 maxBatchReportLatencyNs:2000000000
03-21 20:56:21.980   877   906 I Elliptic: nsorBase.h(74) : I : ACTIVATE sensor with Handle = 0
03-21 20:56:21.980   877   877 I Accelerometer: enable: handle:0, en:1
03-21 20:56:21.982  1587  1655 I DisplayDeviceRepository: Display device changed render timings: "Built-in Screen", renderFrameRate=90.0, presentationDeadlineNanos=17111111, appVsyncOffsetNanos=1000000, frameRateOverrides=[]
03-21 20:56:21.985  3073  3073 I PkDeviceHelper: PkDeviceHelper.refreshDevices():87 refreshing devices
03-21 20:56:21.985  3073 29137 I DeviceStatusMonitor: DeviceStatusMonitor.handleBroadcast():138 onReceive() : Action = android.intent.action.SCREEN_ON
03-21 20:56:21.985  3073 29137 I DeviceStatusMonitor: DeviceStatusMonitor.updateCountryInfo():154 updateCountryInfo(), notifyAnyway = false
03-21 20:56:21.999  1151  1333 E [GF_HAL][gf_hal_milan]: [hal_milan_invoke_command] err=GF_SUCCESS, errno=0. reset g_hal_over_current_count to 0!
03-21 20:56:21.999  1151  1333 I [GF_HAL][gf_hal_milan]: [irq_pre_process] irq_type=[GF_IRQ_FINGER_UP_MASK], irq_type=0x0004
03-21 20:56:21.999  1151  1333 W libc    : Access denied finding property "gf.debug.dump_data"
03-21 20:56:21.999  1151  1333 W libc    : Access denied finding property "gf.debug.dump_data"
03-21 20:56:22.001  1151  1333 E [GF_HAL][gf_hal_milan]: [hal_milan_invoke_command] err=GF_SUCCESS, errno=0. reset g_hal_over_current_count to 0!
03-21 20:56:22.001  1151  1333 I [GF_HAL][gf_hal_milan]: [irq_pre_process] irq_type=INVALID_IRQ_TYPE, irq_type=0x0000
03-21 20:56:22.001  1151  1333 I [GF_HAL][gf_hal_milan]: [irq_process] invalid irq type 0
03-21 20:56:22.004  1587  1927 E SupplicantStaIfaceHalAidlImpl: ISupplicantStaIface.setSuspendModeEnabled failed with service specific exception: 
03-21 20:56:22.004  1587  1927 E SupplicantStaIfaceHalAidlImpl: android.os.ServiceSpecificException:  (code 1)
03-21 20:56:22.004  1587  1927 E SupplicantStaIfaceHalAidlImpl: 	at android.os.Parcel.createExceptionOrNull(Parcel.java:3387)
03-21 20:56:22.004  1587  1927 E SupplicantStaIfaceHalAidlImpl: 	at android.os.Parcel.createException(Parcel.java:3357)
03-21 20:56:22.004  1587  1927 E SupplicantStaIfaceHalAidlImpl: 	at android.os.Parcel.readException(Parcel.java:3340)
03-21 20:56:22.004  1587  1927 E SupplicantStaIfaceHalAidlImpl: 	at android.os.Parcel.readException(Parcel.java:3282)
03-21 20:56:22.004  1587  1927 E SupplicantStaIfaceHalAidlImpl: 	at com.android.wifi.x.android.hardware.wifi.supplicant.ISupplicantStaIface$Stub$Proxy.setSuspendModeEnabled(ISupplicantStaIface.java:2962)
03-21 20:56:22.004  1587  1927 E SupplicantStaIfaceHalAidlImpl: 	at com.android.server.wifi.SupplicantStaIfaceHalAidlImpl.setSuspendModeEnabled(SupplicantStaIfaceHalAidlImpl.java:2094)
03-21 20:56:22.004  1587  1927 E SupplicantStaIfaceHalAidlImpl: 	at com.android.server.wifi.SupplicantStaIfaceHal.setSuspendModeEnabled(SupplicantStaIfaceHal.java:1722)
03-21 20:56:22.004  1587  1927 E SupplicantStaIfaceHalAidlImpl: 	at com.android.server.wifi.WifiNative.setSuspendOptimizations(WifiNative.java:2831)
03-21 20:56:22.004  1587  1927 E SupplicantStaIfaceHalAidlImpl: 	at com.android.server.wifi.ClientModeImpl.setSuspendOptimizationsNative(ClientModeImpl.java:2763)
03-21 20:56:22.004  1587  1927 E SupplicantStaIfaceHalAidlImpl: 	at com.android.server.wifi.ClientModeImpl.-$$Nest$msetSuspendOptimizationsNative(ClientModeImpl.java:0)
03-21 20:56:22.004  1587  1927 E SupplicantStaIfaceHalAidlImpl: 	at com.android.server.wifi.ClientModeImpl$ConnectableState.processMessageImpl(ClientModeImpl.java:5053)
03-21 20:56:22.004  1587  1927 E SupplicantStaIfaceHalAidlImpl: 	at com.android.server.wifi.RunnerState.processMessage(RunnerState.java:82)
03-21 20:56:22.004  1587  1927 E SupplicantStaIfaceHalAidlImpl: 	at com.android.wifi.x.com.android.internal.util.StateMachine$SmHandler.processMsg(StateMachine.java:1007)
03-21 20:56:22.004  1587  1927 E SupplicantStaIfaceHalAidlImpl: 	at com.android.wifi.x.com.android.internal.util.StateMachine$SmHandler.handleMessage(StateMachine.java:820)
03-21 20:56:22.004  1587  1927 E SupplicantStaIfaceHalAidlImpl: 	at android.os.Handler.dispatchMessage(Handler.java:132)
03-21 20:56:22.004  1587  1927 E SupplicantStaIfaceHalAidlImpl: 	at android.os.Looper.dispatchMessage(Looper.java:333)
03-21 20:56:22.004  1587  1927 E SupplicantStaIfaceHalAidlImpl: 	at android.os.Looper.loopOnce(Looper.java:263)
03-21 20:56:22.004  1587  1927 E SupplicantStaIfaceHalAidlImpl: 	at android.os.Looper.loop(Looper.java:367)
03-21 20:56:22.004  1587  1927 E SupplicantStaIfaceHalAidlImpl: 	at android.os.HandlerThread.run(HandlerThread.java:139)
03-21 20:56:22.004   844   878 I netd    : networkAddUidRangesParcel(NativeUidRangeConfig{netId: 102, uidRanges: [UidRangeParcel{start: 0, stop: 2147483647}], subPriority: 998}) <0.42ms>
03-21 20:56:22.005   914   988 E surfaceflinger: == MALI DEBUG ===eglp_winsys_populate_image_templates ==12288
03-21 20:56:22.005   844   878 I netd    : networkRemoveUidRangesParcel(NativeUidRangeConfig{netId: 102, uidRanges: [UidRangeParcel{start: 0, stop: 2147483647}], subPriority: 998}) <0.34ms>
03-21 20:56:22.006  1587  1673 I ActivityManager: Start proc 29140:com.google.android.googlequicksearchbox:googleapp/u0a289 for broadcast {com.google.android.googlequicksearchbox/com.google.android.apps.search.widgets.stocks.StocksWidgetReceiver}
03-21 20:56:22.013  2458 19816 I NullBinder: NullBinder for android.net.action.RECOMMEND_NETWORKS triggering remote TransactionTooLargeException due to Service without Chimera impl, calling uid: 1000, calling pid: 0
03-21 20:56:22.013  2458 19816 W libbinder.Binder: Large reply transaction of 1056768 bytes, interface descriptor , code 1, flags 17
03-21 20:56:22.017   855   910 W AudioALSADeviceConfigManager: ApplyDeviceTurnoffSequenceByName(), DeviceName = ultrasound-proximity-speaker DeviceStatusCounter < 0
03-21 20:56:22.018  2034  2034 I KeyguardTransitionRepository: STARTED transition: TransitionStep(from=DOZING, to=LOCKSCREEN, value=0.0, transitionState=STARTED, ownerName=FromDozingTransitionInteractor(listenForDozingToAny))
03-21 20:56:22.018   914   988 E surfaceflinger: == MALI DEBUG ===eglp_winsys_populate_image_templates ==12288
03-21 20:56:22.020   877   877 I Situation: batch: handle:26, flag:0,samplingPeriodNs:66667000 maxBatchReportLatencyNs:0
03-21 20:56:22.020  1587  1708 I DisplayPowerController[0]: Unblocked screen on after 83 ms
03-21 20:56:22.020   877   877 I Situation: enable: handle:26, en:1 
03-21 20:56:22.021   877   877 I Light   : batch: handle:4, flag:0,samplingPeriodNs:200000000 maxBatchReportLatencyNs:0
03-21 20:56:22.021   877   877 I Light   : enable: handle:4, en:1 
03-21 20:56:22.022  1587  1708 I DreamManagerService: Gently waking up from dream.
03-21 20:56:22.023  1032  1082 E flp     : mnld_screen_monitor_thread: Screen on
03-21 20:56:22.023  1032  1082 E flp     : mnld_screen_monitor_thread: Wake Monitor Restart
03-21 20:56:22.026  1151  1333 E [GF_HAL][gf_hal_milan]: [hal_milan_invoke_command] err=GF_SUCCESS, errno=0. reset g_hal_over_current_count to 0!
03-21 20:56:22.026  1151  1333 I [GF_HAL][gf_hal_milan]: [irq_pre_process] irq_type=[GF_IRQ_FINGER_DOWN_MASK], irq_type=0x0002
03-21 20:56:22.026  1151  1333 E [GF_HAL][gf_hal_common]: [gf_hal_notify_perf_lock] notify perf lock message GF_FINGERPRINT_TEST_CMD.
03-21 20:56:22.028   914   988 E surfaceflinger: == MALI DEBUG ===eglp_winsys_populate_image_templates ==12288
03-21 20:56:22.029 29140 29140 I Zygote  : Process 29140 created for com.google.android.googlequicksearchbox:googleapp
03-21 20:56:22.029  1587  2260 I DreamManagerService: Leaving dreamland.
03-21 20:56:22.030 29140 29140 I chbox:googleapp: Using CollectorTypeCMC GC.
03-21 20:56:22.031  1587  1652 I DreamController: Stopping dream: name=ComponentInfo{com.android.systemui/com.android.systemui.doze.DozeService}, isPreviewMode=false, canDoze=true, userId=0, reason='finished self'(from 'power manager request')
03-21 20:56:22.039   855   910 E AudioALSADeviceConfigManager: setMixerCtl(), Error: Unsupport mixer ctl type 6, cltName = SpkrLeft Sia81xx Audio Scene, cltValue = Playback
03-21 20:56:22.039   855   910 E AudioALSADeviceConfigManager: AUD_ASSERT(0) fail: "vendor/mediatek/proprietary/hardware/audio/common/V3/aud_drv/AudioALSADeviceConfigManager.cpp", 478L
03-21 20:56:22.039   855   910 E AudioALSADeviceConfigManager: Error: ApplyDeviceTurnonSequenceByName  cltname.string () = SpkrLeft Sia81xx Audio Scene cltvalue.string () = Playback
03-21 20:56:22.039   855   910 E AudioALSADeviceConfigManager: AUD_ASSERT(false) fail: "vendor/mediatek/proprietary/hardware/audio/common/V3/aud_drv/AudioALSADeviceConfigManager.cpp", 500L
03-21 20:56:22.039   855   910 E AudioALSADeviceConfigManager: setMixerCtl(), Error: Unsupport mixer ctl type 6, cltName = SpkrRight Sia81xx Audio Scene, cltValue = Playback
03-21 20:56:22.039   855   910 E AudioALSADeviceConfigManager: AUD_ASSERT(0) fail: "vendor/mediatek/proprietary/hardware/audio/common/V3/aud_drv/AudioALSADeviceConfigManager.cpp", 478L
03-21 20:56:22.039   855   910 E AudioALSADeviceConfigManager: Error: ApplyDeviceTurnonSequenceByName  cltname.string () = SpkrRight Sia81xx Audio Scene cltvalue.string () = Playback
03-21 20:56:22.039   855   910 E AudioALSADeviceConfigManager: AUD_ASSERT(false) fail: "vendor/mediatek/proprietary/hardware/audio/common/V3/aud_drv/AudioALSADeviceConfigManager.cpp", 500L
03-21 20:56:22.039   855   910 E AudioALSADeviceConfigManager: setMixerCtl(), Error: Unsupport mixer ctl type 6, cltName = SpkrRight Sia81xx Power, cltValue = On
03-21 20:56:22.039   855   910 E AudioALSADeviceConfigManager: AUD_ASSERT(0) fail: "vendor/mediatek/proprietary/hardware/audio/common/V3/aud_drv/AudioALSADeviceConfigManager.cpp", 478L
03-21 20:56:22.039   855   910 E AudioALSADeviceConfigManager: Error: ApplyDeviceTurnonSequenceByName  cltname.string () = SpkrRight Sia81xx Power cltvalue.string () = On
03-21 20:56:22.039   855   910 E AudioALSADeviceConfigManager: AUD_ASSERT(false) fail: "vendor/mediatek/proprietary/hardware/audio/common/V3/aud_drv/AudioALSADeviceConfigManager.cpp", 500L
03-21 20:56:22.039   855   910 E AudioALSADeviceConfigManager: setMixerCtl(), Error: Unsupport mixer ctl type 6, cltName = SpkrLeft Sia81xx Power, cltValue = On
03-21 20:56:22.039   855   910 E AudioALSADeviceConfigManager: AUD_ASSERT(0) fail: "vendor/mediatek/proprietary/hardware/audio/common/V3/aud_drv/AudioALSADeviceConfigManager.cpp", 478L
03-21 20:56:22.039   855   910 E AudioALSADeviceConfigManager: Error: ApplyDeviceTurnonSequenceByName  cltname.string () = SpkrLeft Sia81xx Power cltvalue.string () = On
03-21 20:56:22.039   855   910 E AudioALSADeviceConfigManager: AUD_ASSERT(false) fail: "vendor/mediatek/proprietary/hardware/audio/common/V3/aud_drv/AudioALSADeviceConfigManager.cpp", 500L
03-21 20:56:22.040   855   910 E AudioDspStreamManager: startTasks_l() but size 0
03-21 20:56:22.040   852  1055 W hwcomposer: [DRMDEV] paramIsSame(), id 1199, w 1080/1080, h 93/93, pitch 1088/1088, format 0x2/0x1, secure 0/0  
03-21 20:56:22.041   855   910 W AudioALSADriverUtility: mixerCtrlGetValueByName() fail, Lineout_PGAL_GAIN id 0
03-21 20:56:22.041   877   907 W Elliptic: ioNotify.h(80) : W : AudioNotify: enable >> ultrasound-proximity=1
03-21 20:56:22.042   877   877 I Situation: enable: handle:24, en:0 
03-21 20:56:22.068 29140 29140 W chbox:googleapp: Failed to find entry 'classes.dex': Entry not found
03-21 20:56:22.069 29140 29140 W chbox:googleapp: Failed to find entry 'classes.dex': Entry not found
03-21 20:56:22.069 29140 29140 W chbox:googleapp: Failed to find entry 'classes.dex': Entry not found
03-21 20:56:22.078   852  1055 W hwcomposer: [DRMDEV] paramIsSame(), id 1202, w 1080/1080, h 93/93, pitch 1088/1088, format 0x2/0x1, secure 0/0  
03-21 20:56:22.100  1151  1333 E [GF_HAL][gf_hal_milan]: [hal_milan_invoke_command] err=GF_SUCCESS, errno=0. reset g_hal_over_current_count to 0!
03-21 20:56:22.101  1151  1333 I [GF_HAL][gf_hal_common]: [hal_milan_authenticate_success]     image_quality=79
03-21 20:56:22.101  1151  1333 I [GF_HAL][gf_hal_common]: [hal_milan_authenticate_success]        valid_area=100
03-21 20:56:22.101  1151  1333 I [GF_HAL][gf_hal_common]: [hal_milan_authenticate_success]     key_point_num=120
03-21 20:56:22.101  1151  1333 I [GF_HAL][gf_hal_common]: [hal_milan_authenticate_success]       match_score=48
03-21 20:56:22.101  1151  1333 I [GF_HAL][gf_hal_common]: [hal_milan_authenticate_success] polling_image_time=0ms
03-21 20:56:22.101  1151  1333 I [GF_HAL][gf_hal_common]: [hal_milan_authenticate_success] get_raw_data_time=17ms
03-21 20:56:22.101  1151  1333 I [GF_HAL][gf_hal_common]: [hal_milan_authenticate_success]   preprocess_time=13ms
03-21 20:56:22.101  1151  1333 I [GF_HAL][gf_hal_common]: [hal_milan_authenticate_success]  get_feature_time=12ms
03-21 20:56:22.101  1151  1333 I [GF_HAL][gf_hal_common]: [hal_milan_authenticate_success] authenticate_time=6ms
03-21 20:56:22.101  1151  1333 I [GF_HAL][gf_hal_common]: [hal_milan_authenticate_success] KPI time=48ms
03-21 20:56:22.101  1151  1333 I [GF_HAL][gf_hal_common]: [hal_milan_authenticate_success]        total time=81ms
03-21 20:56:22.102  1587  1973 W AuthenticationClient: Allowing background authentication, this is allowed only for platform or test invocations
03-21 20:56:22.103  1151  1333 E [GF_HAL][gf_hal_milan]: [hal_milan_invoke_command] err=GF_SUCCESS, errno=0. reset g_hal_over_current_count to 0!
03-21 20:56:22.103  1151  1333 E [GF_HAL][gf_hal_frr_database]: [writeXiaomiDataToRecordFile] /sdcard/MIUI/debug_log/1.dat can't open file. err=GF_ERROR_FILE_OPEN_FAILED, errno=1078
03-21 20:56:22.103  1151  1333 E [GF_HAL][gf_hal_frr_database]: [writeXiaomiDataToRecordFile] exit. err=GF_ERROR_FILE_OPEN_FAILED, errno=1078
03-21 20:56:22.103  1587  1587 W SenseProvider: Ignoring lockout reset, no templates enrolled for user: 0
03-21 20:56:22.103  1151  1333 E [gf_ca_entry]: [gf_ca_invoke_command] errno:		Bad address
03-21 20:56:22.104  1151  1333 E [gf_ca_entry]: [gf_ca_invoke_command] set normal policy errr ,ret=-1 
03-21 20:56:22.104  1151  1333 E [GF_HAL][gf_hal_dump]: [gf_hal_common_dump_invoke_command] exit. err=GF_ERROR_TA_DEAD, errno=1049
03-21 20:56:22.100  1151  1151 W android.hardwar: type=1400 audit(0.0:1578): avc:  denied  { read } for  name="/" dev="dm-0" ino=2 scontext=u:r:hal_fingerprint_default:s0 tcontext=u:object_r:rootfs:s0 tclass=dir permissive=0
03-21 20:56:22.104  1151  1333 E [GF_HAL][gf_hal_frr_database]: [gf_hal_save_auth_ratio_record] get template length error
03-21 20:56:22.104  1151  1333 E [GF_HAL][gf_hal_frr_database]: [gf_hal_save_auth_ratio_record] exit. err=GF_ERROR_GENERIC, errno=1010
03-21 20:56:22.104  1151  1333 I [GF_HAL][gf_hal_frr_database]: [gf_hal_handle_frr_database] frr database file and dir not exist 
03-21 20:56:22.104  1151  1333 E cutils  : Failed to open(/): Permission denied
03-21 20:56:22.104  1151  1333 E [GF_HAL][gf_hal_frr_database]: [gf_hal_handle_frr_database] mkdir /data/vendor/goodix/gf_data/ failed. ret=-13
03-21 20:56:22.104  1151  1333 E [GF_HAL][gf_hal_frr_database]: [gf_hal_handle_frr_database] exit. err=GF_ERROR_MKDIR_FAILED, errno=1077
03-21 20:56:22.104  1151  1333 W libc    : Access denied finding property "gf.debug.dump_data"
03-21 20:56:22.104  1151  1333 W libc    : Access denied finding property "gf.debug.dump_data"
03-21 20:56:22.100  1151  1151 W android.hardwar: type=1400 audit(0.0:1579): avc:  denied  { read } for  name="u:object_r:default_prop:s0" dev="tmpfs" ino=8926 scontext=u:r:hal_fingerprint_default:s0 tcontext=u:object_r:default_prop:s0 tclass=file permissive=0
03-21 20:56:22.100  1151  1151 W android.hardwar: type=1400 audit(0.0:1580): avc:  denied  { read } for  name="u:object_r:default_prop:s0" dev="tmpfs" ino=8926 scontext=u:r:hal_fingerprint_default:s0 tcontext=u:object_r:default_prop:s0 tclass=file permissive=0
03-21 20:56:22.104   594  7857 I keystore2: system/security/keystore2/src/authorization.rs:116 - add_auth_token(challenge=0, userId=3196183553602891555, authId=-7245739854948165699, authType=0x2, timestamp=14757031ms)
03-21 20:56:22.110   877   924 E Situation: processEvent, handle:26, flush_action:0
03-21 20:56:22.111   625  2778 W libperfmgr: Failed to write to node: /dev/stune/top-app/schedtune.boost with value: 50, fd: -1
03-21 20:56:22.111   625  2778 W libperfmgr: Failed to write to node: /proc/sys/kernel/sched_boost with value: 2, fd: -1
03-21 20:56:22.115   594  7857 I keystore2: system/security/keystore2/src/authorization.rs:130 - on_device_unlocked(AndroidUserId(0), password.is_some()=false)
03-21 20:56:22.117   595   595 I beanpodkeymaster: Enter BeanpodKeymaster BeginOperation
03-21 20:56:22.117   595   595 I beanpodkeymaster: cmd:4 Received 24 byte response
03-21 20:56:22.117   595   595 I beanpodkeymaster: Exit BeanpodKeymaster BeginOperation
03-21 20:56:22.118   595   595 I beanpodkeymaster: Enter BeanpodKeymaster FinishOperation
03-21 20:56:22.118   595   595 I beanpodkeymaster: cmd:c Received 52 byte response
03-21 20:56:22.118   595   595 I beanpodkeymaster: Exit BeanpodKeymaster FinishOperation
03-21 20:56:22.119   595   595 I beanpodkeymaster: Enter BeanpodKeymaster BeginOperation
03-21 20:56:22.119   595   595 I beanpodkeymaster: cmd:4 Received 24 byte response
03-21 20:56:22.119   595   595 I beanpodkeymaster: Exit BeanpodKeymaster BeginOperation
03-21 20:56:22.120   595   595 I beanpodkeymaster: Enter BeanpodKeymaster FinishOperation
03-21 20:56:22.120   595   595 I beanpodkeymaster: cmd:c Received 93 byte response
03-21 20:56:22.120   595   595 I beanpodkeymaster: Exit BeanpodKeymaster FinishOperation
03-21 20:56:22.120   594  7857 I keystore2: system/security/keystore2/src/super_key.rs:1059 - Successfully unlocked AndroidUserId(0) with biometric SecureUserId(-7245739854948165699)
03-21 20:56:22.122   625  2778 W libperfmgr: Failed to write to node: /dev/stune/top-app/schedtune.boost with value: 50, fd: -1
03-21 20:56:22.122   625  2778 W libperfmgr: Failed to write to node: /proc/sys/kernel/sched_boost with value: 2, fd: -1
03-21 20:56:22.124  2034  2034 I KeyguardTransitionRepository: Transition still active: TransitionStep(from=DOZING, to=LOCKSCREEN, value=0.396, transitionState=RUNNING, ownerName=FromDozingTransitionInteractor(listenForDozingToAny)), canceling
03-21 20:56:22.124  2034  2034 I KeyguardTransitionRepository: CANCELED transition: TransitionStep(from=DOZING, to=LOCKSCREEN, value=0.396, transitionState=CANCELED, ownerName=FromDozingTransitionInteractor(listenForDozingToAny))
03-21 20:56:22.124  2034  2034 I KeyguardTransitionRepository: STARTED transition: TransitionStep(from=LOCKSCREEN, to=GONE, value=0.0, transitionState=STARTED, ownerName=FromLockscreenTransitionInteractor(keyguard interactor says keyguard is going away))
03-21 20:56:22.125  1587  2260 W TransitionChain: Combining sleepTokens into #262(TO_BACK|R|0x104) from kgGoAway
03-21 20:56:22.125   888  2646 W StNfcHal: Idle data: 2nd byte is 0x40
03-21 20:56:22.125   888  2646 W StNfcHal: , reading next 2 bytes
03-21 20:56:22.127   888  2646 W StNfcHal: Idle data: 2nd byte is 0x40
03-21 20:56:22.127   888  2646 W StNfcHal: , reading next 2 bytes
03-21 20:56:22.136   877   877 I Accelerometer: batch: handle:0, flag:0,samplingPeriodNs:66667000 maxBatchReportLatencyNs:0
03-21 20:56:22.136   877   877 I Accelerometer: flush, flushCnt:1
03-21 20:56:22.137   877   924 I Accelerometer: flush complete, flushCnt:0
03-21 20:56:22.139 28953 29037 E msys    : E[N mns]_OnTimerExpired(375)=>ngtcp2_conn_handle_expiry: ERR_IDLE_CLOSE
03-21 20:56:22.140   914   988 E surfaceflinger: == MALI DEBUG ===eglp_winsys_populate_image_templates ==12288
03-21 20:56:22.144  1587  1866 W JobServiceContext: Sending onNetworkChanged for a job that isn't started. JobStatus{6e7e7c3 #u0a390/2131303195 com.instagram.android/com.facebook.common.errorreporting.memory.service.jobschedulercompat.igsvc.DumperUploadService u=0 s=10390 TIME=-30s839ms:none NET READY}
03-21 20:56:22.145  1587  1672 W ProcessStats: Tracking association SourceState{fcbfe7f com.instagram.android/10390 ImpBg #17714} whose proc state 6 is better than process ProcessState{b944812 com.google.android.gms/10300 pkg=com.google.android.gms} proc state 14 (22 skipped)
03-21 20:56:22.160   844 29165 I resolv  : GetAddrInfoHandler::run: {102 102 102 983142 10399 0}
03-21 20:56:22.160   844 29167 I resolv  : res_nmkquery: (QUERY, IN, A)
03-21 20:56:22.161  1587  8672 I AppsFilter: interaction: PackageSetting{cc7495 com.rnat/10399} -> PackageSetting{70acfd3 com.google.android.inputmethod.latin/10312} BLOCKED
03-21 20:56:22.162  1587  8672 W FillRequestEventLogger: Couldn't find packageName: com.google.android.inputmethod.latin
03-21 20:56:22.164  1587  8672 W PresentationStatsEventLogger: Shouldn't be logging AutofillPresentationEventReported again for same event
03-21 20:56:22.177   844 29167 I resolv  : res_nsend: used send_dg 43 terrno: 0
03-21 20:56:22.177   844 29167 I resolv  : doQuery: rcode=0, ancount=1, return value=43
03-21 20:56:22.177  1587  1680 W libprocessgroup: SetCgroup::ExecuteForProcess: failed to open /dev/stune/background/cgroup.procs: No such file or directory
03-21 20:56:22.179  1587  1680 W libprocessgroup: SetCgroup::ExecuteForProcess: failed to open /dev/stune/background/cgroup.procs: No such file or directory
03-21 20:56:22.185  1587  7355 W ActivityManager: Background start not allowed: service Intent { act=Orca.START xflg=0x4 cmp=com.instagram.android/com.facebook.rti.push.service.FbnsService (has extras) } to com.instagram.android/com.facebook.rti.push.service.FbnsService from pid=28953 uid=10390 pkg=com.instagram.android startFg?=false
03-21 20:56:22.190 28953 29170 E Security-LocalReporter: category=TrustedAppIntentScope, message=No matching packages available.
03-21 20:56:22.190 28953 29170 E FbnsAIDLClientManager: open failed: bindService failure, do unbind to let service shutdown
03-21 20:56:22.196 29140 29140 I ehcv    : SslGuard completed installation.
03-21 20:56:22.202  2034  2034 E NotifRow: Magnetic state changed from IDLE to IDLE on a null swiped listener, or the logging key of the listener is null
03-21 20:56:22.213  1587  1652 I UsbPortManager: USB HAL AIDL version: USB_HAL_V2_0
03-21 20:56:22.215   914   988 E surfaceflinger: == MALI DEBUG ===eglp_winsys_populate_image_templates ==12288
03-21 20:56:22.218 26664 26664 I AssistStructure: Flattened final assist data: 2720 bytes, containing 1 windows, 18 views
03-21 20:56:22.225   877   877 I Light   : enable: handle:4, en:0 
03-21 20:56:22.226  1587  1973 W BiometricFrameworkStatsLogger: found a negative latency : -1
03-21 20:56:22.226 29140 29160 E ashmem  : Pinning is deprecated since Android Q. Please use trim or other methods.
03-21 20:56:22.232   625  2778 W libperfmgr: Failed to write to node: /dev/stune/top-app/schedtune.boost with value: 50, fd: -1
03-21 20:56:22.232   625  2778 W libperfmgr: Failed to write to node: /proc/sys/kernel/sched_boost with value: 2, fd: -1
03-21 20:56:22.240 29140 29140 I cudi    : Initializing GMS Compliance Client Library...
03-21 20:56:22.240 29140 29140 I cudi    : Checking for device compliance...
03-21 20:56:22.241 29140 29140 I cudi    : Completed library init.
03-21 20:56:22.242  1587  1680 W libprocessgroup: SetCgroup::ExecuteForProcess: failed to open /dev/stune/background/cgroup.procs: No such file or directory
03-21 20:56:22.243  1587  1680 W libprocessgroup: SetCgroup::ExecuteForProcess: failed to open /dev/stune/background/cgroup.procs: No such file or directory
03-21 20:56:22.256   625  2778 W libperfmgr: Failed to write to node: /dev/stune/top-app/schedtune.boost with value: 50, fd: -1
03-21 20:56:22.256   625  2778 W libperfmgr: Failed to write to node: /proc/sys/kernel/sched_boost with value: 2, fd: -1
03-21 20:56:22.261   625  2778 W libperfmgr: Failed to write to node: /dev/stune/top-app/schedtune.boost with value: 10, fd: -1
03-21 20:56:22.261   625  2778 W libperfmgr: Failed to write to node: /proc/sys/kernel/sched_boost with value: 0, fd: -1
03-21 20:56:22.279 23481 28602 I gle.android.gms: Explicit concurrent mark compact GC freed 4572KB AllocSpace bytes, 13(536KB) LOS objects, 50% free, 10MB/20MB, paused 668us,4.156ms total 137.739ms
03-21 20:56:22.285 29140 29182 I emmv    : Validating WorkManager process
03-21 20:56:22.288 29140 29160 I emmv    : (REDACTED) Processes: %s, %s, %s, %s
03-21 20:56:22.297 28953 28966 W stagram.android: userfaultfd: MOVE ioctl seems unsupported: Connection timed out
03-21 20:56:22.313 28486 28486 I WM-RemoteWorkManagerSer: Binding to RemoteWorkManager
03-21 20:56:22.322 28486 28503 I dpww    : Scheduling one-off OpaEnabledBroadcastWorker now
03-21 20:56:22.329   625  2778 W libperfmgr: Failed to write to node: /dev/stune/top-app/schedtune.boost with value: 50, fd: -1
03-21 20:56:22.329   625  2778 W libperfmgr: Failed to write to node: /proc/sys/kernel/sched_boost with value: 2, fd: -1
03-21 20:56:22.346  2034  2034 I KeyguardTransitionRepository: FINISHED transition: TransitionStep(from=LOCKSCREEN, to=GONE, value=1.0, transitionState=FINISHED, ownerName=FromLockscreenTransitionInteractor(keyguard interactor says keyguard is going away))
03-21 20:56:22.362 29140 29177 I cudi    : (REDACTED) Device Compliance Fetch time taken = %sms
03-21 20:56:22.362 29140 29177 I cudi    : Device is compliant!
03-21 20:56:22.369 29140 29177 I cudi    : Invoking "compliant" action...
03-21 20:56:22.374 28486 28503 W JobInfo : Requested important-while-foreground flag for job4111 is ignored and takes no effect
03-21 20:56:22.391 28953 28967 W JavaBinder: BinderProxy is being destroyed but the application did not call unlinkToDeath to unlink all of its death recipients beforehand.  Releasing leaked death recipient: X.0OF
03-21 20:56:22.392 28953 28969 W System  : A resource failed to call ZipFile.close. 
03-21 20:56:22.393  1587  1680 W libprocessgroup: SetCgroup::ExecuteForProcess: failed to open /dev/stune/top-app/cgroup.procs: No such file or directory
03-21 20:56:22.393 28953 28969 W System  : A resource failed to call close. 
03-21 20:56:22.393 28953 28969 W System  : A resource failed to call close. 
03-21 20:56:22.394 28953 28969 W System  : A resource failed to call close. 
03-21 20:56:22.394 28953 28969 W System  : A resource failed to call close. 
03-21 20:56:22.394 28953 28969 W System  : A resource failed to call close. 
03-21 20:56:22.398   877   877 E sensors.elliptic@2.0: Elliptic: activate() 0, 0
03-21 20:56:22.398   877   906 I Elliptic: nsorBase.h(85) : I : DEACTIVATE sensor with Handle = 0
03-21 20:56:22.398   625  2778 W libperfmgr: Failed to write to node: /dev/stune/top-app/schedtune.boost with value: 50, fd: -1
03-21 20:56:22.398   625  2778 W libperfmgr: Failed to write to node: /proc/sys/kernel/sched_boost with value: 2, fd: -1
03-21 20:56:22.400   852  1055 W hwcomposer: [DRMDEV] paramIsSame(), id 1206, w 1080/1080, h 2400/2400, pitch 1088/1088, format 0x1/0x2, secure 0/0  
03-21 20:56:22.402   888  2646 W StNfcHal: Idle data: 2nd byte is 0x40
03-21 20:56:22.402   888  2646 W StNfcHal: , reading next 2 bytes
03-21 20:56:22.403  1587  3034 E BiometricScheduler: Current operation is null,no need to start watchdog
03-21 20:56:22.406   888  2646 W StNfcHal: Idle data: 2nd byte is 0x40
03-21 20:56:22.406   888  2646 W StNfcHal: , reading next 2 bytes
03-21 20:56:22.407 28486 28490 W earchbox:search: userfaultfd: MOVE ioctl seems unsupported: Connection timed out
03-21 20:56:22.417  1587  1680 W libprocessgroup: SetCgroup::ExecuteForProcess: failed to open /dev/stune/background/cgroup.procs: No such file or directory
03-21 20:56:22.418  1587  1680 W libprocessgroup: SetCgroup::ExecuteForProcess: failed to open /dev/stune/background/cgroup.procs: No such file or directory
03-21 20:56:22.419  2034  2159 I PluginActionManager[com.android.systemui.action.PLUGIN_NOTIFICATION_MENU_ROW]: Found 0 plugins
03-21 20:56:22.421  2034  2159 I PluginActionManager[com.android.systemui.action.PLUGIN_NOTIFICATION_MENU_ROW]: Found 0 plugins
03-21 20:56:22.435 28486 28503 W JobInfo : Requested important-while-foreground flag for job4112 is ignored and takes no effect
03-21 20:56:22.435   855   855 W AudioALSADeviceConfigManager: ApplyDeviceTurnoffSequenceByName(), DeviceName = ext_speaker_output_left DeviceStatusCounter < 0
03-21 20:56:22.435   855   855 W AudioALSADeviceConfigManager: ApplyDeviceTurnoffSequenceByName(), DeviceName = ext_speaker_output_right DeviceStatusCounter < 0
03-21 20:56:22.435   855   855 E AudioALSADeviceConfigManager: setMixerCtl(), Error: Unsupport mixer ctl type 6, cltName = SpkrRight Sia81xx Power, cltValue = Off
03-21 20:56:22.435   855   855 E AudioALSADeviceConfigManager: AUD_ASSERT(0) fail: "vendor/mediatek/proprietary/hardware/audio/common/V3/aud_drv/AudioALSADeviceConfigManager.cpp", 478L
03-21 20:56:22.435   855   855 E AudioALSADeviceConfigManager: ApplyDeviceTurnoffSequenceByName(), Error: ApplyDeviceTurnoffSequenceByName devicename = ext_speaker_output
03-21 20:56:22.435   855   855 E AudioALSADeviceConfigManager: AUD_ASSERT(false) fail: "vendor/mediatek/proprietary/hardware/audio/common/V3/aud_drv/AudioALSADeviceConfigManager.cpp", 524L
03-21 20:56:22.435   855   855 E AudioALSADeviceConfigManager: setMixerCtl(), Error: Unsupport mixer ctl type 6, cltName = SpkrLeft Sia81xx Power, cltValue = Off
03-21 20:56:22.435   855   855 E AudioALSADeviceConfigManager: AUD_ASSERT(0) fail: "vendor/mediatek/proprietary/hardware/audio/common/V3/aud_drv/AudioALSADeviceConfigManager.cpp", 478L
03-21 20:56:22.435   855   855 E AudioALSADeviceConfigManager: ApplyDeviceTurnoffSequenceByName(), Error: ApplyDeviceTurnoffSequenceByName devicename = ext_speaker_output
03-21 20:56:22.435   855   855 E AudioALSADeviceConfigManager: AUD_ASSERT(false) fail: "vendor/mediatek/proprietary/hardware/audio/common/V3/aud_drv/AudioALSADeviceConfigManager.cpp", 524L
03-21 20:56:22.437   855   855 E AudioALSADeviceConfigManager: setMixerCtl(), Error: Unsupport mixer ctl type 6, cltName = SpkrLeft Sia81xx Audio Scene, cltValue = Playback
03-21 20:56:22.437   855   855 E AudioALSADeviceConfigManager: AUD_ASSERT(0) fail: "vendor/mediatek/proprietary/hardware/audio/common/V3/aud_drv/AudioALSADeviceConfigManager.cpp", 478L
03-21 20:56:22.437   855   855 E AudioALSADeviceConfigManager: ApplyDeviceTurnoffSequenceByName(), Error: ApplyDeviceTurnoffSequenceByName devicename = ext_speaker_output
03-21 20:56:22.437   855   855 E AudioALSADeviceConfigManager: AUD_ASSERT(false) fail: "vendor/mediatek/proprietary/hardware/audio/common/V3/aud_drv/AudioALSADeviceConfigManager.cpp", 524L
03-21 20:56:22.437   855   855 E AudioALSADeviceConfigManager: setMixerCtl(), Error: Unsupport mixer ctl type 6, cltName = SpkrRight Sia81xx Audio Scene, cltValue = Playback
03-21 20:56:22.437   855   855 E AudioALSADeviceConfigManager: AUD_ASSERT(0) fail: "vendor/mediatek/proprietary/hardware/audio/common/V3/aud_drv/AudioALSADeviceConfigManager.cpp", 478L
03-21 20:56:22.437   855   855 E AudioALSADeviceConfigManager: ApplyDeviceTurnoffSequenceByName(), Error: ApplyDeviceTurnoffSequenceByName devicename = ext_speaker_output
03-21 20:56:22.437   855   855 E AudioALSADeviceConfigManager: AUD_ASSERT(false) fail: "vendor/mediatek/proprietary/hardware/audio/common/V3/aud_drv/AudioALSADeviceConfigManager.cpp", 524L
03-21 20:56:22.440   855   855 W AudioALSADeviceConfigManager: ApplyDeviceTurnoffSequenceByName(), DeviceName = ultrasound-proximity DeviceStatusCounter < 0
03-21 20:56:22.446   877   907 W Elliptic: ioNotify.h(93) : W : AudioNotify: disable >> ultrasound-proximity=0
03-21 20:56:22.451 28486 28500 I dpwy    : Broadcasting OPA enabled
03-21 20:56:22.453  3073  3073 W TooltipLifecycleManager: TooltipLifecycleManager.dismissTooltips():153 Tooltip with id SUGGESTION_VIEW_EDU_MINI_DIALOG not found in tooltipManager.
03-21 20:56:22.455  3073  3073 I GoogleInputMethodService: GoogleInputMethodService.onStartInput():1385 onStartInput(EditorInfo{EditorInfo{packageName=com.rnat, inputType=4081, inputTypeString=Password[CapSentences], enableLearning=false, autoCorrection=false, autoComplete=true, imeOptions=4000006, privateImeOptions=null, actionName=DONE, actionLabel=null, initialSelStart=9, initialSelEnd=9, initialCapsMode=0, label=null, fieldId=963, fieldName=null, extras=Bundle[mParcelledData.dataSize=404], hintText=non-empty, hintLocales=[]}}, false)
03-21 20:56:22.456  3073  3073 I AndroidIME: LatinIMEBase.updateInputViewCoverNavigation():314 Update input view padding, extendsTouchBelowSpace=true, bottom inset=126
03-21 20:56:22.457  3073  3073 I Module  : DeviceLockedStatusModuleProvider$Module.updateDeviceLockedStatus():103 repeatCheckTimes = 1, locked = false
03-21 20:56:22.458  1587  2260 W PackageConfigPersister: App-specific configuration not found for packageName: com.rnat and userId: 0
03-21 20:56:22.460 28486 28500 I dpwy    : Broadcasting OPA user enabled
03-21 20:56:22.460 29140 29140 I WM-RemoteWorkerService: Binding to RemoteWorkerService
03-21 20:56:22.473   579   579 I [mTEE]  :  come into the TZ_VFS_OPEN function
03-21 20:56:22.474   579   579 I [mTEE]  :  come into the TZ_VFS_OPEN function
03-21 20:56:22.474   579   579 I [mTEE]  :  come into the TZ_VFS_OPEN function
03-21 20:56:22.475   579   579 I [mTEE]  :  come into the TZ_VFS_OPEN function
03-21 20:56:22.477   579   579 I [mTEE]  :  come into the TZ_VFS_OPEN function
03-21 20:56:22.478   579   579 I [mTEE]  :  come into the TZ_VFS_OPEN function
03-21 20:56:22.479   625  2778 W libperfmgr: Failed to write to node: /dev/stune/top-app/schedtune.boost with value: 10, fd: -1
03-21 20:56:22.479   625  2778 W libperfmgr: Failed to write to node: /proc/sys/kernel/sched_boost with value: 0, fd: -1
03-21 20:56:22.484   579   579 I [mTEE]  :  come into the TZ_VFS_OPEN function
03-21 20:56:22.484   579   579 I [mTEE]  :  come into the TZ_VFS_OPEN function
03-21 20:56:22.485   579   579 I [mTEE]  :  come into the TZ_VFS_OPEN function
03-21 20:56:22.485   579   579 I [mTEE]  :  come into the TZ_VFS_OPEN function
03-21 20:56:22.487 28486 28509 I WM-WorkerWrapper: Worker result SUCCESS for Work [ id=cdde133b-a21e-491d-bed5-6beb01bae868, tags={ com.google.apps.tiktok.contrib.work.TikTokListenableWorker,TikTokWorker#com.google.android.libraries.search.assistant.launcher.OpaEnabledBroadcastWorker } ]
03-21 20:56:22.488   579   579 I [mTEE]  :  come into the TZ_VFS_OPEN function
03-21 20:56:22.489   579   579 I [mTEE]  :  come into the TZ_VFS_OPEN function
03-21 20:56:22.489   579   579 I [mTEE]  :  come into the TZ_VFS_OPEN function
03-21 20:56:22.490   579   579 I [mTEE]  :  come into the TZ_VFS_OPEN function
03-21 20:56:22.493   579   579 I [mTEE]  :  come into the TZ_VFS_OPEN function
03-21 20:56:22.493   579   579 I [mTEE]  :  come into the TZ_VFS_OPEN function
03-21 20:56:22.498   579   579 I [mTEE]  :  come into the TZ_VFS_OPEN function
03-21 20:56:22.499  1587  7355 I AssistStructure: Flattened final assist data: 2400 bytes, containing 1 windows, 18 views
03-21 20:56:22.500   579   579 I [mTEE]  :  come into the TZ_VFS_OPEN function
03-21 20:56:22.501  2458 28605 W aqxu    : Failed to retrieve prediction data. [CONTEXT service_id=177 ]
03-21 20:56:22.501  2458 28605 W aqxu    : java.util.concurrent.ExecutionException: galh: No data was found for the table autofill-domain-predictions-prod-spanner.
03-21 20:56:22.501  2458 28605 W aqxu    : 	at heuv.j(:com.google.android.gms@261035035@26.10.35 (260400-885717106):21)
03-21 20:56:22.501  2458 28605 W aqxu    : 	at heve.v(:com.google.android.gms@261035035@26.10.35 (260400-885717106):31)
03-21 20:56:22.501  2458 28605 W aqxu    : 	at heuv.get(:com.google.android.gms@261035035@26.10.35 (260400-885717106):6)
03-21 20:56:22.501  2458 28605 W aqxu    : 	at aqxu.e(:com.google.android.gms@261035035@26.10.35 (260400-885717106):81)
03-21 20:56:22.501  2458 28605 W aqxu    : 	at aqxu.a(:com.google.android.gms@261035035@26.10.35 (260400-885717106):124)
03-21 20:56:22.501  2458 28605 W aqxu    : 	at aquw.call(:com.google.android.gms@261035035@26.10.35 (260400-885717106):5)
03-21 20:56:22.501  2458 28605 W aqxu    : 	at java.util.concurrent.FutureTask.run(FutureTask.java:317)
03-21 20:56:22.501  2458 28605 W aqxu    : 	at bhxh.c(:com.google.android.gms@261035035@26.10.35 (260400-885717106):50)
03-21 20:56:22.501  2458 28605 W aqxu    : 	at bhxh.run(:com.google.android.gms@261035035@26.10.35 (260400-885717106):73)
03-21 20:56:22.501  2458 28605 W aqxu    : 	at java.util.concurrent.ThreadPoolExecutor.runWorker(ThreadPoolExecutor.java:1154)
03-21 20:56:22.501  2458 28605 W aqxu    : 	at java.util.concurrent.ThreadPoolExecutor$Worker.run(ThreadPoolExecutor.java:652)
03-21 20:56:22.501  2458 28605 W aqxu    : 	at bicy.run(:com.google.android.gms@261035035@26.10.35 (260400-885717106):8)
03-21 20:56:22.501  2458 28605 W aqxu    : 	at java.lang.Thread.run(Thread.java:1563)
03-21 20:56:22.501  2458 28605 W aqxu    : Caused by: galh: No data was found for the table autofill-domain-predictions-prod-spanner.
03-21 20:56:22.501  2458 28605 W aqxu    : 	at galy.a(:com.google.android.gms@261035035@26.10.35 (260400-885717106):217)
03-21 20:56:22.501  2458 28605 W aqxu    : 	at hevg.d(:com.google.android.gms@261035035@26.10.35 (260400-885717106):3)
03-21 20:56:22.501  2458 28605 W aqxu    : 	at hevi.run(:com.google.android.gms@261035035@26.10.35 (260400-885717106):38)
03-21 20:56:22.501  2458 28605 W aqxu    : 	at hewu.execute(:com.google.android.gms@261035035@26.10.35 (260400-885717106):1)
03-21 20:56:22.501  2458 28605 W aqxu    : 	at heuv.f(:com.google.android.gms@261035035@26.10.35 (260400-885717106):1)
03-21 20:56:22.501  2458 28605 W aqxu    : 	at heuv.m(:com.google.android.gms@261035035@26.10.35 (260400-885717106):99)
03-21 20:56:22.501  2458 28605 W aqxu    : 	at heuv.t(:com.google.android.gms@261035035@26.10.35 (260400-885717106):26)
03-21 20:56:22.501  2458 28605 W aqxu    : 	at hevg.e(:com.google.android.gms@261035035@26.10.35 (260400-885717106):3)
03-21 20:56:22.501  2458 28605 W aqxu    : 	at hevi.run(:com.google.android.gms@261035035@26.10.35 (260400-885717106):44)
03-21 20:56:22.501  2458 28605 W aqxu    : 	at hewu.execute(:com.google.android.gms@261035035@26.10.35 (260400-885717106):1)
03-21 20:56:22.501  2458 28605 W aqxu    : 	at heuv.f(:com.google.android.gms@261035035@26.10.35 (260400-885717106):1)
03-21 20:56:22.501  2458 28605 W aqxu    : 	at heuv.m(:com.google.android.gms@261035035@26.10.35 (260400-885717106):99)
03-21 20:56:22.501  2458 28605 W aqxu    : 	at heuv.q(:com.google.android.gms@261035035@26.10.35 (260400-885717106):13)
03-21 20:56:22.501  2458 28605 W aqxu    : 	at heun.run(:com.google.android.gms@261035035@26.10.35 (260400-885717106):120)
03-21 20:56:22.501  2458 28605 W aqxu    : 	at hewu.execute(:com.google.android.gms@261035035@26.10.35 (260400-885717106):1)
03-21 20:56:22.501  2458 28605 W aqxu    : 	at heuv.f(:com.google.android.gms@261035035@26.10.35 (260400-885717106):1)
03-21 20:56:22.501  2458 28605 W aqxu    : 	at heuv.m(:com.google.android.gms@261035035@26.10.35 (260400-885717106):99)
03-21 20:56:22.501  2458 28605 W aqxu    : 	at heuv.q(:com.google.android.gms@261035035@26.10.35 (260400-885717106):13)
03-21 20:56:22.501  2458 28605 W aqxu    : 	at hevh.e(:com.google.android.gms@261035035@26.10.35 (260400-885717106):1)
03-21 20:56:22.501  2458 28605 W aqxu    : 	at hevi.run(:com.google.android.gms@261035035@26.10.35 (260400-885717106):44)
03-21 20:56:22.501  2458 28605 W aqxu    : 	at hewu.execute(:com.google.android.gms@261035035@26.10.35 (260400-885717106):1)
03-21 20:56:22.501  2458 28605 W aqxu    : 	at heuv.f(:com.google.android.gms@261035035@26.10.35 (260400-885717106):1)
03-21 20:56:22.501  2458 28605 W aqxu    : 	at heuv.m(:com.google.android.gms@261035035@26.10.35 (260400-885717106):99)
03-21 20:56:22.501  2458 28605 W aqxu    : 	at heuv.q(:com.google.android.gms@261035035@26.10.35 (260400-885717106):13)
03-21 20:56:22.501  2458 28605 W aqxu    : 	at heun.run(:com.google.android.gms@261035035@26.10.35 (260400-885717106):120)
03-21 20:56:22.501  2458 28605 W aqxu    : 	at hewu.execute(:com.google.android.gms@261035035@26.10.35 (260400-885717106):1)
03-21 20:56:22.501  2458 28605 W aqxu    : 	at heuv.f(:com.google.android.gms@261035035@26.10.35 (260400-885717106):1)
03-21 20:56:22.501  2458 28605 W aqxu    : 	at heuv.m(:com.google.android.gms@261035035@26.10.35 (260400-885717106):99)
03-21 20:56:22.501  2458 28605 W aqxu    : 	at heuv.q(:com.google.android.gms@261035035@26.10.35 (260400-885717106):13)
03-21 20:56:22.501  2458 28605 W aqxu    : 	at hevh.e(:com.google.android.gms@261035035@26.10.35 (260400-885717106):1)
03-21 20:56:22.501  2458 28605 W aqxu    : 	at hevi.run(:com.google.android.gms@261035035@26.10.35 (260400-885717106):44)
03-21 20:56:22.501  2458 28605 W aqxu    : 	at hewu.execute(:com.google.android.gms@261035035@26.10.35 (260400-885717106):1)
03-21 20:56:22.501  2458 28605 W aqxu    : 	at heuv.f(:com.google.android.gms@261035035@26.10.35 (260400-885717106):1)
03-21 20:56:22.501  2458 28605 W aqxu    : 	at heuv.m(:com.google.android.gms@261035035@26.10.35 (260400-885717106):99)
03-21 20:56:22.501  2458 28605 W aqxu    : 	at heuv.t(:com.google.android.gms@261035035@26.10.35 (260400-885717106):26)
03-21 20:56:22.501  2458 28605 W aqxu    : 	at hexr.run(:com.google.android.gms@261035035@26.10.35 (260400-885717106):5)
03-21 20:56:22.501  2458 28605 W aqxu    : 	at hewu.execute(:com.google.android.gms@261035035@26.10.35 (260400-885717106):1)
03-21 20:56:22.501  2458 28605 W aqxu    : 	at heuv.f(:com.google.android.gms@261035035@26.10.35 (260400-885717106):1)
03-21 20:56:22.501  2458 28605 W aqxu    : 	at heuv.m(:com.google.android.gms@261035035@26.10.35 (260400-885717106):99)
03-21 20:56:22.501  2458 28605 W aqxu    : 	at heuv.t(:com.google.android.gms@261035035@26.10.35 (260400-885717106):26)
03-21 20:56:22.501  2458 28605 W aqxu    : 	at hevg.e(:com.google.android.gms@261035035@26.10.35 (260400-885717106):3)
03-21 20:56:22.501  2458 28605 W aqxu    : 	at hevi.run(:com.google.android.gms@261035035@26.10.35 (260400-885717106):44)
03-21 20:56:22.501  2458 28605 W aqxu    : 	at heyx.run(:com.google.android.gms@261035035@26.10.35 (260400-885717106):64)
03-21 20:56:22.501  2458 28605 W aqxu    : 	... 6 more
03-21 20:56:22.501   579   579 I [mTEE]  :  come into the TZ_VFS_OPEN function
03-21 20:56:22.502   579   579 I [mTEE]  :  come into the TZ_VFS_OPEN function
03-21 20:56:22.507   579   579 I [mTEE]  :  come into the TZ_VFS_OPEN function
03-21 20:56:22.508   579   579 I [mTEE]  :  come into the TZ_VFS_OPEN function
03-21 20:56:22.512   579   579 I [mTEE]  :  come into the TZ_VFS_OPEN function
03-21 20:56:22.515   579   579 I [mTEE]  :  come into the TZ_VFS_OPEN function
03-21 20:56:22.516  2458 28603 I NearbySharing: Network state changed: NetworkState(isRestricted=false, isOnline=true, isCongested=false, isMetered=false, isWifiConnected=true)
03-21 20:56:22.516   579   579 I [mTEE]  :  come into the TZ_VFS_OPEN function
03-21 20:56:22.516   579   579 I [mTEE]  :  come into the TZ_VFS_OPEN function
03-21 20:56:22.519   579   579 I [mTEE]  :  come into the TZ_VFS_OPEN function
03-21 20:56:22.519   579   579 I [mTEE]  :  come into the TZ_VFS_OPEN function
03-21 20:56:22.521   579   579 I [mTEE]  :  come into the TZ_VFS_OPEN function
03-21 20:56:22.521   579   579 I [mTEE]  :  come into the TZ_VFS_OPEN function
03-21 20:56:22.522   579   579 I [mTEE]  :  come into the TZ_VFS_OPEN function
03-21 20:56:22.522   579   579 I [mTEE]  :  come into the TZ_VFS_OPEN function
03-21 20:56:22.523   852  1052 I hwcomposer: [XMFP]: Receive panel off event!
03-21 20:56:22.523   852  1052 I hwcomposer: [HWCDisplay] [XMFP]: Display(0) SetPowerMode(0) fp_parallel:1  
03-21 20:56:22.523   852  1052 I hwcomposer: [HWCDisplay] [XMFP]: Display(0) skip fp_parallel SetPowerMode(0)  
03-21 20:56:22.525   579   579 I [mTEE]  :  come into the TZ_VFS_OPEN function
03-21 20:56:22.525   579   579 I [mTEE]  :  come into the TZ_VFS_OPEN function
03-21 20:56:22.537 23481 23565 I SyncManager: (REDACTED) Executing sync(type=%s%s)
03-21 20:56:22.542  2458 29203 I NearbySharing: Screen is unlocked
03-21 20:56:22.542  1587  1680 W libprocessgroup: SetCgroup::ExecuteForProcess: failed to open /dev/stune/background/cgroup.procs: No such file or directory
03-21 20:56:22.542  2458 29203 I NearbySharing: Uwb feature is off.
03-21 20:56:22.542  2458 29203 I NearbySharing: Uwb feature is off.
03-21 20:56:22.542  2458 29203 I NearbySharing: Stopping scanning because Bluetooth is disabled.
03-21 20:56:22.543  2458 28603 I PasswordSaveInfoFactory: Form has a username and is not a password only form. [CONTEXT service_id=177 ]
03-21 20:56:22.543  2458 28603 I PasswordSaveInfoFactory: Form is not a password only form. [CONTEXT service_id=177 ]
03-21 20:56:22.544  2458 29203 I NearbySharing: Stopping Fast Init advertisement because Bluetooth is off.
03-21 20:56:22.544  2458 29203 I NearbySharing: Stopping advertising because Bluetooth is disabled.
03-21 20:56:22.547  2458 28603 I UsernameSaveInfoFactory: Form has a password and is not a username only form. [CONTEXT service_id=177 ]
03-21 20:56:22.548 23481 23565 I SyncManager: (REDACTED) Executing sync(type=%s) finished in %s
03-21 20:56:22.549   579   579 I [mTEE]  :  come into the TZ_VFS_OPEN function
03-21 20:56:22.549   579   579 I [mTEE]  :  come into the TZ_VFS_OPEN function
03-21 20:56:22.550   579   579 I [mTEE]  :  come into the TZ_VFS_OPEN function
03-21 20:56:22.550   579   579 I [mTEE]  :  come into the TZ_VFS_OPEN function
03-21 20:56:22.551 23481 23565 I SyncManager: (REDACTED) Executing sync(type=%s%s)
03-21 20:56:22.552  2458 29203 I NearbySharing: Fast Initiation Scanning has stopped
03-21 20:56:22.552  2458 29203 I NearbySharing: Stopping FastInitiation scanning because Bluetooth is disabled.
03-21 20:56:22.552  2458 29203 I NearbySharing: Dismissing HUN as there's no device nearby.
03-21 20:56:22.553   579   579 I [mTEE]  :  come into the TZ_VFS_OPEN function
03-21 20:56:22.554   579   579 I [mTEE]  :  come into the TZ_VFS_OPEN function
03-21 20:56:22.558 23481 23565 I SyncManager: (REDACTED) Executing sync(type=%s) finished in %s
03-21 20:56:22.560 23481 23565 I SyncManager: (REDACTED) Executing sync(type=%s%s)
03-21 20:56:22.565 23481 23565 I SyncManager: (REDACTED) Executing sync(type=%s) finished in %s
03-21 20:56:22.569 23481 23565 I SyncManager: (REDACTED) Executing sync(type=%s%s)
03-21 20:56:22.574 23481 23565 I SyncManager: (REDACTED) Executing sync(type=%s) finished in %s
03-21 20:56:22.574  2458 29218 I NearbyMediums: ModuleInitializer handles incoming intent android.intent.action.USER_PRESENT
03-21 20:56:22.575 23481 29216 I PersonalSafety: ConnectivityProtectionLockingIntentOperation: cancelled task [CONTEXT service_id=310 ]
03-21 20:56:22.575  1151  1333 E [GF_HAL][gf_hal_milan]: [hal_milan_invoke_command] err=GF_SUCCESS, errno=0. reset g_hal_over_current_count to 0!
03-21 20:56:22.575  1151  1333 I [GF_HAL][gf_hal_milan]: [irq_pre_process] irq_type=INVALID_IRQ_TYPE, irq_type=0x0000
03-21 20:56:22.575  1151  1333 I [GF_HAL][gf_hal_milan]: [irq_process] invalid irq type 0
03-21 20:56:22.577  1151  1333 E [GF_HAL][gf_hal_milan]: [hal_milan_invoke_command] err=GF_SUCCESS, errno=0. reset g_hal_over_current_count to 0!
03-21 20:56:22.577  1151  1333 I [GF_HAL][gf_hal_milan]: [irq_pre_process] irq_type=INVALID_IRQ_TYPE, irq_type=0x0000
03-21 20:56:22.577  1151  1333 I [GF_HAL][gf_hal_milan]: [irq_process] invalid irq type 0
03-21 20:56:22.578 23481 23565 I SyncManager: (REDACTED) Executing sync(type=%s%s)
03-21 20:56:22.583   844 29221 I resolv  : GetAddrInfoHandler::run: {102 786534 102 983142 10300 0}
03-21 20:56:22.583 23481 23565 I SyncManager: (REDACTED) Executing sync(type=%s) finished in %s
03-21 20:56:22.583   844 29222 I resolv  : res_nmkquery: (QUERY, IN, A)
03-21 20:56:22.586  2458  2458 I RCNIntentOperation: RCN is disabled on this network.
03-21 20:56:22.588 23481 23565 I SyncManager: (REDACTED) Executing sync(type=%s%s)
03-21 20:56:22.593 23481 23565 I SyncManager: (REDACTED) Executing sync(type=%s) finished in %s
03-21 20:56:22.599   844 29222 I resolv  : res_nsend: used send_dg 122 terrno: 0
03-21 20:56:22.599   844 29222 I resolv  : doQuery: rcode=0, ancount=5, return value=122
03-21 20:56:22.608  1587  1587 W InlineSuggestionFactory: AutofillId=1073741896@721925058 not found in dataset
03-21 20:56:22.608  1587  1587 W InlineSuggestionFactory: AutofillId=1073741896@721925058 not found in dataset
03-21 20:56:22.608  1587  1587 W InlineSuggestionFactory: AutofillId=1073741896@721925058 not found in dataset
03-21 20:56:22.642  2458 29134 W Conscrypt: Could not set socket write timeout: java.net.SocketException: Socket closed
03-21 20:56:22.642  2458 29134 W Conscrypt: 	at com.google.android.gms.org.conscrypt.Platform.setSocketWriteTimeout(:com.google.android.gms@261035035@26.10.35 (260400-885717106):204)
03-21 20:56:22.642  2458 29134 W Conscrypt: 	at com.google.android.gms.org.conscrypt.ConscryptFileDescriptorSocket.setSoWriteTimeout(:com.google.android.gms@261035035@26.10.35 (260400-885717106):4)
03-21 20:56:22.643  1587  1652 I UsbPortManager: USB HAL AIDL version: USB_HAL_V2_0
03-21 20:56:22.701 29140 29184 I cdjp    : #provideGlance
03-21 20:56:22.726   852  1054 I hwcomposer: [HWC] (0)fire a callback of refresh to SF[4]  
03-21 20:56:22.731   625  2778 W libperfmgr: Failed to write to node: /dev/stune/top-app/schedtune.boost with value: 10, fd: -1
03-21 20:56:22.731   625  2778 W libperfmgr: Failed to write to node: /proc/sys/kernel/sched_boost with value: 0, fd: -1
03-21 20:56:22.741  2458 29134 W Conscrypt: Could not set socket write timeout: java.net.SocketException: Socket closed
03-21 20:56:22.741  2458 29134 W Conscrypt: 	at com.google.android.gms.org.conscrypt.Platform.setSocketWriteTimeout(:com.google.android.gms@261035035@26.10.35 (260400-885717106):204)
03-21 20:56:22.741  2458 29134 W Conscrypt: 	at com.google.android.gms.org.conscrypt.ConscryptFileDescriptorSocket.setSoWriteTimeout(:com.google.android.gms@261035035@26.10.35 (260400-885717106):4)
03-21 20:56:22.748 29140 29179 I fdqc    : (REDACTED) Scoped context discovery schemas: %s.
03-21 20:56:22.756 29140 29179 W fdqu    : (REDACTED) Product id propagation is missing (traffic tag: %s).
03-21 20:56:22.793 29140 29197 I HttpFlagsLoader: HTTP flags log line (API): Using live production flag values from Google
03-21 20:56:22.800 29140 29197 W chbox:googleapp: ClassLoaderContext classpath size mismatch. expected=1, found=0 (DLC[];PCL[base.apk*2024251999]{PCL[/system/framework/org.apache.http.legacy.jar*1771602530]#PCL[/system/framework/com.android.location.provider.jar*3231839591]#PCL[/system/framework/com.android.media.remotedisplay.jar*3676824317]#PCL[/system_ext/framework/com.android.extensions.appfunctions.jar*2154005669]#PCL[/system_ext/framework/androidx.window.extensions.jar*403568865]#PCL[/system_ext/framework/androidx.window.sidecar.jar*74221689]} | DLC[];PCL[])
03-21 20:56:22.804 29140 29197 I DynamiteModule: Considering local module com.google.android.gms.cronet_dynamite:0 and remote module com.google.android.gms.cronet_dynamite:4311
03-21 20:56:22.804 29140 29197 I DynamiteModule: Selected remote version of com.google.android.gms.cronet_dynamite, version >= 4311
03-21 20:56:22.807   625  2778 W libperfmgr: Failed to write to node: /dev/stune/top-app/schedtune.boost with value: 10, fd: -1
03-21 20:56:22.807   625  2778 W libperfmgr: Failed to write to node: /proc/sys/kernel/sched_boost with value: 0, fd: -1
03-21 20:56:22.813 29140 29197 W System  : ClassLoader referenced unknown path: 
03-21 20:56:22.826 29140 29197 W chbox:googleapp: ClassLoaderContext classpath element checksum mismatch. expected=2024251999, found=1519622969 (DLC[];PCL[base.apk*2024251999]{PCL[/system/framework/org.apache.http.legacy.jar*1771602530]#PCL[/system/framework/com.android.location.provider.jar*3231839591]#PCL[/system/framework/com.android.media.remotedisplay.jar*3676824317]#PCL[/system_ext/framework/com.android.extensions.appfunctions.jar*2154005669]#PCL[/system_ext/framework/androidx.window.extensions.jar*403568865]#PCL[/system_ext/framework/androidx.window.sidecar.jar*74221689]} | DLC[];PCL[/data/app/~~XfmwXib_KZIDq1pbTQDTBg==/com.google.android.googlequicksearchbox-F95hvXhIp5lJJmQBXwZ5OA==/base.apk*1519622969]{PCL[/system/framework/org.apache.http.legacy.jar*1771602530]#PCL[/system_ext/framework/com.android.extensions.appfunctions.jar*2154005669]#PCL[/system_ext/framework/androidx.window.extensions.jar*403568865]#PCL[/system_ext/framework/androidx.window.sidecar.jar*74221689]})
03-21 20:56:22.854   579   579 I [mTEE]  :  come into the TZ_VFS_OPEN function
03-21 20:56:22.854   579   579 I [mTEE]  :  come into the TZ_VFS_OPEN function
03-21 20:56:22.855   579   579 I [mTEE]  :  come into the TZ_VFS_OPEN function
03-21 20:56:22.855   579   579 I [mTEE]  :  come into the TZ_VFS_OPEN function
03-21 20:56:22.858 29140 29197 I cn_CronetLibraryLoader: Cronet version: 145.0.7608.0, arch: aarch64
03-21 20:56:22.859   579   579 I [mTEE]  :  come into the TZ_VFS_OPEN function
03-21 20:56:22.859   579   579 I [mTEE]  :  come into the TZ_VFS_OPEN function
03-21 20:56:22.865   579   579 I [mTEE]  :  come into the TZ_VFS_OPEN function
03-21 20:56:22.865   579   579 I [mTEE]  :  come into the TZ_VFS_OPEN function
03-21 20:56:22.866   579   579 I [mTEE]  :  come into the TZ_VFS_OPEN function
03-21 20:56:22.867   579   579 I [mTEE]  :  come into the TZ_VFS_OPEN function
03-21 20:56:22.870   579   579 I [mTEE]  :  come into the TZ_VFS_OPEN function
03-21 20:56:22.870   579   579 I [mTEE]  :  come into the TZ_VFS_OPEN function
03-21 20:56:22.871 29140 29228 W chromium: [0321/205622.871486:WARNING:components/cronet/url_request_context_config.cc:769] Unrecognized Cronet experimental option "enable_telemetry" with params "true
03-21 20:56:22.871 29140 29228 W chromium: 
03-21 20:56:22.887  1151  1333 E [GF_HAL][gf_hal_milan]: [hal_milan_invoke_command] err=GF_SUCCESS, errno=0. reset g_hal_over_current_count to 0!
03-21 20:56:22.887  1151  1333 I [GF_HAL][gf_hal_milan]: [irq_pre_process] irq_type=[GF_IRQ_FDT_REVERSE_MASK], irq_type=0x4000
03-21 20:56:22.887  1151  1333 I [GF_HAL][gf_hal_milan]: [irq_pre_process] received FDT irq, so reset dump_base_frame_flag
03-21 20:56:22.889  1151  1333 E [GF_HAL][gf_hal_milan]: [hal_milan_invoke_command] err=GF_SUCCESS, errno=0. reset g_hal_over_current_count to 0!
03-21 20:56:22.889  1151  1333 I [GF_HAL][gf_hal_milan]: [irq_pre_process] irq_type=INVALID_IRQ_TYPE, irq_type=0x0000
03-21 20:56:22.889  1151  1333 I [GF_HAL][gf_hal_milan]: [irq_process] invalid irq type 0
03-21 20:56:22.968   579   579 I [mTEE]  :  come into the TZ_VFS_OPEN function
03-21 20:56:22.969   579   579 I [mTEE]  :  come into the TZ_VFS_OPEN function
03-21 20:56:22.969   914   988 E surfaceflinger: == MALI DEBUG ===eglp_winsys_populate_image_templates ==12288
03-21 20:56:22.970   579   579 I [mTEE]  :  come into the TZ_VFS_OPEN function
03-21 20:56:22.970   579   579 I [mTEE]  :  come into the TZ_VFS_OPEN function
03-21 20:56:22.974   579   579 I [mTEE]  :  come into the TZ_VFS_OPEN function
03-21 20:56:22.974   579   579 I [mTEE]  :  come into the TZ_VFS_OPEN function
03-21 20:56:22.978   852   992 I hwcomposer: [HWCDisplay] [Display_0 (type:1)] fps:56.580441,dur:1025.09,max:242.34,min:9.96  
03-21 20:56:22.980   579   579 I [mTEE]  :  come into the TZ_VFS_OPEN function
03-21 20:56:22.981   579   579 I [mTEE]  :  come into the TZ_VFS_OPEN function
03-21 20:56:22.981   579   579 I [mTEE]  :  come into the TZ_VFS_OPEN function
03-21 20:56:22.982   579   579 I [mTEE]  :  come into the TZ_VFS_OPEN function
03-21 20:56:22.985   579   579 I [mTEE]  :  come into the TZ_VFS_OPEN function
03-21 20:56:22.985   579   579 I [mTEE]  :  come into the TZ_VFS_OPEN function
03-21 20:56:23.003  1151  1333 E [GF_HAL][gf_hal_milan]: [hal_milan_invoke_command] err=GF_SUCCESS, errno=0. reset g_hal_over_current_count to 0!
03-21 20:56:23.003  1151  1333 I [GF_HAL][gf_hal_milan]: [irq_pre_process] irq_type=[GF_IRQ_FDT_REVERSE_MASK], irq_type=0x4000
03-21 20:56:23.003  1151  1333 I [GF_HAL][gf_hal_milan]: [irq_pre_process] received FDT irq, so reset dump_base_frame_flag
03-21 20:56:23.004  1151  1333 E [GF_HAL][gf_hal_milan]: [hal_milan_invoke_command] err=GF_SUCCESS, errno=0. reset g_hal_over_current_count to 0!
03-21 20:56:23.004  1151  1333 I [GF_HAL][gf_hal_milan]: [irq_pre_process] irq_type=INVALID_IRQ_TYPE, irq_type=0x0000
03-21 20:56:23.004  1151  1333 I [GF_HAL][gf_hal_milan]: [irq_process] invalid irq type 0
03-21 20:56:23.042   852  1054 I hwcomposer: [HWC] (0)fire a callback of refresh to SF[4]  
03-21 20:56:23.053   625  2778 W libperfmgr: Failed to write to node: /dev/stune/top-app/schedtune.boost with value: 10, fd: -1
03-21 20:56:23.054   625  2778 W libperfmgr: Failed to write to node: /proc/sys/kernel/sched_boost with value: 0, fd: -1
03-21 20:56:23.123   625  2778 W libperfmgr: Failed to write to node: /dev/stune/top-app/schedtune.boost with value: 10, fd: -1
03-21 20:56:23.123   625  2778 W libperfmgr: Failed to write to node: /proc/sys/kernel/sched_boost with value: 0, fd: -1
03-21 20:56:23.168 29140 29228 I cn_CronetUrlRequestContext: destroyNativeStreamLocked org.chromium.net.impl.CronetBidirectionalStream@d41a11
03-21 20:56:23.184 29232 29232 W libbinder.BackendUnifiedServiceManager: Thread Pool max thread count is 0. Cannot cache binder as linkToDeath cannot be implemented. serviceName: deviceidle
03-21 20:56:23.214 29234 29234 W libbinder.BackendUnifiedServiceManager: Thread Pool max thread count is 0. Cannot cache binder as linkToDeath cannot be implemented. serviceName: battery
03-21 20:56:23.229 29236 29236 W libbinder.BackendUnifiedServiceManager: Thread Pool max thread count is 0. Cannot cache binder as linkToDeath cannot be implemented. serviceName: deviceidle
03-21 20:56:23.256 29239 29239 W libbinder.BackendUnifiedServiceManager: Thread Pool max thread count is 0. Cannot cache binder as linkToDeath cannot be implemented. serviceName: activity
03-21 20:56:23.317 29248 29248 W libbinder.BackendUnifiedServiceManager: Thread Pool max thread count is 0. Cannot cache binder as linkToDeath cannot be implemented. serviceName: battery
03-21 20:56:23.469   914   988 E surfaceflinger: == MALI DEBUG ===eglp_winsys_populate_image_templates ==12288
03-21 20:56:23.498   914   988 E surfaceflinger: == MALI DEBUG ===eglp_winsys_populate_image_templates ==12288
03-21 20:56:23.557  2237  2237 E SatelliteController: registerForSatelliteModemStateChanged: mSatelliteSessionController is not initialized yet
03-21 20:56:23.561  2237  2237 E SatelliteController: registerForSatelliteModemStateChanged: mSatelliteSessionController is not initialized yet
03-21 20:56:23.566  2237  2378 E SatelliteController: notifyNtnEligibility: mSatellitePhone is null
03-21 20:56:23.574   852  1054 I hwcomposer: [HWC] (0)fire a callback of refresh to SF[4]  
03-21 20:56:23.575  1587  2260 W ContextImpl: Calling a method in the system process without a qualified user: android.app.ContextImpl.sendBroadcastMultiplePermissions:1358 android.content.Context.sendBroadcastMultiplePermissions:2796 com.android.server.TelephonyRegistry.broadcastServiceStateChanged:4172 com.android.server.TelephonyRegistry.notifyServiceStateForPhoneId:1848 com.android.internal.telephony.ITelephonyRegistry$Stub.onTransact:613 
03-21 20:56:23.577  1587  2260 W ContextImpl: Calling a method in the system process without a qualified user: android.app.ContextImpl.sendBroadcastMultiplePermissions:1391 com.android.server.TelephonyRegistry.broadcastServiceStateChanged:4177 com.android.server.TelephonyRegistry.notifyServiceStateForPhoneId:1848 com.android.internal.telephony.ITelephonyRegistry$Stub.onTransact:613 android.os.Binder.execTransactInternal:1473 
03-21 20:56:23.581  1587  2260 W ContextImpl: Calling a method in the system process without a qualified user: android.app.ContextImpl.sendBroadcastMultiplePermissions:1391 com.android.server.TelephonyRegistry.broadcastServiceStateChanged:4186 com.android.server.TelephonyRegistry.notifyServiceStateForPhoneId:1848 com.android.internal.telephony.ITelephonyRegistry$Stub.onTransact:613 android.os.Binder.execTransactInternal:1473 
03-21 20:56:23.583  1587  2260 W ContextImpl: Calling a method in the system process without a qualified user: android.app.ContextImpl.sendBroadcastMultiplePermissions:1391 com.android.server.TelephonyRegistry.broadcastServiceStateChanged:4192 com.android.server.TelephonyRegistry.notifyServiceStateForPhoneId:1848 com.android.internal.telephony.ITelephonyRegistry$Stub.onTransact:613 android.os.Binder.execTransactInternal:1473 
03-21 20:56:23.587   625  2778 W libperfmgr: Failed to write to node: /dev/stune/top-app/schedtune.boost with value: 10, fd: -1
03-21 20:56:23.587   625  2778 W libperfmgr: Failed to write to node: /proc/sys/kernel/sched_boost with value: 0, fd: -1
03-21 20:56:23.593  1587  1680 W libprocessgroup: SetCgroup::ExecuteForProcess: failed to open /dev/stune/background/cgroup.procs: No such file or directory
03-21 20:56:23.597  2237  2237 I Telephony: TelecomAccountRegistry$TelecomAccountTelephonyCallback: TelecomAccountRegistry: onServiceStateChanged: newState=0, mServiceState=0
03-21 20:56:23.598  2237  2237 W Telephony: registerMmTelCapabilityCallback: registration failed, no ImsService available. Exception: code: 1
03-21 20:56:23.600  2237  2237 I Telephony: isRttCurrentlySupported -- regular acct, hasVoiceAvailability: false
03-21 20:56:23.600  2237  2237 I Telephony:  isRttSupported: false
03-21 20:56:23.600  2237  2237 I Telephony:  alwaysAllowWhileRoaming: false
03-21 20:56:23.600  2237  2237 I Telephony:  isRoaming: false
03-21 20:56:23.600  2237  2237 I Telephony:  isOnWfc: false
03-21 20:56:23.639   844   878 I netd    : networkAddUidRangesParcel(NativeUidRangeConfig{netId: 105, uidRanges: [UidRangeParcel{start: 0, stop: 2147483647}], subPriority: 999}) <0.29ms>
03-21 20:56:23.640   844   878 I netd    : networkRemoveUidRangesParcel(NativeUidRangeConfig{netId: 105, uidRanges: [UidRangeParcel{start: 0, stop: 2147483647}], subPriority: 999}) <0.22ms>
03-21 20:56:23.642   625  2778 W libperfmgr: Failed to write to node: /dev/stune/top-app/schedtune.boost with value: 10, fd: -1
03-21 20:56:23.642   625  2778 W libperfmgr: Failed to write to node: /proc/sys/kernel/sched_boost with value: 0, fd: -1
03-21 20:56:23.988   852   992 I hwcomposer: [HWCDisplay] [Display_0 (type:1)] fps:35.632233,dur:1010.32,max:418.99,min:11.03  
03-21 20:56:24.142   625  2778 W libperfmgr: Failed to write to node: /dev/stune/top-app/schedtune.boost with value: 10, fd: -1
03-21 20:56:24.143   625  2778 W libperfmgr: Failed to write to node: /proc/sys/kernel/sched_boost with value: 0, fd: -1
03-21 20:56:24.143  2458 29203 I NearbySharing: Network state changed: NetworkState(isRestricted=false, isOnline=true, isCongested=false, isMetered=false, isWifiConnected=true)
03-21 20:56:24.643   625  2778 W libperfmgr: Failed to write to node: /dev/stune/top-app/schedtune.boost with value: 10, fd: -1
03-21 20:56:24.643   625  2778 W libperfmgr: Failed to write to node: /proc/sys/kernel/sched_boost with value: 0, fd: -1
03-21 20:56:24.946 26664 26752 E ReactNativeJS: 'API Error Response:', { error: 'authorization header required' }
03-21 20:56:24.962 26664 26752 E ReactNativeJS: 'Login error:', [AxiosError: Request failed with status code 401]
03-21 20:56:24.981 26664 26664 W WindowOnBackDispatcher: OnBackInvokedCallback is not enabled for the application.
03-21 20:56:24.981 26664 26664 W WindowOnBackDispatcher: Set 'android:enableOnBackInvokedCallback="true"' in the application manifest.
03-21 20:56:24.984   844 29258 I resolv  : GetAddrInfoHandler::run: {102 102 102 983142 10399 0}
03-21 20:56:24.985   844 29259 I resolv  : res_nmkquery: (QUERY, IN, A)
03-21 20:56:24.990   844 29259 I resolv  : res_nsend: used send_dg 43 terrno: 0
03-21 20:56:24.990   844 29259 I resolv  : doQuery: rcode=0, ancount=1, return value=43
03-21 20:56:24.999   852   992 I hwcomposer: [HWCDisplay] [Display_0 (type:1)] fps:88.051941,dur:1010.77,max:22.22,min:11.01  
03-21 20:56:25.008   881   881 I WifiHAL : feature_set=0x8488141a
03-21 20:56:25.009  1587  1927 I HalDevMgr: bestIfaceCreationProposal is null, requestIface=STA, existingIface=[name=wlan0 type=STA]
03-21 20:56:25.077   914   988 E surfaceflinger: == MALI DEBUG ===eglp_winsys_populate_image_templates ==12288
03-21 20:56:25.085   625  2778 W libperfmgr: Failed to write to node: /dev/stune/top-app/schedtune.boost with value: 50, fd: -1
03-21 20:56:25.085   625  2778 W libperfmgr: Failed to write to node: /proc/sys/kernel/sched_boost with value: 2, fd: -1
03-21 20:56:25.088   914   988 E surfaceflinger: == MALI DEBUG ===eglp_winsys_populate_image_templates ==12288
03-21 20:56:25.093   914   988 E surfaceflinger: == MALI DEBUG ===eglp_winsys_populate_image_templates ==12288
03-21 20:56:25.103   914   988 E surfaceflinger: == MALI DEBUG ===eglp_winsys_populate_image_templates ==12288
03-21 20:56:25.245   625  2778 W libperfmgr: Failed to write to node: /dev/stune/top-app/schedtune.boost with value: 10, fd: -1
03-21 20:56:25.245   625  2778 W libperfmgr: Failed to write to node: /proc/sys/kernel/sched_boost with value: 0, fd: -1
03-21 20:56:25.258   852  1054 I hwcomposer: [HWC] (0)fire a callback of refresh to SF[4]  
03-21 20:56:25.265   625  2778 W libperfmgr: Failed to write to node: /dev/stune/top-app/schedtune.boost with value: 10, fd: -1
03-21 20:56:25.265   625  2778 W libperfmgr: Failed to write to node: /proc/sys/kernel/sched_boost with value: 0, fd: -1
03-21 20:56:25.339   625  2778 W libperfmgr: Failed to write to node: /dev/stune/top-app/schedtune.boost with value: 10, fd: -1
03-21 20:56:25.339   625  2778 W libperfmgr: Failed to write to node: /proc/sys/kernel/sched_boost with value: 0, fd: -1
03-21 20:56:25.792 26664 26679 E com.rnat: mali-debug: still pending callback,wait...
03-21 20:56:25.806 26664 26664 W WindowOnBackDispatcher: OnBackInvokedCallback is not enabled for the application.
03-21 20:56:25.806 26664 26664 W WindowOnBackDispatcher: Set 'android:enableOnBackInvokedCallback="true"' in the application manifest.
03-21 20:56:25.807   625  2778 W libperfmgr: Failed to write to node: /dev/stune/top-app/schedtune.boost with value: 50, fd: -1
03-21 20:56:25.807   625  2778 W libperfmgr: Failed to write to node: /proc/sys/kernel/sched_boost with value: 2, fd: -1
03-21 20:56:25.967   625  2778 W libperfmgr: Failed to write to node: /dev/stune/top-app/schedtune.boost with value: 10, fd: -1
03-21 20:56:25.967   625  2778 W libperfmgr: Failed to write to node: /proc/sys/kernel/sched_boost with value: 0, fd: -1
03-21 20:56:25.982   852  1054 I hwcomposer: [HWC] (0)fire a callback of refresh to SF[4]  
03-21 20:56:25.986   625  2778 W libperfmgr: Failed to write to node: /dev/stune/top-app/schedtune.boost with value: 10, fd: -1
03-21 20:56:25.986   625  2778 W libperfmgr: Failed to write to node: /proc/sys/kernel/sched_boost with value: 0, fd: -1
03-21 20:56:26.063   625  2778 W libperfmgr: Failed to write to node: /dev/stune/top-app/schedtune.boost with value: 10, fd: -1
03-21 20:56:26.063   625  2778 W libperfmgr: Failed to write to node: /proc/sys/kernel/sched_boost with value: 0, fd: -1
03-21 20:56:26.354   852   992 I hwcomposer: [HWCDisplay] [Display_0 (type:1)] fps:24.352058,dur:1355.12,max:528.69,min:11.00  
03-21 20:56:26.414   852  1054 I hwcomposer: [HWC] (0)fire a callback of refresh to SF[4]  
03-21 20:56:26.420   625  2778 W libperfmgr: Failed to write to node: /dev/stune/top-app/schedtune.boost with value: 10, fd: -1
03-21 20:56:26.420   625  2778 W libperfmgr: Failed to write to node: /proc/sys/kernel/sched_boost with value: 0, fd: -1
03-21 20:56:26.495   625  2778 W libperfmgr: Failed to write to node: /dev/stune/top-app/schedtune.boost with value: 10, fd: -1
03-21 20:56:26.495   625  2778 W libperfmgr: Failed to write to node: /proc/sys/kernel/sched_boost with value: 0, fd: -1
03-21 20:56:26.782   877   924 E Situation: processEvent, handle:26, flush_action:0
03-21 20:56:26.783   625  2778 W libperfmgr: Failed to write to node: /dev/stune/top-app/schedtune.boost with value: 50, fd: -1
03-21 20:56:26.783   625  2778 W libperfmgr: Failed to write to node: /proc/sys/kernel/sched_boost with value: 2, fd: -1
03-21 20:56:26.784  2437  2437 I RotationButtonController: onRotationProposal(rotation=1)
03-21 20:56:26.802   914   988 E surfaceflinger: == MALI DEBUG ===eglp_winsys_populate_image_templates ==12288
03-21 20:56:26.805   914   988 E surfaceflinger: == MALI DEBUG ===eglp_winsys_populate_image_templates ==12288
03-21 20:56:26.818   914   988 E surfaceflinger: == MALI DEBUG ===eglp_winsys_populate_image_templates ==12288
03-21 20:56:26.828   914   988 E surfaceflinger: == MALI DEBUG ===eglp_winsys_populate_image_templates ==12288
03-21 20:56:26.933   625  2778 W libperfmgr: Failed to write to node: /dev/stune/top-app/schedtune.boost with value: 10, fd: -1
03-21 20:56:26.933   625  2778 W libperfmgr: Failed to write to node: /proc/sys/kernel/sched_boost with value: 0, fd: -1
03-21 20:56:27.365   852   992 I hwcomposer: [HWCDisplay] [Display_0 (type:1)] fps:52.431435,dur:1010.84,max:374.45,min:10.96  
03-21 20:56:27.434   625  2778 W libperfmgr: Failed to write to node: /dev/stune/top-app/schedtune.boost with value: 10, fd: -1
03-21 20:56:27.434   625  2778 W libperfmgr: Failed to write to node: /proc/sys/kernel/sched_boost with value: 0, fd: -1
03-21 20:56:27.608  2458  3118 I libbinder.IPCThreadState: oneway function results for code 1 on binder at 0xb40000763d2959e0 will be dropped but finished with status UNKNOWN_TRANSACTION and reply parcel size 80
03-21 20:56:27.934   625  2778 W libperfmgr: Failed to write to node: /dev/stune/top-app/schedtune.boost with value: 10, fd: -1
03-21 20:56:27.934   625  2778 W libperfmgr: Failed to write to node: /proc/sys/kernel/sched_boost with value: 0, fd: -1
03-21 20:56:28.016   881   881 I WifiHAL : feature_set=0x8488141a
03-21 20:56:28.017  1587  1927 I HalDevMgr: bestIfaceCreationProposal is null, requestIface=STA, existingIface=[name=wlan0 type=STA]
03-21 20:56:28.376   852   992 I hwcomposer: [HWCDisplay] [Display_0 (type:1)] fps:90.028587,dur:1010.79,max:11.24,min:10.96  
03-21 20:56:28.434   625  2778 W libperfmgr: Failed to write to node: /dev/stune/top-app/schedtune.boost with value: 10, fd: -1
03-21 20:56:28.434   625  2778 W libperfmgr: Failed to write to node: /proc/sys/kernel/sched_boost with value: 0, fd: -1
03-21 20:56:28.759   844   878 I netd    : networkAddUidRangesParcel(NativeUidRangeConfig{netId: 105, uidRanges: [UidRangeParcel{start: 0, stop: 2147483647}], subPriority: 999}) <0.33ms>
03-21 20:56:28.760   844   878 I netd    : networkRemoveUidRangesParcel(NativeUidRangeConfig{netId: 105, uidRanges: [UidRangeParcel{start: 0, stop: 2147483647}], subPriority: 999}) <0.24ms>
03-21 20:56:28.934   625  2778 W libperfmgr: Failed to write to node: /dev/stune/top-app/schedtune.boost with value: 10, fd: -1
03-21 20:56:28.934   625  2778 W libperfmgr: Failed to write to node: /proc/sys/kernel/sched_boost with value: 0, fd: -1
03-21 20:56:29.264  2458 29203 I NearbySharing: Network state changed: NetworkState(isRestricted=false, isOnline=true, isCongested=false, isMetered=false, isWifiConnected=true)
03-21 20:56:29.346 28953 28977 W CrashLoopRemedyLog: unable to delete remedy log, instaCrash: true
03-21 20:56:29.387   852   992 I hwcomposer: [HWCDisplay] [Display_0 (type:1)] fps:90.029320,dur:1010.78,max:11.23,min:10.97  
03-21 20:56:29.435   625  2778 W libperfmgr: Failed to write to node: /dev/stune/top-app/schedtune.boost with value: 10, fd: -1
03-21 20:56:29.435   625  2778 W libperfmgr: Failed to write to node: /proc/sys/kernel/sched_boost with value: 0, fd: -1
03-21 20:56:29.543 29265 29265 W libbinder.BackendUnifiedServiceManager: Thread Pool max thread count is 0. Cannot cache binder as linkToDeath cannot be implemented. serviceName: deviceidle
03-21 20:56:29.560 29267 29267 W libbinder.BackendUnifiedServiceManager: Thread Pool max thread count is 0. Cannot cache binder as linkToDeath cannot be implemented. serviceName: battery
03-21 20:56:29.586 29269 29269 W libbinder.BackendUnifiedServiceManager: Thread Pool max thread count is 0. Cannot cache binder as linkToDeath cannot be implemented. serviceName: deviceidle
03-21 20:56:29.612 29272 29272 W libbinder.BackendUnifiedServiceManager: Thread Pool max thread count is 0. Cannot cache binder as linkToDeath cannot be implemented. serviceName: activity
03-21 20:56:29.671 29281 29281 W libbinder.BackendUnifiedServiceManager: Thread Pool max thread count is 0. Cannot cache binder as linkToDeath cannot be implemented. serviceName: battery
03-21 20:56:29.935   625  2778 W libperfmgr: Failed to write to node: /dev/stune/top-app/schedtune.boost with value: 10, fd: -1
03-21 20:56:29.935   625  2778 W libperfmgr: Failed to write to node: /proc/sys/kernel/sched_boost with value: 0, fd: -1
03-21 20:56:30.170  2237  2237 E SatelliteController: registerForSatelliteModemStateChanged: mSatelliteSessionController is not initialized yet
03-21 20:56:30.172  2237  2237 E SatelliteController: registerForSatelliteModemStateChanged: mSatelliteSessionController is not initialized yet
03-21 20:56:30.176  2237  2378 E SatelliteController: notifyNtnEligibility: mSatellitePhone is null
03-21 20:56:30.185  1587  3186 W ContextImpl: Calling a method in the system process without a qualified user: android.app.ContextImpl.sendBroadcastMultiplePermissions:1358 android.content.Context.sendBroadcastMultiplePermissions:2796 com.android.server.TelephonyRegistry.broadcastServiceStateChanged:4172 com.android.server.TelephonyRegistry.notifyServiceStateForPhoneId:1848 com.android.internal.telephony.ITelephonyRegistry$Stub.onTransact:613 
03-21 20:56:30.190  1587  3186 W ContextImpl: Calling a method in the system process without a qualified user: android.app.ContextImpl.sendBroadcastMultiplePermissions:1391 com.android.server.TelephonyRegistry.broadcastServiceStateChanged:4177 com.android.server.TelephonyRegistry.notifyServiceStateForPhoneId:1848 com.android.internal.telephony.ITelephonyRegistry$Stub.onTransact:613 android.os.Binder.execTransactInternal:1473 
03-21 20:56:30.194  1587  3186 W ContextImpl: Calling a method in the system process without a qualified user: android.app.ContextImpl.sendBroadcastMultiplePermissions:1391 com.android.server.TelephonyRegistry.broadcastServiceStateChanged:4186 com.android.server.TelephonyRegistry.notifyServiceStateForPhoneId:1848 com.android.internal.telephony.ITelephonyRegistry$Stub.onTransact:613 android.os.Binder.execTransactInternal:1473 
03-21 20:56:30.196  1587  3186 W ContextImpl: Calling a method in the system process without a qualified user: android.app.ContextImpl.sendBroadcastMultiplePermissions:1391 com.android.server.TelephonyRegistry.broadcastServiceStateChanged:4192 com.android.server.TelephonyRegistry.notifyServiceStateForPhoneId:1848 com.android.internal.telephony.ITelephonyRegistry$Stub.onTransact:613 android.os.Binder.execTransactInternal:1473 
03-21 20:56:30.204  1587  1680 W libprocessgroup: SetCgroup::ExecuteForProcess: failed to open /dev/stune/background/cgroup.procs: No such file or directory
03-21 20:56:30.207   844   878 I netd    : tetherGetStats() -> {[]} <1.08ms>
03-21 20:56:30.208  2237  2237 I Telephony: TelecomAccountRegistry$TelecomAccountTelephonyCallback: TelecomAccountRegistry: onServiceStateChanged: newState=0, mServiceState=0
03-21 20:56:30.208  2237  2237 W Telephony: registerMmTelCapabilityCallback: registration failed, no ImsService available. Exception: code: 1
03-21 20:56:30.210  2237  2237 I Telephony: isRttCurrentlySupported -- regular acct, hasVoiceAvailability: false
03-21 20:56:30.210  2237  2237 I Telephony:  isRttSupported: false
03-21 20:56:30.210  2237  2237 I Telephony:  alwaysAllowWhileRoaming: false
03-21 20:56:30.210  2237  2237 I Telephony:  isRoaming: false
03-21 20:56:30.210  2237  2237 I Telephony:  isOnWfc: false
03-21 20:56:30.398   852   992 I hwcomposer: [HWCDisplay] [Display_0 (type:1)] fps:90.026596,dur:1010.81,max:11.31,min:10.96  
03-21 20:56:30.435   625  2778 W libperfmgr: Failed to write to node: /dev/stune/top-app/schedtune.boost with value: 10, fd: -1
03-21 20:56:30.435   625  2778 W libperfmgr: Failed to write to node: /proc/sys/kernel/sched_boost with value: 0, fd: -1
03-21 20:56:30.935   625  2778 W libperfmgr: Failed to write to node: /dev/stune/top-app/schedtune.boost with value: 10, fd: -1
03-21 20:56:30.936   625  2778 W libperfmgr: Failed to write to node: /proc/sys/kernel/sched_boost with value: 0, fd: -1
03-21 20:56:31.030   881   881 I WifiHAL : feature_set=0x8488141a
03-21 20:56:31.032  1587  1927 I HalDevMgr: bestIfaceCreationProposal is null, requestIface=STA, existingIface=[name=wlan0 type=STA]
03-21 20:56:31.238   852  1054 I hwcomposer: [HWC] (0)fire a callback of refresh to SF[4]  
03-21 20:56:31.252   625  2778 W libperfmgr: Failed to write to node: /dev/stune/top-app/schedtune.boost with value: 10, fd: -1
03-21 20:56:31.252   625  2778 W libperfmgr: Failed to write to node: /proc/sys/kernel/sched_boost with value: 0, fd: -1
03-21 20:56:31.319   625  2778 W libperfmgr: Failed to write to node: /dev/stune/top-app/schedtune.boost with value: 10, fd: -1
03-21 20:56:31.319   625  2778 W libperfmgr: Failed to write to node: /proc/sys/kernel/sched_boost with value: 0, fd: -1
03-21 20:56:31.414   852  1054 I hwcomposer: [HWC] (0)fire a callback of refresh to SF[4]  
03-21 20:56:31.430   625  2778 W libperfmgr: Failed to write to node: /dev/stune/top-app/schedtune.boost with value: 10, fd: -1
03-21 20:56:31.430   625  2778 W libperfmgr: Failed to write to node: /proc/sys/kernel/sched_boost with value: 0, fd: -1
03-21 20:56:31.435   852   992 I hwcomposer: [HWCDisplay] [Display_0 (type:1)] fps:70.378021,dur:1037.26,max:95.53,min:11.00  
03-21 20:56:31.495   625  2778 W libperfmgr: Failed to write to node: /dev/stune/top-app/schedtune.boost with value: 10, fd: -1
03-21 20:56:31.495   625  2778 W libperfmgr: Failed to write to node: /proc/sys/kernel/sched_boost with value: 0, fd: -1
03-21 20:56:31.958   852  1054 I hwcomposer: [HWC] (0)fire a callback of refresh to SF[4]  
03-21 20:56:31.962   625  2778 W libperfmgr: Failed to write to node: /dev/stune/top-app/schedtune.boost with value: 10, fd: -1
03-21 20:56:31.962   625  2778 W libperfmgr: Failed to write to node: /proc/sys/kernel/sched_boost with value: 0, fd: -1
03-21 20:56:32.004  2458 29203 I NearbyPresence: (REDACTED) %s verified [==] new request %s equals to the old request
03-21 20:56:32.039   625  2778 W libperfmgr: Failed to write to node: /dev/stune/top-app/schedtune.boost with value: 10, fd: -1
03-21 20:56:32.039   625  2778 W libperfmgr: Failed to write to node: /proc/sys/kernel/sched_boost with value: 0, fd: -1
03-21 20:56:32.292 29140 29144 W chbox:googleapp: userfaultfd: MOVE ioctl seems unsupported: Try again
03-21 20:56:32.410   852  1054 I hwcomposer: [HWC] (0)fire a callback of refresh to SF[4]  
03-21 20:56:32.417   625  2778 W libperfmgr: Failed to write to node: /dev/stune/top-app/schedtune.boost with value: 10, fd: -1
03-21 20:56:32.417   625  2778 W libperfmgr: Failed to write to node: /proc/sys/kernel/sched_boost with value: 0, fd: -1
03-21 20:56:32.491   625  2778 W libperfmgr: Failed to write to node: /dev/stune/top-app/schedtune.boost with value: 10, fd: -1
03-21 20:56:32.491   625  2778 W libperfmgr: Failed to write to node: /proc/sys/kernel/sched_boost with value: 0, fd: -1
03-21 20:56:32.616   594 29152 I keystore2: system/security/keystore2/watchdog/src/lib.rs:371 - Watchdog thread idle -> terminating. Have a great day.
03-21 20:56:32.852   852   992 I hwcomposer: [HWCDisplay] [Display_0 (type:1)] fps:7.054116,dur:1417.61,max:430.05,min:10.86  
03-21 20:56:32.914   852  1054 I hwcomposer: [HWC] (0)fire a callback of refresh to SF[4]  
03-21 20:56:32.929   625  2778 W libperfmgr: Failed to write to node: /dev/stune/top-app/schedtune.boost with value: 10, fd: -1
03-21 20:56:32.929   625  2778 W libperfmgr: Failed to write to node: /proc/sys/kernel/sched_boost with value: 0, fd: -1
03-21 20:56:32.995   625  2778 W libperfmgr: Failed to write to node: /dev/stune/top-app/schedtune.boost with value: 10, fd: -1
03-21 20:56:32.995   625  2778 W libperfmgr: Failed to write to node: /proc/sys/kernel/sched_boost with value: 0, fd: -1
03-21 20:56:33.410   852  1054 I hwcomposer: [HWC] (0)fire a callback of refresh to SF[4]  
03-21 20:56:33.417   625  2778 W libperfmgr: Failed to write to node: /dev/stune/top-app/schedtune.boost with value: 10, fd: -1
03-21 20:56:33.417   625  2778 W libperfmgr: Failed to write to node: /proc/sys/kernel/sched_boost with value: 0, fd: -1
03-21 20:56:33.491   625  2778 W libperfmgr: Failed to write to node: /dev/stune/top-app/schedtune.boost with value: 10, fd: -1
03-21 20:56:33.491   625  2778 W libperfmgr: Failed to write to node: /proc/sys/kernel/sched_boost with value: 0, fd: -1
03-21 20:56:33.910   852  1054 I hwcomposer: [HWC] (0)fire a callback of refresh to SF[4]  
03-21 20:56:33.917   625  2778 W libperfmgr: Failed to write to node: /dev/stune/top-app/schedtune.boost with value: 10, fd: -1
03-21 20:56:33.917   625  2778 W libperfmgr: Failed to write to node: /proc/sys/kernel/sched_boost with value: 0, fd: -1
03-21 20:56:33.922   852   992 I hwcomposer: [HWCDisplay] [Display_0 (type:1)] fps:4.672973,dur:1069.98,max:429.76,min:70.12  
03-21 20:56:33.991   625  2778 W libperfmgr: Failed to write to node: /dev/stune/top-app/schedtune.boost with value: 10, fd: -1
03-21 20:56:33.991   625  2778 W libperfmgr: Failed to write to node: /proc/sys/kernel/sched_boost with value: 0, fd: -1
03-21 20:56:34.044   881   881 I WifiHAL : feature_set=0x8488141a
03-21 20:56:34.045  1587  1927 I HalDevMgr: bestIfaceCreationProposal is null, requestIface=STA, existingIface=[name=wlan0 type=STA]
03-21 20:56:34.410   852  1054 I hwcomposer: [HWC] (0)fire a callback of refresh to SF[4]  
03-21 20:56:34.417   625  2778 W libperfmgr: Failed to write to node: /dev/stune/top-app/schedtune.boost with value: 10, fd: -1
03-21 20:56:34.417   625  2778 W libperfmgr: Failed to write to node: /proc/sys/kernel/sched_boost with value: 0, fd: -1
03-21 20:56:34.491   625  2778 W libperfmgr: Failed to write to node: /dev/stune/top-app/schedtune.boost with value: 10, fd: -1
03-21 20:56:34.491   625  2778 W libperfmgr: Failed to write to node: /proc/sys/kernel/sched_boost with value: 0, fd: -1
03-21 20:56:34.910   852  1054 I hwcomposer: [HWC] (0)fire a callback of refresh to SF[4]  
03-21 20:56:34.917   625  2778 W libperfmgr: Failed to write to node: /dev/stune/top-app/schedtune.boost with value: 10, fd: -1
03-21 20:56:34.917   625  2778 W libperfmgr: Failed to write to node: /proc/sys/kernel/sched_boost with value: 0, fd: -1
03-21 20:56:34.991   625  2778 W libperfmgr: Failed to write to node: /dev/stune/top-app/schedtune.boost with value: 10, fd: -1
03-21 20:56:34.992   625  2778 W libperfmgr: Failed to write to node: /proc/sys/kernel/sched_boost with value: 0, fd: -1
03-21 20:56:35.352   852   992 I hwcomposer: [HWCDisplay] [Display_0 (type:1)] fps:3.498354,dur:1429.24,max:430.03,min:69.78  
03-21 20:56:35.414   852  1054 I hwcomposer: [HWC] (0)fire a callback of refresh to SF[4]  
03-21 20:56:35.428   625  2778 W libperfmgr: Failed to write to node: /dev/stune/top-app/schedtune.boost with value: 10, fd: -1
03-21 20:56:35.428   625  2778 W libperfmgr: Failed to write to node: /proc/sys/kernel/sched_boost with value: 0, fd: -1
03-21 20:56:35.495   625  2778 W libperfmgr: Failed to write to node: /dev/stune/top-app/schedtune.boost with value: 10, fd: -1
03-21 20:56:35.495   625  2778 W libperfmgr: Failed to write to node: /proc/sys/kernel/sched_boost with value: 0, fd: -1
03-21 20:56:35.895 29290 29290 W libbinder.BackendUnifiedServiceManager: Thread Pool max thread count is 0. Cannot cache binder as linkToDeath cannot be implemented. serviceName: deviceidle
03-21 20:56:35.910   852  1054 I hwcomposer: [HWC] (0)fire a callback of refresh to SF[4]  
03-21 20:56:35.911 29292 29292 W libbinder.BackendUnifiedServiceManager: Thread Pool max thread count is 0. Cannot cache binder as linkToDeath cannot be implemented. serviceName: battery
03-21 20:56:35.916   625  2778 W libperfmgr: Failed to write to node: /dev/stune/top-app/schedtune.boost with value: 10, fd: -1
03-21 20:56:35.917   625  2778 W libperfmgr: Failed to write to node: /proc/sys/kernel/sched_boost with value: 0, fd: -1
03-21 20:56:35.928 29294 29294 W libbinder.BackendUnifiedServiceManager: Thread Pool max thread count is 0. Cannot cache binder as linkToDeath cannot be implemented. serviceName: deviceidle
03-21 20:56:35.959 29297 29297 W libbinder.BackendUnifiedServiceManager: Thread Pool max thread count is 0. Cannot cache binder as linkToDeath cannot be implemented. serviceName: activity
03-21 20:56:35.991   625  2778 W libperfmgr: Failed to write to node: /dev/stune/top-app/schedtune.boost with value: 10, fd: -1
03-21 20:56:35.991   625  2778 W libperfmgr: Failed to write to node: /proc/sys/kernel/sched_boost with value: 0, fd: -1
03-21 20:56:36.013 29306 29306 W libbinder.BackendUnifiedServiceManager: Thread Pool max thread count is 0. Cannot cache binder as linkToDeath cannot be implemented. serviceName: battery
03-21 20:56:36.198   852  1054 I hwcomposer: [HWC] (0)fire a callback of refresh to SF[4]  
03-21 20:56:36.205   625  2778 W libperfmgr: Failed to write to node: /dev/stune/top-app/schedtune.boost with value: 10, fd: -1
03-21 20:56:36.205   625  2778 W libperfmgr: Failed to write to node: /proc/sys/kernel/sched_boost with value: 0, fd: -1
03-21 20:56:36.279   625  2778 W libperfmgr: Failed to write to node: /dev/stune/top-app/schedtune.boost with value: 10, fd: -1
03-21 20:56:36.279   625  2778 W libperfmgr: Failed to write to node: /proc/sys/kernel/sched_boost with value: 0, fd: -1
03-21 20:56:36.410   852  1054 I hwcomposer: [HWC] (0)fire a callback of refresh to SF[4]  
03-21 20:56:36.416   625  2778 W libperfmgr: Failed to write to node: /dev/stune/top-app/schedtune.boost with value: 10, fd: -1
03-21 20:56:36.416   625  2778 W libperfmgr: Failed to write to node: /proc/sys/kernel/sched_boost with value: 0, fd: -1
03-21 20:56:36.421   852   992 I hwcomposer: [HWCDisplay] [Display_0 (type:1)] fps:6.542868,dur:1069.87,max:418.64,min:69.29  
03-21 20:56:36.491   625  2778 W libperfmgr: Failed to write to node: /dev/stune/top-app/schedtune.boost with value: 10, fd: -1
03-21 20:56:36.491   625  2778 W libperfmgr: Failed to write to node: /proc/sys/kernel/sched_boost with value: 0, fd: -1
03-21 20:56:36.910   852  1054 I hwcomposer: [HWC] (0)fire a callback of refresh to SF[4]  
03-21 20:56:36.916   625  2778 W libperfmgr: Failed to write to node: /dev/stune/top-app/schedtune.boost with value: 10, fd: -1
03-21 20:56:36.916   625  2778 W libperfmgr: Failed to write to node: /proc/sys/kernel/sched_boost with value: 0, fd: -1
03-21 20:56:36.991   625  2778 W libperfmgr: Failed to write to node: /dev/stune/top-app/schedtune.boost with value: 10, fd: -1
03-21 20:56:36.991   625  2778 W libperfmgr: Failed to write to node: /proc/sys/kernel/sched_boost with value: 0, fd: -1
03-21 20:56:37.052   881   881 I WifiHAL : feature_set=0x8488141a
03-21 20:56:37.053  1587  1927 I HalDevMgr: bestIfaceCreationProposal is null, requestIface=STA, existingIface=[name=wlan0 type=STA]
03-21 20:56:37.410   852  1054 I hwcomposer: [HWC] (0)fire a callback of refresh to SF[4]  
03-21 20:56:37.416   625  2778 W libperfmgr: Failed to write to node: /dev/stune/top-app/schedtune.boost with value: 10, fd: -1
03-21 20:56:37.416   625  2778 W libperfmgr: Failed to write to node: /proc/sys/kernel/sched_boost with value: 0, fd: -1
03-21 20:56:37.491   625  2778 W libperfmgr: Failed to write to node: /dev/stune/top-app/schedtune.boost with value: 10, fd: -1
03-21 20:56:37.491   625  2778 W libperfmgr: Failed to write to node: /proc/sys/kernel/sched_boost with value: 0, fd: -1
03-21 20:56:37.608  1587  1680 W libprocessgroup: SetCgroup::ExecuteForProcess: failed to open /dev/stune/background/cgroup.procs: No such file or directory
03-21 20:56:37.851   852   992 I hwcomposer: [HWCDisplay] [Display_0 (type:1)] fps:3.498152,dur:1429.33,max:429.95,min:69.87  
03-21 20:56:37.910   852  1054 I hwcomposer: [HWC] (0)fire a callback of refresh to SF[4]  
03-21 20:56:37.916   625  2778 W libperfmgr: Failed to write to node: /dev/stune/top-app/schedtune.boost with value: 10, fd: -1
03-21 20:56:37.916   625  2778 W libperfmgr: Failed to write to node: /proc/sys/kernel/sched_boost with value: 0, fd: -1
03-21 20:56:37.991   625  2778 W libperfmgr: Failed to write to node: /dev/stune/top-app/schedtune.boost with value: 10, fd: -1
03-21 20:56:37.991   625  2778 W libperfmgr: Failed to write to node: /proc/sys/kernel/sched_boost with value: 0, fd: -1
03-21 20:56:38.410   852  1054 I hwcomposer: [HWC] (0)fire a callback of refresh to SF[4]  
03-21 20:56:38.415   625  2778 W libperfmgr: Failed to write to node: /dev/stune/top-app/schedtune.boost with value: 10, fd: -1
03-21 20:56:38.415   625  2778 W libperfmgr: Failed to write to node: /proc/sys/kernel/sched_boost with value: 0, fd: -1
03-21 20:56:38.491   625  2778 W libperfmgr: Failed to write to node: /dev/stune/top-app/schedtune.boost with value: 10, fd: -1
03-21 20:56:38.491   625  2778 W libperfmgr: Failed to write to node: /proc/sys/kernel/sched_boost with value: 0, fd: -1
03-21 20:56:38.910   852  1054 I hwcomposer: [HWC] (0)fire a callback of refresh to SF[4]  
03-21 20:56:38.915   625  2778 W libperfmgr: Failed to write to node: /dev/stune/top-app/schedtune.boost with value: 10, fd: -1
03-21 20:56:38.915   625  2778 W libperfmgr: Failed to write to node: /proc/sys/kernel/sched_boost with value: 0, fd: -1
03-21 20:56:38.920   852   992 I hwcomposer: [HWCDisplay] [Display_0 (type:1)] fps:4.675292,dur:1069.45,max:429.97,min:69.77  
03-21 20:56:38.991   625  2778 W libperfmgr: Failed to write to node: /dev/stune/top-app/schedtune.boost with value: 10, fd: -1
03-21 20:56:38.991   625  2778 W libperfmgr: Failed to write to node: /proc/sys/kernel/sched_boost with value: 0, fd: -1
03-21 20:56:39.410   852  1054 I hwcomposer: [HWC] (0)fire a callback of refresh to SF[4]  
03-21 20:56:39.415   625  2778 W libperfmgr: Failed to write to node: /dev/stune/top-app/schedtune.boost with value: 10, fd: -1
03-21 20:56:39.415   625  2778 W libperfmgr: Failed to write to node: /proc/sys/kernel/sched_boost with value: 0, fd: -1
03-21 20:56:39.491   625  2778 W libperfmgr: Failed to write to node: /dev/stune/top-app/schedtune.boost with value: 10, fd: -1
03-21 20:56:39.491   625  2778 W libperfmgr: Failed to write to node: /proc/sys/kernel/sched_boost with value: 0, fd: -1
03-21 20:56:39.910   852  1054 I hwcomposer: [HWC] (0)fire a callback of refresh to SF[4]  
03-21 20:56:39.915   625  2778 W libperfmgr: Failed to write to node: /dev/stune/top-app/schedtune.boost with value: 10, fd: -1
03-21 20:56:39.915   625  2778 W libperfmgr: Failed to write to node: /proc/sys/kernel/sched_boost with value: 0, fd: -1
03-21 20:56:39.991   625  2778 W libperfmgr: Failed to write to node: /dev/stune/top-app/schedtune.boost with value: 10, fd: -1
03-21 20:56:39.992   625  2778 W libperfmgr: Failed to write to node: /proc/sys/kernel/sched_boost with value: 0, fd: -1
03-21 20:56:40.065   881   881 I WifiHAL : feature_set=0x8488141a
03-21 20:56:40.067  1587  1927 I HalDevMgr: bestIfaceCreationProposal is null, requestIface=STA, existingIface=[name=wlan0 type=STA]
03-21 20:56:40.361   852   992 I hwcomposer: [HWCDisplay] [Display_0 (type:1)] fps:3.470166,dur:1440.85,max:441.11,min:69.78  
03-21 20:56:40.422   852  1054 I hwcomposer: [HWC] (0)fire a callback of refresh to SF[4]  
03-21 20:56:40.426   625  2778 W libperfmgr: Failed to write to node: /dev/stune/top-app/schedtune.boost with value: 10, fd: -1
03-21 20:56:40.426   625  2778 W libperfmgr: Failed to write to node: /proc/sys/kernel/sched_boost with value: 0, fd: -1
03-21 20:56:40.503   625  2778 W libperfmgr: Failed to write to node: /dev/stune/top-app/schedtune.boost with value: 10, fd: -1
03-21 20:56:40.503   625  2778 W libperfmgr: Failed to write to node: /proc/sys/kernel/sched_boost with value: 0, fd: -1
03-21 20:56:40.922   852  1054 I hwcomposer: [HWC] (0)fire a callback of refresh to SF[4]  
03-21 20:56:40.926   625  2778 W libperfmgr: Failed to write to node: /dev/stune/top-app/schedtune.boost with value: 10, fd: -1
03-21 20:56:40.926   625  2778 W libperfmgr: Failed to write to node: /proc/sys/kernel/sched_boost with value: 0, fd: -1
03-21 20:56:41.003   625  2778 W libperfmgr: Failed to write to node: /dev/stune/top-app/schedtune.boost with value: 10, fd: -1
03-21 20:56:41.003   625  2778 W libperfmgr: Failed to write to node: /proc/sys/kernel/sched_boost with value: 0, fd: -1
03-21 20:56:41.322   852  1054 I hwcomposer: [HWC] (0)fire a callback of refresh to SF[4]  
03-21 20:56:41.337   625  2778 W libperfmgr: Failed to write to node: /dev/stune/top-app/schedtune.boost with value: 10, fd: -1
03-21 20:56:41.337   625  2778 W libperfmgr: Failed to write to node: /proc/sys/kernel/sched_boost with value: 0, fd: -1
03-21 20:56:41.360   625  2778 W libperfmgr: Failed to write to node: /dev/stune/top-app/schedtune.boost with value: 10, fd: -1
03-21 20:56:41.360   625  2778 W libperfmgr: Failed to write to node: /proc/sys/kernel/sched_boost with value: 0, fd: -1
03-21 20:56:41.422   852  1054 I hwcomposer: [HWC] (0)fire a callback of refresh to SF[4]  
03-21 20:56:41.437   625  2778 W libperfmgr: Failed to write to node: /dev/stune/top-app/schedtune.boost with value: 10, fd: -1
03-21 20:56:41.437   625  2778 W libperfmgr: Failed to write to node: /proc/sys/kernel/sched_boost with value: 0, fd: -1
03-21 20:56:41.442   852   992 I hwcomposer: [HWCDisplay] [Display_0 (type:1)] fps:6.474334,dur:1081.19,max:430.19,min:18.71  
03-21 20:56:41.503   625  2778 W libperfmgr: Failed to write to node: /dev/stune/top-app/schedtune.boost with value: 10, fd: -1
03-21 20:56:41.503   625  2778 W libperfmgr: Failed to write to node: /proc/sys/kernel/sched_boost with value: 0, fd: -1
03-21 20:56:41.922   852  1054 I hwcomposer: [HWC] (0)fire a callback of refresh to SF[4]  
03-21 20:56:41.937   625  2778 W libperfmgr: Failed to write to node: /dev/stune/top-app/schedtune.boost with value: 10, fd: -1
03-21 20:56:41.937   625  2778 W libperfmgr: Failed to write to node: /proc/sys/kernel/sched_boost with value: 0, fd: -1
03-21 20:56:42.003   625  2778 W libperfmgr: Failed to write to node: /dev/stune/top-app/schedtune.boost with value: 10, fd: -1
03-21 20:56:42.003   625  2778 W libperfmgr: Failed to write to node: /proc/sys/kernel/sched_boost with value: 0, fd: -1
03-21 20:56:42.236 29315 29315 W libbinder.BackendUnifiedServiceManager: Thread Pool max thread count is 0. Cannot cache binder as linkToDeath cannot be implemented. serviceName: deviceidle
03-21 20:56:42.253 29317 29317 W libbinder.BackendUnifiedServiceManager: Thread Pool max thread count is 0. Cannot cache binder as linkToDeath cannot be implemented. serviceName: battery
03-21 20:56:42.268 29319 29319 W libbinder.BackendUnifiedServiceManager: Thread Pool max thread count is 0. Cannot cache binder as linkToDeath cannot be implemented. serviceName: deviceidle
03-21 20:56:42.293 29322 29322 W libbinder.BackendUnifiedServiceManager: Thread Pool max thread count is 0. Cannot cache binder as linkToDeath cannot be implemented. serviceName: activity
03-21 20:56:42.335 29331 29331 W libbinder.BackendUnifiedServiceManager: Thread Pool max thread count is 0. Cannot cache binder as linkToDeath cannot be implemented. serviceName: battery
03-21 20:56:42.422   852  1054 I hwcomposer: [HWC] (0)fire a callback of refresh to SF[4]  
03-21 20:56:42.435   625  2778 W libperfmgr: Failed to write to node: /dev/stune/top-app/schedtune.boost with value: 10, fd: -1
03-21 20:56:42.435   625  2778 W libperfmgr: Failed to write to node: /proc/sys/kernel/sched_boost with value: 0, fd: -1
03-21 20:56:42.503   625  2778 W libperfmgr: Failed to write to node: /dev/stune/top-app/schedtune.boost with value: 10, fd: -1
03-21 20:56:42.503   625  2778 W libperfmgr: Failed to write to node: /proc/sys/kernel/sched_boost with value: 0, fd: -1
03-21 20:56:42.860   852   992 I hwcomposer: [HWCDisplay] [Display_0 (type:1)] fps:3.525985,dur:1418.04,max:420.19,min:79.70  
03-21 20:56:42.922   852  1054 I hwcomposer: [HWC] (0)fire a callback of refresh to SF[4]  
03-21 20:56:42.937   625  2778 W libperfmgr: Failed to write to node: /dev/stune/top-app/schedtune.boost with value: 10, fd: -1
03-21 20:56:42.937   625  2778 W libperfmgr: Failed to write to node: /proc/sys/kernel/sched_boost with value: 0, fd: -1
03-21 20:56:43.003   625  2778 W libperfmgr: Failed to write to node: /dev/stune/top-app/schedtune.boost with value: 10, fd: -1
03-21 20:56:43.004   625  2778 W libperfmgr: Failed to write to node: /proc/sys/kernel/sched_boost with value: 0, fd: -1
03-21 20:56:43.080   881   881 I WifiHAL : feature_set=0x8488141a
03-21 20:56:43.082  1587  1927 I HalDevMgr: bestIfaceCreationProposal is null, requestIface=STA, existingIface=[name=wlan0 type=STA]
03-21 20:56:43.422   852  1054 I hwcomposer: [HWC] (0)fire a callback of refresh to SF[4]  
03-21 20:56:43.436   625  2778 W libperfmgr: Failed to write to node: /dev/stune/top-app/schedtune.boost with value: 10, fd: -1
03-21 20:56:43.436   625  2778 W libperfmgr: Failed to write to node: /proc/sys/kernel/sched_boost with value: 0, fd: -1
03-21 20:56:43.503   625  2778 W libperfmgr: Failed to write to node: /dev/stune/top-app/schedtune.boost with value: 10, fd: -1
03-21 20:56:43.503   625  2778 W libperfmgr: Failed to write to node: /proc/sys/kernel/sched_boost with value: 0, fd: -1
03-21 20:56:43.918   852  1054 I hwcomposer: [HWC] (0)fire a callback of refresh to SF[4]  
03-21 20:56:43.925   625  2778 W libperfmgr: Failed to write to node: /dev/stune/top-app/schedtune.boost with value: 10, fd: -1
03-21 20:56:43.925   625  2778 W libperfmgr: Failed to write to node: /proc/sys/kernel/sched_boost with value: 0, fd: -1
03-21 20:56:43.930   852   992 I hwcomposer: [HWCDisplay] [Display_0 (type:1)] fps:4.674743,dur:1069.58,max:418.96,min:69.86  
03-21 20:56:43.999   625  2778 W libperfmgr: Failed to write to node: /dev/stune/top-app/schedtune.boost with value: 10, fd: -1
03-21 20:56:43.999   625  2778 W libperfmgr: Failed to write to node: /proc/sys/kernel/sched_boost with value: 0, fd: -1
03-21 20:56:44.418   852  1054 I hwcomposer: [HWC] (0)fire a callback of refresh to SF[4]  
03-21 20:56:44.425   625  2778 W libperfmgr: Failed to write to node: /dev/stune/top-app/schedtune.boost with value: 10, fd: -1
03-21 20:56:44.425   625  2778 W libperfmgr: Failed to write to node: /proc/sys/kernel/sched_boost with value: 0, fd: -1
03-21 20:56:44.499   625  2778 W libperfmgr: Failed to write to node: /dev/stune/top-app/schedtune.boost with value: 10, fd: -1
03-21 20:56:44.499   625  2778 W libperfmgr: Failed to write to node: /proc/sys/kernel/sched_boost with value: 0, fd: -1
03-21 20:56:44.918   852  1054 I hwcomposer: [HWC] (0)fire a callback of refresh to SF[4]  
03-21 20:56:44.925   625  2778 W libperfmgr: Failed to write to node: /dev/stune/top-app/schedtune.boost with value: 10, fd: -1
03-21 20:56:44.925   625  2778 W libperfmgr: Failed to write to node: /proc/sys/kernel/sched_boost with value: 0, fd: -1
03-21 20:56:44.999   625  2778 W libperfmgr: Failed to write to node: /dev/stune/top-app/schedtune.boost with value: 10, fd: -1
03-21 20:56:44.999   625  2778 W libperfmgr: Failed to write to node: /proc/sys/kernel/sched_boost with value: 0, fd: -1
03-21 20:56:45.360   852   992 I hwcomposer: [HWCDisplay] [Display_0 (type:1)] fps:3.497366,dur:1429.65,max:429.96,min:69.89  
03-21 20:56:45.418   852  1054 I hwcomposer: [HWC] (0)fire a callback of refresh to SF[4]  
03-21 20:56:45.424   625  2778 W libperfmgr: Failed to write to node: /dev/stune/top-app/schedtune.boost with value: 10, fd: -1
03-21 20:56:45.425   625  2778 W libperfmgr: Failed to write to node: /proc/sys/kernel/sched_boost with value: 0, fd: -1
03-21 20:56:45.499   625  2778 W libperfmgr: Failed to write to node: /dev/stune/top-app/schedtune.boost with value: 10, fd: -1
03-21 20:56:45.499   625  2778 W libperfmgr: Failed to write to node: /proc/sys/kernel/sched_boost with value: 0, fd: -1
03-21 20:56:45.918   852  1054 I hwcomposer: [HWC] (0)fire a callback of refresh to SF[4]  
03-21 20:56:45.924   625  2778 W libperfmgr: Failed to write to node: /dev/stune/top-app/schedtune.boost with value: 10, fd: -1
03-21 20:56:45.924   625  2778 W libperfmgr: Failed to write to node: /proc/sys/kernel/sched_boost with value: 0, fd: -1
03-21 20:56:45.999   625  2778 W libperfmgr: Failed to write to node: /dev/stune/top-app/schedtune.boost with value: 10, fd: -1
03-21 20:56:45.999   625  2778 W libperfmgr: Failed to write to node: /proc/sys/kernel/sched_boost with value: 0, fd: -1
03-21 20:56:46.094   881   881 I WifiHAL : feature_set=0x8488141a
03-21 20:56:46.095  1587  1927 I HalDevMgr: bestIfaceCreationProposal is null, requestIface=STA, existingIface=[name=wlan0 type=STA]
03-21 20:56:46.382   852   992 I hwcomposer: [HWCDisplay] [Display_0 (type:1)] fps:4.892627,dur:1021.95,max:430.18,min:22.11  
03-21 20:56:46.442   852  1054 I hwcomposer: [HWC] (0)fire a callback of refresh to SF[4]  
03-21 20:56:46.446   625  2778 W libperfmgr: Failed to write to node: /dev/stune/top-app/schedtune.boost with value: 10, fd: -1
03-21 20:56:46.446   625  2778 W libperfmgr: Failed to write to node: /proc/sys/kernel/sched_boost with value: 0, fd: -1
03-21 20:56:46.523   625  2778 W libperfmgr: Failed to write to node: /dev/stune/top-app/schedtune.boost with value: 10, fd: -1
03-21 20:56:46.523   625  2778 W libperfmgr: Failed to write to node: /proc/sys/kernel/sched_boost with value: 0, fd: -1
