--------- beginning of main
03-21 20:44:37.323   625  2778 W libperfmgr: Failed to write to node: /dev/stune/top-app/schedtune.boost with value: 10, fd: -1
03-21 20:44:37.323   625  2778 W libperfmgr: Failed to write to node: /proc/sys/kernel/sched_boost with value: 0, fd: -1
03-21 20:44:37.823   625  2778 W libperfmgr: Failed to write to node: /dev/stune/top-app/schedtune.boost with value: 10, fd: -1
03-21 20:44:37.823   625  2778 W libperfmgr: Failed to write to node: /proc/sys/kernel/sched_boost with value: 0, fd: -1
03-21 20:44:38.323   625  2778 W libperfmgr: Failed to write to node: /dev/stune/top-app/schedtune.boost with value: 10, fd: -1
03-21 20:44:38.323   625  2778 W libperfmgr: Failed to write to node: /proc/sys/kernel/sched_boost with value: 0, fd: -1
03-21 20:44:38.823   625  2778 W libperfmgr: Failed to write to node: /dev/stune/top-app/schedtune.boost with value: 10, fd: -1
03-21 20:44:38.823   625  2778 W libperfmgr: Failed to write to node: /proc/sys/kernel/sched_boost with value: 0, fd: -1
03-21 20:44:38.876 24797 24797 I ReactNativeJNI: Error occurred, shutting down websocket connection: WebSocket exception unexpected end of stream on http://localhost:8081/...
03-21 20:44:39.169   844 25324 I resolv  : GetAddrInfoHandler::run: {102 102 102 983142 10399 0}
03-21 20:44:39.170   844 25325 I resolv  : res_nmkquery: (QUERY, IN, A)
03-21 20:44:39.180   844 25325 I resolv  : res_nsend: used send_dg 43 terrno: 0
03-21 20:44:39.180   844 25325 I resolv  : doQuery: rcode=0, ancount=1, return value=43
03-21 20:44:39.324   625  2778 W libperfmgr: Failed to write to node: /dev/stune/top-app/schedtune.boost with value: 10, fd: -1
03-21 20:44:39.324   625  2778 W libperfmgr: Failed to write to node: /proc/sys/kernel/sched_boost with value: 0, fd: -1
03-21 20:44:39.811   852  1094 I hwcomposer: [DRMDEV] (0) failed to waitNextVsync: -1  
03-21 20:44:39.821   852  1094 I hwcomposer: [DRMDEV] (0) failed to waitNextVsync: -1  
03-21 20:44:39.824   625  2778 W libperfmgr: Failed to write to node: /dev/stune/top-app/schedtune.boost with value: 10, fd: -1
03-21 20:44:39.824   625  2778 W libperfmgr: Failed to write to node: /proc/sys/kernel/sched_boost with value: 0, fd: -1
03-21 20:44:39.832   852  1094 I hwcomposer: [DRMDEV] (0) failed to waitNextVsync: -1  
03-21 20:44:39.832   852   992 I hwcomposer: [HWCDisplay] [Display_0 (type:1)] fps:0.229052,dur:8731.65,max:8574.49,min:157.16  
03-21 20:44:39.978   852  1054 I hwcomposer: [HWC] (0)fire a callback of refresh to SF[4]  
03-21 20:44:39.983   625  2778 W libperfmgr: Failed to write to node: /dev/stune/top-app/schedtune.boost with value: 10, fd: -1
03-21 20:44:39.983   625  2778 W libperfmgr: Failed to write to node: /proc/sys/kernel/sched_boost with value: 0, fd: -1
03-21 20:44:40.059   625  2778 W libperfmgr: Failed to write to node: /dev/stune/top-app/schedtune.boost with value: 10, fd: -1
03-21 20:44:40.059   625  2778 W libperfmgr: Failed to write to node: /proc/sys/kernel/sched_boost with value: 0, fd: -1
03-21 20:44:40.102   881  2016 I WifiHAL : feature_set=0x8488141a
03-21 20:44:40.103  1587  1927 I HalDevMgr: bestIfaceCreationProposal is null, requestIface=STA, existingIface=[name=wlan0 type=STA]
03-21 20:44:40.560   625  2778 W libperfmgr: Failed to write to node: /dev/stune/top-app/schedtune.boost with value: 10, fd: -1
03-21 20:44:40.560   625  2778 W libperfmgr: Failed to write to node: /proc/sys/kernel/sched_boost with value: 0, fd: -1
03-21 20:44:40.892 24797 24797 I ReactNativeJNI: Error occurred, shutting down websocket connection: WebSocket exception unexpected end of stream on http://localhost:8081/...
03-21 20:44:41.060   625  2778 W libperfmgr: Failed to write to node: /dev/stune/top-app/schedtune.boost with value: 10, fd: -1
03-21 20:44:41.060   625  2778 W libperfmgr: Failed to write to node: /proc/sys/kernel/sched_boost with value: 0, fd: -1
03-21 20:44:41.193   844 25326 I resolv  : GetAddrInfoHandler::run: {102 102 102 983142 10399 0}
03-21 20:44:41.194   844 25327 I resolv  : res_nmkquery: (QUERY, IN, A)
03-21 20:44:41.201   844 25327 I resolv  : res_nsend: used send_dg 43 terrno: 0
03-21 20:44:41.201   844 25327 I resolv  : doQuery: rcode=0, ancount=1, return value=43
03-21 20:44:41.329 25328 25328 W libbinder.BackendUnifiedServiceManager: Thread Pool max thread count is 0. Cannot cache binder as linkToDeath cannot be implemented. serviceName: deviceidle
03-21 20:44:41.356 25330 25330 W libbinder.BackendUnifiedServiceManager: Thread Pool max thread count is 0. Cannot cache binder as linkToDeath cannot be implemented. serviceName: battery
03-21 20:44:41.373 25332 25332 W libbinder.BackendUnifiedServiceManager: Thread Pool max thread count is 0. Cannot cache binder as linkToDeath cannot be implemented. serviceName: deviceidle
03-21 20:44:41.403 25335 25335 W libbinder.BackendUnifiedServiceManager: Thread Pool max thread count is 0. Cannot cache binder as linkToDeath cannot be implemented. serviceName: activity
03-21 20:44:41.457 25344 25344 W libbinder.BackendUnifiedServiceManager: Thread Pool max thread count is 0. Cannot cache binder as linkToDeath cannot be implemented. serviceName: battery
03-21 20:44:41.560   625  2778 W libperfmgr: Failed to write to node: /dev/stune/top-app/schedtune.boost with value: 10, fd: -1
03-21 20:44:41.560   625  2778 W libperfmgr: Failed to write to node: /proc/sys/kernel/sched_boost with value: 0, fd: -1
--------- beginning of system
03-21 20:44:41.807  1587  2667 W ActivityTaskManager: callingPackage for (uid=2000, pid=25355) has no WPC
03-21 20:44:41.815   852  1094 I hwcomposer: [DRMDEV] (0) failed to waitNextVsync: -1  
03-21 20:44:41.815  1587  2667 I ActivityTaskManager: START u0 {flg=0x10000000 xflg=0x5 cmp=com.rnat/.MainActivity} with LAUNCH_SINGLE_TASK from uid 2000 (com.android.shell) (BAL_ALLOW_PERMISSION) result code=3
03-21 20:44:41.819   877   877 I Accelerometer: batch: handle:0, flag:0,samplingPeriodNs:80000000 maxBatchReportLatencyNs:2000000000
03-21 20:44:41.821   852  1094 I hwcomposer: [DRMDEV] (0) failed to waitNextVsync: -1  
03-21 20:44:41.832   852  1094 I hwcomposer: [DRMDEV] (0) failed to waitNextVsync: -1  
03-21 20:44:41.838   625  2778 W libperfmgr: Failed to write to node: /dev/stune/top-app/schedtune.boost with value: 50, fd: -1
03-21 20:44:41.838   625  2778 W libperfmgr: Failed to write to node: /proc/sys/kernel/sched_boost with value: 2, fd: -1
03-21 20:44:41.838 24797 24797 W unknown:ReactInstanceManager: Instance detached from instance manager
03-21 20:44:41.840   877   877 I Accelerometer: batch: handle:0, flag:0,samplingPeriodNs:66667000 maxBatchReportLatencyNs:0
03-21 20:44:41.840   852   992 I hwcomposer: [HWCDisplay] [Display_0 (type:1)] fps:0.995849,dur:2008.34,max:1852.32,min:156.02  
03-21 20:44:41.841   877   877 I Accelerometer: flush, flushCnt:1
03-21 20:44:41.844   877   924 I Accelerometer: flush complete, flushCnt:0
03-21 20:44:41.849   914   988 E surfaceflinger: == MALI DEBUG ===eglp_winsys_populate_image_templates ==12288
03-21 20:44:41.855 24797 25358 W unknown:ReconnectingWebSocket: Couldn't connect to "ws://localhost:8081/message?device=23030RAC7Y%20-%2016%20-%20API%2036&app=com.rnat&clientid=BridgeDevSupportManager", will silently retry
03-21 20:44:41.857  1587  1910 I ImeTracker: com.rnat:d2acc10c: onRequestHide at ORIGIN_SERVER reason HIDE_UNSPECIFIED_WINDOW fromUser false
03-21 20:44:41.858 24797 24797 I ImeTracker: com.rnat:d2acc10c: onCancelled at PHASE_CLIENT_ALREADY_HIDDEN
03-21 20:44:41.858  3073  3073 I GoogleInputMethodService: GoogleInputMethodService.onFinishInput():2114 
03-21 20:44:41.859  3073  3073 I Module  : DeviceLockedStatusModuleProvider$Module.updateDeviceLockedStatus():103 repeatCheckTimes = 0, locked = false
03-21 20:44:41.859  1587  2667 I ImeTracker: system_server:aaeb17f9: onRequestHide at ORIGIN_SERVER reason IME_REQUESTED_CHANGED_LISTENER fromUser false
03-21 20:44:41.860  3073  3073 I GoogleInputMethodService: GoogleInputMethodService.onStartInput():1385 onStartInput(EditorInfo{EditorInfo{packageName=com.rnat, inputType=0, inputTypeString=NULL, enableLearning=false, autoCorrection=false, autoComplete=false, imeOptions=0, privateImeOptions=null, actionName=UNSPECIFIED, actionLabel=null, initialSelStart=-1, initialSelEnd=-1, initialCapsMode=0, label=null, fieldId=0, fieldName=null, extras=null, hintText=null, hintLocales=[]}}, false)
03-21 20:44:41.860  3073  3073 I AndroidIME: LatinIMEBase.updateInputViewCoverNavigation():314 Update input view padding, extendsTouchBelowSpace=true, bottom inset=126
03-21 20:44:41.860  1587  1655 I ImeTracker: system_server:aaeb17f9: onCancelled at PHASE_SERVER_SHOULD_HIDE
03-21 20:44:41.861  3073  3073 I Module  : DeviceLockedStatusModuleProvider$Module.updateDeviceLockedStatus():103 repeatCheckTimes = 1, locked = false
03-21 20:44:41.861  1587  2667 W PackageConfigPersister: App-specific configuration not found for packageName: com.rnat and userId: 0
03-21 20:44:41.874   852  1055 W hwcomposer: [DRMDEV] paramIsSame(), id 1034, w 1080/1080, h 2400/2400, pitch 1088/1088, format 0x2/0x1, secure 0/0  
03-21 20:44:41.988   625  2778 W libperfmgr: Failed to write to node: /dev/stune/top-app/schedtune.boost with value: 10, fd: -1
03-21 20:44:41.988   625  2778 W libperfmgr: Failed to write to node: /proc/sys/kernel/sched_boost with value: 0, fd: -1
03-21 20:44:41.990   852  1054 I hwcomposer: [HWC] (0)fire a callback of refresh to SF[4]  
03-21 20:44:42.005   625  2778 W libperfmgr: Failed to write to node: /dev/stune/top-app/schedtune.boost with value: 10, fd: -1
03-21 20:44:42.005   625  2778 W libperfmgr: Failed to write to node: /proc/sys/kernel/sched_boost with value: 0, fd: -1
03-21 20:44:42.071   625  2778 W libperfmgr: Failed to write to node: /dev/stune/top-app/schedtune.boost with value: 10, fd: -1
03-21 20:44:42.071   625  2778 W libperfmgr: Failed to write to node: /proc/sys/kernel/sched_boost with value: 0, fd: -1
03-21 20:44:42.572   625  2778 W libperfmgr: Failed to write to node: /dev/stune/top-app/schedtune.boost with value: 10, fd: -1
03-21 20:44:42.572   625  2778 W libperfmgr: Failed to write to node: /proc/sys/kernel/sched_boost with value: 0, fd: -1
03-21 20:44:42.903 24797 24797 I ReactNativeJNI: Error occurred, shutting down websocket connection: WebSocket exception unexpected end of stream on http://localhost:8081/...
03-21 20:44:43.072   625  2778 W libperfmgr: Failed to write to node: /dev/stune/top-app/schedtune.boost with value: 10, fd: -1
03-21 20:44:43.072   625  2778 W libperfmgr: Failed to write to node: /proc/sys/kernel/sched_boost with value: 0, fd: -1
03-21 20:44:43.117   844   878 I netd    : networkAddUidRangesParcel(NativeUidRangeConfig{netId: 102, uidRanges: [UidRangeParcel{start: 0, stop: 2147483647}], subPriority: 998}) <0.43ms>
03-21 20:44:43.117   881  2016 I WifiHAL : feature_set=0x8488141a
03-21 20:44:43.117   844   878 I netd    : networkRemoveUidRangesParcel(NativeUidRangeConfig{netId: 102, uidRanges: [UidRangeParcel{start: 0, stop: 2147483647}], subPriority: 998}) <0.36ms>
03-21 20:44:43.119  1587  1927 I HalDevMgr: bestIfaceCreationProposal is null, requestIface=STA, existingIface=[name=wlan0 type=STA]
03-21 20:44:43.127   852  1094 I hwcomposer: [DRMDEV] (0) failed to waitNextVsync: -1  
03-21 20:44:43.132   852  1094 I hwcomposer: [DRMDEV] (0) failed to waitNextVsync: -1  
03-21 20:44:43.143  2458  8905 I NullBinder: NullBinder for android.net.action.RECOMMEND_NETWORKS triggering remote TransactionTooLargeException due to Service without Chimera impl, calling uid: 1000, calling pid: 0
03-21 20:44:43.143  2458  8905 W libbinder.Binder: Large reply transaction of 1056768 bytes, interface descriptor , code 1, flags 17
03-21 20:44:43.143   852  1094 I hwcomposer: [DRMDEV] (0) failed to waitNextVsync: -1  
03-21 20:44:43.151   852   992 I hwcomposer: [HWCDisplay] [Display_0 (type:1)] fps:6.867653,dur:1310.49,max:1141.19,min:11.04  
03-21 20:44:43.290   852  1054 I hwcomposer: [HWC] (0)fire a callback of refresh to SF[4]  
03-21 20:44:43.304   625  2778 W libperfmgr: Failed to write to node: /dev/stune/top-app/schedtune.boost with value: 10, fd: -1
03-21 20:44:43.304   625  2778 W libperfmgr: Failed to write to node: /proc/sys/kernel/sched_boost with value: 0, fd: -1
03-21 20:44:43.371   625  2778 W libperfmgr: Failed to write to node: /dev/stune/top-app/schedtune.boost with value: 10, fd: -1
03-21 20:44:43.371   625  2778 W libperfmgr: Failed to write to node: /proc/sys/kernel/sched_boost with value: 0, fd: -1
03-21 20:44:43.631  2458 24325 I NearbySharing: Network state changed: NetworkState(isRestricted=false, isOnline=true, isCongested=false, isMetered=false, isWifiConnected=true)
03-21 20:44:43.860   844 25359 I resolv  : GetAddrInfoHandler::run: {102 102 102 983142 10399 0}
03-21 20:44:43.862   844 25360 I resolv  : res_nmkquery: (QUERY, IN, A)
03-21 20:44:43.871   625  2778 W libperfmgr: Failed to write to node: /dev/stune/top-app/schedtune.boost with value: 10, fd: -1
03-21 20:44:43.872   625  2778 W libperfmgr: Failed to write to node: /proc/sys/kernel/sched_boost with value: 0, fd: -1
03-21 20:44:43.909   844 25360 I resolv  : res_nsend: used send_dg 43 terrno: 0
03-21 20:44:43.909   844 25360 I resolv  : doQuery: rcode=0, ancount=1, return value=43
03-21 20:44:44.372   625  2778 W libperfmgr: Failed to write to node: /dev/stune/top-app/schedtune.boost with value: 10, fd: -1
03-21 20:44:44.372   625  2778 W libperfmgr: Failed to write to node: /proc/sys/kernel/sched_boost with value: 0, fd: -1
03-21 20:44:44.872   625  2778 W libperfmgr: Failed to write to node: /dev/stune/top-app/schedtune.boost with value: 10, fd: -1
03-21 20:44:44.872   625  2778 W libperfmgr: Failed to write to node: /proc/sys/kernel/sched_boost with value: 0, fd: -1
03-21 20:44:44.913 24797 24797 I ReactNativeJNI: Error occurred, shutting down websocket connection: WebSocket exception unexpected end of stream on http://localhost:8081/...
03-21 20:44:45.372   625  2778 W libperfmgr: Failed to write to node: /dev/stune/top-app/schedtune.boost with value: 10, fd: -1
03-21 20:44:45.372   625  2778 W libperfmgr: Failed to write to node: /proc/sys/kernel/sched_boost with value: 0, fd: -1
03-21 20:44:45.873   625  2778 W libperfmgr: Failed to write to node: /dev/stune/top-app/schedtune.boost with value: 10, fd: -1
03-21 20:44:45.873   625  2778 W libperfmgr: Failed to write to node: /proc/sys/kernel/sched_boost with value: 0, fd: -1
03-21 20:44:45.919   844 25361 I resolv  : GetAddrInfoHandler::run: {102 102 102 983142 10399 0}
03-21 20:44:45.920   844 25362 I resolv  : res_nmkquery: (QUERY, IN, A)
03-21 20:44:45.964   844 25362 I resolv  : res_nsend: used send_dg 43 terrno: 0
03-21 20:44:45.964   844 25362 I resolv  : doQuery: rcode=0, ancount=1, return value=43
03-21 20:44:46.126   881  2016 I WifiHAL : feature_set=0x8488141a
03-21 20:44:46.127  1587  1927 I HalDevMgr: bestIfaceCreationProposal is null, requestIface=STA, existingIface=[name=wlan0 type=STA]
03-21 20:44:46.373   625  2778 W libperfmgr: Failed to write to node: /dev/stune/top-app/schedtune.boost with value: 10, fd: -1
03-21 20:44:46.373   625  2778 W libperfmgr: Failed to write to node: /proc/sys/kernel/sched_boost with value: 0, fd: -1
03-21 20:44:46.873   625  2778 W libperfmgr: Failed to write to node: /dev/stune/top-app/schedtune.boost with value: 10, fd: -1
03-21 20:44:46.873   625  2778 W libperfmgr: Failed to write to node: /proc/sys/kernel/sched_boost with value: 0, fd: -1
03-21 20:44:46.924 24797 24797 I ReactNativeJNI: Error occurred, shutting down websocket connection: WebSocket exception unexpected end of stream on http://localhost:8081/...
03-21 20:44:47.314   852  1094 I hwcomposer: [DRMDEV] (0) failed to waitNextVsync: -1  
03-21 20:44:47.321   852  1094 I hwcomposer: [DRMDEV] (0) failed to waitNextVsync: -1  
03-21 20:44:47.332   852  1094 I hwcomposer: [DRMDEV] (0) failed to waitNextVsync: -1  
03-21 20:44:47.339   852   992 I hwcomposer: [HWCDisplay] [Display_0 (type:1)] fps:0.477497,dur:4188.51,max:4030.21,min:158.30  
03-21 20:44:47.373   625  2778 W libperfmgr: Failed to write to node: /dev/stune/top-app/schedtune.boost with value: 10, fd: -1
03-21 20:44:47.373   625  2778 W libperfmgr: Failed to write to node: /proc/sys/kernel/sched_boost with value: 0, fd: -1
03-21 20:44:47.474   852  1054 I hwcomposer: [HWC] (0)fire a callback of refresh to SF[4]  
03-21 20:44:47.480   625  2778 W libperfmgr: Failed to write to node: /dev/stune/top-app/schedtune.boost with value: 10, fd: -1
03-21 20:44:47.480   625  2778 W libperfmgr: Failed to write to node: /proc/sys/kernel/sched_boost with value: 0, fd: -1
03-21 20:44:47.555   625  2778 W libperfmgr: Failed to write to node: /dev/stune/top-app/schedtune.boost with value: 10, fd: -1
03-21 20:44:47.555   625  2778 W libperfmgr: Failed to write to node: /proc/sys/kernel/sched_boost with value: 0, fd: -1
03-21 20:44:47.673 25363 25363 W libbinder.BackendUnifiedServiceManager: Thread Pool max thread count is 0. Cannot cache binder as linkToDeath cannot be implemented. serviceName: deviceidle
03-21 20:44:47.701 25365 25365 W libbinder.BackendUnifiedServiceManager: Thread Pool max thread count is 0. Cannot cache binder as linkToDeath cannot be implemented. serviceName: battery
03-21 20:44:47.719 25367 25367 W libbinder.BackendUnifiedServiceManager: Thread Pool max thread count is 0. Cannot cache binder as linkToDeath cannot be implemented. serviceName: deviceidle
03-21 20:44:47.750 25370 25370 W libbinder.BackendUnifiedServiceManager: Thread Pool max thread count is 0. Cannot cache binder as linkToDeath cannot be implemented. serviceName: activity
03-21 20:44:47.808 25379 25379 W libbinder.BackendUnifiedServiceManager: Thread Pool max thread count is 0. Cannot cache binder as linkToDeath cannot be implemented. serviceName: battery
03-21 20:44:47.975   844 25388 I resolv  : GetAddrInfoHandler::run: {102 102 102 983142 10399 0}
03-21 20:44:47.976   844 25389 I resolv  : res_nmkquery: (QUERY, IN, A)
03-21 20:44:47.984   844 25389 I resolv  : res_nsend: used send_dg 43 terrno: 0
03-21 20:44:47.984   844 25389 I resolv  : doQuery: rcode=0, ancount=1, return value=43
03-21 20:44:48.056   625  2778 W libperfmgr: Failed to write to node: /dev/stune/top-app/schedtune.boost with value: 10, fd: -1
03-21 20:44:48.056   625  2778 W libperfmgr: Failed to write to node: /proc/sys/kernel/sched_boost with value: 0, fd: -1
03-21 20:44:48.556   625  2778 W libperfmgr: Failed to write to node: /dev/stune/top-app/schedtune.boost with value: 10, fd: -1
03-21 20:44:48.556   625  2778 W libperfmgr: Failed to write to node: /proc/sys/kernel/sched_boost with value: 0, fd: -1
03-21 20:44:48.934 24797 24797 I ReactNativeJNI: Error occurred, shutting down websocket connection: WebSocket exception unexpected end of stream on http://localhost:8081/...
03-21 20:44:48.953   852  1094 I hwcomposer: [DRMDEV] (0) failed to waitNextVsync: -1  
03-21 20:44:48.954  1587  1708 I DisplayPowerController[0]: BrightnessEvent: brt=8.54597E-4(5.0%), nits=3.4861262, lux=-1.0, reason=manual [ dim ], strat=FallbackBrightnessStrategy, state=ON, stateReason=DEFAULT_POLICY, policy=DIM, flags=, initBrt=1.0, rcmdBrt=NaN, preBrt=NaN, preLux=0.0, wasShortTermModelActive=false, autoBrightness=false (default), unclampedBrt=1.0, hbmMax=1.0, hbmMode=sunlight, thrmMax=1.0, rbcStrength=50, powerFactor=1.0, physDisp=Built-in Screen(local:4627039422300187648), logicalId=0, slowChange=false, rampSpeed=0.70472443
03-21 20:44:48.954   852  1094 I hwcomposer: [DRMDEV] (0) failed to waitNextVsync: -1  
03-21 20:44:49.056   625  2778 W libperfmgr: Failed to write to node: /dev/stune/top-app/schedtune.boost with value: 10, fd: -1
03-21 20:44:49.056   625  2778 W libperfmgr: Failed to write to node: /proc/sys/kernel/sched_boost with value: 0, fd: -1
03-21 20:44:49.141   881  2016 I WifiHAL : feature_set=0x8488141a
03-21 20:44:49.142  1587  1927 I HalDevMgr: bestIfaceCreationProposal is null, requestIface=STA, existingIface=[name=wlan0 type=STA]
03-21 20:44:49.556   625  2778 W libperfmgr: Failed to write to node: /dev/stune/top-app/schedtune.boost with value: 10, fd: -1
03-21 20:44:49.556   625  2778 W libperfmgr: Failed to write to node: /proc/sys/kernel/sched_boost with value: 0, fd: -1
03-21 20:44:49.994   844 25390 I resolv  : GetAddrInfoHandler::run: {102 102 102 983142 10399 0}
03-21 20:44:49.995   844 25391 I resolv  : res_nmkquery: (QUERY, IN, A)
03-21 20:44:50.057   625  2778 W libperfmgr: Failed to write to node: /dev/stune/top-app/schedtune.boost with value: 10, fd: -1
03-21 20:44:50.057   625  2778 W libperfmgr: Failed to write to node: /proc/sys/kernel/sched_boost with value: 0, fd: -1
03-21 20:44:50.076   844 25391 I resolv  : res_nsend: used send_dg 43 terrno: 0
03-21 20:44:50.076   844 25391 I resolv  : doQuery: rcode=0, ancount=1, return value=43
03-21 20:44:50.557   625  2778 W libperfmgr: Failed to write to node: /dev/stune/top-app/schedtune.boost with value: 10, fd: -1
03-21 20:44:50.557   625  2778 W libperfmgr: Failed to write to node: /proc/sys/kernel/sched_boost with value: 0, fd: -1
03-21 20:44:50.944 24797 24797 I ReactNativeJNI: Error occurred, shutting down websocket connection: WebSocket exception unexpected end of stream on http://localhost:8081/...
03-21 20:44:51.057   625  2778 W libperfmgr: Failed to write to node: /dev/stune/top-app/schedtune.boost with value: 10, fd: -1
03-21 20:44:51.057   625  2778 W libperfmgr: Failed to write to node: /proc/sys/kernel/sched_boost with value: 0, fd: -1
03-21 20:44:51.558   625  2778 W libperfmgr: Failed to write to node: /dev/stune/top-app/schedtune.boost with value: 10, fd: -1
03-21 20:44:51.558   625  2778 W libperfmgr: Failed to write to node: /proc/sys/kernel/sched_boost with value: 0, fd: -1
03-21 20:44:52.058   625  2778 W libperfmgr: Failed to write to node: /dev/stune/top-app/schedtune.boost with value: 10, fd: -1
03-21 20:44:52.058   625  2778 W libperfmgr: Failed to write to node: /proc/sys/kernel/sched_boost with value: 0, fd: -1
03-21 20:44:52.085   844 25392 I resolv  : GetAddrInfoHandler::run: {102 102 102 983142 10399 0}
03-21 20:44:52.086   844 25393 I resolv  : res_nmkquery: (QUERY, IN, A)
03-21 20:44:52.100   844 25393 I resolv  : res_nsend: used send_dg 43 terrno: 0
03-21 20:44:52.100   844 25393 I resolv  : doQuery: rcode=0, ancount=1, return value=43
03-21 20:44:52.148   881  2016 I WifiHAL : feature_set=0x8488141a
03-21 20:44:52.148  1587  1927 I HalDevMgr: bestIfaceCreationProposal is null, requestIface=STA, existingIface=[name=wlan0 type=STA]
03-21 20:44:52.558   625  2778 W libperfmgr: Failed to write to node: /dev/stune/top-app/schedtune.boost with value: 10, fd: -1
03-21 20:44:52.558   625  2778 W libperfmgr: Failed to write to node: /proc/sys/kernel/sched_boost with value: 0, fd: -1
03-21 20:44:52.955 24797 24797 I ReactNativeJNI: Error occurred, shutting down websocket connection: WebSocket exception unexpected end of stream on http://localhost:8081/...
03-21 20:44:53.058   625  2778 W libperfmgr: Failed to write to node: /dev/stune/top-app/schedtune.boost with value: 10, fd: -1
03-21 20:44:53.058   625  2778 W libperfmgr: Failed to write to node: /proc/sys/kernel/sched_boost with value: 0, fd: -1
03-21 20:44:53.559   625  2778 W libperfmgr: Failed to write to node: /dev/stune/top-app/schedtune.boost with value: 10, fd: -1
03-21 20:44:53.559   625  2778 W libperfmgr: Failed to write to node: /proc/sys/kernel/sched_boost with value: 0, fd: -1
03-21 20:44:54.026 25394 25394 W libbinder.BackendUnifiedServiceManager: Thread Pool max thread count is 0. Cannot cache binder as linkToDeath cannot be implemented. serviceName: deviceidle
03-21 20:44:54.043 25396 25396 W libbinder.BackendUnifiedServiceManager: Thread Pool max thread count is 0. Cannot cache binder as linkToDeath cannot be implemented. serviceName: battery
03-21 20:44:54.058 25398 25398 W libbinder.BackendUnifiedServiceManager: Thread Pool max thread count is 0. Cannot cache binder as linkToDeath cannot be implemented. serviceName: deviceidle
03-21 20:44:54.059   625  2778 W libperfmgr: Failed to write to node: /dev/stune/top-app/schedtune.boost with value: 10, fd: -1
03-21 20:44:54.059   625  2778 W libperfmgr: Failed to write to node: /proc/sys/kernel/sched_boost with value: 0, fd: -1
03-21 20:44:54.081 25401 25401 W libbinder.BackendUnifiedServiceManager: Thread Pool max thread count is 0. Cannot cache binder as linkToDeath cannot be implemented. serviceName: activity
03-21 20:44:54.116   844 25411 I resolv  : GetAddrInfoHandler::run: {102 102 102 983142 10399 0}
03-21 20:44:54.117   844 25412 I resolv  : res_nmkquery: (QUERY, IN, A)
03-21 20:44:54.127   844 25412 I resolv  : res_nsend: used send_dg 43 terrno: 0
03-21 20:44:54.128   844 25412 I resolv  : doQuery: rcode=0, ancount=1, return value=43
03-21 20:44:54.137 25410 25410 W libbinder.BackendUnifiedServiceManager: Thread Pool max thread count is 0. Cannot cache binder as linkToDeath cannot be implemented. serviceName: battery
03-21 20:44:54.559   625  2778 W libperfmgr: Failed to write to node: /dev/stune/top-app/schedtune.boost with value: 10, fd: -1
03-21 20:44:54.559   625  2778 W libperfmgr: Failed to write to node: /proc/sys/kernel/sched_boost with value: 0, fd: -1
03-21 20:44:54.954  1587  1708 I PowerGroup: Napping power group (groupId=0, uid=1000)...
03-21 20:44:54.954  1587  1708 I PowerGroup: dreamManagerAttemptedDozing status changed to false for group 0
03-21 20:44:54.954  1587  1708 I PowerManagerService: Nap time (uid 1000)...
03-21 20:44:54.954  1587  1708 I PowerGroup: Powering off display group due to timeout (groupId= 0, uid= 1000, millisSinceLastUserActivity=30004, lastUserActivityEvent=touch)...
03-21 20:44:54.955  1587  1708 I PowerManagerService: Going to sleep due to timeout (uid 1000, screenOffTimeout=30000, activityTimeoutWM=-1, maxDimRatio=0.20000005, maxDimDur=7000)...
03-21 20:44:54.959   852  1094 I hwcomposer: [DRMDEV] (0) failed to waitNextVsync: -1  
03-21 20:44:54.959  3073  3073 I GoogleInputMethodService: GoogleInputMethodService.onFinishInput():2114 
03-21 20:44:54.961  3073  3073 I Module  : DeviceLockedStatusModuleProvider$Module.updateDeviceLockedStatus():103 repeatCheckTimes = 0, locked = false
03-21 20:44:54.961   914   988 E surfaceflinger: == MALI DEBUG ===eglp_winsys_populate_image_templates ==12288
03-21 20:44:54.965   844   878 I netd    : tetherGetStats() -> {[]} <1.44ms>
03-21 20:44:54.965   852  1094 I hwcomposer: [DRMDEV] (0) failed to waitNextVsync: -1  
03-21 20:44:54.968 24797 24797 I ReactNativeJNI: Error occurred, shutting down websocket connection: WebSocket exception unexpected end of stream on http://localhost:8081/...
03-21 20:44:54.973  1587  1708 I DisplayPowerController[0]: BrightnessEvent: brt=1.0(100.0%), nits=700.0, lux=-1.0, reason=manual, strat=FallbackBrightnessStrategy, state=ON, stateReason=DEFAULT_POLICY, policy=OFF, flags=, initBrt=8.54597E-4, rcmdBrt=NaN, preBrt=NaN, preLux=0.0, wasShortTermModelActive=false, autoBrightness=false (default), unclampedBrt=1.0, hbmMax=1.0, hbmMode=sunlight, thrmMax=1.0, rbcStrength=50, powerFactor=1.0, physDisp=Built-in Screen(local:4627039422300187648), logicalId=0, slowChange=false, rampSpeed=0.0
03-21 20:44:54.976  1151  1151 I [GF_HAL][gf_hal]: [gf_hal_authenticate] group_id=0
03-21 20:44:54.976   852  1094 I hwcomposer: [DRMDEV] (0) failed to waitNextVsync: -1  
03-21 20:44:54.976  2034  2034 I KeyguardTransitionRepository: STARTED transition: TransitionStep(from=GONE, to=DOZING, value=0.0, transitionState=STARTED, ownerName=FromGoneTransitionInteractor(Sleep transition triggered))
03-21 20:44:54.977   579   579 I [mTEE]  :  come into the TZ_VFS_OPEN function
03-21 20:44:54.978   579   579 I [mTEE]  :  come into the TZ_VFS_OPEN function
03-21 20:44:54.979   579   579 I [mTEE]  :  come into the TZ_VFS_OPEN function
03-21 20:44:54.979   579   579 I [mTEE]  :  come into the TZ_VFS_OPEN function
03-21 20:44:54.982   852   992 I hwcomposer: [HWCDisplay] [Display_0 (type:1)] fps:0.261688,dur:7642.70,max:7496.50,min:146.21  
03-21 20:44:54.983   579   579 I [mTEE]  :  come into the TZ_VFS_OPEN function
03-21 20:44:54.984   579   579 I [mTEE]  :  come into the TZ_VFS_OPEN function
03-21 20:44:54.987   579   579 I [mTEE]  :  come into the TZ_VFS_OPEN function
03-21 20:44:54.988   579   579 I [mTEE]  :  come into the TZ_VFS_OPEN function
03-21 20:44:54.989   579   579 I [mTEE]  :  come into the TZ_VFS_OPEN function
03-21 20:44:54.990   579   579 I [mTEE]  :  come into the TZ_VFS_OPEN function
03-21 20:44:54.994   579   579 I [mTEE]  :  come into the TZ_VFS_OPEN function
03-21 20:44:54.995   579   579 I [mTEE]  :  come into the TZ_VFS_OPEN function
03-21 20:44:54.999   579   579 I [mTEE]  :  come into the TZ_VFS_OPEN function
03-21 20:44:54.999   579   579 I [mTEE]  :  come into the TZ_VFS_OPEN function
03-21 20:44:55.001   579   579 I [mTEE]  :  come into the TZ_VFS_OPEN function
03-21 20:44:55.001   579   579 I [mTEE]  :  come into the TZ_VFS_OPEN function
03-21 20:44:55.004   579   579 I [mTEE]  :  come into the TZ_VFS_OPEN function
03-21 20:44:55.005   579   579 I [mTEE]  :  come into the TZ_VFS_OPEN function
03-21 20:44:55.008   579   579 I [mTEE]  :  come into the TZ_VFS_OPEN function
03-21 20:44:55.008   579   579 I [mTEE]  :  come into the TZ_VFS_OPEN function
03-21 20:44:55.009   579   579 I [mTEE]  :  come into the TZ_VFS_OPEN function
03-21 20:44:55.009   579   579 I [mTEE]  :  come into the TZ_VFS_OPEN function
03-21 20:44:55.012   579   579 I [mTEE]  :  come into the TZ_VFS_OPEN function
03-21 20:44:55.013   579   579 I [mTEE]  :  come into the TZ_VFS_OPEN function
03-21 20:44:55.021   579   579 I [mTEE]  :  come into the TZ_VFS_OPEN function
03-21 20:44:55.022   579   579 I [mTEE]  :  come into the TZ_VFS_OPEN function
03-21 20:44:55.023   579   579 I [mTEE]  :  come into the TZ_VFS_OPEN function
03-21 20:44:55.024   579   579 I [mTEE]  :  come into the TZ_VFS_OPEN function
03-21 20:44:55.027   579   579 I [mTEE]  :  come into the TZ_VFS_OPEN function
03-21 20:44:55.028   579   579 I [mTEE]  :  come into the TZ_VFS_OPEN function
03-21 20:44:55.029   579   579 I [mTEE]  :  come into the TZ_VFS_OPEN function
03-21 20:44:55.030   579   579 I [mTEE]  :  come into the TZ_VFS_OPEN function
03-21 20:44:55.031   579   579 I [mTEE]  :  come into the TZ_VFS_OPEN function
03-21 20:44:55.031   579   579 I [mTEE]  :  come into the TZ_VFS_OPEN function
03-21 20:44:55.034   579   579 I [mTEE]  :  come into the TZ_VFS_OPEN function
03-21 20:44:55.035   579   579 I [mTEE]  :  come into the TZ_VFS_OPEN function
03-21 20:44:55.038   579   579 I [mTEE]  :  come into the TZ_VFS_OPEN function
03-21 20:44:55.039   579   579 I [mTEE]  :  come into the TZ_VFS_OPEN function
03-21 20:44:55.039   579   579 I [mTEE]  :  come into the TZ_VFS_OPEN function
03-21 20:44:55.040   579   579 I [mTEE]  :  come into the TZ_VFS_OPEN function
03-21 20:44:55.041   579   579 I [mTEE]  :  come into the TZ_VFS_OPEN function
03-21 20:44:55.041   579   579 I [mTEE]  :  come into the TZ_VFS_OPEN function
03-21 20:44:55.042   579   579 I [mTEE]  :  come into the TZ_VFS_OPEN function
03-21 20:44:55.042   579   579 I [mTEE]  :  come into the TZ_VFS_OPEN function
03-21 20:44:55.043   579   579 I [mTEE]  :  come into the TZ_VFS_OPEN function
03-21 20:44:55.044   579   579 I [mTEE]  :  come into the TZ_VFS_OPEN function
03-21 20:44:55.044   579   579 I [mTEE]  :  come into the TZ_VFS_OPEN function
03-21 20:44:55.045   579   579 I [mTEE]  :  come into the TZ_VFS_OPEN function
03-21 20:44:55.046   579   579 I [mTEE]  :  come into the TZ_VFS_OPEN function
03-21 20:44:55.046   579   579 I [mTEE]  :  come into the TZ_VFS_OPEN function
03-21 20:44:55.047   579   579 I [mTEE]  :  come into the TZ_VFS_OPEN function
03-21 20:44:55.048   579   579 I [mTEE]  :  come into the TZ_VFS_OPEN function
03-21 20:44:55.049   579   579 I [mTEE]  :  come into the TZ_VFS_OPEN function
03-21 20:44:55.050   579   579 I [mTEE]  :  come into the TZ_VFS_OPEN function
03-21 20:44:55.051   579   579 I [mTEE]  :  come into the TZ_VFS_OPEN function
03-21 20:44:55.051   579   579 I [mTEE]  :  come into the TZ_VFS_OPEN function
03-21 20:44:55.052   579   579 I [mTEE]  :  come into the TZ_VFS_OPEN function
03-21 20:44:55.053   579   579 I [mTEE]  :  come into the TZ_VFS_OPEN function
03-21 20:44:55.054   579   579 I [mTEE]  :  come into the TZ_VFS_OPEN function
03-21 20:44:55.054   579   579 I [mTEE]  :  come into the TZ_VFS_OPEN function
03-21 20:44:55.055   579   579 I [mTEE]  :  come into the TZ_VFS_OPEN function
03-21 20:44:55.056   579   579 I [mTEE]  :  come into the TZ_VFS_OPEN function
03-21 20:44:55.057   579   579 I [mTEE]  :  come into the TZ_VFS_OPEN function
03-21 20:44:55.058   579   579 I [mTEE]  :  come into the TZ_VFS_OPEN function
03-21 20:44:55.059   579   579 I [mTEE]  :  come into the TZ_VFS_OPEN function
03-21 20:44:55.059   625  2778 W libperfmgr: Failed to write to node: /dev/stune/top-app/schedtune.boost with value: 10, fd: -1
03-21 20:44:55.059   625  2778 W libperfmgr: Failed to write to node: /proc/sys/kernel/sched_boost with value: 0, fd: -1
03-21 20:44:55.060   579   579 I [mTEE]  :  come into the TZ_VFS_OPEN function
03-21 20:44:55.061   579   579 I [mTEE]  :  come into the TZ_VFS_OPEN function
03-21 20:44:55.061   579   579 I [mTEE]  :  come into the TZ_VFS_OPEN function
03-21 20:44:55.063   579   579 I [mTEE]  :  come into the TZ_VFS_OPEN function
03-21 20:44:55.064   579   579 I [mTEE]  :  come into the TZ_VFS_OPEN function
03-21 20:44:55.065   579   579 I [mTEE]  :  come into the TZ_VFS_OPEN function
03-21 20:44:55.066   579   579 I [mTEE]  :  come into the TZ_VFS_OPEN function
03-21 20:44:55.069   579   579 I [mTEE]  :  come into the TZ_VFS_OPEN function
03-21 20:44:55.070   579   579 I [mTEE]  :  come into the TZ_VFS_OPEN function
03-21 20:44:55.086   579   579 I [mTEE]  :  come into the TZ_VFS_OPEN function
03-21 20:44:55.087   579   579 I [mTEE]  :  come into the TZ_VFS_OPEN function
03-21 20:44:55.088   579   579 I [mTEE]  :  come into the TZ_VFS_OPEN function
03-21 20:44:55.089   579   579 I [mTEE]  :  come into the TZ_VFS_OPEN function
03-21 20:44:55.092   579   579 I [mTEE]  :  come into the TZ_VFS_OPEN function
03-21 20:44:55.093   579   579 I [mTEE]  :  come into the TZ_VFS_OPEN function
03-21 20:44:55.096   579   579 I [mTEE]  :  come into the TZ_VFS_OPEN function
03-21 20:44:55.097   579   579 I [mTEE]  :  come into the TZ_VFS_OPEN function
03-21 20:44:55.098   579   579 I [mTEE]  :  come into the TZ_VFS_OPEN function
03-21 20:44:55.099   579   579 I [mTEE]  :  come into the TZ_VFS_OPEN function
03-21 20:44:55.102   579   579 I [mTEE]  :  come into the TZ_VFS_OPEN function
03-21 20:44:55.103   579   579 I [mTEE]  :  come into the TZ_VFS_OPEN function
03-21 20:44:55.107   579   579 I [mTEE]  :  come into the TZ_VFS_OPEN function
03-21 20:44:55.107   579   579 I [mTEE]  :  come into the TZ_VFS_OPEN function
03-21 20:44:55.108   579   579 I [mTEE]  :  come into the TZ_VFS_OPEN function
03-21 20:44:55.109   579   579 I [mTEE]  :  come into the TZ_VFS_OPEN function
03-21 20:44:55.113   579   579 I [mTEE]  :  come into the TZ_VFS_OPEN function
03-21 20:44:55.114   579   579 I [mTEE]  :  come into the TZ_VFS_OPEN function
03-21 20:44:55.130   579   579 I [mTEE]  :  come into the TZ_VFS_OPEN function
03-21 20:44:55.131   579   579 I [mTEE]  :  come into the TZ_VFS_OPEN function
03-21 20:44:55.132   579   579 I [mTEE]  :  come into the TZ_VFS_OPEN function
03-21 20:44:55.133   579   579 I [mTEE]  :  come into the TZ_VFS_OPEN function
03-21 20:44:55.134   579   579 I [mTEE]  :  come into the TZ_VFS_OPEN function
03-21 20:44:55.135   579   579 I [mTEE]  :  come into the TZ_VFS_OPEN function
03-21 20:44:55.136   579   579 I [mTEE]  :  come into the TZ_VFS_OPEN function
03-21 20:44:55.137   579   579 I [mTEE]  :  come into the TZ_VFS_OPEN function
03-21 20:44:55.138   579   579 I [mTEE]  :  come into the TZ_VFS_OPEN function
03-21 20:44:55.139   579   579 I [mTEE]  :  come into the TZ_VFS_OPEN function
03-21 20:44:55.140   579   579 I [mTEE]  :  come into the TZ_VFS_OPEN function
03-21 20:44:55.141   579   579 I [mTEE]  :  come into the TZ_VFS_OPEN function
03-21 20:44:55.142   579   579 I [mTEE]  :  come into the TZ_VFS_OPEN function
03-21 20:44:55.142   579   579 I [mTEE]  :  come into the TZ_VFS_OPEN function
03-21 20:44:55.143   579   579 I [mTEE]  :  come into the TZ_VFS_OPEN function
03-21 20:44:55.144   579   579 I [mTEE]  :  come into the TZ_VFS_OPEN function
03-21 20:44:55.145   579   579 I [mTEE]  :  come into the TZ_VFS_OPEN function
03-21 20:44:55.146   579   579 I [mTEE]  :  come into the TZ_VFS_OPEN function
03-21 20:44:55.147   579   579 I [mTEE]  :  come into the TZ_VFS_OPEN function
03-21 20:44:55.148   579   579 I [mTEE]  :  come into the TZ_VFS_OPEN function
03-21 20:44:55.149   579   579 I [mTEE]  :  come into the TZ_VFS_OPEN function
03-21 20:44:55.150   579   579 I [mTEE]  :  come into the TZ_VFS_OPEN function
03-21 20:44:55.151   579   579 I [mTEE]  :  come into the TZ_VFS_OPEN function
03-21 20:44:55.152   579   579 I [mTEE]  :  come into the TZ_VFS_OPEN function
03-21 20:44:55.153   579   579 I [mTEE]  :  come into the TZ_VFS_OPEN function
03-21 20:44:55.154   579   579 I [mTEE]  :  come into the TZ_VFS_OPEN function
03-21 20:44:55.155   579   579 I [mTEE]  :  come into the TZ_VFS_OPEN function
03-21 20:44:55.156   579   579 I [mTEE]  :  come into the TZ_VFS_OPEN function
03-21 20:44:55.157   579   579 I [mTEE]  :  come into the TZ_VFS_OPEN function
03-21 20:44:55.158   579   579 I [mTEE]  :  come into the TZ_VFS_OPEN function
03-21 20:44:55.159   579   579 I [mTEE]  :  come into the TZ_VFS_OPEN function
03-21 20:44:55.160   579   579 I [mTEE]  :  come into the TZ_VFS_OPEN function
03-21 20:44:55.162   881  2016 I WifiHAL : feature_set=0x8488141a
03-21 20:44:55.164  1587  1927 I HalDevMgr: bestIfaceCreationProposal is null, requestIface=STA, existingIface=[name=wlan0 type=STA]
03-21 20:44:55.174  1151  1151 E [GF_HAL][gf_hal_milan]: [hal_milan_invoke_command] err=GF_SUCCESS, errno=0. reset g_hal_over_current_count to 0!
03-21 20:44:55.183  1587  1708 I DisplayPowerController[0]: Blocking screen off
03-21 20:44:55.184  1032  1082 E flp     : mnld_screen_monitor_thread: Screen off
03-21 20:44:55.186  1587  1708 I PowerGroup: dreamManagerAttemptedDozing status changed to true for group 0
03-21 20:44:55.187  1587  1708 I DreamManagerService: Entering dreamland.
03-21 20:44:55.187  1587  1708 I PowerManagerService: Dozing...
03-21 20:44:55.187  1587  1708 I DisplayPowerController[0]: Unblocked screen off after 4 ms
03-21 20:44:55.187   877   877 I Situation: enable: handle:26, en:0 
03-21 20:44:55.188  1587  1680 W libprocessgroup: SetCgroup::ExecuteForProcess: failed to open /dev/stune/background/cgroup.procs: No such file or directory
03-21 20:44:55.189  1587  1708 I DisplayBrightnessStrategySelector: Changing the DisplayBrightnessStrategy from FallbackBrightnessStrategy to ScreenOffBrightnessStrategy for display 0
03-21 20:44:55.189  1587  1708 I DisplayPowerController[0]: BrightnessEvent: brt=0.0(0.0%), nits=2.7194705, lux=-1.0, reason=screen_off, strat=ScreenOffBrightnessStrategy, state=OFF, stateReason=DEFAULT_POLICY, policy=OFF, flags=, initBrt=1.0, rcmdBrt=NaN, preBrt=NaN, preLux=0.0, wasShortTermModelActive=false, autoBrightness=false (default), unclampedBrt=-1.0, hbmMax=1.0, hbmMode=sunlight, thrmMax=1.0, rbcStrength=50, powerFactor=1.0, physDisp=Built-in Screen(local:4627039422300187648), logicalId=0, slowChange=false, rampSpeed=0.0
03-21 20:44:55.191  1587  1652 I DreamController: Starting dream: name=ComponentInfo{com.android.systemui/com.android.systemui.doze.DozeService}, isPreviewMode=false, canDoze=true, userId=0, reason='power manager request'
03-21 20:44:55.191  1587  1655 I DisplayDeviceRepository: Display device changed state: "Built-in Screen", OFF
03-21 20:44:55.192   852  1055 W hwcomposer: [DRMDEV] paramIsSame(), id 912, w 1080/1080, h 93/93, pitch 1088/1088, format 0x1/0x2, secure 0/0  
03-21 20:44:55.192   877   877 I Accelerometer: batch: handle:0, flag:0,samplingPeriodNs:80000000 maxBatchReportLatencyNs:2000000000
03-21 20:44:55.193   914   914 W SurfaceFlinger: setPhysicalDisplayPowerMode: Failed to disable uclamp.min: Invalid argument
03-21 20:44:55.193  1587  1655 I InputManager-JNI: Viewport [0] to add: local:4627039422300187648, isActive: false
03-21 20:44:55.193   852   992 I hwcomposer: [HWCDisplay] [XMFP]: Display(0) SetPowerMode(0) fp_parallel:0  
03-21 20:44:55.195  1587  1903 I InputReader: Reconfiguring input devices, changes=DISPLAY_INFO
03-21 20:44:55.195  1587  1903 I InputReader: Disabling fts_ts (device 4) because the associated viewport is not active
03-21 20:44:55.195  1587  1903 I InputReader: Device reconfigured: id=4, name='fts_ts', size 1080x2400, orientation Rotation0, mode DISABLED, display id 0
03-21 20:44:55.199  1587  1653 W SurfaceControl: Invalid layer stack -1
03-21 20:44:55.199  1587  1653 I DisplayDevice: [0] Layerstack set to -1 for local:4627039422300187648
03-21 20:44:55.199  2034  2159 I PluginActionManager[com.android.systemui.action.PLUGIN_DOZE]: Found 0 plugins
03-21 20:44:55.202  2458 24325 I NearbySharing: Screen is locked
03-21 20:44:55.202  2458 24325 I NearbySharing: Stopping scanning because the screen is locked.
03-21 20:44:55.204  2458 24325 I NearbySharing: Stopping Fast Init advertisement because Bluetooth is off.
03-21 20:44:55.204  2458 24325 I NearbySharing: Stopping advertising because Bluetooth is disabled.
03-21 20:44:55.204  2458 24325 I NearbySharing: Stopping FastInitiation scanning because the screen is locked.
03-21 20:44:55.205  2458 24325 I NearbySharing: Fast Initiation Scanning has stopped
03-21 20:44:55.205  2458 24325 I NearbySharing: Dismissing HUN as there's no device nearby.
03-21 20:44:55.206  2034  2034 E NotifRow: Magnetic state changed from IDLE to IDLE on a null swiped listener, or the logging key of the listener is null
03-21 20:44:55.215  1587  1680 W libprocessgroup: SetCgroup::ExecuteForProcess: failed to open /dev/stune/top-app/cgroup.procs: No such file or directory
03-21 20:44:55.218   877   877 E SensorManager: Correct handle(24) mindelay: 200000000 old: 1000000
03-21 20:44:55.218   877   877 I Situation: batch: handle:24, flag:0,samplingPeriodNs:200000000 maxBatchReportLatencyNs:0
03-21 20:44:55.218  1587  1708 I DisplayPowerController[0]: BrightnessEvent: brt=0.0(0.0%), nits=2.7194705, lux=-1.0, reason=screen_off, strat=ScreenOffBrightnessStrategy, state=OFF, stateReason=UNKNOWN, policy=DOZE, flags=, initBrt=0.0, rcmdBrt=NaN, preBrt=NaN, preLux=0.0, wasShortTermModelActive=false, autoBrightness=false (default), unclampedBrt=-1.0, hbmMax=1.0, hbmMode=sunlight, thrmMax=1.0, rbcStrength=50, powerFactor=1.0, physDisp=Built-in Screen(local:4627039422300187648), logicalId=0, slowChange=false, rampSpeed=0.0
03-21 20:44:55.219   877   877 I Situation: enable: handle:24, en:1 
03-21 20:44:55.225  3073  3073 I PkDeviceHelper: PkDeviceHelper.refreshDevices():87 refreshing devices
03-21 20:44:55.256  2034  2034 W View    : requestLayout() improperly called by com.android.keyguard.CarrierText{69a8c9b V.ED..... ......ID 47,0-503,93 #7f0b0456 app:id/keyguard_carrier_text} during layout: running second layout pass
03-21 20:44:55.256  2034  2034 W View    : requestLayout() improperly called by qqs_header_constraint->qs_header_constraint (pos:0.0 Dpos/Dt:0.0 during layout: running second layout pass
03-21 20:44:55.256  2034  2034 W View    : requestLayout() improperly called by com.android.systemui.statusbar.policy.CustomClockViewStub{ed02b07 V.E...... ......I. 47,0-52,93 #7f0b027e app:id/custom_clock} during layout: running second layout pass
03-21 20:44:55.256  2034  2034 W View    : requestLayout() improperly called by com.android.systemui.statusbar.policy.Clock{a28a434 VFED..C.. ......ID 47,0-129,93 #7f0b020c app:id/clock} during layout: running second layout pass
03-21 20:44:55.256  2034  2034 W View    : requestLayout() improperly called by com.android.systemui.statusbar.policy.VariableDateView{98df25d V.ED..... ......ID 150,15-150,78 #7f0b028b app:id/date} during layout: running second layout pass
03-21 20:44:55.256  2034  2034 W View    : requestLayout() improperly called by com.android.systemui.shade.carrier.ShadeCarrierGroup{236b7d2 V.E...... ......ID 674,0-1038,93 #7f0b01df app:id/carrier_group} during layout: running second layout pass
03-21 20:44:55.256  2034  2034 W View    : requestLayout() improperly called by android.widget.FrameLayout{bba70a3 V.E...... ......ID 762,15-1027,78 #7f0b07f6 app:id/shade_header_system_icons} during layout: running second layout pass
03-21 20:44:55.256  2034  2034 W View    : requestLayout() improperly called by android.widget.FrameLayout{dc5cfa0 V.E...... ......I. 1027,0-1027,93 #7f0b06ce app:id/privacy_container} during layout: running second layout pass
03-21 20:44:55.256  2034  2034 W View    : requestLayout() improperly called by com.android.systemui.util.AutoMarqueeTextView{1874838 V.ED..... ..S...ID 0,0-135,55 #7f0b0576 app:id/mobile_carrier_text} during layout: running second layout pass
03-21 20:44:55.267   914   988 E surfaceflinger: == MALI DEBUG ===eglp_winsys_populate_image_templates ==12288
03-21 20:44:55.343  2034  2110 E QuickAccessWalletKeyguardQuickAffordanceConfig: Wallet card retrieval error, message: "null"
03-21 20:44:55.344  2034  2110 E QuickAccessWalletKeyguardQuickAffordanceConfig: Wallet card retrieval error, message: "null"
03-21 20:44:55.345  2034  2110 E QuickAccessWalletKeyguardQuickAffordanceConfig: Wallet card retrieval error, message: "null"
03-21 20:44:55.401   877   924 W AString : ctor got NULL, using empty string instead
03-21 20:44:55.401   877   924 I Gyroscope: write temp cali: [376, 1914, 2476, -61041, -30220, -151303]
03-21 20:44:55.459  1587  1652 I UsbPortManager: USB HAL AIDL version: USB_HAL_V2_0
03-21 20:44:55.471  1151  1333 I [GF_HAL][gf_hal]: [gf_hal_screen_off]
03-21 20:44:55.472  1587  1997 I LocalDisplayAdapter: SF.setDisplayPowerMode took 282ms
03-21 20:44:55.474  1151  1333 E [GF_HAL][gf_hal_milan]: [hal_milan_invoke_command] err=GF_SUCCESS, errno=0. reset g_hal_over_current_count to 0!
03-21 20:44:55.475   625  2778 W libperfmgr: Failed to write to node: /dev/stune/top-app/schedtune.boost with value: 10, fd: -1
03-21 20:44:55.475   625  2778 W libperfmgr: Failed to write to node: /proc/sys/kernel/sched_boost with value: 0, fd: -1
03-21 20:44:55.503  2034  2034 I KeyguardTransitionRepository: FINISHED transition: TransitionStep(from=GONE, to=DOZING, value=1.0, transitionState=FINISHED, ownerName=FromGoneTransitionInteractor(Sleep transition triggered))
03-21 20:44:55.522   888  2646 W StNfcHal: ! i2cWrite!!, errno is 'I/O error'
03-21 20:44:55.525  1587  1587 I PowerManagerService: onFlip(): Face up.
03-21 20:44:55.526   877   877 I Accelerometer: enable: handle:0, en:0
03-21 20:44:55.527   888  2646 W StNfcHal: Idle data: 2nd byte is 0x40
03-21 20:44:55.527   888  2646 W StNfcHal: , reading next 2 bytes
03-21 20:44:55.531   888  2646 W StNfcHal: Idle data: 2nd byte is 0x40
03-21 20:44:55.531   888  2646 W StNfcHal: , reading next 2 bytes
03-21 20:44:55.536  2203  2203 W libnfc_nci: nativeNfcTag_doDisconnect: tag already deactivated
03-21 20:44:55.544  2034  2034 W TypefaceCache: MISS: CacheKey(res=, fvar='wght' 200, 'wdth' 85, 'ROND' 100, 'slnt' 0); Total: 26
03-21 20:44:55.559  3073 25423 I DeviceStatusMonitor: DeviceStatusMonitor.handleBroadcast():138 onReceive() : Action = android.intent.action.SCREEN_OFF
03-21 20:44:55.559  3073 25423 I DeviceStatusMonitor: DeviceStatusMonitor.updateCountryInfo():154 updateCountryInfo(), notifyAnyway = false
03-21 20:44:55.562  3073  3073 I Module  : DeviceLockedStatusModuleProvider$Module.updateDeviceLockedStatus():103 repeatCheckTimes = 0, locked = false
03-21 20:44:55.564  3073  3073 I InputBundle: InputBundle.consumeEvent():1037 Skip consuming an event as imeStatus is INACTIVE
03-21 20:44:55.567  1587  3202 W AppOps  : Noting op not finished: uid 10300 pkg com.google.android.gms code 113 startTime of in progress event=1774113928726
03-21 20:44:55.588   914   914 I SurfaceFlinger: Display 4627039422300187648 policy changed
03-21 20:44:55.588   914   914 I SurfaceFlinger: Previous: {defaultModeId=1, allowGroupSwitching=false, primaryRanges={physical=[90.00 Hz, 90.00 Hz], render=[90.00 Hz, 90.00 Hz]}, appRequestRanges={physical=[90.00 Hz, 90.00 Hz], render=[90.00 Hz, 90.00 Hz]} idleScreenConfig=nullptr}
03-21 20:44:55.588   914   914 I SurfaceFlinger: Current:  DisplayManagerPolicy{defaultModeId=1, allowGroupSwitching=false, primaryRanges={physical=[90.00 Hz, 90.00 Hz], render=[90.00 Hz, 90.00 Hz]}, appRequestRanges={physical=[0.00 Hz, 90.00 Hz], render=[0.00 Hz, 90.00 Hz]} idleScreenConfig=nullptr}
03-21 20:44:55.588   914   914 I SurfaceFlinger: 0 mode changes were performed under the previous policy
03-21 20:44:55.624  1587  1972 I MR2ServiceImpl: Updating composite discovery preference | preference: RouteDiscoveryRequest{ preferredFeatures={}, activeScan=false }, active routers: []
03-21 20:44:55.643  2458  2458 I Dtdi    : [RouteScanController] stopScan: stopping route scanning [CONTEXT service_id=312 ]
03-21 20:44:55.644  2458  2458 I Dtdi    : [RouteScanController] stopScan: no active scanning sessions exist [CONTEXT service_id=312 ]
03-21 20:44:55.649   914   914 I SurfaceFlinger: Display 4627039422300187648 policy changed
03-21 20:44:55.649   914   914 I SurfaceFlinger: Previous: {defaultModeId=1, allowGroupSwitching=false, primaryRanges={physical=[90.00 Hz, 90.00 Hz], render=[90.00 Hz, 90.00 Hz]}, appRequestRanges={physical=[0.00 Hz, 90.00 Hz], render=[0.00 Hz, 90.00 Hz]} idleScreenConfig=nullptr}
03-21 20:44:55.649   914   914 I SurfaceFlinger: Current:  DisplayManagerPolicy{defaultModeId=0, allowGroupSwitching=false, primaryRanges={physical=[0.00 Hz, 90.00 Hz], render=[0.00 Hz, 60.00 Hz]}, appRequestRanges={physical=[0.00 Hz, 90.00 Hz], render=[0.00 Hz, 60.00 Hz]} idleScreenConfig=nullptr}
03-21 20:44:55.649   914   914 I SurfaceFlinger: 0 mode changes were performed under the previous policy
03-21 20:44:55.655   852   992 I hwcomposer: [HWC] (0) displaySetActiveConfig config:0  
03-21 20:44:55.667  1587  1655 I DisplayDeviceRepository: Display device changed render timings: "Built-in Screen", renderFrameRate=60.0, presentationDeadlineNanos=16666667, appVsyncOffsetNanos=1000000, frameRateOverrides=[]
03-21 20:44:55.689  1587  1927 E SupplicantStaIfaceHalAidlImpl: ISupplicantStaIface.setSuspendModeEnabled failed with service specific exception: 
03-21 20:44:55.689  1587  1927 E SupplicantStaIfaceHalAidlImpl: android.os.ServiceSpecificException:  (code 1)
03-21 20:44:55.689  1587  1927 E SupplicantStaIfaceHalAidlImpl: 	at android.os.Parcel.createExceptionOrNull(Parcel.java:3387)
03-21 20:44:55.689  1587  1927 E SupplicantStaIfaceHalAidlImpl: 	at android.os.Parcel.createException(Parcel.java:3357)
03-21 20:44:55.689  1587  1927 E SupplicantStaIfaceHalAidlImpl: 	at android.os.Parcel.readException(Parcel.java:3340)
03-21 20:44:55.689  1587  1927 E SupplicantStaIfaceHalAidlImpl: 	at android.os.Parcel.readException(Parcel.java:3282)
03-21 20:44:55.689  1587  1927 E SupplicantStaIfaceHalAidlImpl: 	at com.android.wifi.x.android.hardware.wifi.supplicant.ISupplicantStaIface$Stub$Proxy.setSuspendModeEnabled(ISupplicantStaIface.java:2962)
03-21 20:44:55.689  1587  1927 E SupplicantStaIfaceHalAidlImpl: 	at com.android.server.wifi.SupplicantStaIfaceHalAidlImpl.setSuspendModeEnabled(SupplicantStaIfaceHalAidlImpl.java:2094)
03-21 20:44:55.689  1587  1927 E SupplicantStaIfaceHalAidlImpl: 	at com.android.server.wifi.SupplicantStaIfaceHal.setSuspendModeEnabled(SupplicantStaIfaceHal.java:1722)
03-21 20:44:55.689  1587  1927 E SupplicantStaIfaceHalAidlImpl: 	at com.android.server.wifi.WifiNative.setSuspendOptimizations(WifiNative.java:2831)
03-21 20:44:55.689  1587  1927 E SupplicantStaIfaceHalAidlImpl: 	at com.android.server.wifi.ClientModeImpl.setSuspendOptimizationsNative(ClientModeImpl.java:2759)
03-21 20:44:55.689  1587  1927 E SupplicantStaIfaceHalAidlImpl: 	at com.android.server.wifi.ClientModeImpl.-$$Nest$msetSuspendOptimizationsNative(ClientModeImpl.java:0)
03-21 20:44:55.689  1587  1927 E SupplicantStaIfaceHalAidlImpl: 	at com.android.server.wifi.ClientModeImpl$ConnectableState.processMessageImpl(ClientModeImpl.java:5048)
03-21 20:44:55.689  1587  1927 E SupplicantStaIfaceHalAidlImpl: 	at com.android.server.wifi.RunnerState.processMessage(RunnerState.java:82)
03-21 20:44:55.689  1587  1927 E SupplicantStaIfaceHalAidlImpl: 	at com.android.wifi.x.com.android.internal.util.StateMachine$SmHandler.processMsg(StateMachine.java:1007)
03-21 20:44:55.689  1587  1927 E SupplicantStaIfaceHalAidlImpl: 	at com.android.wifi.x.com.android.internal.util.StateMachine$SmHandler.handleMessage(StateMachine.java:820)
03-21 20:44:55.689  1587  1927 E SupplicantStaIfaceHalAidlImpl: 	at android.os.Handler.dispatchMessage(Handler.java:132)
03-21 20:44:55.689  1587  1927 E SupplicantStaIfaceHalAidlImpl: 	at android.os.Looper.dispatchMessage(Looper.java:333)
03-21 20:44:55.689  1587  1927 E SupplicantStaIfaceHalAidlImpl: 	at android.os.Looper.loopOnce(Looper.java:263)
03-21 20:44:55.689  1587  1927 E SupplicantStaIfaceHalAidlImpl: 	at android.os.Looper.loop(Looper.java:367)
03-21 20:44:55.689  1587  1927 E SupplicantStaIfaceHalAidlImpl: 	at android.os.HandlerThread.run(HandlerThread.java:139)
03-21 20:44:55.976   625  2778 W libperfmgr: Failed to write to node: /dev/stune/top-app/schedtune.boost with value: 10, fd: -1
03-21 20:44:55.976   625  2778 W libperfmgr: Failed to write to node: /proc/sys/kernel/sched_boost with value: 0, fd: -1
03-21 20:44:56.188  1587  7856 W Transition: Transition already started id=242 state=2
03-21 20:44:56.476   625  2778 W libperfmgr: Failed to write to node: /dev/stune/top-app/schedtune.boost with value: 10, fd: -1
03-21 20:44:56.476   625  2778 W libperfmgr: Failed to write to node: /proc/sys/kernel/sched_boost with value: 0, fd: -1
03-21 20:44:56.569  1587  7856 W AppOps  : Noting op not finished: uid 10300 pkg com.google.android.gms code 113 startTime of in progress event=1774113928726
03-21 20:44:56.577   877   924 E Situation: processEvent, handle:24, flush_action:0
03-21 20:44:56.578   877  1861 E android.hardware.sensors-service.xiaomi-multihal: Decrementing wakelock ref count by 1 when count is 0
03-21 20:44:56.585  1587  7856 I PowerGroup: Waking up power group from Dozing (groupId=0, uid=10325, reason=WAKE_REASON_LIFT, details=com.android.systemui:NODOZE pickup)...
03-21 20:44:56.585  1587  7856 I PowerGroup: dreamManagerAttemptedDozing status changed to false for group 0
03-21 20:44:56.586  1587  7856 I PowerManagerService: Waking up from Dozing (uid=10325, reason=WAKE_REASON_LIFT, details=com.android.systemui:NODOZE pickup)...
03-21 20:44:56.589  1587  1708 I DisplayPowerController[0]: Blocking screen on until initial contents have been drawn.
03-21 20:44:56.590  1587  1708 I DisplayPowerController: Window Manager Policy screenTurningOn complete
03-21 20:44:56.590  1587  1708 I DisplayBrightnessStrategySelector: Changing the DisplayBrightnessStrategy from ScreenOffBrightnessStrategy to FallbackBrightnessStrategy for display 0
03-21 20:44:56.592  1587  1708 I DisplayPowerController[0]: BrightnessEvent: brt=1.0(100.0%), nits=700.0, lux=-1.0, reason=manual, strat=FallbackBrightnessStrategy, state=ON, stateReason=DEFAULT_POLICY, policy=BRIGHT, flags=, initBrt=0.0, rcmdBrt=NaN, preBrt=NaN, preLux=0.0, wasShortTermModelActive=false, autoBrightness=false (default), unclampedBrt=1.0, hbmMax=1.0, hbmMode=sunlight, thrmMax=1.0, rbcStrength=50, powerFactor=1.0, physDisp=Built-in Screen(local:4627039422300187648), logicalId=0, slowChange=false, rampSpeed=0.0
03-21 20:44:56.593   877   877 E SensorManager: Correct handle(24) mindelay: 200000000 old: 1000000
03-21 20:44:56.601   852   992 I hwcomposer: [HWCDisplay] [XMFP]: Display(0) SetPowerMode(2) fp_parallel:0  
03-21 20:44:56.602  1151  1151 I [GF_HAL][gf_hal]: [gf_hal_cancel]
03-21 20:44:56.602  1151  1151 E [GF_HAL][gf_hal_milan]: [hal_milan_cancel] set g_is_down_detected=0
03-21 20:44:56.602  1587  1655 I DisplayDeviceRepository: Display device changed state: "Built-in Screen", ON
03-21 20:44:56.602   625  2778 W libperfmgr: Failed to write to node: /dev/stune/top-app/schedtune.boost with value: 10, fd: -1
03-21 20:44:56.602   625  2778 W libperfmgr: Failed to write to node: /proc/sys/kernel/sched_boost with value: 0, fd: -1
03-21 20:44:56.603  1587  1655 I InputManager-JNI: Viewport [0] to add: local:4627039422300187648, isActive: true
03-21 20:44:56.605  1587  1903 I InputReader: Reconfiguring input devices, changes=DISPLAY_INFO
03-21 20:44:56.605  1587  1903 I InputReader: Device reconfigured: id=4, name='fts_ts', size 1080x2400, orientation Rotation0, mode DIRECT, display id 0
03-21 20:44:56.605  1587  1657 I DisplayDevice: [0] Layerstack set to 0 for local:4627039422300187648
03-21 20:44:56.609  2034  2034 E NotifRow: Magnetic state changed from IDLE to IDLE on a null swiped listener, or the logging key of the listener is null
03-21 20:44:56.614  1587  1680 W libprocessgroup: SetCgroup::ExecuteForProcess: failed to open /dev/stune/top-app/cgroup.procs: No such file or directory
03-21 20:44:56.624   877   877 I Accelerometer: batch: handle:0, flag:0,samplingPeriodNs:66667000 maxBatchReportLatencyNs:0
03-21 20:44:56.625  1151  1151 E [GF_HAL][gf_hal_milan]: [hal_milan_invoke_command] err=GF_SUCCESS, errno=0. reset g_hal_over_current_count to 0!
03-21 20:44:56.625  1151  1151 E [GF_HAL][gf_hal_common]: [gf_hal_notify_error_info] err code : 5.
03-21 20:44:56.625   877   877 I Accelerometer: enable: handle:0, en:1
03-21 20:44:56.627  3073 25428 I DeviceStatusMonitor: DeviceStatusMonitor.handleBroadcast():138 onReceive() : Action = android.intent.action.SCREEN_ON
03-21 20:44:56.627  3073 25428 I DeviceStatusMonitor: DeviceStatusMonitor.updateCountryInfo():154 updateCountryInfo(), notifyAnyway = false
03-21 20:44:56.629  2034  2034 E NotifRow: Magnetic state changed from IDLE to IDLE on a null swiped listener, or the logging key of the listener is null
03-21 20:44:56.630  1587  1973 I AuthenticationPolicyService: AuthenticationStateListener#onAuthenticationError
03-21 20:44:56.630  1587  1973 W BiometricFrameworkStatsLogger: found a negative latency : -1
03-21 20:44:56.631  1587  1973 I AuthenticationPolicyService: AuthenticationStateListener#onAuthenticationError
03-21 20:44:56.631  2458 24325 I NearbySharing: Screen is unlocked
03-21 20:44:56.631  2458 24325 I NearbySharing: Uwb feature is off.
03-21 20:44:56.631  2458 24325 I NearbySharing: Uwb feature is off.
03-21 20:44:56.631  2458 24325 I NearbySharing: Stopping scanning because Bluetooth is disabled.
03-21 20:44:56.631  1587  1921 E AuthSessionCoordinator: Error unable to find auth operation : authEndedFor(userId=0 ,biometricStrength=15, sensorId=0, requestId=68, wasSuccessful=false)
03-21 20:44:56.632  2458 24325 I NearbySharing: Stopping Fast Init advertisement because Bluetooth is off.
03-21 20:44:56.632  2458 24325 I NearbySharing: Stopping advertising because Bluetooth is disabled.
03-21 20:44:56.634   888  2646 W StNfcHal: Idle data: 2nd byte is 0x40
03-21 20:44:56.634   888  2646 W StNfcHal: , reading next 2 bytes
03-21 20:44:56.639  1587  1973 E BiometricScheduler: [Finishing] {[77] com.android.server.biometrics.sensors.fingerprint.aidl.FingerprintAuthenticationClient, proto=3, owner=com.android.systemui, cookie=0, requestId=68, userId=0} but current operation is null, success: false, possible lifecycle bug in clientMonitor implementation?
03-21 20:44:56.640   877   877 I Accelerometer: flush, flushCnt:1
03-21 20:44:56.641   844 25431 I resolv  : GetAddrInfoHandler::run: {102 102 102 983142 10399 0}
03-21 20:44:56.642   844 25432 I resolv  : res_nmkquery: (QUERY, IN, A)
03-21 20:44:56.644  2458 24325 I NearbySharing: Fast Initiation Scanning has stopped
03-21 20:44:56.644  2034  2159 I PluginActionManager[com.android.systemui.action.PLUGIN_NOTIFICATION_MENU_ROW]: Found 0 plugins
03-21 20:44:56.644  2458 24325 I NearbySharing: Stopping FastInitiation scanning because Bluetooth is disabled.
03-21 20:44:56.644  2458 24325 I NearbySharing: Dismissing HUN as there's no device nearby.
03-21 20:44:56.645   877   924 I Accelerometer: flush complete, flushCnt:0
03-21 20:44:56.647   844 25432 I resolv  : res_nsend: used send_dg 43 terrno: 0
03-21 20:44:56.648   844 25432 I resolv  : doQuery: rcode=0, ancount=1, return value=43
03-21 20:44:56.648   888  2646 W StNfcHal: Idle data: 2nd byte is 0x40
03-21 20:44:56.648   888  2646 W StNfcHal: , reading next 2 bytes
03-21 20:44:56.649   914   988 E surfaceflinger: == MALI DEBUG ===eglp_winsys_populate_image_templates ==12288
03-21 20:44:56.649  2034  2159 I PluginActionManager[com.android.systemui.action.PLUGIN_NOTIFICATION_MENU_ROW]: Found 0 plugins
03-21 20:44:56.650  1587  1972 I MR2ServiceImpl: Updating composite discovery preference | preference: RouteDiscoveryRequest{ preferredFeatures={}, activeScan=false }, active routers: []
03-21 20:44:56.659 24797 25429 W unknown:ReconnectingWebSocket: Couldn't connect to "ws://localhost:8081/message?device=23030RAC7Y%20-%2016%20-%20API%2036&app=com.rnat&clientid=BridgeDevSupportManager", will silently retry
03-21 20:44:56.664   844   878 I netd    : networkAddUidRangesParcel(NativeUidRangeConfig{netId: 102, uidRanges: [UidRangeParcel{start: 0, stop: 2147483647}], subPriority: 998}) <0.26ms>
03-21 20:44:56.665  1587  1927 E SupplicantStaIfaceHalAidlImpl: ISupplicantStaIface.setSuspendModeEnabled failed with service specific exception: 
03-21 20:44:56.665  1587  1927 E SupplicantStaIfaceHalAidlImpl: android.os.ServiceSpecificException:  (code 1)
03-21 20:44:56.665  1587  1927 E SupplicantStaIfaceHalAidlImpl: 	at android.os.Parcel.createExceptionOrNull(Parcel.java:3387)
03-21 20:44:56.665  1587  1927 E SupplicantStaIfaceHalAidlImpl: 	at android.os.Parcel.createException(Parcel.java:3357)
03-21 20:44:56.665  1587  1927 E SupplicantStaIfaceHalAidlImpl: 	at android.os.Parcel.readException(Parcel.java:3340)
03-21 20:44:56.665  1587  1927 E SupplicantStaIfaceHalAidlImpl: 	at android.os.Parcel.readException(Parcel.java:3282)
03-21 20:44:56.665  1587  1927 E SupplicantStaIfaceHalAidlImpl: 	at com.android.wifi.x.android.hardware.wifi.supplicant.ISupplicantStaIface$Stub$Proxy.setSuspendModeEnabled(ISupplicantStaIface.java:2962)
03-21 20:44:56.665  1587  1927 E SupplicantStaIfaceHalAidlImpl: 	at com.android.server.wifi.SupplicantStaIfaceHalAidlImpl.setSuspendModeEnabled(SupplicantStaIfaceHalAidlImpl.java:2094)
03-21 20:44:56.665  1587  1927 E SupplicantStaIfaceHalAidlImpl: 	at com.android.server.wifi.SupplicantStaIfaceHal.setSuspendModeEnabled(SupplicantStaIfaceHal.java:1722)
03-21 20:44:56.665  1587  1927 E SupplicantStaIfaceHalAidlImpl: 	at com.android.server.wifi.WifiNative.setSuspendOptimizations(WifiNative.java:2831)
03-21 20:44:56.665  1587  1927 E SupplicantStaIfaceHalAidlImpl: 	at com.android.server.wifi.ClientModeImpl.setSuspendOptimizationsNative(ClientModeImpl.java:2763)
03-21 20:44:56.665  1587  1927 E SupplicantStaIfaceHalAidlImpl: 	at com.android.server.wifi.ClientModeImpl.-$$Nest$msetSuspendOptimizationsNative(ClientModeImpl.java:0)
03-21 20:44:56.665  1587  1927 E SupplicantStaIfaceHalAidlImpl: 	at com.android.server.wifi.ClientModeImpl$ConnectableState.processMessageImpl(ClientModeImpl.java:5053)
03-21 20:44:56.665  1587  1927 E SupplicantStaIfaceHalAidlImpl: 	at com.android.server.wifi.RunnerState.processMessage(RunnerState.java:82)
03-21 20:44:56.665  1587  1927 E SupplicantStaIfaceHalAidlImpl: 	at com.android.wifi.x.com.android.internal.util.StateMachine$SmHandler.processMsg(StateMachine.java:1007)
03-21 20:44:56.665  1587  1927 E SupplicantStaIfaceHalAidlImpl: 	at com.android.wifi.x.com.android.internal.util.StateMachine$SmHandler.handleMessage(StateMachine.java:820)
03-21 20:44:56.665  1587  1927 E SupplicantStaIfaceHalAidlImpl: 	at android.os.Handler.dispatchMessage(Handler.java:132)
03-21 20:44:56.665  1587  1927 E SupplicantStaIfaceHalAidlImpl: 	at android.os.Looper.dispatchMessage(Looper.java:333)
03-21 20:44:56.665  1587  1927 E SupplicantStaIfaceHalAidlImpl: 	at android.os.Looper.loopOnce(Looper.java:263)
03-21 20:44:56.665  1587  1927 E SupplicantStaIfaceHalAidlImpl: 	at android.os.Looper.loop(Looper.java:367)
03-21 20:44:56.665  1587  1927 E SupplicantStaIfaceHalAidlImpl: 	at android.os.HandlerThread.run(HandlerThread.java:139)
03-21 20:44:56.665   844   878 I netd    : networkRemoveUidRangesParcel(NativeUidRangeConfig{netId: 102, uidRanges: [UidRangeParcel{start: 0, stop: 2147483647}], subPriority: 998}) <0.21ms>
03-21 20:44:56.675  2458  2471 I NullBinder: NullBinder for android.net.action.RECOMMEND_NETWORKS triggering remote TransactionTooLargeException due to Service without Chimera impl, calling uid: 1000, calling pid: 0
03-21 20:44:56.675  2458  2471 W libbinder.Binder: Large reply transaction of 1056768 bytes, interface descriptor , code 1, flags 17
03-21 20:44:56.686  2034  2034 I KeyguardTransitionRepository: STARTED transition: TransitionStep(from=DOZING, to=GONE, value=0.0, transitionState=STARTED, ownerName=FromDozingTransitionInteractor(canDismissLockscreen()))
03-21 20:44:56.707   914   988 E surfaceflinger: == MALI DEBUG ===eglp_winsys_populate_image_templates ==12288
03-21 20:44:56.709  1587  1708 I DisplayPowerController[0]: Unblocked screen on after 120 ms
03-21 20:44:56.710   877   877 I Situation: batch: handle:26, flag:0,samplingPeriodNs:66667000 maxBatchReportLatencyNs:0
03-21 20:44:56.712   877   877 I Situation: enable: handle:26, en:1 
03-21 20:44:56.823   877   924 E Situation: processEvent, handle:26, flush_action:0
03-21 20:44:56.824   625  2778 W libperfmgr: Failed to write to node: /dev/stune/top-app/schedtune.boost with value: 50, fd: -1
03-21 20:44:56.824   625  2778 W libperfmgr: Failed to write to node: /proc/sys/kernel/sched_boost with value: 2, fd: -1
03-21 20:44:56.831  1151  1333 I [GF_HAL][gf_hal]: [gf_hal_screen_on]
03-21 20:44:56.832  1587  1997 I LocalDisplayAdapter: SF.setDisplayPowerMode took 231ms
03-21 20:44:56.832  1151  1333 E [GF_HAL][gf_hal_milan]: [hal_milan_invoke_command] err=GF_SUCCESS, errno=0. reset g_hal_over_current_count to 0!
03-21 20:44:56.833  1587  1708 W PowerManagerService: Screen on took 249 ms
03-21 20:44:56.834  1587  1708 I DreamManagerService: Gently waking up from dream.
03-21 20:44:56.834  1032  1082 E flp     : mnld_screen_monitor_thread: Screen on
03-21 20:44:56.834  1032  1082 E flp     : mnld_screen_monitor_thread: Wake Monitor Restart
03-21 20:44:56.835  1587  8904 I DreamManagerService: Leaving dreamland.
03-21 20:44:56.836  1587  1652 I DreamController: Stopping dream: name=ComponentInfo{com.android.systemui/com.android.systemui.doze.DozeService}, isPreviewMode=false, canDoze=true, userId=0, reason='finished self'(from 'power manager request')
03-21 20:44:56.839   852   992 I hwcomposer: [HWCDisplay] [Display_0 (type:1)] fps:10.231172,dur:1857.07,max:1647.79,min:11.03  
03-21 20:44:56.840   914   914 I SurfaceFlinger: Display 4627039422300187648 policy changed
03-21 20:44:56.840   914   914 I SurfaceFlinger: Previous: {defaultModeId=0, allowGroupSwitching=false, primaryRanges={physical=[0.00 Hz, 90.00 Hz], render=[0.00 Hz, 60.00 Hz]}, appRequestRanges={physical=[0.00 Hz, 90.00 Hz], render=[0.00 Hz, 60.00 Hz]} idleScreenConfig=nullptr}
03-21 20:44:56.840   914   914 I SurfaceFlinger: Current:  DisplayManagerPolicy{defaultModeId=1, allowGroupSwitching=false, primaryRanges={physical=[90.00 Hz, 90.00 Hz], render=[90.00 Hz, 90.00 Hz]}, appRequestRanges={physical=[0.00 Hz, 90.00 Hz], render=[0.00 Hz, 90.00 Hz]} idleScreenConfig=nullptr}
03-21 20:44:56.840   914   914 I SurfaceFlinger: 1 mode changes were performed under the previous policy
03-21 20:44:56.840   852  1055 W hwcomposer: [DRMDEV] paramIsSame(), id 912, w 1080/1080, h 93/93, pitch 1088/1088, format 0x2/0x1, secure 0/0  
03-21 20:44:56.843  3073  3073 I PkDeviceHelper: PkDeviceHelper.refreshDevices():87 refreshing devices
03-21 20:44:56.844  1587  1910 I ImeTracker: com.rnat:25a828ac: onRequestHide at ORIGIN_SERVER reason HIDE_SAME_WINDOW_FOCUSED_WITHOUT_EDITOR fromUser false
03-21 20:44:56.844   852   992 I hwcomposer: [HWC] (0) displaySetActiveConfig config:1  
03-21 20:44:56.845 24797 24797 I ImeTracker: com.rnat:25a828ac: onCancelled at PHASE_CLIENT_ALREADY_HIDDEN
03-21 20:44:56.845   877   877 I Situation: enable: handle:24, en:0 
03-21 20:44:56.845  3073  3073 I GoogleInputMethodService: GoogleInputMethodService.onStartInput():1385 onStartInput(EditorInfo{EditorInfo{packageName=com.rnat, inputType=0, inputTypeString=NULL, enableLearning=false, autoCorrection=false, autoComplete=false, imeOptions=0, privateImeOptions=null, actionName=UNSPECIFIED, actionLabel=null, initialSelStart=-1, initialSelEnd=-1, initialCapsMode=0, label=null, fieldId=0, fieldName=null, extras=null, hintText=null, hintLocales=[]}}, false)
03-21 20:44:56.846  3073  3073 I AndroidIME: LatinIMEBase.updateInputViewCoverNavigation():314 Update input view padding, extendsTouchBelowSpace=true, bottom inset=126
03-21 20:44:56.846  3073  3073 I Module  : DeviceLockedStatusModuleProvider$Module.updateDeviceLockedStatus():103 repeatCheckTimes = 1, locked = false
03-21 20:44:56.848  1587  2667 W PackageConfigPersister: App-specific configuration not found for packageName: com.rnat and userId: 0
03-21 20:44:56.876  1587  1655 I DisplayDeviceRepository: Display device changed render timings: "Built-in Screen", renderFrameRate=90.0, presentationDeadlineNanos=17111111, appVsyncOffsetNanos=1000000, frameRateOverrides=[]
03-21 20:44:56.879  1587  1652 I UsbPortManager: USB HAL AIDL version: USB_HAL_V2_0
03-21 20:44:56.948  2034  2034 I KeyguardTransitionRepository: FINISHED transition: TransitionStep(from=DOZING, to=GONE, value=1.0, transitionState=FINISHED, ownerName=FromDozingTransitionInteractor(canDismissLockscreen()))
03-21 20:44:56.974 24797 24797 I ReactNativeJNI: Error occurred, shutting down websocket connection: WebSocket exception unexpected end of stream on http://localhost:8081/...
03-21 20:44:56.975   625  2778 W libperfmgr: Failed to write to node: /dev/stune/top-app/schedtune.boost with value: 10, fd: -1
03-21 20:44:56.975   625  2778 W libperfmgr: Failed to write to node: /proc/sys/kernel/sched_boost with value: 0, fd: -1
03-21 20:44:57.171  2458 24323 I NearbySharing: Network state changed: NetworkState(isRestricted=false, isOnline=true, isCongested=false, isMetered=false, isWifiConnected=true)
03-21 20:44:57.183  1151  1333 E [GF_HAL][gf_hal_milan]: [hal_milan_invoke_command] err=GF_SUCCESS, errno=0. reset g_hal_over_current_count to 0!
03-21 20:44:57.183  1151  1333 I [GF_HAL][gf_hal_milan]: [irq_pre_process] irq_type=[GF_IRQ_FINGER_DOWN_MASK], irq_type=0x0002
03-21 20:44:57.183  1151  1333 W libc    : Access denied finding property "sys.fp.miui.token"
03-21 20:44:57.180  1151  1151 W android.hardwar: type=1400 audit(0.0:1406): avc:  denied  { read } for  name="u:object_r:system_prop:s0" dev="tmpfs" ino=9216 scontext=u:r:hal_fingerprint_default:s0 tcontext=u:object_r:system_prop:s0 tclass=file permissive=0
03-21 20:44:57.475   625  2778 W libperfmgr: Failed to write to node: /dev/stune/top-app/schedtune.boost with value: 10, fd: -1
03-21 20:44:57.475   625  2778 W libperfmgr: Failed to write to node: /proc/sys/kernel/sched_boost with value: 0, fd: -1
03-21 20:44:57.642   852  1054 I hwcomposer: [HWC] (0)fire a callback of refresh to SF[4]  
03-21 20:44:57.656   625  2778 W libperfmgr: Failed to write to node: /dev/stune/top-app/schedtune.boost with value: 10, fd: -1
03-21 20:44:57.656   625  2778 W libperfmgr: Failed to write to node: /proc/sys/kernel/sched_boost with value: 0, fd: -1
03-21 20:44:57.723   625  2778 W libperfmgr: Failed to write to node: /dev/stune/top-app/schedtune.boost with value: 10, fd: -1
03-21 20:44:57.723   625  2778 W libperfmgr: Failed to write to node: /proc/sys/kernel/sched_boost with value: 0, fd: -1
03-21 20:44:57.927  1151  1333 E [GF_HAL][gf_hal_milan]: [hal_milan_invoke_command] err=GF_SUCCESS, errno=0. reset g_hal_over_current_count to 0!
03-21 20:44:57.927  1151  1333 I [GF_HAL][gf_hal_milan]: [irq_pre_process] irq_type=[GF_IRQ_FINGER_UP_MASK], irq_type=0x0004
03-21 20:44:57.927  1151  1333 W libc    : Access denied finding property "sys.fp.miui.token"
03-21 20:44:57.924  1151  1151 W android.hardwar: type=1400 audit(0.0:1407): avc:  denied  { read } for  name="u:object_r:system_prop:s0" dev="tmpfs" ino=9216 scontext=u:r:hal_fingerprint_default:s0 tcontext=u:object_r:system_prop:s0 tclass=file permissive=0
03-21 20:44:58.054  1151  1333 E [GF_HAL][gf_hal_milan]: [hal_milan_invoke_command] err=GF_SUCCESS, errno=0. reset g_hal_over_current_count to 0!
03-21 20:44:58.054  1151  1333 I [GF_HAL][gf_hal_milan]: [irq_pre_process] irq_type=[GF_IRQ_FINGER_DOWN_MASK], irq_type=0x0002
03-21 20:44:58.054  1151  1333 W libc    : Access denied finding property "sys.fp.miui.token"
03-21 20:44:58.052  1151  1151 W android.hardwar: type=1400 audit(0.0:1408): avc:  denied  { read } for  name="u:object_r:system_prop:s0" dev="tmpfs" ino=9216 scontext=u:r:hal_fingerprint_default:s0 tcontext=u:object_r:system_prop:s0 tclass=file permissive=0
03-21 20:44:58.223   625  2778 W libperfmgr: Failed to write to node: /dev/stune/top-app/schedtune.boost with value: 10, fd: -1
03-21 20:44:58.223   625  2778 W libperfmgr: Failed to write to node: /proc/sys/kernel/sched_boost with value: 0, fd: -1
03-21 20:44:58.280  1151  1333 E [GF_HAL][gf_hal_milan]: [hal_milan_invoke_command] err=GF_SUCCESS, errno=0. reset g_hal_over_current_count to 0!
03-21 20:44:58.280  1151  1333 I [GF_HAL][gf_hal_milan]: [irq_pre_process] irq_type=[GF_IRQ_FINGER_UP_MASK], irq_type=0x0004
03-21 20:44:58.280  1151  1333 W libc    : Access denied finding property "sys.fp.miui.token"
03-21 20:44:58.276  1151  1151 W android.hardwar: type=1400 audit(0.0:1409): avc:  denied  { read } for  name="u:object_r:system_prop:s0" dev="tmpfs" ino=9216 scontext=u:r:hal_fingerprint_default:s0 tcontext=u:object_r:system_prop:s0 tclass=file permissive=0
03-21 20:44:58.366  1151  1333 E [GF_HAL][gf_hal_milan]: [hal_milan_invoke_command] err=GF_SUCCESS, errno=0. reset g_hal_over_current_count to 0!
03-21 20:44:58.366  1151  1333 I [GF_HAL][gf_hal_milan]: [irq_pre_process] irq_type=[GF_IRQ_FINGER_DOWN_MASK], irq_type=0x0002
03-21 20:44:58.366  1151  1333 W libc    : Access denied finding property "sys.fp.miui.token"
03-21 20:44:58.364  1151  1151 W android.hardwar: type=1400 audit(0.0:1410): avc:  denied  { read } for  name="u:object_r:system_prop:s0" dev="tmpfs" ino=9216 scontext=u:r:hal_fingerprint_default:s0 tcontext=u:object_r:system_prop:s0 tclass=file permissive=0
03-21 20:44:58.513  1151  1333 E [GF_HAL][gf_hal_milan]: [hal_milan_invoke_command] err=GF_SUCCESS, errno=0. reset g_hal_over_current_count to 0!
03-21 20:44:58.513  1151  1333 I [GF_HAL][gf_hal_milan]: [irq_pre_process] irq_type=[GF_IRQ_FINGER_UP_MASK], irq_type=0x0004
03-21 20:44:58.513  1151  1333 W libc    : Access denied finding property "sys.fp.miui.token"
03-21 20:44:58.508  1151  1151 W android.hardwar: type=1400 audit(0.0:1411): avc:  denied  { read } for  name="u:object_r:system_prop:s0" dev="tmpfs" ino=9216 scontext=u:r:hal_fingerprint_default:s0 tcontext=u:object_r:system_prop:s0 tclass=file permissive=0
03-21 20:44:58.579  1151  1333 E [GF_HAL][gf_hal_milan]: [hal_milan_invoke_command] err=GF_SUCCESS, errno=0. reset g_hal_over_current_count to 0!
03-21 20:44:58.579  1151  1333 I [GF_HAL][gf_hal_milan]: [irq_pre_process] irq_type=[GF_IRQ_FINGER_DOWN_MASK], irq_type=0x0002
03-21 20:44:58.579  1151  1333 W libc    : Access denied finding property "sys.fp.miui.token"
03-21 20:44:58.666   844 25437 I resolv  : GetAddrInfoHandler::run: {102 102 102 983142 10399 0}
03-21 20:44:58.666   844 25438 I resolv  : res_nmkquery: (QUERY, IN, A)
03-21 20:44:58.671   844 25438 I resolv  : res_nsend: used send_dg 43 terrno: 0
03-21 20:44:58.671   844 25438 I resolv  : doQuery: rcode=0, ancount=1, return value=43
03-21 20:44:58.724   625  2778 W libperfmgr: Failed to write to node: /dev/stune/top-app/schedtune.boost with value: 10, fd: -1
03-21 20:44:58.724   625  2778 W libperfmgr: Failed to write to node: /proc/sys/kernel/sched_boost with value: 0, fd: -1
03-21 20:44:58.745  1151  1333 E [GF_HAL][gf_hal_milan]: [hal_milan_invoke_command] err=GF_SUCCESS, errno=0. reset g_hal_over_current_count to 0!
03-21 20:44:58.745  1151  1333 I [GF_HAL][gf_hal_milan]: [irq_pre_process] irq_type=[GF_IRQ_FINGER_UP_MASK], irq_type=0x0004
03-21 20:44:58.745  1151  1333 W libc    : Access denied finding property "sys.fp.miui.token"
03-21 20:44:58.985 24797 24797 I ReactNativeJNI: Error occurred, shutting down websocket connection: WebSocket exception unexpected end of stream on http://localhost:8081/...
03-21 20:44:59.224   625  2778 W libperfmgr: Failed to write to node: /dev/stune/top-app/schedtune.boost with value: 10, fd: -1
03-21 20:44:59.224   625  2778 W libperfmgr: Failed to write to node: /proc/sys/kernel/sched_boost with value: 0, fd: -1
03-21 20:44:59.672   881  2016 I WifiHAL : feature_set=0x8488141a
03-21 20:44:59.674  1587  1927 I HalDevMgr: bestIfaceCreationProposal is null, requestIface=STA, existingIface=[name=wlan0 type=STA]
03-21 20:44:59.724   625  2778 W libperfmgr: Failed to write to node: /dev/stune/top-app/schedtune.boost with value: 10, fd: -1
03-21 20:44:59.724   625  2778 W libperfmgr: Failed to write to node: /proc/sys/kernel/sched_boost with value: 0, fd: -1
03-21 20:45:00.005   852  1094 I hwcomposer: [DRMDEV] (0) failed to waitNextVsync: -1  
03-21 20:45:00.010   852  1094 I hwcomposer: [DRMDEV] (0) failed to waitNextVsync: -1  
03-21 20:45:00.021   852  1094 I hwcomposer: [DRMDEV] (0) failed to waitNextVsync: -1  
03-21 20:45:00.032   852  1094 I hwcomposer: [DRMDEV] (0) failed to waitNextVsync: -1  
03-21 20:45:00.043   852  1094 I hwcomposer: [DRMDEV] (0) failed to waitNextVsync: -1  
03-21 20:45:00.054   852  1094 I hwcomposer: [DRMDEV] (0) failed to waitNextVsync: -1  
03-21 20:45:00.065   852  1094 I hwcomposer: [DRMDEV] (0) failed to waitNextVsync: -1  
03-21 20:45:00.076   852   992 I hwcomposer: [HWCDisplay] [Display_0 (type:1)] fps:5.869466,dur:3237.09,max:2415.11,min:7.58  
03-21 20:45:00.134   852  1054 I hwcomposer: [HWC] (0)fire a callback of refresh to SF[4]  
03-21 20:45:00.141   625  2778 W libperfmgr: Failed to write to node: /dev/stune/top-app/schedtune.boost with value: 10, fd: -1
03-21 20:45:00.141   625  2778 W libperfmgr: Failed to write to node: /proc/sys/kernel/sched_boost with value: 0, fd: -1
03-21 20:45:00.215   625  2778 W libperfmgr: Failed to write to node: /dev/stune/top-app/schedtune.boost with value: 10, fd: -1
03-21 20:45:00.215   625  2778 W libperfmgr: Failed to write to node: /proc/sys/kernel/sched_boost with value: 0, fd: -1
03-21 20:45:00.354 25439 25439 W libbinder.BackendUnifiedServiceManager: Thread Pool max thread count is 0. Cannot cache binder as linkToDeath cannot be implemented. serviceName: deviceidle
03-21 20:45:00.381 25441 25441 W libbinder.BackendUnifiedServiceManager: Thread Pool max thread count is 0. Cannot cache binder as linkToDeath cannot be implemented. serviceName: battery
03-21 20:45:00.409 25443 25443 W libbinder.BackendUnifiedServiceManager: Thread Pool max thread count is 0. Cannot cache binder as linkToDeath cannot be implemented. serviceName: deviceidle
03-21 20:45:00.437 25446 25446 W libbinder.BackendUnifiedServiceManager: Thread Pool max thread count is 0. Cannot cache binder as linkToDeath cannot be implemented. serviceName: activity
03-21 20:45:00.494 25455 25455 W libbinder.BackendUnifiedServiceManager: Thread Pool max thread count is 0. Cannot cache binder as linkToDeath cannot be implemented. serviceName: battery
03-21 20:45:00.684   844 25464 I resolv  : GetAddrInfoHandler::run: {102 102 102 983142 10399 0}
03-21 20:45:00.685   844 25465 I resolv  : res_nmkquery: (QUERY, IN, A)
03-21 20:45:00.689   844 25465 I resolv  : res_nsend: used send_dg 43 terrno: 0
03-21 20:45:00.689   844 25465 I resolv  : doQuery: rcode=0, ancount=1, return value=43
03-21 20:45:00.716   625  2778 W libperfmgr: Failed to write to node: /dev/stune/top-app/schedtune.boost with value: 10, fd: -1
03-21 20:45:00.716   625  2778 W libperfmgr: Failed to write to node: /proc/sys/kernel/sched_boost with value: 0, fd: -1
03-21 20:45:00.994 24797 24797 I ReactNativeJNI: Error occurred, shutting down websocket connection: WebSocket exception unexpected end of stream on http://localhost:8081/...
03-21 20:45:01.216   625  2778 W libperfmgr: Failed to write to node: /dev/stune/top-app/schedtune.boost with value: 10, fd: -1
03-21 20:45:01.216   625  2778 W libperfmgr: Failed to write to node: /proc/sys/kernel/sched_boost with value: 0, fd: -1
03-21 20:45:01.717   625  2778 W libperfmgr: Failed to write to node: /dev/stune/top-app/schedtune.boost with value: 10, fd: -1
03-21 20:45:01.717   625  2778 W libperfmgr: Failed to write to node: /proc/sys/kernel/sched_boost with value: 0, fd: -1
03-21 20:45:02.217   625  2778 W libperfmgr: Failed to write to node: /dev/stune/top-app/schedtune.boost with value: 10, fd: -1
03-21 20:45:02.217   625  2778 W libperfmgr: Failed to write to node: /proc/sys/kernel/sched_boost with value: 0, fd: -1
03-21 20:45:02.676   852  1094 I hwcomposer: [DRMDEV] (0) failed to waitNextVsync: -1  
03-21 20:45:02.678   844   878 I netd    : networkAddUidRangesParcel(NativeUidRangeConfig{netId: 105, uidRanges: [UidRangeParcel{start: 0, stop: 2147483647}], subPriority: 999}) <0.54ms>
03-21 20:45:02.679   844   878 I netd    : networkRemoveUidRangesParcel(NativeUidRangeConfig{netId: 105, uidRanges: [UidRangeParcel{start: 0, stop: 2147483647}], subPriority: 999}) <0.21ms>
03-21 20:45:02.682   881  2016 I WifiHAL : feature_set=0x8488141a
03-21 20:45:02.683  1587  1927 I HalDevMgr: bestIfaceCreationProposal is null, requestIface=STA, existingIface=[name=wlan0 type=STA]
03-21 20:45:02.688   852  1094 I hwcomposer: [DRMDEV] (0) failed to waitNextVsync: -1  
03-21 20:45:02.699   852  1094 I hwcomposer: [DRMDEV] (0) failed to waitNextVsync: -1  
03-21 20:45:02.700   844 25466 I resolv  : GetAddrInfoHandler::run: {102 102 102 983142 10399 0}
03-21 20:45:02.701   844 25467 I resolv  : res_nmkquery: (QUERY, IN, A)
03-21 20:45:02.702   852   992 I hwcomposer: [HWCDisplay] [Display_0 (type:1)] fps:0.761837,dur:2625.24,max:2555.39,min:69.84  
03-21 20:45:02.708   844 25467 I resolv  : res_nsend: used send_dg 43 terrno: 0
03-21 20:45:02.708   844 25467 I resolv  : doQuery: rcode=0, ancount=1, return value=43
03-21 20:45:02.717   625  2778 W libperfmgr: Failed to write to node: /dev/stune/top-app/schedtune.boost with value: 10, fd: -1
03-21 20:45:02.718   625  2778 W libperfmgr: Failed to write to node: /proc/sys/kernel/sched_boost with value: 0, fd: -1
03-21 20:45:02.838   852  1054 I hwcomposer: [HWC] (0)fire a callback of refresh to SF[4]  
03-21 20:45:02.844   625  2778 W libperfmgr: Failed to write to node: /dev/stune/top-app/schedtune.boost with value: 10, fd: -1
03-21 20:45:02.844   625  2778 W libperfmgr: Failed to write to node: /proc/sys/kernel/sched_boost with value: 0, fd: -1
03-21 20:45:02.920   625  2778 W libperfmgr: Failed to write to node: /dev/stune/top-app/schedtune.boost with value: 10, fd: -1
03-21 20:45:02.920   625  2778 W libperfmgr: Failed to write to node: /proc/sys/kernel/sched_boost with value: 0, fd: -1
03-21 20:45:03.004 24797 24797 I ReactNativeJNI: Error occurred, shutting down websocket connection: WebSocket exception unexpected end of stream on http://localhost:8081/...
03-21 20:45:03.183  2458 24323 I NearbySharing: Network state changed: NetworkState(isRestricted=false, isOnline=true, isCongested=false, isMetered=false, isWifiConnected=true)
03-21 20:45:03.420   625  2778 W libperfmgr: Failed to write to node: /dev/stune/top-app/schedtune.boost with value: 10, fd: -1
03-21 20:45:03.420   625  2778 W libperfmgr: Failed to write to node: /proc/sys/kernel/sched_boost with value: 0, fd: -1
03-21 20:45:03.921   625  2778 W libperfmgr: Failed to write to node: /dev/stune/top-app/schedtune.boost with value: 10, fd: -1
03-21 20:45:03.921   625  2778 W libperfmgr: Failed to write to node: /proc/sys/kernel/sched_boost with value: 0, fd: -1
03-21 20:45:04.202   852  1094 I hwcomposer: [DRMDEV] (0) failed to waitNextVsync: -1  
03-21 20:45:04.210   852  1094 I hwcomposer: [DRMDEV] (0) failed to waitNextVsync: -1  
03-21 20:45:04.212   852   992 I hwcomposer: [HWCDisplay] [Display_0 (type:1)] fps:1.324280,dur:1510.25,max:1363.46,min:146.79  
03-21 20:45:04.274   914   988 E surfaceflinger: == MALI DEBUG ===eglp_winsys_populate_image_templates ==12288
03-21 20:45:04.285   914   988 E surfaceflinger: == MALI DEBUG ===eglp_winsys_populate_image_templates ==12288
03-21 20:45:04.286   625  2778 W libperfmgr: Failed to write to node: /dev/stune/top-app/schedtune.boost with value: 50, fd: -1
03-21 20:45:04.286   625  2778 W libperfmgr: Failed to write to node: /proc/sys/kernel/sched_boost with value: 2, fd: -1
03-21 20:45:04.293   914   988 E surfaceflinger: == MALI DEBUG ===eglp_winsys_populate_image_templates ==12288
03-21 20:45:04.328   914   988 E surfaceflinger: == MALI DEBUG ===eglp_winsys_populate_image_templates ==12288
03-21 20:45:04.438   852  1054 I hwcomposer: [HWC] (0)fire a callback of refresh to SF[4]  
03-21 20:45:04.441   625  2778 W libperfmgr: Failed to write to node: /dev/stune/top-app/schedtune.boost with value: 50, fd: -1
03-21 20:45:04.441   625  2778 W libperfmgr: Failed to write to node: /proc/sys/kernel/sched_boost with value: 2, fd: -1
03-21 20:45:04.446   625  2778 W libperfmgr: Failed to write to node: /dev/stune/top-app/schedtune.boost with value: 10, fd: -1
03-21 20:45:04.446   625  2778 W libperfmgr: Failed to write to node: /proc/sys/kernel/sched_boost with value: 0, fd: -1
03-21 20:45:04.519   625  2778 W libperfmgr: Failed to write to node: /dev/stune/top-app/schedtune.boost with value: 10, fd: -1
03-21 20:45:04.519   625  2778 W libperfmgr: Failed to write to node: /proc/sys/kernel/sched_boost with value: 0, fd: -1
03-21 20:45:04.719   844 25469 I resolv  : GetAddrInfoHandler::run: {102 102 102 983142 10399 0}
03-21 20:45:04.720   844 25470 I resolv  : res_nmkquery: (QUERY, IN, A)
03-21 20:45:04.726   844 25470 I resolv  : res_nsend: used send_dg 43 terrno: 0
03-21 20:45:04.726   844 25470 I resolv  : doQuery: rcode=0, ancount=1, return value=43
03-21 20:45:05.014 24797 24797 I ReactNativeJNI: Error occurred, shutting down websocket connection: WebSocket exception unexpected end of stream on http://localhost:8081/...
03-21 20:45:05.020   625  2778 W libperfmgr: Failed to write to node: /dev/stune/top-app/schedtune.boost with value: 10, fd: -1
03-21 20:45:05.020   625  2778 W libperfmgr: Failed to write to node: /proc/sys/kernel/sched_boost with value: 0, fd: -1
03-21 20:45:05.080 24797 25471 E unknown:ReactNative: Unable to download JS bundle
03-21 20:45:05.080 24797 25471 E unknown:ReactNative: com.facebook.react.common.DebugServerException: Could not connect to development server.
03-21 20:45:05.080 24797 25471 E unknown:ReactNative: 
03-21 20:45:05.080 24797 25471 E unknown:ReactNative: Try the following to fix the issue:
03-21 20:45:05.080 24797 25471 E unknown:ReactNative: \u2022 Ensure that Metro is running
03-21 20:45:05.080 24797 25471 E unknown:ReactNative: \u2022 Ensure that your device/emulator is connected to your machine and has USB debugging enabled - run 'adb devices' to see a list of connected devices
03-21 20:45:05.080 24797 25471 E unknown:ReactNative: \u2022 Ensure Airplane Mode is disabled
03-21 20:45:05.080 24797 25471 E unknown:ReactNative: \u2022 If you're on a physical device connected to the same machine, run 'adb reverse tcp:8081 tcp:8081 to forward requests from your device
03-21 20:45:05.080 24797 25471 E unknown:ReactNative: \u2022 If your device is on the same Wi-Fi network, set 'Debug server host & port for device' in 'Dev settings' to your machine's IP address and the port of the local dev server - e.g. 10.0.1.1:8081
03-21 20:45:05.080 24797 25471 E unknown:ReactNative: 
03-21 20:45:05.080 24797 25471 E unknown:ReactNative: URL: http://localhost:8081/index.bundle?platform=android&dev=true&lazy=true&minify=false&app=com.rnat&modulesOnly=false&runModule=true&excludeSource=true&sourcePaths=url-server
03-21 20:45:05.080 24797 25471 E unknown:ReactNative: 	at com.facebook.react.common.DebugServerException$Companion.makeGeneric(DebugServerException.kt:72)
03-21 20:45:05.080 24797 25471 E unknown:ReactNative: 	at com.facebook.react.common.DebugServerException.makeGeneric(Unknown Source:2)
03-21 20:45:05.080 24797 25471 E unknown:ReactNative: 	at com.facebook.react.devsupport.BundleDownloader$1.onFailure(BundleDownloader.java:126)
03-21 20:45:05.080 24797 25471 E unknown:ReactNative: 	at okhttp3.internal.connection.RealCall$AsyncCall.run(RealCall.kt:525)
03-21 20:45:05.080 24797 25471 E unknown:ReactNative: 	at java.util.concurrent.ThreadPoolExecutor.runWorker(ThreadPoolExecutor.java:1154)
03-21 20:45:05.080 24797 25471 E unknown:ReactNative: 	at java.util.concurrent.ThreadPoolExecutor$Worker.run(ThreadPoolExecutor.java:652)
03-21 20:45:05.080 24797 25471 E unknown:ReactNative: 	at java.lang.Thread.run(Thread.java:1563)
03-21 20:45:05.080 24797 25471 E unknown:ReactNative: Caused by: java.io.IOException: unexpected end of stream on http://localhost:8081/...
03-21 20:45:05.080 24797 25471 E unknown:ReactNative: 	at okhttp3.internal.http1.Http1ExchangeCodec.readResponseHeaders(Http1ExchangeCodec.kt:210)
03-21 20:45:05.080 24797 25471 E unknown:ReactNative: 	at okhttp3.internal.connection.Exchange.readResponseHeaders(Exchange.kt:110)
03-21 20:45:05.080 24797 25471 E unknown:ReactNative: 	at okhttp3.internal.http.CallServerInterceptor.intercept(CallServerInterceptor.kt:93)
03-21 20:45:05.080 24797 25471 E unknown:ReactNative: 	at okhttp3.internal.http.RealInterceptorChain.proceed(RealInterceptorChain.kt:109)
03-21 20:45:05.080 24797 25471 E unknown:ReactNative: 	at okhttp3.internal.connection.ConnectInterceptor.intercept(ConnectInterceptor.kt:34)
03-21 20:45:05.080 24797 25471 E unknown:ReactNative: 	at okhttp3.internal.http.RealInterceptorChain.proceed(RealInterceptorChain.kt:109)
03-21 20:45:05.080 24797 25471 E unknown:ReactNative: 	at okhttp3.internal.cache.CacheInterceptor.intercept(CacheInterceptor.kt:95)
03-21 20:45:05.080 24797 25471 E unknown:ReactNative: 	at okhttp3.internal.http.RealInterceptorChain.proceed(RealInterceptorChain.kt:109)
03-21 20:45:05.080 24797 25471 E unknown:ReactNative: 	at okhttp3.internal.http.BridgeInterceptor.intercept(BridgeInterceptor.kt:83)
03-21 20:45:05.080 24797 25471 E unknown:ReactNative: 	at okhttp3.internal.http.RealInterceptorChain.proceed(RealInterceptorChain.kt:109)
03-21 20:45:05.080 24797 25471 E unknown:ReactNative: 	at okhttp3.internal.http.RetryAndFollowUpInterceptor.intercept(RetryAndFollowUpInterceptor.kt:76)
03-21 20:45:05.080 24797 25471 E unknown:ReactNative: 	at okhttp3.internal.http.RealInterceptorChain.proceed(RealInterceptorChain.kt:109)
03-21 20:45:05.080 24797 25471 E unknown:ReactNative: 	at okhttp3.internal.connection.RealCall.getResponseWithInterceptorChain$okhttp(RealCall.kt:201)
03-21 20:45:05.080 24797 25471 E unknown:ReactNative: 	at okhttp3.internal.connection.RealCall$AsyncCall.run(RealCall.kt:517)
03-21 20:45:05.080 24797 25471 E unknown:ReactNative: 	... 3 more
03-21 20:45:05.080 24797 25471 E unknown:ReactNative: Caused by: java.io.EOFException: \n not found: limit=0 content=…
03-21 20:45:05.080 24797 25471 E unknown:ReactNative: 	at okio.RealBufferedSource.readUtf8LineStrict(RealBufferedSource.kt:335)
03-21 20:45:05.080 24797 25471 E unknown:ReactNative: 	at okhttp3.internal.http1.HeadersReader.readLine(HeadersReader.kt:29)
03-21 20:45:05.080 24797 25471 E unknown:ReactNative: 	at okhttp3.internal.http1.Http1ExchangeCodec.readResponseHeaders(Http1ExchangeCodec.kt:180)
03-21 20:45:05.080 24797 25471 E unknown:ReactNative: 	... 16 more
03-21 20:45:05.080 24797 24797 W InputEventReceiver: Attempted to finish an input event but the input event receiver has already been disposed.
03-21 20:45:05.085   625  2778 W libperfmgr: Failed to write to node: /dev/stune/top-app/schedtune.boost with value: 50, fd: -1
03-21 20:45:05.085   625  2778 W libperfmgr: Failed to write to node: /proc/sys/kernel/sched_boost with value: 2, fd: -1
03-21 20:45:05.103   914   988 E surfaceflinger: == MALI DEBUG ===eglp_winsys_populate_image_templates ==12288
03-21 20:45:05.108 24797 24797 E unknown:ReactNative: Exception in native call
03-21 20:45:05.108 24797 24797 E unknown:ReactNative: com.facebook.react.common.DebugServerException: Could not connect to development server.
03-21 20:45:05.108 24797 24797 E unknown:ReactNative: 
03-21 20:45:05.108 24797 24797 E unknown:ReactNative: Try the following to fix the issue:
03-21 20:45:05.108 24797 24797 E unknown:ReactNative: \u2022 Ensure that Metro is running
03-21 20:45:05.108 24797 24797 E unknown:ReactNative: \u2022 Ensure that your device/emulator is connected to your machine and has USB debugging enabled - run 'adb devices' to see a list of connected devices
03-21 20:45:05.108 24797 24797 E unknown:ReactNative: \u2022 Ensure Airplane Mode is disabled
03-21 20:45:05.108 24797 24797 E unknown:ReactNative: \u2022 If you're on a physical device connected to the same machine, run 'adb reverse tcp:8081 tcp:8081 to forward requests from your device
03-21 20:45:05.108 24797 24797 E unknown:ReactNative: \u2022 If your device is on the same Wi-Fi network, set 'Debug server host & port for device' in 'Dev settings' to your machine's IP address and the port of the local dev server - e.g. 10.0.1.1:8081
03-21 20:45:05.108 24797 24797 E unknown:ReactNative: 
03-21 20:45:05.108 24797 24797 E unknown:ReactNative: URL: http://localhost:8081/index.bundle?platform=android&dev=true&lazy=true&minify=false&app=com.rnat&modulesOnly=false&runModule=true&excludeSource=true&sourcePaths=url-server
03-21 20:45:05.108 24797 24797 E unknown:ReactNative: 	at com.facebook.react.common.DebugServerException$Companion.makeGeneric(DebugServerException.kt:72)
03-21 20:45:05.108 24797 24797 E unknown:ReactNative: 	at com.facebook.react.common.DebugServerException.makeGeneric(Unknown Source:2)
03-21 20:45:05.108 24797 24797 E unknown:ReactNative: 	at com.facebook.react.devsupport.BundleDownloader$1.onFailure(BundleDownloader.java:126)
03-21 20:45:05.108 24797 24797 E unknown:ReactNative: 	at okhttp3.internal.connection.RealCall$AsyncCall.run(RealCall.kt:525)
03-21 20:45:05.108 24797 24797 E unknown:ReactNative: 	at java.util.concurrent.ThreadPoolExecutor.runWorker(ThreadPoolExecutor.java:1154)
03-21 20:45:05.108 24797 24797 E unknown:ReactNative: 	at java.util.concurrent.ThreadPoolExecutor$Worker.run(ThreadPoolExecutor.java:652)
03-21 20:45:05.108 24797 24797 E unknown:ReactNative: 	at java.lang.Thread.run(Thread.java:1563)
03-21 20:45:05.108 24797 24797 E unknown:ReactNative: Caused by: java.io.IOException: unexpected end of stream on http://localhost:8081/...
03-21 20:45:05.108 24797 24797 E unknown:ReactNative: 	at okhttp3.internal.http1.Http1ExchangeCodec.readResponseHeaders(Http1ExchangeCodec.kt:210)
03-21 20:45:05.108 24797 24797 E unknown:ReactNative: 	at okhttp3.internal.connection.Exchange.readResponseHeaders(Exchange.kt:110)
03-21 20:45:05.108 24797 24797 E unknown:ReactNative: 	at okhttp3.internal.http.CallServerInterceptor.intercept(CallServerInterceptor.kt:93)
03-21 20:45:05.108 24797 24797 E unknown:ReactNative: 	at okhttp3.internal.http.RealInterceptorChain.proceed(RealInterceptorChain.kt:109)
03-21 20:45:05.108 24797 24797 E unknown:ReactNative: 	at okhttp3.internal.connection.ConnectInterceptor.intercept(ConnectInterceptor.kt:34)
03-21 20:45:05.108 24797 24797 E unknown:ReactNative: 	at okhttp3.internal.http.RealInterceptorChain.proceed(RealInterceptorChain.kt:109)
03-21 20:45:05.108 24797 24797 E unknown:ReactNative: 	at okhttp3.internal.cache.CacheInterceptor.intercept(CacheInterceptor.kt:95)
03-21 20:45:05.108 24797 24797 E unknown:ReactNative: 	at okhttp3.internal.http.RealInterceptorChain.proceed(RealInterceptorChain.kt:109)
03-21 20:45:05.108 24797 24797 E unknown:ReactNative: 	at okhttp3.internal.http.BridgeInterceptor.intercept(BridgeInterceptor.kt:83)
03-21 20:45:05.108 24797 24797 E unknown:ReactNative: 	at okhttp3.internal.http.RealInterceptorChain.proceed(RealInterceptorChain.kt:109)
03-21 20:45:05.108 24797 24797 E unknown:ReactNative: 	at okhttp3.internal.http.RetryAndFollowUpInterceptor.intercept(RetryAndFollowUpInterceptor.kt:76)
03-21 20:45:05.108 24797 24797 E unknown:ReactNative: 	at okhttp3.internal.http.RealInterceptorChain.proceed(RealInterceptorChain.kt:109)
03-21 20:45:05.108 24797 24797 E unknown:ReactNative: 	at okhttp3.internal.connection.RealCall.getResponseWithInterceptorChain$okhttp(RealCall.kt:201)
03-21 20:45:05.108 24797 24797 E unknown:ReactNative: 	at okhttp3.internal.connection.RealCall$AsyncCall.run(RealCall.kt:517)
03-21 20:45:05.108 24797 24797 E unknown:ReactNative: 	... 3 more
03-21 20:45:05.108 24797 24797 E unknown:ReactNative: Caused by: java.io.EOFException: \n not found: limit=0 content=…
03-21 20:45:05.108 24797 24797 E unknown:ReactNative: 	at okio.RealBufferedSource.readUtf8LineStrict(RealBufferedSource.kt:335)
03-21 20:45:05.108 24797 24797 E unknown:ReactNative: 	at okhttp3.internal.http1.HeadersReader.readLine(HeadersReader.kt:29)
03-21 20:45:05.108 24797 24797 E unknown:ReactNative: 	at okhttp3.internal.http1.Http1ExchangeCodec.readResponseHeaders(Http1ExchangeCodec.kt:180)
03-21 20:45:05.108 24797 24797 E unknown:ReactNative: 	... 16 more
03-21 20:45:05.110  1587  1910 I ImeTracker: com.rnat:caf7e95e: onRequestHide at ORIGIN_SERVER reason HIDE_SAME_WINDOW_FOCUSED_WITHOUT_EDITOR fromUser false
03-21 20:45:05.111  3073  3073 I GoogleInputMethodService: GoogleInputMethodService.onFinishInput():2114 
03-21 20:45:05.112  3073  3073 I Module  : DeviceLockedStatusModuleProvider$Module.updateDeviceLockedStatus():103 repeatCheckTimes = 0, locked = false
03-21 20:45:05.112  3073  3073 I GoogleInputMethodService: GoogleInputMethodService.onStartInput():1385 onStartInput(EditorInfo{EditorInfo{packageName=com.rnat, inputType=0, inputTypeString=NULL, enableLearning=false, autoCorrection=false, autoComplete=false, imeOptions=0, privateImeOptions=null, actionName=UNSPECIFIED, actionLabel=null, initialSelStart=-1, initialSelEnd=-1, initialCapsMode=0, label=null, fieldId=0, fieldName=null, extras=null, hintText=null, hintLocales=[]}}, false)
03-21 20:45:05.112  3073  3073 I AndroidIME: LatinIMEBase.updateInputViewCoverNavigation():314 Update input view padding, extendsTouchBelowSpace=true, bottom inset=126
03-21 20:45:05.113  3073  3073 I Module  : DeviceLockedStatusModuleProvider$Module.updateDeviceLockedStatus():103 repeatCheckTimes = 1, locked = false
03-21 20:45:05.113  1587  8904 W PackageConfigPersister: App-specific configuration not found for packageName: com.rnat and userId: 0
03-21 20:45:05.134 24797 24797 I ImeTracker: com.rnat:caf7e95e: onCancelled at PHASE_CLIENT_ALREADY_HIDDEN
03-21 20:45:05.189   914   988 E surfaceflinger: == MALI DEBUG ===eglp_winsys_populate_image_templates ==12288
03-21 20:45:05.192   914   988 E surfaceflinger: == MALI DEBUG ===eglp_winsys_populate_image_templates ==12288
03-21 20:45:05.222   852   992 I hwcomposer: [HWCDisplay] [Display_0 (type:1)] fps:23.756283,dur:1010.26,max:643.59,min:11.06  
03-21 20:45:05.225  1587  1910 I ImeTracker: com.rnat:10d2d0ff: onRequestHide at ORIGIN_SERVER reason HIDE_UNSPECIFIED_WINDOW fromUser false
03-21 20:45:05.225 24797 24797 I ImeTracker: com.rnat:10d2d0ff: onCancelled at PHASE_CLIENT_ALREADY_HIDDEN
03-21 20:45:05.226  3073  3073 I GoogleInputMethodService: GoogleInputMethodService.onFinishInput():2114 
03-21 20:45:05.226  3073  3073 I Module  : DeviceLockedStatusModuleProvider$Module.updateDeviceLockedStatus():103 repeatCheckTimes = 0, locked = false
03-21 20:45:05.226  3073  3073 I GoogleInputMethodService: GoogleInputMethodService.onStartInput():1385 onStartInput(EditorInfo{EditorInfo{packageName=com.rnat, inputType=0, inputTypeString=NULL, enableLearning=false, autoCorrection=false, autoComplete=false, imeOptions=0, privateImeOptions=null, actionName=UNSPECIFIED, actionLabel=null, initialSelStart=-1, initialSelEnd=-1, initialCapsMode=0, label=null, fieldId=0, fieldName=null, extras=null, hintText=null, hintLocales=[]}}, false)
03-21 20:45:05.226  3073  3073 I AndroidIME: LatinIMEBase.updateInputViewCoverNavigation():314 Update input view padding, extendsTouchBelowSpace=true, bottom inset=126
03-21 20:45:05.227  3073  3073 I Module  : DeviceLockedStatusModuleProvider$Module.updateDeviceLockedStatus():103 repeatCheckTimes = 1, locked = false
03-21 20:45:05.227  1587  3202 I ImeTracker: system_server:cdbfe9f3: onRequestHide at ORIGIN_SERVER reason IME_REQUESTED_CHANGED_LISTENER fromUser false
03-21 20:45:05.227  1587  1655 I ImeTracker: system_server:cdbfe9f3: onCancelled at PHASE_SERVER_SHOULD_HIDE
03-21 20:45:05.227  1587  3034 W PackageConfigPersister: App-specific configuration not found for packageName: com.rnat and userId: 0
03-21 20:45:05.239   914   988 E surfaceflinger: == MALI DEBUG ===eglp_winsys_populate_image_templates ==12288
03-21 20:45:05.267   852  1055 W hwcomposer: [DRMDEV] paramIsSame(), id 1043, w 1080/1080, h 2400/2400, pitch 1088/1088, format 0x1/0x2, secure 0/0  
03-21 20:45:05.346   625  2778 W libperfmgr: Failed to write to node: /dev/stune/top-app/schedtune.boost with value: 10, fd: -1
03-21 20:45:05.346   625  2778 W libperfmgr: Failed to write to node: /proc/sys/kernel/sched_boost with value: 0, fd: -1
03-21 20:45:05.350   852  1054 I hwcomposer: [HWC] (0)fire a callback of refresh to SF[4]  
03-21 20:45:05.364   625  2778 W libperfmgr: Failed to write to node: /dev/stune/top-app/schedtune.boost with value: 10, fd: -1
03-21 20:45:05.364   625  2778 W libperfmgr: Failed to write to node: /proc/sys/kernel/sched_boost with value: 0, fd: -1
03-21 20:45:05.431   625  2778 W libperfmgr: Failed to write to node: /dev/stune/top-app/schedtune.boost with value: 10, fd: -1
03-21 20:45:05.431   625  2778 W libperfmgr: Failed to write to node: /proc/sys/kernel/sched_boost with value: 0, fd: -1
03-21 20:45:05.690   881  2016 I WifiHAL : feature_set=0x8488141a
03-21 20:45:05.691  1587  1927 I HalDevMgr: bestIfaceCreationProposal is null, requestIface=STA, existingIface=[name=wlan0 type=STA]
03-21 20:45:05.931   625  2778 W libperfmgr: Failed to write to node: /dev/stune/top-app/schedtune.boost with value: 10, fd: -1
03-21 20:45:05.931   625  2778 W libperfmgr: Failed to write to node: /proc/sys/kernel/sched_boost with value: 0, fd: -1
03-21 20:45:06.057   852  1094 I hwcomposer: [DRMDEV] (0) failed to waitNextVsync: -1  
03-21 20:45:06.065   852  1094 I hwcomposer: [DRMDEV] (0) failed to waitNextVsync: -1  
03-21 20:45:06.076   852  1094 I hwcomposer: [DRMDEV] (0) failed to waitNextVsync: -1  
03-21 20:45:06.082   914   988 E surfaceflinger: == MALI DEBUG ===eglp_winsys_populate_image_templates ==12288
03-21 20:45:06.088   852  1094 I hwcomposer: [DRMDEV] (0) failed to waitNextVsync: -1  
03-21 20:45:06.126   625  2778 W libperfmgr: Failed to write to node: /dev/stune/top-app/schedtune.boost with value: 50, fd: -1
03-21 20:45:06.126   625  2778 W libperfmgr: Failed to write to node: /proc/sys/kernel/sched_boost with value: 2, fd: -1
03-21 20:45:06.233   852   992 I hwcomposer: [HWCDisplay] [Display_0 (type:1)] fps:18.798721,dur:1010.71,max:717.57,min:10.93  
03-21 20:45:06.376   625  2778 W libperfmgr: Failed to write to node: /dev/stune/top-app/schedtune.boost with value: 10, fd: -1
03-21 20:45:06.376   625  2778 W libperfmgr: Failed to write to node: /proc/sys/kernel/sched_boost with value: 0, fd: -1
03-21 20:45:06.415   625  2778 W libperfmgr: Failed to write to node: /dev/stune/top-app/schedtune.boost with value: 50, fd: -1
03-21 20:45:06.415   625  2778 W libperfmgr: Failed to write to node: /proc/sys/kernel/sched_boost with value: 2, fd: -1
03-21 20:45:06.656  2458 24323 I NearbyPresence: (REDACTED) %s verified [==] new request %s equals to the old request
03-21 20:45:06.665   625  2778 W libperfmgr: Failed to write to node: /dev/stune/top-app/schedtune.boost with value: 10, fd: -1
03-21 20:45:06.665   625  2778 W libperfmgr: Failed to write to node: /proc/sys/kernel/sched_boost with value: 0, fd: -1
03-21 20:45:06.717 25474 25474 W libbinder.BackendUnifiedServiceManager: Thread Pool max thread count is 0. Cannot cache binder as linkToDeath cannot be implemented. serviceName: deviceidle
03-21 20:45:06.735 25476 25476 W libbinder.BackendUnifiedServiceManager: Thread Pool max thread count is 0. Cannot cache binder as linkToDeath cannot be implemented. serviceName: battery
03-21 20:45:06.740   844 25479 I resolv  : GetAddrInfoHandler::run: {102 102 102 983142 10399 0}
03-21 20:45:06.741   844 25480 I resolv  : res_nmkquery: (QUERY, IN, A)
03-21 20:45:06.745   844 25480 I resolv  : res_nsend: used send_dg 43 terrno: 0
03-21 20:45:06.745   844 25480 I resolv  : doQuery: rcode=0, ancount=1, return value=43
03-21 20:45:06.763 25478 25478 W libbinder.BackendUnifiedServiceManager: Thread Pool max thread count is 0. Cannot cache binder as linkToDeath cannot be implemented. serviceName: deviceidle
03-21 20:45:06.791 25483 25483 W libbinder.BackendUnifiedServiceManager: Thread Pool max thread count is 0. Cannot cache binder as linkToDeath cannot be implemented. serviceName: activity
03-21 20:45:06.845   625  2778 W libperfmgr: Failed to write to node: /dev/stune/top-app/schedtune.boost with value: 50, fd: -1
03-21 20:45:06.846   625  2778 W libperfmgr: Failed to write to node: /proc/sys/kernel/sched_boost with value: 2, fd: -1
03-21 20:45:06.849 24797 24811 E com.rnat: mali-debug: still pending callback,wait...
03-21 20:45:06.852 25492 25492 W libbinder.BackendUnifiedServiceManager: Thread Pool max thread count is 0. Cannot cache binder as linkToDeath cannot be implemented. serviceName: battery
03-21 20:45:06.855 24797 24797 W InputEventReceiver: Failed to send outbound event on channel '3a23e13 com.rnat/com.rnat.MainActivity'.  status=DEAD_OBJECT(-32)
03-21 20:45:06.855 24797 24797 W InputEventReceiver: channel '3a23e13 com.rnat/com.rnat.MainActivity' ~ Could not send 0 outbound event(s), status:DEAD_OBJECT
03-21 20:45:06.866 24797 25471 E unknown:ReactNative: Unable to download JS bundle
03-21 20:45:06.866 24797 25471 E unknown:ReactNative: com.facebook.react.common.DebugServerException: Could not connect to development server.
03-21 20:45:06.866 24797 25471 E unknown:ReactNative: 
03-21 20:45:06.866 24797 25471 E unknown:ReactNative: Try the following to fix the issue:
03-21 20:45:06.866 24797 25471 E unknown:ReactNative: \u2022 Ensure that Metro is running
03-21 20:45:06.866 24797 25471 E unknown:ReactNative: \u2022 Ensure that your device/emulator is connected to your machine and has USB debugging enabled - run 'adb devices' to see a list of connected devices
03-21 20:45:06.866 24797 25471 E unknown:ReactNative: \u2022 Ensure Airplane Mode is disabled
03-21 20:45:06.866 24797 25471 E unknown:ReactNative: \u2022 If you're on a physical device connected to the same machine, run 'adb reverse tcp:8081 tcp:8081 to forward requests from your device
03-21 20:45:06.866 24797 25471 E unknown:ReactNative: \u2022 If your device is on the same Wi-Fi network, set 'Debug server host & port for device' in 'Dev settings' to your machine's IP address and the port of the local dev server - e.g. 10.0.1.1:8081
03-21 20:45:06.866 24797 25471 E unknown:ReactNative: 
03-21 20:45:06.866 24797 25471 E unknown:ReactNative: URL: http://localhost:8081/index.bundle?platform=android&dev=true&lazy=true&minify=false&app=com.rnat&modulesOnly=false&runModule=true&excludeSource=true&sourcePaths=url-server
03-21 20:45:06.866 24797 25471 E unknown:ReactNative: 	at com.facebook.react.common.DebugServerException$Companion.makeGeneric(DebugServerException.kt:72)
03-21 20:45:06.866 24797 25471 E unknown:ReactNative: 	at com.facebook.react.common.DebugServerException.makeGeneric(Unknown Source:2)
03-21 20:45:06.866 24797 25471 E unknown:ReactNative: 	at com.facebook.react.devsupport.BundleDownloader$1.onFailure(BundleDownloader.java:126)
03-21 20:45:06.866 24797 25471 E unknown:ReactNative: 	at okhttp3.internal.connection.RealCall$AsyncCall.run(RealCall.kt:525)
03-21 20:45:06.866 24797 25471 E unknown:ReactNative: 	at java.util.concurrent.ThreadPoolExecutor.runWorker(ThreadPoolExecutor.java:1154)
03-21 20:45:06.866 24797 25471 E unknown:ReactNative: 	at java.util.concurrent.ThreadPoolExecutor$Worker.run(ThreadPoolExecutor.java:652)
03-21 20:45:06.866 24797 25471 E unknown:ReactNative: 	at java.lang.Thread.run(Thread.java:1563)
03-21 20:45:06.866 24797 25471 E unknown:ReactNative: Caused by: java.io.IOException: unexpected end of stream on http://localhost:8081/...
03-21 20:45:06.866 24797 25471 E unknown:ReactNative: 	at okhttp3.internal.http1.Http1ExchangeCodec.readResponseHeaders(Http1ExchangeCodec.kt:210)
03-21 20:45:06.866 24797 25471 E unknown:ReactNative: 	at okhttp3.internal.connection.Exchange.readResponseHeaders(Exchange.kt:110)
03-21 20:45:06.866 24797 25471 E unknown:ReactNative: 	at okhttp3.internal.http.CallServerInterceptor.intercept(CallServerInterceptor.kt:93)
03-21 20:45:06.866 24797 25471 E unknown:ReactNative: 	at okhttp3.internal.http.RealInterceptorChain.proceed(RealInterceptorChain.kt:109)
03-21 20:45:06.866 24797 25471 E unknown:ReactNative: 	at okhttp3.internal.connection.ConnectInterceptor.intercept(ConnectInterceptor.kt:34)
03-21 20:45:06.866 24797 25471 E unknown:ReactNative: 	at okhttp3.internal.http.RealInterceptorChain.proceed(RealInterceptorChain.kt:109)
03-21 20:45:06.866 24797 25471 E unknown:ReactNative: 	at okhttp3.internal.cache.CacheInterceptor.intercept(CacheInterceptor.kt:95)
03-21 20:45:06.866 24797 25471 E unknown:ReactNative: 	at okhttp3.internal.http.RealInterceptorChain.proceed(RealInterceptorChain.kt:109)
03-21 20:45:06.866 24797 25471 E unknown:ReactNative: 	at okhttp3.internal.http.BridgeInterceptor.intercept(BridgeInterceptor.kt:83)
03-21 20:45:06.866 24797 25471 E unknown:ReactNative: 	at okhttp3.internal.http.RealInterceptorChain.proceed(RealInterceptorChain.kt:109)
03-21 20:45:06.866 24797 25471 E unknown:ReactNative: 	at okhttp3.internal.http.RetryAndFollowUpInterceptor.intercept(RetryAndFollowUpInterceptor.kt:76)
03-21 20:45:06.866 24797 25471 E unknown:ReactNative: 	at okhttp3.internal.http.RealInterceptorChain.proceed(RealInterceptorChain.kt:109)
03-21 20:45:06.866 24797 25471 E unknown:ReactNative: 	at okhttp3.internal.connection.RealCall.getResponseWithInterceptorChain$okhttp(RealCall.kt:201)
03-21 20:45:06.866 24797 25471 E unknown:ReactNative: 	at okhttp3.internal.connection.RealCall$AsyncCall.run(RealCall.kt:517)
03-21 20:45:06.866 24797 25471 E unknown:ReactNative: 	... 3 more
03-21 20:45:06.866 24797 25471 E unknown:ReactNative: Caused by: java.io.EOFException: \n not found: limit=0 content=…
03-21 20:45:06.866 24797 25471 E unknown:ReactNative: 	at okio.RealBufferedSource.readUtf8LineStrict(RealBufferedSource.kt:335)
03-21 20:45:06.866 24797 25471 E unknown:ReactNative: 	at okhttp3.internal.http1.HeadersReader.readLine(HeadersReader.kt:29)
03-21 20:45:06.866 24797 25471 E unknown:ReactNative: 	at okhttp3.internal.http1.Http1ExchangeCodec.readResponseHeaders(Http1ExchangeCodec.kt:180)
03-21 20:45:06.866 24797 25471 E unknown:ReactNative: 	... 16 more
03-21 20:45:06.877 24797 24797 E unknown:ReactNative: Exception in native call
03-21 20:45:06.877 24797 24797 E unknown:ReactNative: com.facebook.react.common.DebugServerException: Could not connect to development server.
03-21 20:45:06.877 24797 24797 E unknown:ReactNative: 
03-21 20:45:06.877 24797 24797 E unknown:ReactNative: Try the following to fix the issue:
03-21 20:45:06.877 24797 24797 E unknown:ReactNative: \u2022 Ensure that Metro is running
03-21 20:45:06.877 24797 24797 E unknown:ReactNative: \u2022 Ensure that your device/emulator is connected to your machine and has USB debugging enabled - run 'adb devices' to see a list of connected devices
03-21 20:45:06.877 24797 24797 E unknown:ReactNative: \u2022 Ensure Airplane Mode is disabled
03-21 20:45:06.877 24797 24797 E unknown:ReactNative: \u2022 If you're on a physical device connected to the same machine, run 'adb reverse tcp:8081 tcp:8081 to forward requests from your device
03-21 20:45:06.877 24797 24797 E unknown:ReactNative: \u2022 If your device is on the same Wi-Fi network, set 'Debug server host & port for device' in 'Dev settings' to your machine's IP address and the port of the local dev server - e.g. 10.0.1.1:8081
03-21 20:45:06.877 24797 24797 E unknown:ReactNative: 
03-21 20:45:06.877 24797 24797 E unknown:ReactNative: URL: http://localhost:8081/index.bundle?platform=android&dev=true&lazy=true&minify=false&app=com.rnat&modulesOnly=false&runModule=true&excludeSource=true&sourcePaths=url-server
03-21 20:45:06.877 24797 24797 E unknown:ReactNative: 	at com.facebook.react.common.DebugServerException$Companion.makeGeneric(DebugServerException.kt:72)
03-21 20:45:06.877 24797 24797 E unknown:ReactNative: 	at com.facebook.react.common.DebugServerException.makeGeneric(Unknown Source:2)
03-21 20:45:06.877 24797 24797 E unknown:ReactNative: 	at com.facebook.react.devsupport.BundleDownloader$1.onFailure(BundleDownloader.java:126)
03-21 20:45:06.877 24797 24797 E unknown:ReactNative: 	at okhttp3.internal.connection.RealCall$AsyncCall.run(RealCall.kt:525)
03-21 20:45:06.877 24797 24797 E unknown:ReactNative: 	at java.util.concurrent.ThreadPoolExecutor.runWorker(ThreadPoolExecutor.java:1154)
03-21 20:45:06.877 24797 24797 E unknown:ReactNative: 	at java.util.concurrent.ThreadPoolExecutor$Worker.run(ThreadPoolExecutor.java:652)
03-21 20:45:06.877 24797 24797 E unknown:ReactNative: 	at java.lang.Thread.run(Thread.java:1563)
03-21 20:45:06.877 24797 24797 E unknown:ReactNative: Caused by: java.io.IOException: unexpected end of stream on http://localhost:8081/...
03-21 20:45:06.877 24797 24797 E unknown:ReactNative: 	at okhttp3.internal.http1.Http1ExchangeCodec.readResponseHeaders(Http1ExchangeCodec.kt:210)
03-21 20:45:06.877 24797 24797 E unknown:ReactNative: 	at okhttp3.internal.connection.Exchange.readResponseHeaders(Exchange.kt:110)
03-21 20:45:06.877 24797 24797 E unknown:ReactNative: 	at okhttp3.internal.http.CallServerInterceptor.intercept(CallServerInterceptor.kt:93)
03-21 20:45:06.877 24797 24797 E unknown:ReactNative: 	at okhttp3.internal.http.RealInterceptorChain.proceed(RealInterceptorChain.kt:109)
03-21 20:45:06.877 24797 24797 E unknown:ReactNative: 	at okhttp3.internal.connection.ConnectInterceptor.intercept(ConnectInterceptor.kt:34)
03-21 20:45:06.877 24797 24797 E unknown:ReactNative: 	at okhttp3.internal.http.RealInterceptorChain.proceed(RealInterceptorChain.kt:109)
03-21 20:45:06.877 24797 24797 E unknown:ReactNative: 	at okhttp3.internal.cache.CacheInterceptor.intercept(CacheInterceptor.kt:95)
03-21 20:45:06.877 24797 24797 E unknown:ReactNative: 	at okhttp3.internal.http.RealInterceptorChain.proceed(RealInterceptorChain.kt:109)
03-21 20:45:06.877 24797 24797 E unknown:ReactNative: 	at okhttp3.internal.http.BridgeInterceptor.intercept(BridgeInterceptor.kt:83)
03-21 20:45:06.877 24797 24797 E unknown:ReactNative: 	at okhttp3.internal.http.RealInterceptorChain.proceed(RealInterceptorChain.kt:109)
03-21 20:45:06.877 24797 24797 E unknown:ReactNative: 	at okhttp3.internal.http.RetryAndFollowUpInterceptor.intercept(RetryAndFollowUpInterceptor.kt:76)
03-21 20:45:06.877 24797 24797 E unknown:ReactNative: 	at okhttp3.internal.http.RealInterceptorChain.proceed(RealInterceptorChain.kt:109)
03-21 20:45:06.877 24797 24797 E unknown:ReactNative: 	at okhttp3.internal.connection.RealCall.getResponseWithInterceptorChain$okhttp(RealCall.kt:201)
03-21 20:45:06.877 24797 24797 E unknown:ReactNative: 	at okhttp3.internal.connection.RealCall$AsyncCall.run(RealCall.kt:517)
03-21 20:45:06.877 24797 24797 E unknown:ReactNative: 	... 3 more
03-21 20:45:06.877 24797 24797 E unknown:ReactNative: Caused by: java.io.EOFException: \n not found: limit=0 content=…
03-21 20:45:06.877 24797 24797 E unknown:ReactNative: 	at okio.RealBufferedSource.readUtf8LineStrict(RealBufferedSource.kt:335)
03-21 20:45:06.877 24797 24797 E unknown:ReactNative: 	at okhttp3.internal.http1.HeadersReader.readLine(HeadersReader.kt:29)
03-21 20:45:06.877 24797 24797 E unknown:ReactNative: 	at okhttp3.internal.http1.Http1ExchangeCodec.readResponseHeaders(Http1ExchangeCodec.kt:180)
03-21 20:45:06.877 24797 24797 E unknown:ReactNative: 	... 16 more
03-21 20:45:06.889   852  1055 W hwcomposer: [DRMDEV] paramIsSame(), id 1043, w 1080/1080, h 2400/2400, pitch 1088/1088, format 0x2/0x1, secure 0/0  
03-21 20:45:06.919  1587  1657 I ImeTracker: system_server:ecdc6af8: onRequestHide at ORIGIN_SERVER reason IME_REQUESTED_CHANGED_LISTENER fromUser false
03-21 20:45:06.919  1587  1655 I ImeTracker: system_server:ecdc6af8: onCancelled at PHASE_SERVER_SHOULD_HIDE
03-21 20:45:06.952   914   988 E surfaceflinger: == MALI DEBUG ===eglp_winsys_populate_image_templates ==12288
03-21 20:45:06.957   914   988 E surfaceflinger: == MALI DEBUG ===eglp_winsys_populate_image_templates ==12288
03-21 20:45:06.991  1587  1910 I ImeTracker: com.rnat:d0b136be: onRequestHide at ORIGIN_SERVER reason HIDE_UNSPECIFIED_WINDOW fromUser false
03-21 20:45:06.991 24797 24797 I ImeTracker: com.rnat:d0b136be: onCancelled at PHASE_CLIENT_ALREADY_HIDDEN
03-21 20:45:06.992  3073  3073 I GoogleInputMethodService: GoogleInputMethodService.onFinishInput():2114 
03-21 20:45:06.993  3073  3073 I Module  : DeviceLockedStatusModuleProvider$Module.updateDeviceLockedStatus():103 repeatCheckTimes = 0, locked = false
03-21 20:45:06.993  1587  3034 I ImeTracker: system_server:e6b8b606: onRequestHide at ORIGIN_SERVER reason IME_REQUESTED_CHANGED_LISTENER fromUser false
03-21 20:45:06.993  1587  1655 I ImeTracker: system_server:e6b8b606: onCancelled at PHASE_SERVER_SHOULD_HIDE
03-21 20:45:06.994  3073  3073 I GoogleInputMethodService: GoogleInputMethodService.onStartInput():1385 onStartInput(EditorInfo{EditorInfo{packageName=com.rnat, inputType=0, inputTypeString=NULL, enableLearning=false, autoCorrection=false, autoComplete=false, imeOptions=0, privateImeOptions=null, actionName=UNSPECIFIED, actionLabel=null, initialSelStart=-1, initialSelEnd=-1, initialCapsMode=0, label=null, fieldId=0, fieldName=null, extras=null, hintText=null, hintLocales=[]}}, false)
03-21 20:45:06.994  3073  3073 I AndroidIME: LatinIMEBase.updateInputViewCoverNavigation():314 Update input view padding, extendsTouchBelowSpace=true, bottom inset=126
03-21 20:45:06.995  3073  3073 I Module  : DeviceLockedStatusModuleProvider$Module.updateDeviceLockedStatus():103 repeatCheckTimes = 1, locked = false
03-21 20:45:06.995  1587  3034 W PackageConfigPersister: App-specific configuration not found for packageName: com.rnat and userId: 0
03-21 20:45:07.005   914   988 E surfaceflinger: == MALI DEBUG ===eglp_winsys_populate_image_templates ==12288
03-21 20:45:07.024 24797 24797 I ReactNativeJNI: Error occurred, shutting down websocket connection: WebSocket exception unexpected end of stream on http://localhost:8081/...
03-21 20:45:07.033   852  1055 W hwcomposer: [DRMDEV] paramIsSame(), id 1045, w 1080/1080, h 2400/2400, pitch 1088/1088, format 0x1/0x2, secure 0/0  
03-21 20:45:07.112   625  2778 W libperfmgr: Failed to write to node: /dev/stune/top-app/schedtune.boost with value: 10, fd: -1
03-21 20:45:07.112   625  2778 W libperfmgr: Failed to write to node: /proc/sys/kernel/sched_boost with value: 0, fd: -1
03-21 20:45:07.114   852  1054 I hwcomposer: [HWC] (0)fire a callback of refresh to SF[4]  
03-21 20:45:07.119   625  2778 W libperfmgr: Failed to write to node: /dev/stune/top-app/schedtune.boost with value: 10, fd: -1
03-21 20:45:07.119   625  2778 W libperfmgr: Failed to write to node: /proc/sys/kernel/sched_boost with value: 0, fd: -1
03-21 20:45:07.195   625  2778 W libperfmgr: Failed to write to node: /dev/stune/top-app/schedtune.boost with value: 10, fd: -1
03-21 20:45:07.196   625  2778 W libperfmgr: Failed to write to node: /proc/sys/kernel/sched_boost with value: 0, fd: -1
03-21 20:45:07.357   914   988 E surfaceflinger: == MALI DEBUG ===eglp_winsys_populate_image_templates ==12288
03-21 20:45:07.361  2437  2437 E PagedView: validateNewPage: failed to find a page > mMinScrollX
03-21 20:45:07.361  2437  2437 E PagedView: validateNewPage: failed to find a page > mMinScrollX
03-21 20:45:07.366   852   992 I hwcomposer: [HWCDisplay] [Display_0 (type:1)] fps:67.070007,dur:1133.14,max:241.21,min:10.95  
03-21 20:45:07.367  2437  2437 I NavHandleLongPressHandler: Contextual Search invocation: touch finished with reason: touch action up
03-21 20:45:07.370   625  2778 W libperfmgr: Failed to write to node: /dev/stune/top-app/schedtune.boost with value: 50, fd: -1
03-21 20:45:07.371   625  2778 W libperfmgr: Failed to write to node: /proc/sys/kernel/sched_boost with value: 1, fd: -1
03-21 20:45:07.371  2437  2437 E PagedView: validateNewPage: failed to find a page > mMinScrollX
03-21 20:45:07.371  1587  1680 W libprocessgroup: SetCgroup::ExecuteForProcess: failed to open /dev/stune/top-app/cgroup.procs: No such file or directory
03-21 20:45:07.371  2437  2437 E PagedView: validateNewPage: failed to find a page > mMinScrollX
03-21 20:45:07.376   844   878 I netd    : tetherGetStats() -> {[]} <3.00ms>
03-21 20:45:07.384   625  2778 W libperfmgr: Failed to write to node: /dev/stune/top-app/schedtune.boost with value: 50, fd: -1
03-21 20:45:07.384 24797 25471 E unknown:ReactNative: Unable to download JS bundle
03-21 20:45:07.384 24797 25471 E unknown:ReactNative: com.facebook.react.common.DebugServerException: Could not connect to development server.
03-21 20:45:07.384 24797 25471 E unknown:ReactNative: 
03-21 20:45:07.384 24797 25471 E unknown:ReactNative: Try the following to fix the issue:
03-21 20:45:07.384 24797 25471 E unknown:ReactNative: \u2022 Ensure that Metro is running
03-21 20:45:07.384 24797 25471 E unknown:ReactNative: \u2022 Ensure that your device/emulator is connected to your machine and has USB debugging enabled - run 'adb devices' to see a list of connected devices
03-21 20:45:07.384 24797 25471 E unknown:ReactNative: \u2022 Ensure Airplane Mode is disabled
03-21 20:45:07.384 24797 25471 E unknown:ReactNative: \u2022 If you're on a physical device connected to the same machine, run 'adb reverse tcp:8081 tcp:8081 to forward requests from your device
03-21 20:45:07.384 24797 25471 E unknown:ReactNative: \u2022 If your device is on the same Wi-Fi network, set 'Debug server host & port for device' in 'Dev settings' to your machine's IP address and the port of the local dev server - e.g. 10.0.1.1:8081
03-21 20:45:07.384 24797 25471 E unknown:ReactNative: 
03-21 20:45:07.384 24797 25471 E unknown:ReactNative: URL: http://localhost:8081/index.bundle?platform=android&dev=true&lazy=true&minify=false&app=com.rnat&modulesOnly=false&runModule=true&excludeSource=true&sourcePaths=url-server
03-21 20:45:07.384 24797 25471 E unknown:ReactNative: 	at com.facebook.react.common.DebugServerException$Companion.makeGeneric(DebugServerException.kt:72)
03-21 20:45:07.384 24797 25471 E unknown:ReactNative: 	at com.facebook.react.common.DebugServerException.makeGeneric(Unknown Source:2)
03-21 20:45:07.384 24797 25471 E unknown:ReactNative: 	at com.facebook.react.devsupport.BundleDownloader$1.onFailure(BundleDownloader.java:126)
03-21 20:45:07.384 24797 25471 E unknown:ReactNative: 	at okhttp3.internal.connection.RealCall$AsyncCall.run(RealCall.kt:525)
03-21 20:45:07.384 24797 25471 E unknown:ReactNative: 	at java.util.concurrent.ThreadPoolExecutor.runWorker(ThreadPoolExecutor.java:1154)
03-21 20:45:07.384 24797 25471 E unknown:ReactNative: 	at java.util.concurrent.ThreadPoolExecutor$Worker.run(ThreadPoolExecutor.java:652)
03-21 20:45:07.384 24797 25471 E unknown:ReactNative: 	at java.lang.Thread.run(Thread.java:1563)
03-21 20:45:07.384 24797 25471 E unknown:ReactNative: Caused by: java.io.IOException: unexpected end of stream on http://localhost:8081/...
03-21 20:45:07.384 24797 25471 E unknown:ReactNative: 	at okhttp3.internal.http1.Http1ExchangeCodec.readResponseHeaders(Http1ExchangeCodec.kt:210)
03-21 20:45:07.384 24797 25471 E unknown:ReactNative: 	at okhttp3.internal.connection.Exchange.readResponseHeaders(Exchange.kt:110)
03-21 20:45:07.384 24797 25471 E unknown:ReactNative: 	at okhttp3.internal.http.CallServerInterceptor.intercept(CallServerInterceptor.kt:93)
03-21 20:45:07.384 24797 25471 E unknown:ReactNative: 	at okhttp3.internal.http.RealInterceptorChain.proceed(RealInterceptorChain.kt:109)
03-21 20:45:07.384 24797 25471 E unknown:ReactNative: 	at okhttp3.internal.connection.ConnectInterceptor.intercept(ConnectInterceptor.kt:34)
03-21 20:45:07.384 24797 25471 E unknown:ReactNative: 	at okhttp3.internal.http.RealInterceptorChain.proceed(RealInterceptorChain.kt:109)
03-21 20:45:07.384 24797 25471 E unknown:ReactNative: 	at okhttp3.internal.cache.CacheInterceptor.intercept(CacheInterceptor.kt:95)
03-21 20:45:07.384 24797 25471 E unknown:ReactNative: 	at okhttp3.internal.http.RealInterceptorChain.proceed(RealInterceptorChain.kt:109)
03-21 20:45:07.384 24797 25471 E unknown:ReactNative: 	at okhttp3.internal.http.BridgeInterceptor.intercept(BridgeInterceptor.kt:83)
03-21 20:45:07.384 24797 25471 E unknown:ReactNative: 	at okhttp3.internal.http.RealInterceptorChain.proceed(RealInterceptorChain.kt:109)
03-21 20:45:07.384 24797 25471 E unknown:ReactNative: 	at okhttp3.internal.http.RetryAndFollowUpInterceptor.intercept(RetryAndFollowUpInterceptor.kt:76)
03-21 20:45:07.384 24797 25471 E unknown:ReactNative: 	at okhttp3.internal.http.RealInterceptorChain.proceed(RealInterceptorChain.kt:109)
03-21 20:45:07.384 24797 25471 E unknown:ReactNative: 	at okhttp3.internal.connection.RealCall.getResponseWithInterceptorChain$okhttp(RealCall.kt:201)
03-21 20:45:07.384 24797 25471 E unknown:ReactNative: 	at okhttp3.internal.connection.RealCall$AsyncCall.run(RealCall.kt:517)
03-21 20:45:07.384 24797 25471 E unknown:ReactNative: 	... 3 more
03-21 20:45:07.384 24797 25471 E unknown:ReactNative: Caused by: java.io.EOFException: \n not found: limit=0 content=…
03-21 20:45:07.384 24797 25471 E unknown:ReactNative: 	at okio.RealBufferedSource.readUtf8LineStrict(RealBufferedSource.kt:335)
03-21 20:45:07.384 24797 25471 E unknown:ReactNative: 	at okhttp3.internal.http1.HeadersReader.readLine(HeadersReader.kt:29)
03-21 20:45:07.384 24797 25471 E unknown:ReactNative: 	at okhttp3.internal.http1.Http1ExchangeCodec.readResponseHeaders(Http1ExchangeCodec.kt:180)
03-21 20:45:07.384 24797 25471 E unknown:ReactNative: 	... 16 more
03-21 20:45:07.384   625  2778 W libperfmgr: Failed to write to node: /proc/sys/kernel/sched_boost with value: 2, fd: -1
03-21 20:45:07.391 24797 24797 E unknown:ReactNative: Exception in native call
03-21 20:45:07.391 24797 24797 E unknown:ReactNative: com.facebook.react.common.DebugServerException: Could not connect to development server.
03-21 20:45:07.391 24797 24797 E unknown:ReactNative: 
03-21 20:45:07.391 24797 24797 E unknown:ReactNative: Try the following to fix the issue:
03-21 20:45:07.391 24797 24797 E unknown:ReactNative: \u2022 Ensure that Metro is running
03-21 20:45:07.391 24797 24797 E unknown:ReactNative: \u2022 Ensure that your device/emulator is connected to your machine and has USB debugging enabled - run 'adb devices' to see a list of connected devices
03-21 20:45:07.391 24797 24797 E unknown:ReactNative: \u2022 Ensure Airplane Mode is disabled
03-21 20:45:07.391 24797 24797 E unknown:ReactNative: \u2022 If you're on a physical device connected to the same machine, run 'adb reverse tcp:8081 tcp:8081 to forward requests from your device
03-21 20:45:07.391 24797 24797 E unknown:ReactNative: \u2022 If your device is on the same Wi-Fi network, set 'Debug server host & port for device' in 'Dev settings' to your machine's IP address and the port of the local dev server - e.g. 10.0.1.1:8081
03-21 20:45:07.391 24797 24797 E unknown:ReactNative: 
03-21 20:45:07.391 24797 24797 E unknown:ReactNative: URL: http://localhost:8081/index.bundle?platform=android&dev=true&lazy=true&minify=false&app=com.rnat&modulesOnly=false&runModule=true&excludeSource=true&sourcePaths=url-server
03-21 20:45:07.391 24797 24797 E unknown:ReactNative: 	at com.facebook.react.common.DebugServerException$Companion.makeGeneric(DebugServerException.kt:72)
03-21 20:45:07.391 24797 24797 E unknown:ReactNative: 	at com.facebook.react.common.DebugServerException.makeGeneric(Unknown Source:2)
03-21 20:45:07.391 24797 24797 E unknown:ReactNative: 	at com.facebook.react.devsupport.BundleDownloader$1.onFailure(BundleDownloader.java:126)
03-21 20:45:07.391 24797 24797 E unknown:ReactNative: 	at okhttp3.internal.connection.RealCall$AsyncCall.run(RealCall.kt:525)
03-21 20:45:07.391 24797 24797 E unknown:ReactNative: 	at java.util.concurrent.ThreadPoolExecutor.runWorker(ThreadPoolExecutor.java:1154)
03-21 20:45:07.391 24797 24797 E unknown:ReactNative: 	at java.util.concurrent.ThreadPoolExecutor$Worker.run(ThreadPoolExecutor.java:652)
03-21 20:45:07.391 24797 24797 E unknown:ReactNative: 	at java.lang.Thread.run(Thread.java:1563)
03-21 20:45:07.391 24797 24797 E unknown:ReactNative: Caused by: java.io.IOException: unexpected end of stream on http://localhost:8081/...
03-21 20:45:07.391 24797 24797 E unknown:ReactNative: 	at okhttp3.internal.http1.Http1ExchangeCodec.readResponseHeaders(Http1ExchangeCodec.kt:210)
03-21 20:45:07.391 24797 24797 E unknown:ReactNative: 	at okhttp3.internal.connection.Exchange.readResponseHeaders(Exchange.kt:110)
03-21 20:45:07.391 24797 24797 E unknown:ReactNative: 	at okhttp3.internal.http.CallServerInterceptor.intercept(CallServerInterceptor.kt:93)
03-21 20:45:07.391 24797 24797 E unknown:ReactNative: 	at okhttp3.internal.http.RealInterceptorChain.proceed(RealInterceptorChain.kt:109)
03-21 20:45:07.391 24797 24797 E unknown:ReactNative: 	at okhttp3.internal.connection.ConnectInterceptor.intercept(ConnectInterceptor.kt:34)
03-21 20:45:07.391 24797 24797 E unknown:ReactNative: 	at okhttp3.internal.http.RealInterceptorChain.proceed(RealInterceptorChain.kt:109)
03-21 20:45:07.391 24797 24797 E unknown:ReactNative: 	at okhttp3.internal.cache.CacheInterceptor.intercept(CacheInterceptor.kt:95)
03-21 20:45:07.391 24797 24797 E unknown:ReactNative: 	at okhttp3.internal.http.RealInterceptorChain.proceed(RealInterceptorChain.kt:109)
03-21 20:45:07.391 24797 24797 E unknown:ReactNative: 	at okhttp3.internal.http.BridgeInterceptor.intercept(BridgeInterceptor.kt:83)
03-21 20:45:07.391 24797 24797 E unknown:ReactNative: 	at okhttp3.internal.http.RealInterceptorChain.proceed(RealInterceptorChain.kt:109)
03-21 20:45:07.391 24797 24797 E unknown:ReactNative: 	at okhttp3.internal.http.RetryAndFollowUpInterceptor.intercept(RetryAndFollowUpInterceptor.kt:76)
03-21 20:45:07.391 24797 24797 E unknown:ReactNative: 	at okhttp3.internal.http.RealInterceptorChain.proceed(RealInterceptorChain.kt:109)
03-21 20:45:07.391 24797 24797 E unknown:ReactNative: 	at okhttp3.internal.connection.RealCall.getResponseWithInterceptorChain$okhttp(RealCall.kt:201)
03-21 20:45:07.391 24797 24797 E unknown:ReactNative: 	at okhttp3.internal.connection.RealCall$AsyncCall.run(RealCall.kt:517)
03-21 20:45:07.391 24797 24797 E unknown:ReactNative: 	... 3 more
03-21 20:45:07.391 24797 24797 E unknown:ReactNative: Caused by: java.io.EOFException: \n not found: limit=0 content=…
03-21 20:45:07.391 24797 24797 E unknown:ReactNative: 	at okio.RealBufferedSource.readUtf8LineStrict(RealBufferedSource.kt:335)
03-21 20:45:07.391 24797 24797 E unknown:ReactNative: 	at okhttp3.internal.http1.HeadersReader.readLine(HeadersReader.kt:29)
03-21 20:45:07.391 24797 24797 E unknown:ReactNative: 	at okhttp3.internal.http1.Http1ExchangeCodec.readResponseHeaders(Http1ExchangeCodec.kt:180)
03-21 20:45:07.391 24797 24797 E unknown:ReactNative: 	... 16 more
03-21 20:45:07.407   914   988 E surfaceflinger: == MALI DEBUG ===eglp_winsys_populate_image_templates ==12288
03-21 20:45:07.408  1587  1680 W libprocessgroup: SetCgroup::ExecuteForProcess: failed to open /dev/stune/top-app/cgroup.procs: No such file or directory
03-21 20:45:07.410 23839 23839 I bsws    : onStart
03-21 20:45:07.410 23839 23839 I bsws    : onResume
03-21 20:45:07.411   852  1055 W hwcomposer: [DRMDEV] paramIsSame(), id 1045, w 1080/1080, h 2400/2400, pitch 1088/1088, format 0x2/0x1, secure 0/0  
03-21 20:45:07.416   914   988 E surfaceflinger: == MALI DEBUG ===eglp_winsys_populate_image_templates ==12288
03-21 20:45:07.427  1587  1680 W libprocessgroup: SetCgroup::ExecuteForProcess: failed to open /dev/stune/top-app/cgroup.procs: No such file or directory
03-21 20:45:07.440  1587  1657 I ImeTracker: system_server:4af1cac2: onRequestHide at ORIGIN_SERVER reason IME_REQUESTED_CHANGED_LISTENER fromUser false
03-21 20:45:07.440  1587  1655 I ImeTracker: system_server:4af1cac2: onCancelled at PHASE_SERVER_SHOULD_HIDE
03-21 20:45:07.476   914   988 E surfaceflinger: == MALI DEBUG ===eglp_winsys_populate_image_templates ==12288
03-21 20:45:07.481   914   988 E surfaceflinger: == MALI DEBUG ===eglp_winsys_populate_image_templates ==12288
03-21 20:45:07.488  2437  2437 W SplitSelectStateCtor: Missing session instanceIds
03-21 20:45:07.489   625  2778 W libperfmgr: Failed to write to node: /dev/stune/top-app/schedtune.boost with value: 50, fd: -1
03-21 20:45:07.489   625  2778 W libperfmgr: Failed to write to node: /proc/sys/kernel/sched_boost with value: 2, fd: -1
03-21 20:45:07.504  2437  2437 I AutofillManager: onInvisibleForAutofill(): expiringResponse
03-21 20:45:07.513  1587  1910 I ImeTracker: com.rnat:f6b8fb7c: onRequestHide at ORIGIN_SERVER reason HIDE_UNSPECIFIED_WINDOW fromUser false
03-21 20:45:07.513 24797 24797 I ImeTracker: com.rnat:f6b8fb7c: onCancelled at PHASE_CLIENT_ALREADY_HIDDEN
03-21 20:45:07.514  3073  3073 I GoogleInputMethodService: GoogleInputMethodService.onFinishInput():2114 
03-21 20:45:07.514  3073  3073 I Module  : DeviceLockedStatusModuleProvider$Module.updateDeviceLockedStatus():103 repeatCheckTimes = 0, locked = false
03-21 20:45:07.514  3073  3073 I GoogleInputMethodService: GoogleInputMethodService.onStartInput():1385 onStartInput(EditorInfo{EditorInfo{packageName=com.rnat, inputType=0, inputTypeString=NULL, enableLearning=false, autoCorrection=false, autoComplete=false, imeOptions=0, privateImeOptions=null, actionName=UNSPECIFIED, actionLabel=null, initialSelStart=-1, initialSelEnd=-1, initialCapsMode=0, label=null, fieldId=0, fieldName=null, extras=null, hintText=null, hintLocales=[]}}, false)
03-21 20:45:07.514  3073  3073 I AndroidIME: LatinIMEBase.updateInputViewCoverNavigation():314 Update input view padding, extendsTouchBelowSpace=true, bottom inset=126
03-21 20:45:07.515  1587  3034 I ImeTracker: system_server:e38d4be5: onRequestHide at ORIGIN_SERVER reason IME_REQUESTED_CHANGED_LISTENER fromUser false
03-21 20:45:07.515  3073  3073 I Module  : DeviceLockedStatusModuleProvider$Module.updateDeviceLockedStatus():103 repeatCheckTimes = 1, locked = false
03-21 20:45:07.515  1587  1655 I ImeTracker: system_server:e38d4be5: onCancelled at PHASE_SERVER_SHOULD_HIDE
03-21 20:45:07.515  1587  3034 W PackageConfigPersister: App-specific configuration not found for packageName: com.rnat and userId: 0
03-21 20:45:07.527   914   988 E surfaceflinger: == MALI DEBUG ===eglp_winsys_populate_image_templates ==12288
03-21 20:45:07.555   852  1055 W hwcomposer: [DRMDEV] paramIsSame(), id 1048, w 1080/1080, h 2400/2400, pitch 1088/1088, format 0x1/0x2, secure 0/0  
03-21 20:45:07.588  2437  2437 I droid.launcher3: Explicit concurrent mark compact GC freed 1814KB AllocSpace bytes, 0(0B) LOS objects, 49% free, 12MB/24MB, paused 533us,1.554ms total 83.086ms
03-21 20:45:07.588 23839 23839 I bsws    : onPause
03-21 20:45:07.589  1587  1680 W libprocessgroup: SetCgroup::ExecuteForProcess: failed to open /dev/stune/background/cgroup.procs: No such file or directory
03-21 20:45:07.589  2437  2446 W System  : A resource failed to call release. 
03-21 20:45:07.589  2437  2446 W System  : A resource failed to call release. 
03-21 20:45:07.589 23839 23839 I bsws    : onStop
03-21 20:45:07.590  2437  2446 W System  : A resource failed to call release. 
03-21 20:45:07.590  2437  2446 W System  : A resource failed to call release. 
03-21 20:45:07.634   625  2778 W libperfmgr: Failed to write to node: /dev/stune/top-app/schedtune.boost with value: 10, fd: -1
03-21 20:45:07.634   625  2778 W libperfmgr: Failed to write to node: /proc/sys/kernel/sched_boost with value: 0, fd: -1
03-21 20:45:07.670   852  1054 I hwcomposer: [HWC] (0)fire a callback of refresh to SF[4]  
03-21 20:45:07.676   625  2778 W libperfmgr: Failed to write to node: /dev/stune/top-app/schedtune.boost with value: 10, fd: -1
03-21 20:45:07.676   625  2778 W libperfmgr: Failed to write to node: /proc/sys/kernel/sched_boost with value: 0, fd: -1
03-21 20:45:07.751   625  2778 W libperfmgr: Failed to write to node: /dev/stune/top-app/schedtune.boost with value: 10, fd: -1
03-21 20:45:07.751   625  2778 W libperfmgr: Failed to write to node: /proc/sys/kernel/sched_boost with value: 0, fd: -1
03-21 20:45:07.871  2437  2437 E PagedView: validateNewPage: failed to find a page > mMinScrollX
03-21 20:45:07.871  2437  2437 E PagedView: validateNewPage: failed to find a page > mMinScrollX
03-21 20:45:07.876   625  2778 W libperfmgr: Failed to write to node: /dev/stune/top-app/schedtune.boost with value: 50, fd: -1
03-21 20:45:07.876   625  2778 W libperfmgr: Failed to write to node: /proc/sys/kernel/sched_boost with value: 1, fd: -1
03-21 20:45:07.876  1587  1680 W libprocessgroup: SetCgroup::ExecuteForProcess: failed to open /dev/stune/top-app/cgroup.procs: No such file or directory
03-21 20:45:07.877   914   988 E surfaceflinger: == MALI DEBUG ===eglp_winsys_populate_image_templates ==12288
03-21 20:45:07.893  2437  2437 I TasksRepository: requestTaskData: 800
03-21 20:45:07.893  2437  2437 I TasksRepository: requestTaskData: 799
03-21 20:45:07.893  2437  2437 I TasksRepository: requestTaskData: 797
03-21 20:45:07.894  2437  2437 I NavHandleLongPressHandler: Contextual Search invocation: touch finished with reason: touch action up
03-21 20:45:07.896  2437  2437 E PagedView: validateNewPage: failed to find a page > mMinScrollX
03-21 20:45:07.896  2437  2437 E PagedView: validateNewPage: failed to find a page > mMinScrollX
03-21 20:45:07.906   625  2778 W libperfmgr: Failed to write to node: /dev/stune/top-app/schedtune.boost with value: 50, fd: -1
03-21 20:45:07.906   625  2778 W libperfmgr: Failed to write to node: /proc/sys/kernel/sched_boost with value: 2, fd: -1
03-21 20:45:07.906 24797 25471 E unknown:ReactNative: Unable to download JS bundle
03-21 20:45:07.906 24797 25471 E unknown:ReactNative: com.facebook.react.common.DebugServerException: Could not connect to development server.
03-21 20:45:07.906 24797 25471 E unknown:ReactNative: 
03-21 20:45:07.906 24797 25471 E unknown:ReactNative: Try the following to fix the issue:
03-21 20:45:07.906 24797 25471 E unknown:ReactNative: \u2022 Ensure that Metro is running
03-21 20:45:07.906 24797 25471 E unknown:ReactNative: \u2022 Ensure that your device/emulator is connected to your machine and has USB debugging enabled - run 'adb devices' to see a list of connected devices
03-21 20:45:07.906 24797 25471 E unknown:ReactNative: \u2022 Ensure Airplane Mode is disabled
03-21 20:45:07.906 24797 25471 E unknown:ReactNative: \u2022 If you're on a physical device connected to the same machine, run 'adb reverse tcp:8081 tcp:8081 to forward requests from your device
03-21 20:45:07.906 24797 25471 E unknown:ReactNative: \u2022 If your device is on the same Wi-Fi network, set 'Debug server host & port for device' in 'Dev settings' to your machine's IP address and the port of the local dev server - e.g. 10.0.1.1:8081
03-21 20:45:07.906 24797 25471 E unknown:ReactNative: 
03-21 20:45:07.906 24797 25471 E unknown:ReactNative: URL: http://localhost:8081/index.bundle?platform=android&dev=true&lazy=true&minify=false&app=com.rnat&modulesOnly=false&runModule=true&excludeSource=true&sourcePaths=url-server
03-21 20:45:07.906 24797 25471 E unknown:ReactNative: 	at com.facebook.react.common.DebugServerException$Companion.makeGeneric(DebugServerException.kt:72)
03-21 20:45:07.906 24797 25471 E unknown:ReactNative: 	at com.facebook.react.common.DebugServerException.makeGeneric(Unknown Source:2)
03-21 20:45:07.906 24797 25471 E unknown:ReactNative: 	at com.facebook.react.devsupport.BundleDownloader$1.onFailure(BundleDownloader.java:126)
03-21 20:45:07.906 24797 25471 E unknown:ReactNative: 	at okhttp3.internal.connection.RealCall$AsyncCall.run(RealCall.kt:525)
03-21 20:45:07.906 24797 25471 E unknown:ReactNative: 	at java.util.concurrent.ThreadPoolExecutor.runWorker(ThreadPoolExecutor.java:1154)
03-21 20:45:07.906 24797 25471 E unknown:ReactNative: 	at java.util.concurrent.ThreadPoolExecutor$Worker.run(ThreadPoolExecutor.java:652)
03-21 20:45:07.906 24797 25471 E unknown:ReactNative: 	at java.lang.Thread.run(Thread.java:1563)
03-21 20:45:07.906 24797 25471 E unknown:ReactNative: Caused by: java.io.IOException: unexpected end of stream on http://localhost:8081/...
03-21 20:45:07.906 24797 25471 E unknown:ReactNative: 	at okhttp3.internal.http1.Http1ExchangeCodec.readResponseHeaders(Http1ExchangeCodec.kt:210)
03-21 20:45:07.906 24797 25471 E unknown:ReactNative: 	at okhttp3.internal.connection.Exchange.readResponseHeaders(Exchange.kt:110)
03-21 20:45:07.906 24797 25471 E unknown:ReactNative: 	at okhttp3.internal.http.CallServerInterceptor.intercept(CallServerInterceptor.kt:93)
03-21 20:45:07.906 24797 25471 E unknown:ReactNative: 	at okhttp3.internal.http.RealInterceptorChain.proceed(RealInterceptorChain.kt:109)
03-21 20:45:07.906 24797 25471 E unknown:ReactNative: 	at okhttp3.internal.connection.ConnectInterceptor.intercept(ConnectInterceptor.kt:34)
03-21 20:45:07.906 24797 25471 E unknown:ReactNative: 	at okhttp3.internal.http.RealInterceptorChain.proceed(RealInterceptorChain.kt:109)
03-21 20:45:07.906 24797 25471 E unknown:ReactNative: 	at okhttp3.internal.cache.CacheInterceptor.intercept(CacheInterceptor.kt:95)
03-21 20:45:07.906 24797 25471 E unknown:ReactNative: 	at okhttp3.internal.http.RealInterceptorChain.proceed(RealInterceptorChain.kt:109)
03-21 20:45:07.906 24797 25471 E unknown:ReactNative: 	at okhttp3.internal.http.BridgeInterceptor.intercept(BridgeInterceptor.kt:83)
03-21 20:45:07.906 24797 25471 E unknown:ReactNative: 	at okhttp3.internal.http.RealInterceptorChain.proceed(RealInterceptorChain.kt:109)
03-21 20:45:07.906 24797 25471 E unknown:ReactNative: 	at okhttp3.internal.http.RetryAndFollowUpInterceptor.intercept(RetryAndFollowUpInterceptor.kt:76)
03-21 20:45:07.906 24797 25471 E unknown:ReactNative: 	at okhttp3.internal.http.RealInterceptorChain.proceed(RealInterceptorChain.kt:109)
03-21 20:45:07.906 24797 25471 E unknown:ReactNative: 	at okhttp3.internal.connection.RealCall.getResponseWithInterceptorChain$okhttp(RealCall.kt:201)
03-21 20:45:07.906 24797 25471 E unknown:ReactNative: 	at okhttp3.internal.connection.RealCall$AsyncCall.run(RealCall.kt:517)
03-21 20:45:07.906 24797 25471 E unknown:ReactNative: 	... 3 more
03-21 20:45:07.906 24797 25471 E unknown:ReactNative: Caused by: java.io.EOFException: \n not found: limit=0 content=…
03-21 20:45:07.906 24797 25471 E unknown:ReactNative: 	at okio.RealBufferedSource.readUtf8LineStrict(RealBufferedSource.kt:335)
03-21 20:45:07.906 24797 25471 E unknown:ReactNative: 	at okhttp3.internal.http1.HeadersReader.readLine(HeadersReader.kt:29)
03-21 20:45:07.906 24797 25471 E unknown:ReactNative: 	at okhttp3.internal.http1.Http1ExchangeCodec.readResponseHeaders(Http1ExchangeCodec.kt:180)
03-21 20:45:07.906 24797 25471 E unknown:ReactNative: 	... 16 more
03-21 20:45:07.917   914   988 E surfaceflinger: == MALI DEBUG ===eglp_winsys_populate_image_templates ==12288
03-21 20:45:07.918   914   988 E surfaceflinger: == MALI DEBUG ===eglp_winsys_populate_image_templates ==12288
03-21 20:45:07.919  1587  1680 W libprocessgroup: SetCgroup::ExecuteForProcess: failed to open /dev/stune/top-app/cgroup.procs: No such file or directory
03-21 20:45:07.922 23839 23839 I bsws    : onStart
03-21 20:45:07.924 23839 23839 I bsws    : onResume
03-21 20:45:07.926   914   988 E surfaceflinger: == MALI DEBUG ===eglp_winsys_populate_image_templates ==12288
03-21 20:45:07.929  1587  2574 W WindowManager: Failed looking up window session=Session{fa1ae92 24797:u0a10399} callers=com.android.server.wm.WindowManagerService.windowForClient:6806 com.android.server.wm.WindowManagerService.finishDrawingWindow:3045 com.android.server.wm.Session.finishDrawing:334 
03-21 20:45:07.930 24797 24797 E unknown:ReactNative: Exception in native call
03-21 20:45:07.930 24797 24797 E unknown:ReactNative: com.facebook.react.common.DebugServerException: Could not connect to development server.
03-21 20:45:07.930 24797 24797 E unknown:ReactNative: 
03-21 20:45:07.930 24797 24797 E unknown:ReactNative: Try the following to fix the issue:
03-21 20:45:07.930 24797 24797 E unknown:ReactNative: \u2022 Ensure that Metro is running
03-21 20:45:07.930 24797 24797 E unknown:ReactNative: \u2022 Ensure that your device/emulator is connected to your machine and has USB debugging enabled - run 'adb devices' to see a list of connected devices
03-21 20:45:07.930 24797 24797 E unknown:ReactNative: \u2022 Ensure Airplane Mode is disabled
03-21 20:45:07.930 24797 24797 E unknown:ReactNative: \u2022 If you're on a physical device connected to the same machine, run 'adb reverse tcp:8081 tcp:8081 to forward requests from your device
03-21 20:45:07.930 24797 24797 E unknown:ReactNative: \u2022 If your device is on the same Wi-Fi network, set 'Debug server host & port for device' in 'Dev settings' to your machine's IP address and the port of the local dev server - e.g. 10.0.1.1:8081
03-21 20:45:07.930 24797 24797 E unknown:ReactNative: 
03-21 20:45:07.930 24797 24797 E unknown:ReactNative: URL: http://localhost:8081/index.bundle?platform=android&dev=true&lazy=true&minify=false&app=com.rnat&modulesOnly=false&runModule=true&excludeSource=true&sourcePaths=url-server
03-21 20:45:07.930 24797 24797 E unknown:ReactNative: 	at com.facebook.react.common.DebugServerException$Companion.makeGeneric(DebugServerException.kt:72)
03-21 20:45:07.930 24797 24797 E unknown:ReactNative: 	at com.facebook.react.common.DebugServerException.makeGeneric(Unknown Source:2)
03-21 20:45:07.930 24797 24797 E unknown:ReactNative: 	at com.facebook.react.devsupport.BundleDownloader$1.onFailure(BundleDownloader.java:126)
03-21 20:45:07.930 24797 24797 E unknown:ReactNative: 	at okhttp3.internal.connection.RealCall$AsyncCall.run(RealCall.kt:525)
03-21 20:45:07.930 24797 24797 E unknown:ReactNative: 	at java.util.concurrent.ThreadPoolExecutor.runWorker(ThreadPoolExecutor.java:1154)
03-21 20:45:07.930 24797 24797 E unknown:ReactNative: 	at java.util.concurrent.ThreadPoolExecutor$Worker.run(ThreadPoolExecutor.java:652)
03-21 20:45:07.930 24797 24797 E unknown:ReactNative: 	at java.lang.Thread.run(Thread.java:1563)
03-21 20:45:07.930 24797 24797 E unknown:ReactNative: Caused by: java.io.IOException: unexpected end of stream on http://localhost:8081/...
03-21 20:45:07.930 24797 24797 E unknown:ReactNative: 	at okhttp3.internal.http1.Http1ExchangeCodec.readResponseHeaders(Http1ExchangeCodec.kt:210)
03-21 20:45:07.930 24797 24797 E unknown:ReactNative: 	at okhttp3.internal.connection.Exchange.readResponseHeaders(Exchange.kt:110)
03-21 20:45:07.930 24797 24797 E unknown:ReactNative: 	at okhttp3.internal.http.CallServerInterceptor.intercept(CallServerInterceptor.kt:93)
03-21 20:45:07.930 24797 24797 E unknown:ReactNative: 	at okhttp3.internal.http.RealInterceptorChain.proceed(RealInterceptorChain.kt:109)
03-21 20:45:07.930 24797 24797 E unknown:ReactNative: 	at okhttp3.internal.connection.ConnectInterceptor.intercept(ConnectInterceptor.kt:34)
03-21 20:45:07.930 24797 24797 E unknown:ReactNative: 	at okhttp3.internal.http.RealInterceptorChain.proceed(RealInterceptorChain.kt:109)
03-21 20:45:07.930 24797 24797 E unknown:ReactNative: 	at okhttp3.internal.cache.CacheInterceptor.intercept(CacheInterceptor.kt:95)
03-21 20:45:07.930 24797 24797 E unknown:ReactNative: 	at okhttp3.internal.http.RealInterceptorChain.proceed(RealInterceptorChain.kt:109)
03-21 20:45:07.930 24797 24797 E unknown:ReactNative: 	at okhttp3.internal.http.BridgeInterceptor.intercept(BridgeInterceptor.kt:83)
03-21 20:45:07.930 24797 24797 E unknown:ReactNative: 	at okhttp3.internal.http.RealInterceptorChain.proceed(RealInterceptorChain.kt:109)
03-21 20:45:07.930 24797 24797 E unknown:ReactNative: 	at okhttp3.internal.http.RetryAndFollowUpInterceptor.intercept(RetryAndFollowUpInterceptor.kt:76)
03-21 20:45:07.930 24797 24797 E unknown:ReactNative: 	at okhttp3.internal.http.RealInterceptorChain.proceed(RealInterceptorChain.kt:109)
03-21 20:45:07.930 24797 24797 E unknown:ReactNative: 	at okhttp3.internal.connection.RealCall.getResponseWithInterceptorChain$okhttp(RealCall.kt:201)
03-21 20:45:07.930 24797 24797 E unknown:ReactNative: 	at okhttp3.internal.connection.RealCall$AsyncCall.run(RealCall.kt:517)
03-21 20:45:07.930 24797 24797 E unknown:ReactNative: 	... 3 more
03-21 20:45:07.930 24797 24797 E unknown:ReactNative: Caused by: java.io.EOFException: \n not found: limit=0 content=…
03-21 20:45:07.930 24797 24797 E unknown:ReactNative: 	at okio.RealBufferedSource.readUtf8LineStrict(RealBufferedSource.kt:335)
03-21 20:45:07.930 24797 24797 E unknown:ReactNative: 	at okhttp3.internal.http1.HeadersReader.readLine(HeadersReader.kt:29)
03-21 20:45:07.930 24797 24797 E unknown:ReactNative: 	at okhttp3.internal.http1.Http1ExchangeCodec.readResponseHeaders(Http1ExchangeCodec.kt:180)
03-21 20:45:07.930 24797 24797 E unknown:ReactNative: 	... 16 more
03-21 20:45:07.933   852  1055 W hwcomposer: [DRMDEV] paramIsSame(), id 1048, w 1080/1080, h 2400/2400, pitch 1088/1088, format 0x2/0x1, secure 0/0  
03-21 20:45:07.936  1587  8904 W Transition: #%d: Condition met too late, already in state=2: {start WCT appliedIGNORED}
03-21 20:45:07.936  1587  2574 W WindowManager: Failed looking up window session=Session{fa1ae92 24797:u0a10399} callers=com.android.server.wm.WindowManagerService.windowForClient:6806 com.android.server.wm.Session.setOnBackInvokedCallbackInfo:990 android.view.IWindowSession$Stub.onTransact:1084 
03-21 20:45:07.937  1587  2574 I WindowManager: setOnBackInvokedCallback(): No window state for package:com.rnat
03-21 20:45:07.939  1587  1680 W libprocessgroup: SetCgroup::ExecuteForProcess: failed to open /dev/stune/top-app/cgroup.procs: No such file or directory
03-21 20:45:07.946  2437  2437 W SplitSelectStateCtor: Missing session instanceIds
03-21 20:45:07.947   625  2778 W libperfmgr: Failed to write to node: /dev/stune/top-app/schedtune.boost with value: 50, fd: -1
03-21 20:45:07.947   625  2778 W libperfmgr: Failed to write to node: /proc/sys/kernel/sched_boost with value: 2, fd: -1
03-21 20:45:07.965  1587  1657 I ImeTracker: system_server:ec07d846: onRequestHide at ORIGIN_SERVER reason IME_REQUESTED_CHANGED_LISTENER fromUser false
03-21 20:45:07.965  1587  1655 I ImeTracker: system_server:ec07d846: onCancelled at PHASE_SERVER_SHOULD_HIDE
03-21 20:45:07.965  2437  2437 I AutofillManager: onInvisibleForAutofill(): expiringResponse
03-21 20:45:08.013   914   988 E surfaceflinger: == MALI DEBUG ===eglp_winsys_populate_image_templates ==12288
03-21 20:45:08.017   914   988 E surfaceflinger: == MALI DEBUG ===eglp_winsys_populate_image_templates ==12288
03-21 20:45:08.040  2437  2437 I droid.launcher3: Explicit concurrent mark compact GC freed 1513KB AllocSpace bytes, 0(0B) LOS objects, 49% free, 12MB/24MB, paused 525us,1.232ms total 72.910ms
03-21 20:45:08.041  1587  1680 W libprocessgroup: SetCgroup::ExecuteForProcess: failed to open /dev/stune/background/cgroup.procs: No such file or directory
03-21 20:45:08.042 23839 23839 I bsws    : onPause
03-21 20:45:08.042 23839 23839 I bsws    : onStop
03-21 20:45:08.045  2437  2446 W System  : A resource failed to call release. 
03-21 20:45:08.045  2437  2446 W System  : A resource failed to call release. 
03-21 20:45:08.045  2437  2446 W System  : A resource failed to call release. 
03-21 20:45:08.045  2437  2446 W System  : A resource failed to call release. 
03-21 20:45:08.046  1587  1910 I ImeTracker: com.rnat:5d4227f2: onRequestHide at ORIGIN_SERVER reason HIDE_UNSPECIFIED_WINDOW fromUser false
03-21 20:45:08.047 24797 24797 I ImeTracker: com.rnat:5d4227f2: onCancelled at PHASE_CLIENT_ALREADY_HIDDEN
03-21 20:45:08.047  3073  3073 I GoogleInputMethodService: GoogleInputMethodService.onFinishInput():2114 
03-21 20:45:08.048  3073  3073 I Module  : DeviceLockedStatusModuleProvider$Module.updateDeviceLockedStatus():103 repeatCheckTimes = 0, locked = false
03-21 20:45:08.048  3073  3073 I GoogleInputMethodService: GoogleInputMethodService.onStartInput():1385 onStartInput(EditorInfo{EditorInfo{packageName=com.rnat, inputType=0, inputTypeString=NULL, enableLearning=false, autoCorrection=false, autoComplete=false, imeOptions=0, privateImeOptions=null, actionName=UNSPECIFIED, actionLabel=null, initialSelStart=-1, initialSelEnd=-1, initialCapsMode=0, label=null, fieldId=0, fieldName=null, extras=null, hintText=null, hintLocales=[]}}, false)
03-21 20:45:08.048  3073  3073 I AndroidIME: LatinIMEBase.updateInputViewCoverNavigation():314 Update input view padding, extendsTouchBelowSpace=true, bottom inset=126
03-21 20:45:08.048  1587  3034 I ImeTracker: system_server:59033b31: onRequestHide at ORIGIN_SERVER reason IME_REQUESTED_CHANGED_LISTENER fromUser false
03-21 20:45:08.048  3073  3073 I Module  : DeviceLockedStatusModuleProvider$Module.updateDeviceLockedStatus():103 repeatCheckTimes = 1, locked = false
03-21 20:45:08.049  1587  1655 I ImeTracker: system_server:59033b31: onCancelled at PHASE_SERVER_SHOULD_HIDE
03-21 20:45:08.049  1587  3034 W PackageConfigPersister: App-specific configuration not found for packageName: com.rnat and userId: 0
03-21 20:45:08.061   914   988 E surfaceflinger: == MALI DEBUG ===eglp_winsys_populate_image_templates ==12288
03-21 20:45:08.088   852  1055 W hwcomposer: [DRMDEV] paramIsSame(), id 1051, w 1080/1080, h 2400/2400, pitch 1088/1088, format 0x1/0x2, secure 0/0  
03-21 20:45:08.167   625  2778 W libperfmgr: Failed to write to node: /dev/stune/top-app/schedtune.boost with value: 10, fd: -1
03-21 20:45:08.167   625  2778 W libperfmgr: Failed to write to node: /proc/sys/kernel/sched_boost with value: 0, fd: -1
03-21 20:45:08.170   852  1054 I hwcomposer: [HWC] (0)fire a callback of refresh to SF[4]  
03-21 20:45:08.175   625  2778 W libperfmgr: Failed to write to node: /dev/stune/top-app/schedtune.boost with value: 10, fd: -1
03-21 20:45:08.175   625  2778 W libperfmgr: Failed to write to node: /proc/sys/kernel/sched_boost with value: 0, fd: -1
03-21 20:45:08.251   625  2778 W libperfmgr: Failed to write to node: /dev/stune/top-app/schedtune.boost with value: 10, fd: -1
03-21 20:45:08.251   625  2778 W libperfmgr: Failed to write to node: /proc/sys/kernel/sched_boost with value: 0, fd: -1
03-21 20:45:08.703   881  2016 I WifiHAL : feature_set=0x8488141a
03-21 20:45:08.704  1587  1927 I HalDevMgr: bestIfaceCreationProposal is null, requestIface=STA, existingIface=[name=wlan0 type=STA]
03-21 20:45:08.752   625  2778 W libperfmgr: Failed to write to node: /dev/stune/top-app/schedtune.boost with value: 10, fd: -1
03-21 20:45:08.752   625  2778 W libperfmgr: Failed to write to node: /proc/sys/kernel/sched_boost with value: 0, fd: -1
03-21 20:45:08.758   844 25507 I resolv  : GetAddrInfoHandler::run: {102 102 102 983142 10399 0}
03-21 20:45:08.759   844 25508 I resolv  : res_nmkquery: (QUERY, IN, A)
03-21 20:45:08.769   844 25508 I resolv  : res_nsend: used send_dg 43 terrno: 0
03-21 20:45:08.770   844 25508 I resolv  : doQuery: rcode=0, ancount=1, return value=43
03-21 20:45:08.947   852  1094 I hwcomposer: [DRMDEV] (0) failed to waitNextVsync: -1  
03-21 20:45:08.954   852  1094 I hwcomposer: [DRMDEV] (0) failed to waitNextVsync: -1  
03-21 20:45:08.965   852  1094 I hwcomposer: [DRMDEV] (0) failed to waitNextVsync: -1  
03-21 20:45:08.976   852  1094 I hwcomposer: [DRMDEV] (0) failed to waitNextVsync: -1  
03-21 20:45:08.987   852  1094 I hwcomposer: [DRMDEV] (0) failed to waitNextVsync: -1  
03-21 20:45:08.998   852  1094 I hwcomposer: [DRMDEV] (0) failed to waitNextVsync: -1  
03-21 20:45:09.009   852  1094 I hwcomposer: [DRMDEV] (0) failed to waitNextVsync: -1  
03-21 20:45:09.039 24797 24797 I ReactNativeJNI: Error occurred, shutting down websocket connection: WebSocket exception unexpected end of stream on http://localhost:8081/...
03-21 20:45:09.252   625  2778 W libperfmgr: Failed to write to node: /dev/stune/top-app/schedtune.boost with value: 10, fd: -1
03-21 20:45:09.252   625  2778 W libperfmgr: Failed to write to node: /proc/sys/kernel/sched_boost with value: 0, fd: -1
03-21 20:45:09.579   914   988 E surfaceflinger: == MALI DEBUG ===eglp_winsys_populate_image_templates ==12288
03-21 20:45:09.587   852   992 I hwcomposer: [HWCDisplay] [Display_0 (type:1)] fps:19.356119,dur:2221.52,max:1406.88,min:10.84  
03-21 20:45:09.753   625  2778 W libperfmgr: Failed to write to node: /dev/stune/top-app/schedtune.boost with value: 10, fd: -1
03-21 20:45:09.753   625  2778 W libperfmgr: Failed to write to node: /proc/sys/kernel/sched_boost with value: 0, fd: -1
03-21 20:45:09.902   852  1054 I hwcomposer: [HWC] (0)fire a callback of refresh to SF[4]  
03-21 20:45:09.908   625  2778 W libperfmgr: Failed to write to node: /dev/stune/top-app/schedtune.boost with value: 10, fd: -1
03-21 20:45:09.908   625  2778 W libperfmgr: Failed to write to node: /proc/sys/kernel/sched_boost with value: 0, fd: -1
03-21 20:45:09.983   625  2778 W libperfmgr: Failed to write to node: /dev/stune/top-app/schedtune.boost with value: 10, fd: -1
03-21 20:45:09.984   625  2778 W libperfmgr: Failed to write to node: /proc/sys/kernel/sched_boost with value: 0, fd: -1
03-21 20:45:10.484   625  2778 W libperfmgr: Failed to write to node: /dev/stune/top-app/schedtune.boost with value: 10, fd: -1
03-21 20:45:10.484   625  2778 W libperfmgr: Failed to write to node: /proc/sys/kernel/sched_boost with value: 0, fd: -1
03-21 20:45:10.780   844 25509 I resolv  : GetAddrInfoHandler::run: {102 102 102 983142 10399 0}
03-21 20:45:10.781   844 25510 I resolv  : res_nmkquery: (QUERY, IN, A)
03-21 20:45:10.851   844 25510 I resolv  : res_nsend: used send_dg 43 terrno: 0
03-21 20:45:10.852   844 25510 I resolv  : doQuery: rcode=0, ancount=1, return value=43
03-21 20:45:10.984   625  2778 W libperfmgr: Failed to write to node: /dev/stune/top-app/schedtune.boost with value: 10, fd: -1
03-21 20:45:10.984   625  2778 W libperfmgr: Failed to write to node: /proc/sys/kernel/sched_boost with value: 0, fd: -1
03-21 20:45:11.054 24797 24797 I ReactNativeJNI: Error occurred, shutting down websocket connection: WebSocket exception unexpected end of stream on http://localhost:8081/...
03-21 20:45:11.485   625  2778 W libperfmgr: Failed to write to node: /dev/stune/top-app/schedtune.boost with value: 10, fd: -1
03-21 20:45:11.485   625  2778 W libperfmgr: Failed to write to node: /proc/sys/kernel/sched_boost with value: 0, fd: -1
03-21 20:45:11.717   881  2016 I WifiHAL : feature_set=0x8488141a
03-21 20:45:11.717  1587  1927 I HalDevMgr: bestIfaceCreationProposal is null, requestIface=STA, existingIface=[name=wlan0 type=STA]
03-21 20:45:11.985   625  2778 W libperfmgr: Failed to write to node: /dev/stune/top-app/schedtune.boost with value: 10, fd: -1
03-21 20:45:11.985   625  2778 W libperfmgr: Failed to write to node: /proc/sys/kernel/sched_boost with value: 0, fd: -1
03-21 20:45:12.485   625  2778 W libperfmgr: Failed to write to node: /dev/stune/top-app/schedtune.boost with value: 10, fd: -1
03-21 20:45:12.485   625  2778 W libperfmgr: Failed to write to node: /proc/sys/kernel/sched_boost with value: 0, fd: -1
03-21 20:45:12.861   844 25511 I resolv  : GetAddrInfoHandler::run: {102 102 102 983142 10399 0}
03-21 20:45:12.862   844 25512 I resolv  : res_nmkquery: (QUERY, IN, A)
03-21 20:45:12.871   844 25512 I resolv  : res_nsend: used send_dg 43 terrno: 0
03-21 20:45:12.871   844 25512 I resolv  : doQuery: rcode=0, ancount=1, return value=43
03-21 20:45:12.986   625  2778 W libperfmgr: Failed to write to node: /dev/stune/top-app/schedtune.boost with value: 10, fd: -1
03-21 20:45:12.986   625  2778 W libperfmgr: Failed to write to node: /proc/sys/kernel/sched_boost with value: 0, fd: -1
03-21 20:45:13.048 25513 25513 W libbinder.BackendUnifiedServiceManager: Thread Pool max thread count is 0. Cannot cache binder as linkToDeath cannot be implemented. serviceName: deviceidle
03-21 20:45:13.062 24797 24797 I ReactNativeJNI: Error occurred, shutting down websocket connection: WebSocket exception unexpected end of stream on http://localhost:8081/...
03-21 20:45:13.077 25515 25515 W libbinder.BackendUnifiedServiceManager: Thread Pool max thread count is 0. Cannot cache binder as linkToDeath cannot be implemented. serviceName: battery
03-21 20:45:13.094 25517 25517 W libbinder.BackendUnifiedServiceManager: Thread Pool max thread count is 0. Cannot cache binder as linkToDeath cannot be implemented. serviceName: deviceidle
03-21 20:45:13.124 25520 25520 W libbinder.BackendUnifiedServiceManager: Thread Pool max thread count is 0. Cannot cache binder as linkToDeath cannot be implemented. serviceName: activity
03-21 20:45:13.188 25529 25529 W libbinder.BackendUnifiedServiceManager: Thread Pool max thread count is 0. Cannot cache binder as linkToDeath cannot be implemented. serviceName: battery
03-21 20:45:13.486   625  2778 W libperfmgr: Failed to write to node: /dev/stune/top-app/schedtune.boost with value: 10, fd: -1
03-21 20:45:13.486   625  2778 W libperfmgr: Failed to write to node: /proc/sys/kernel/sched_boost with value: 0, fd: -1
03-21 20:45:13.986   625  2778 W libperfmgr: Failed to write to node: /dev/stune/top-app/schedtune.boost with value: 10, fd: -1
03-21 20:45:13.986   625  2778 W libperfmgr: Failed to write to node: /proc/sys/kernel/sched_boost with value: 0, fd: -1
03-21 20:45:14.486   625  2778 W libperfmgr: Failed to write to node: /dev/stune/top-app/schedtune.boost with value: 10, fd: -1
03-21 20:45:14.486   625  2778 W libperfmgr: Failed to write to node: /proc/sys/kernel/sched_boost with value: 0, fd: -1
03-21 20:45:14.725   881  2016 I WifiHAL : feature_set=0x8488141a
03-21 20:45:14.726  1587  1927 I HalDevMgr: bestIfaceCreationProposal is null, requestIface=STA, existingIface=[name=wlan0 type=STA]
03-21 20:45:14.882   844 25538 I resolv  : GetAddrInfoHandler::run: {102 102 102 983142 10399 0}
03-21 20:45:14.883   844 25539 I resolv  : res_nmkquery: (QUERY, IN, A)
03-21 20:45:14.949   844 25539 I resolv  : res_nsend: used send_dg 43 terrno: 0
03-21 20:45:14.949   844 25539 I resolv  : doQuery: rcode=0, ancount=1, return value=43
03-21 20:45:14.987   625  2778 W libperfmgr: Failed to write to node: /dev/stune/top-app/schedtune.boost with value: 10, fd: -1
03-21 20:45:14.987   625  2778 W libperfmgr: Failed to write to node: /proc/sys/kernel/sched_boost with value: 0, fd: -1
03-21 20:45:15.072 24797 24797 I ReactNativeJNI: Error occurred, shutting down websocket connection: WebSocket exception unexpected end of stream on http://localhost:8081/...
03-21 20:45:15.487   625  2778 W libperfmgr: Failed to write to node: /dev/stune/top-app/schedtune.boost with value: 10, fd: -1
03-21 20:45:15.487   625  2778 W libperfmgr: Failed to write to node: /proc/sys/kernel/sched_boost with value: 0, fd: -1
03-21 20:45:15.987   625  2778 W libperfmgr: Failed to write to node: /dev/stune/top-app/schedtune.boost with value: 10, fd: -1
03-21 20:45:15.987   625  2778 W libperfmgr: Failed to write to node: /proc/sys/kernel/sched_boost with value: 0, fd: -1
03-21 20:45:16.488   625  2778 W libperfmgr: Failed to write to node: /dev/stune/top-app/schedtune.boost with value: 10, fd: -1
03-21 20:45:16.488   625  2778 W libperfmgr: Failed to write to node: /proc/sys/kernel/sched_boost with value: 0, fd: -1
03-21 20:45:16.959   844 25540 I resolv  : GetAddrInfoHandler::run: {102 102 102 983142 10399 0}
03-21 20:45:16.959   844 25541 I resolv  : res_nmkquery: (QUERY, IN, A)
03-21 20:45:16.970   844 25541 I resolv  : res_nsend: used send_dg 43 terrno: 0
03-21 20:45:16.971   844 25541 I resolv  : doQuery: rcode=0, ancount=1, return value=43
03-21 20:45:16.988   625  2778 W libperfmgr: Failed to write to node: /dev/stune/top-app/schedtune.boost with value: 10, fd: -1
03-21 20:45:16.988   625  2778 W libperfmgr: Failed to write to node: /proc/sys/kernel/sched_boost with value: 0, fd: -1
03-21 20:45:17.087 24797 24797 I ReactNativeJNI: Error occurred, shutting down websocket connection: WebSocket exception unexpected end of stream on http://localhost:8081/...
03-21 20:45:17.489   625  2778 W libperfmgr: Failed to write to node: /dev/stune/top-app/schedtune.boost with value: 10, fd: -1
03-21 20:45:17.489   625  2778 W libperfmgr: Failed to write to node: /proc/sys/kernel/sched_boost with value: 0, fd: -1
03-21 20:45:17.737   881  2016 I WifiHAL : feature_set=0x8488141a
03-21 20:45:17.738  1587  1927 I HalDevMgr: bestIfaceCreationProposal is null, requestIface=STA, existingIface=[name=wlan0 type=STA]
03-21 20:45:17.890   877   924 E Situation: processEvent, handle:26, flush_action:0
03-21 20:45:17.891   625  2778 W libperfmgr: Failed to write to node: /dev/stune/top-app/schedtune.boost with value: 50, fd: -1
03-21 20:45:17.891   625  2778 W libperfmgr: Failed to write to node: /proc/sys/kernel/sched_boost with value: 2, fd: -1
03-21 20:45:17.892  2437  2437 I RotationButtonController: onRotationProposal(rotation=1)
03-21 20:45:17.896   852  1094 I hwcomposer: [DRMDEV] (0) failed to waitNextVsync: -1  
03-21 20:45:17.898   852  1094 I hwcomposer: [DRMDEV] (0) failed to waitNextVsync: -1  
03-21 20:45:17.909   852   992 I hwcomposer: [HWCDisplay] [Display_0 (type:1)] fps:3.004088,dur:8321.99,max:7996.24,min:11.01  
03-21 20:45:17.910   852  1094 I hwcomposer: [DRMDEV] (0) failed to waitNextVsync: -1  
03-21 20:45:17.913   914   988 E surfaceflinger: == MALI DEBUG ===eglp_winsys_populate_image_templates ==12288
03-21 20:45:17.914   914   988 E surfaceflinger: == MALI DEBUG ===eglp_winsys_populate_image_templates ==12288
03-21 20:45:17.929   914   988 E surfaceflinger: == MALI DEBUG ===eglp_winsys_populate_image_templates ==12288
03-21 20:45:17.939   914   988 E surfaceflinger: == MALI DEBUG ===eglp_winsys_populate_image_templates ==12288
03-21 20:45:18.041   625  2778 W libperfmgr: Failed to write to node: /dev/stune/top-app/schedtune.boost with value: 10, fd: -1
03-21 20:45:18.041   625  2778 W libperfmgr: Failed to write to node: /proc/sys/kernel/sched_boost with value: 0, fd: -1
03-21 20:45:18.541   625  2778 W libperfmgr: Failed to write to node: /dev/stune/top-app/schedtune.boost with value: 10, fd: -1
03-21 20:45:18.542   625  2778 W libperfmgr: Failed to write to node: /proc/sys/kernel/sched_boost with value: 0, fd: -1
03-21 20:45:18.918   852   992 I hwcomposer: [HWCDisplay] [Display_0 (type:1)] fps:90.242905,dur:1008.39,max:11.27,min:8.50  
03-21 20:45:18.980   844 25543 I resolv  : GetAddrInfoHandler::run: {102 102 102 983142 10399 0}
03-21 20:45:18.981   844 25544 I resolv  : res_nmkquery: (QUERY, IN, A)
03-21 20:45:19.042   625  2778 W libperfmgr: Failed to write to node: /dev/stune/top-app/schedtune.boost with value: 10, fd: -1
03-21 20:45:19.042   625  2778 W libperfmgr: Failed to write to node: /proc/sys/kernel/sched_boost with value: 0, fd: -1
03-21 20:45:19.085   844 25544 I resolv  : res_nsend: used send_dg 43 terrno: 0
03-21 20:45:19.086   844 25544 I resolv  : doQuery: rcode=0, ancount=1, return value=43
03-21 20:45:19.101 24797 24797 I ReactNativeJNI: Error occurred, shutting down websocket connection: WebSocket exception unexpected end of stream on http://localhost:8081/...
03-21 20:45:19.416 25545 25545 W libbinder.BackendUnifiedServiceManager: Thread Pool max thread count is 0. Cannot cache binder as linkToDeath cannot be implemented. serviceName: deviceidle
03-21 20:45:19.444 25547 25547 W libbinder.BackendUnifiedServiceManager: Thread Pool max thread count is 0. Cannot cache binder as linkToDeath cannot be implemented. serviceName: battery
03-21 20:45:19.469 25549 25549 W libbinder.BackendUnifiedServiceManager: Thread Pool max thread count is 0. Cannot cache binder as linkToDeath cannot be implemented. serviceName: deviceidle
03-21 20:45:19.498 25552 25552 W libbinder.BackendUnifiedServiceManager: Thread Pool max thread count is 0. Cannot cache binder as linkToDeath cannot be implemented. serviceName: activity
03-21 20:45:19.542   625  2778 W libperfmgr: Failed to write to node: /dev/stune/top-app/schedtune.boost with value: 10, fd: -1
03-21 20:45:19.542   625  2778 W libperfmgr: Failed to write to node: /proc/sys/kernel/sched_boost with value: 0, fd: -1
03-21 20:45:19.560 25561 25561 W libbinder.BackendUnifiedServiceManager: Thread Pool max thread count is 0. Cannot cache binder as linkToDeath cannot be implemented. serviceName: battery
03-21 20:45:19.929   852   992 I hwcomposer: [HWCDisplay] [Display_0 (type:1)] fps:90.027756,dur:1010.80,max:11.28,min:10.95  
03-21 20:45:20.042   625  2778 W libperfmgr: Failed to write to node: /dev/stune/top-app/schedtune.boost with value: 10, fd: -1
03-21 20:45:20.042   625  2778 W libperfmgr: Failed to write to node: /proc/sys/kernel/sched_boost with value: 0, fd: -1
03-21 20:45:20.543   625  2778 W libperfmgr: Failed to write to node: /dev/stune/top-app/schedtune.boost with value: 10, fd: -1
03-21 20:45:20.543   625  2778 W libperfmgr: Failed to write to node: /proc/sys/kernel/sched_boost with value: 0, fd: -1
03-21 20:45:20.600   844   878 I netd    : networkAddUidRangesParcel(NativeUidRangeConfig{netId: 105, uidRanges: [UidRangeParcel{start: 0, stop: 2147483647}], subPriority: 999}) <0.56ms>
03-21 20:45:20.601   844   878 I netd    : networkRemoveUidRangesParcel(NativeUidRangeConfig{netId: 105, uidRanges: [UidRangeParcel{start: 0, stop: 2147483647}], subPriority: 999}) <0.24ms>
03-21 20:45:20.746   881  2016 I WifiHAL : feature_set=0x8488141a
03-21 20:45:20.747  1587  1927 I HalDevMgr: bestIfaceCreationProposal is null, requestIface=STA, existingIface=[name=wlan0 type=STA]
03-21 20:45:20.939   852   992 I hwcomposer: [HWCDisplay] [Display_0 (type:1)] fps:90.024910,dur:1010.83,max:11.23,min:10.99  
03-21 20:45:21.043   625  2778 W libperfmgr: Failed to write to node: /dev/stune/top-app/schedtune.boost with value: 10, fd: -1
03-21 20:45:21.043   625  2778 W libperfmgr: Failed to write to node: /proc/sys/kernel/sched_boost with value: 0, fd: -1
03-21 20:45:21.100   844 25570 I resolv  : GetAddrInfoHandler::run: {102 102 102 983142 10399 0}
03-21 20:45:21.101   844 25571 I resolv  : res_nmkquery: (QUERY, IN, A)
03-21 20:45:21.106  2458 24323 I NearbySharing: Network state changed: NetworkState(isRestricted=false, isOnline=true, isCongested=false, isMetered=false, isWifiConnected=true)
03-21 20:45:21.106   844 25572 I resolv  : GetAddrInfoHandler::run: {102 102 102 983142 10399 0}
03-21 20:45:21.107   844 25573 I resolv  : res_nmkquery: (QUERY, IN, A)
03-21 20:45:21.107   844 25573 I resolv  : resolv_cache_lookup: Waiting for previous request
03-21 20:45:21.110   844 25571 I resolv  : res_nsend: used send_dg 43 terrno: 0
03-21 20:45:21.111   844 25571 I resolv  : doQuery: rcode=0, ancount=1, return value=43
03-21 20:45:21.121   844 25573 I resolv  : res_nsend: used send_dg 43 terrno: 0
03-21 20:45:21.122   844 25573 I resolv  : doQuery: rcode=0, ancount=1, return value=43
03-21 20:45:21.128 24797 24797 I ReactNativeJNI: Error occurred, shutting down websocket connection: WebSocket exception unexpected end of stream on http://localhost:8081/...
03-21 20:45:21.543   625  2778 W libperfmgr: Failed to write to node: /dev/stune/top-app/schedtune.boost with value: 10, fd: -1
03-21 20:45:21.543   625  2778 W libperfmgr: Failed to write to node: /proc/sys/kernel/sched_boost with value: 0, fd: -1
03-21 20:45:21.950   852   992 I hwcomposer: [HWCDisplay] [Display_0 (type:1)] fps:90.027802,dur:1010.80,max:11.33,min:10.94  
03-21 20:45:22.043   625  2778 W libperfmgr: Failed to write to node: /dev/stune/top-app/schedtune.boost with value: 10, fd: -1
03-21 20:45:22.043   625  2778 W libperfmgr: Failed to write to node: /proc/sys/kernel/sched_boost with value: 0, fd: -1
03-21 20:45:22.346   852  1054 I hwcomposer: [HWC] (0)fire a callback of refresh to SF[4]  
03-21 20:45:22.360   625  2778 W libperfmgr: Failed to write to node: /dev/stune/top-app/schedtune.boost with value: 10, fd: -1
03-21 20:45:22.360   625  2778 W libperfmgr: Failed to write to node: /proc/sys/kernel/sched_boost with value: 0, fd: -1
03-21 20:45:22.427   625  2778 W libperfmgr: Failed to write to node: /dev/stune/top-app/schedtune.boost with value: 10, fd: -1
03-21 20:45:22.427   625  2778 W libperfmgr: Failed to write to node: /proc/sys/kernel/sched_boost with value: 0, fd: -1
03-21 20:45:22.927   625  2778 W libperfmgr: Failed to write to node: /dev/stune/top-app/schedtune.boost with value: 10, fd: -1
03-21 20:45:22.927   625  2778 W libperfmgr: Failed to write to node: /proc/sys/kernel/sched_boost with value: 0, fd: -1
03-21 20:45:22.961   852   992 I hwcomposer: [HWCDisplay] [Display_0 (type:1)] fps:33.637848,dur:1010.77,max:573.25,min:10.99  
03-21 20:45:23.054   852  1054 I hwcomposer: [HWC] (0)fire a callback of refresh to SF[4]  
03-21 20:45:23.059   625  2778 W libperfmgr: Failed to write to node: /dev/stune/top-app/schedtune.boost with value: 10, fd: -1
03-21 20:45:23.059   625  2778 W libperfmgr: Failed to write to node: /proc/sys/kernel/sched_boost with value: 0, fd: -1
03-21 20:45:23.133   844 25574 I resolv  : GetAddrInfoHandler::run: {102 102 102 983142 10399 0}
03-21 20:45:23.134   844 25575 I resolv  : res_nmkquery: (QUERY, IN, A)
03-21 20:45:23.135   625  2778 W libperfmgr: Failed to write to node: /dev/stune/top-app/schedtune.boost with value: 10, fd: -1
03-21 20:45:23.135   625  2778 W libperfmgr: Failed to write to node: /proc/sys/kernel/sched_boost with value: 0, fd: -1
03-21 20:45:23.145   844 25575 I resolv  : res_nsend: used send_dg 43 terrno: 0
03-21 20:45:23.145   844 25575 I resolv  : doQuery: rcode=0, ancount=1, return value=43
03-21 20:45:23.150 24797 24797 I ReactNativeJNI: Error occurred, shutting down websocket connection: WebSocket exception unexpected end of stream on http://localhost:8081/...
03-21 20:45:23.635   625  2778 W libperfmgr: Failed to write to node: /dev/stune/top-app/schedtune.boost with value: 10, fd: -1
03-21 20:45:23.635   625  2778 W libperfmgr: Failed to write to node: /proc/sys/kernel/sched_boost with value: 0, fd: -1
03-21 20:45:23.760   881  2016 I WifiHAL : feature_set=0x8488141a
03-21 20:45:23.761  1587  1927 I HalDevMgr: bestIfaceCreationProposal is null, requestIface=STA, existingIface=[name=wlan0 type=STA]
03-21 20:45:24.136   625  2778 W libperfmgr: Failed to write to node: /dev/stune/top-app/schedtune.boost with value: 10, fd: -1
03-21 20:45:24.136   625  2778 W libperfmgr: Failed to write to node: /proc/sys/kernel/sched_boost with value: 0, fd: -1
03-21 20:45:24.636   625  2778 W libperfmgr: Failed to write to node: /dev/stune/top-app/schedtune.boost with value: 10, fd: -1
03-21 20:45:24.636   625  2778 W libperfmgr: Failed to write to node: /proc/sys/kernel/sched_boost with value: 0, fd: -1
03-21 20:45:25.136   625  2778 W libperfmgr: Failed to write to node: /dev/stune/top-app/schedtune.boost with value: 10, fd: -1
03-21 20:45:25.136   625  2778 W libperfmgr: Failed to write to node: /proc/sys/kernel/sched_boost with value: 0, fd: -1
03-21 20:45:25.155   844 25576 I resolv  : GetAddrInfoHandler::run: {102 102 102 983142 10399 0}
03-21 20:45:25.156   844 25577 I resolv  : res_nmkquery: (QUERY, IN, A)
03-21 20:45:25.166   844 25577 I resolv  : res_nsend: used send_dg 43 terrno: 0
03-21 20:45:25.166   844 25577 I resolv  : doQuery: rcode=0, ancount=1, return value=43
03-21 20:45:25.173 24797 24797 I ReactNativeJNI: Error occurred, shutting down websocket connection: WebSocket exception unexpected end of stream on http://localhost:8081/...
03-21 20:45:25.636   625  2778 W libperfmgr: Failed to write to node: /dev/stune/top-app/schedtune.boost with value: 10, fd: -1
03-21 20:45:25.636   625  2778 W libperfmgr: Failed to write to node: /proc/sys/kernel/sched_boost with value: 0, fd: -1
03-21 20:45:25.787 25578 25578 W libbinder.BackendUnifiedServiceManager: Thread Pool max thread count is 0. Cannot cache binder as linkToDeath cannot be implemented. serviceName: deviceidle
03-21 20:45:25.803 25580 25580 W libbinder.BackendUnifiedServiceManager: Thread Pool max thread count is 0. Cannot cache binder as linkToDeath cannot be implemented. serviceName: battery
03-21 20:45:25.831 25582 25582 W libbinder.BackendUnifiedServiceManager: Thread Pool max thread count is 0. Cannot cache binder as linkToDeath cannot be implemented. serviceName: deviceidle
03-21 20:45:25.859 25585 25585 W libbinder.BackendUnifiedServiceManager: Thread Pool max thread count is 0. Cannot cache binder as linkToDeath cannot be implemented. serviceName: activity
03-21 20:45:25.908 25594 25594 W libbinder.BackendUnifiedServiceManager: Thread Pool max thread count is 0. Cannot cache binder as linkToDeath cannot be implemented. serviceName: battery
03-21 20:45:26.137   625  2778 W libperfmgr: Failed to write to node: /dev/stune/top-app/schedtune.boost with value: 10, fd: -1
03-21 20:45:26.137   625  2778 W libperfmgr: Failed to write to node: /proc/sys/kernel/sched_boost with value: 0, fd: -1
03-21 20:45:26.599   852  1094 I hwcomposer: [DRMDEV] (0) failed to waitNextVsync: -1  
03-21 20:45:26.610   852  1094 I hwcomposer: [DRMDEV] (0) failed to waitNextVsync: -1  
03-21 20:45:26.621   852  1094 I hwcomposer: [DRMDEV] (0) failed to waitNextVsync: -1  
03-21 20:45:26.632   852  1094 I hwcomposer: [DRMDEV] (0) failed to waitNextVsync: -1  
03-21 20:45:26.637   625  2778 W libperfmgr: Failed to write to node: /dev/stune/top-app/schedtune.boost with value: 10, fd: -1
03-21 20:45:26.637   625  2778 W libperfmgr: Failed to write to node: /proc/sys/kernel/sched_boost with value: 0, fd: -1
03-21 20:45:26.643   852  1094 I hwcomposer: [DRMDEV] (0) failed to waitNextVsync: -1  
03-21 20:45:26.654   852  1094 I hwcomposer: [DRMDEV] (0) failed to waitNextVsync: -1  
03-21 20:45:26.665   852  1094 I hwcomposer: [DRMDEV] (0) failed to waitNextVsync: -1  
03-21 20:45:26.772   844   878 I netd    : networkAddUidRangesParcel(NativeUidRangeConfig{netId: 102, uidRanges: [UidRangeParcel{start: 0, stop: 2147483647}], subPriority: 998}) <0.43ms>
03-21 20:45:26.773   844   878 I netd    : networkRemoveUidRangesParcel(NativeUidRangeConfig{netId: 102, uidRanges: [UidRangeParcel{start: 0, stop: 2147483647}], subPriority: 998}) <0.38ms>
03-21 20:45:26.774   881  2016 I WifiHAL : feature_set=0x8488141a
03-21 20:45:26.775  1587  1927 I HalDevMgr: bestIfaceCreationProposal is null, requestIface=STA, existingIface=[name=wlan0 type=STA]
03-21 20:45:26.784  2458  8908 I NullBinder: NullBinder for android.net.action.RECOMMEND_NETWORKS triggering remote TransactionTooLargeException due to Service without Chimera impl, calling uid: 1000, calling pid: 0
03-21 20:45:26.784  2458  8908 W libbinder.Binder: Large reply transaction of 1056768 bytes, interface descriptor , code 1, flags 17
03-21 20:45:26.810   852   992 I hwcomposer: [HWCDisplay] [Display_0 (type:1)] fps:1.299150,dur:3848.67,max:3745.54,min:11.11  
03-21 20:45:26.870   852  1054 I hwcomposer: [HWC] (0)fire a callback of refresh to SF[4]  
03-21 20:45:26.874   625  2778 W libperfmgr: Failed to write to node: /dev/stune/top-app/schedtune.boost with value: 10, fd: -1
03-21 20:45:26.874   625  2778 W libperfmgr: Failed to write to node: /proc/sys/kernel/sched_boost with value: 0, fd: -1
03-21 20:45:26.951   625  2778 W libperfmgr: Failed to write to node: /dev/stune/top-app/schedtune.boost with value: 10, fd: -1
03-21 20:45:26.951   625  2778 W libperfmgr: Failed to write to node: /proc/sys/kernel/sched_boost with value: 0, fd: -1
03-21 20:45:27.182   844 25603 I resolv  : GetAddrInfoHandler::run: {102 102 102 983142 10399 0}
03-21 20:45:27.183   844 25604 I resolv  : res_nmkquery: (QUERY, IN, A)
03-21 20:45:27.192   844 25604 I resolv  : res_nsend: used send_dg 43 terrno: 0
03-21 20:45:27.193   844 25604 I resolv  : doQuery: rcode=0, ancount=1, return value=43
03-21 20:45:27.197 24797 24797 I ReactNativeJNI: Error occurred, shutting down websocket connection: WebSocket exception unexpected end of stream on http://localhost:8081/...
03-21 20:45:27.285  2458 24323 I NearbySharing: Network state changed: NetworkState(isRestricted=false, isOnline=true, isCongested=false, isMetered=false, isWifiConnected=true)
03-21 20:45:27.452   625  2778 W libperfmgr: Failed to write to node: /dev/stune/top-app/schedtune.boost with value: 10, fd: -1
03-21 20:45:27.452   625  2778 W libperfmgr: Failed to write to node: /proc/sys/kernel/sched_boost with value: 0, fd: -1
03-21 20:45:27.952   625  2778 W libperfmgr: Failed to write to node: /dev/stune/top-app/schedtune.boost with value: 10, fd: -1
03-21 20:45:27.952   625  2778 W libperfmgr: Failed to write to node: /proc/sys/kernel/sched_boost with value: 0, fd: -1
03-21 20:45:28.452   625  2778 W libperfmgr: Failed to write to node: /dev/stune/top-app/schedtune.boost with value: 10, fd: -1
03-21 20:45:28.452   625  2778 W libperfmgr: Failed to write to node: /proc/sys/kernel/sched_boost with value: 0, fd: -1
03-21 20:45:28.952   625  2778 W libperfmgr: Failed to write to node: /dev/stune/top-app/schedtune.boost with value: 10, fd: -1
03-21 20:45:28.953   625  2778 W libperfmgr: Failed to write to node: /proc/sys/kernel/sched_boost with value: 0, fd: -1
03-21 20:45:29.203   844 25605 I resolv  : GetAddrInfoHandler::run: {102 102 102 983142 10399 0}
03-21 20:45:29.204   844 25606 I resolv  : res_nmkquery: (QUERY, IN, A)
03-21 20:45:29.214   844 25606 I resolv  : res_nsend: used send_dg 43 terrno: 0
03-21 20:45:29.214   844 25606 I resolv  : doQuery: rcode=0, ancount=1, return value=43
03-21 20:45:29.219 24797 24797 I ReactNativeJNI: Error occurred, shutting down websocket connection: WebSocket exception unexpected end of stream on http://localhost:8081/...
03-21 20:45:29.453   625  2778 W libperfmgr: Failed to write to node: /dev/stune/top-app/schedtune.boost with value: 10, fd: -1
03-21 20:45:29.453   625  2778 W libperfmgr: Failed to write to node: /proc/sys/kernel/sched_boost with value: 0, fd: -1
03-21 20:45:29.781   881  2016 I WifiHAL : feature_set=0x8488141a
03-21 20:45:29.782  1587  1927 I HalDevMgr: bestIfaceCreationProposal is null, requestIface=STA, existingIface=[name=wlan0 type=STA]
03-21 20:45:29.953   625  2778 W libperfmgr: Failed to write to node: /dev/stune/top-app/schedtune.boost with value: 10, fd: -1
03-21 20:45:29.953   625  2778 W libperfmgr: Failed to write to node: /proc/sys/kernel/sched_boost with value: 0, fd: -1
03-21 20:45:30.453   625  2778 W libperfmgr: Failed to write to node: /dev/stune/top-app/schedtune.boost with value: 10, fd: -1
03-21 20:45:30.453   625  2778 W libperfmgr: Failed to write to node: /proc/sys/kernel/sched_boost with value: 0, fd: -1
03-21 20:45:30.954   625  2778 W libperfmgr: Failed to write to node: /dev/stune/top-app/schedtune.boost with value: 10, fd: -1
03-21 20:45:30.954   625  2778 W libperfmgr: Failed to write to node: /proc/sys/kernel/sched_boost with value: 0, fd: -1
03-21 20:45:31.224   844 25607 I resolv  : GetAddrInfoHandler::run: {102 102 102 983142 10399 0}
03-21 20:45:31.225   844 25608 I resolv  : res_nmkquery: (QUERY, IN, A)
03-21 20:45:31.237   844 25608 I resolv  : res_nsend: used send_dg 43 terrno: 0
03-21 20:45:31.238   844 25608 I resolv  : doQuery: rcode=0, ancount=1, return value=43
03-21 20:45:31.242 24797 24797 I ReactNativeJNI: Error occurred, shutting down websocket connection: WebSocket exception unexpected end of stream on http://localhost:8081/...
03-21 20:45:31.454   625  2778 W libperfmgr: Failed to write to node: /dev/stune/top-app/schedtune.boost with value: 10, fd: -1
03-21 20:45:31.454   625  2778 W libperfmgr: Failed to write to node: /proc/sys/kernel/sched_boost with value: 0, fd: -1
03-21 20:45:31.848   852  1094 I hwcomposer: [DRMDEV] (0) failed to waitNextVsync: -1  
03-21 20:45:31.848  1587  1708 I DisplayPowerController[0]: BrightnessEvent: brt=8.54597E-4(5.0%), nits=3.4861262, lux=-1.0, reason=manual [ dim ], strat=FallbackBrightnessStrategy, state=ON, stateReason=DEFAULT_POLICY, policy=DIM, flags=, initBrt=1.0, rcmdBrt=NaN, preBrt=NaN, preLux=0.0, wasShortTermModelActive=false, autoBrightness=false (default), unclampedBrt=1.0, hbmMax=1.0, hbmMode=sunlight, thrmMax=1.0, rbcStrength=50, powerFactor=1.0, physDisp=Built-in Screen(local:4627039422300187648), logicalId=0, slowChange=false, rampSpeed=0.70472443
03-21 20:45:31.954   625  2778 W libperfmgr: Failed to write to node: /dev/stune/top-app/schedtune.boost with value: 10, fd: -1
03-21 20:45:31.954   625  2778 W libperfmgr: Failed to write to node: /proc/sys/kernel/sched_boost with value: 0, fd: -1
03-21 20:45:32.137 25609 25609 W libbinder.BackendUnifiedServiceManager: Thread Pool max thread count is 0. Cannot cache binder as linkToDeath cannot be implemented. serviceName: deviceidle
03-21 20:45:32.154 25611 25611 W libbinder.BackendUnifiedServiceManager: Thread Pool max thread count is 0. Cannot cache binder as linkToDeath cannot be implemented. serviceName: battery
03-21 20:45:32.169 25613 25613 W libbinder.BackendUnifiedServiceManager: Thread Pool max thread count is 0. Cannot cache binder as linkToDeath cannot be implemented. serviceName: deviceidle
03-21 20:45:32.195 25616 25616 W libbinder.BackendUnifiedServiceManager: Thread Pool max thread count is 0. Cannot cache binder as linkToDeath cannot be implemented. serviceName: activity
03-21 20:45:32.254 25625 25625 W libbinder.BackendUnifiedServiceManager: Thread Pool max thread count is 0. Cannot cache binder as linkToDeath cannot be implemented. serviceName: battery
03-21 20:45:32.454   625  2778 W libperfmgr: Failed to write to node: /dev/stune/top-app/schedtune.boost with value: 10, fd: -1
03-21 20:45:32.455   625  2778 W libperfmgr: Failed to write to node: /proc/sys/kernel/sched_boost with value: 0, fd: -1
03-21 20:45:32.792   881  2016 I WifiHAL : feature_set=0x8488141a
03-21 20:45:32.793  1587  1927 I HalDevMgr: bestIfaceCreationProposal is null, requestIface=STA, existingIface=[name=wlan0 type=STA]
03-21 20:45:32.955   625  2778 W libperfmgr: Failed to write to node: /dev/stune/top-app/schedtune.boost with value: 10, fd: -1
03-21 20:45:32.955   625  2778 W libperfmgr: Failed to write to node: /proc/sys/kernel/sched_boost with value: 0, fd: -1
03-21 20:45:33.247   844 25634 I resolv  : GetAddrInfoHandler::run: {102 102 102 983142 10399 0}
03-21 20:45:33.248   844 25635 I resolv  : res_nmkquery: (QUERY, IN, A)
03-21 20:45:33.257   844 25635 I resolv  : res_nsend: used send_dg 43 terrno: 0
03-21 20:45:33.257   844 25635 I resolv  : doQuery: rcode=0, ancount=1, return value=43
03-21 20:45:33.263 24797 24797 I ReactNativeJNI: Error occurred, shutting down websocket connection: WebSocket exception unexpected end of stream on http://localhost:8081/...
03-21 20:45:33.455   625  2778 W libperfmgr: Failed to write to node: /dev/stune/top-app/schedtune.boost with value: 10, fd: -1
03-21 20:45:33.455   625  2778 W libperfmgr: Failed to write to node: /proc/sys/kernel/sched_boost with value: 0, fd: -1
03-21 20:45:33.955   625  2778 W libperfmgr: Failed to write to node: /dev/stune/top-app/schedtune.boost with value: 10, fd: -1
03-21 20:45:33.955   625  2778 W libperfmgr: Failed to write to node: /proc/sys/kernel/sched_boost with value: 0, fd: -1
03-21 20:45:34.456   625  2778 W libperfmgr: Failed to write to node: /dev/stune/top-app/schedtune.boost with value: 10, fd: -1
03-21 20:45:34.456   625  2778 W libperfmgr: Failed to write to node: /proc/sys/kernel/sched_boost with value: 0, fd: -1
03-21 20:45:34.956   625  2778 W libperfmgr: Failed to write to node: /dev/stune/top-app/schedtune.boost with value: 10, fd: -1
03-21 20:45:34.956   625  2778 W libperfmgr: Failed to write to node: /proc/sys/kernel/sched_boost with value: 0, fd: -1
03-21 20:45:35.269   844 25636 I resolv  : GetAddrInfoHandler::run: {102 102 102 983142 10399 0}
03-21 20:45:35.270   844 25637 I resolv  : res_nmkquery: (QUERY, IN, A)
03-21 20:45:35.282   844 25637 I resolv  : res_nsend: used send_dg 43 terrno: 0
03-21 20:45:35.283   844 25637 I resolv  : doQuery: rcode=0, ancount=1, return value=43
03-21 20:45:35.288 24797 24797 I ReactNativeJNI: Error occurred, shutting down websocket connection: WebSocket exception unexpected end of stream on http://localhost:8081/...
03-21 20:45:35.456   625  2778 W libperfmgr: Failed to write to node: /dev/stune/top-app/schedtune.boost with value: 10, fd: -1
03-21 20:45:35.456   625  2778 W libperfmgr: Failed to write to node: /proc/sys/kernel/sched_boost with value: 0, fd: -1
03-21 20:45:35.807   844   878 I netd    : networkAddUidRangesParcel(NativeUidRangeConfig{netId: 102, uidRanges: [UidRangeParcel{start: 0, stop: 2147483647}], subPriority: 998}) <0.43ms>
03-21 20:45:35.807   844   878 I netd    : networkRemoveUidRangesParcel(NativeUidRangeConfig{netId: 102, uidRanges: [UidRangeParcel{start: 0, stop: 2147483647}], subPriority: 998}) <0.37ms>
03-21 20:45:35.807   881  2016 I WifiHAL : feature_set=0x8488141a
03-21 20:45:35.808  1587  1927 I HalDevMgr: bestIfaceCreationProposal is null, requestIface=STA, existingIface=[name=wlan0 type=STA]
03-21 20:45:35.817   852  1094 I hwcomposer: [DRMDEV] (0) failed to waitNextVsync: -1  
03-21 20:45:35.819  2458  8908 I NullBinder: NullBinder for android.net.action.RECOMMEND_NETWORKS triggering remote TransactionTooLargeException due to Service without Chimera impl, calling uid: 1000, calling pid: 0
03-21 20:45:35.819  2458  8908 W libbinder.Binder: Large reply transaction of 1056768 bytes, interface descriptor , code 1, flags 17
03-21 20:45:35.821   852  1094 I hwcomposer: [DRMDEV] (0) failed to waitNextVsync: -1  
03-21 20:45:35.832   852  1094 I hwcomposer: [DRMDEV] (0) failed to waitNextVsync: -1  
03-21 20:45:35.843   852  1094 I hwcomposer: [DRMDEV] (0) failed to waitNextVsync: -1  
03-21 20:45:35.843   852   992 I hwcomposer: [HWCDisplay] [Display_0 (type:1)] fps:0.221403,dur:9033.32,max:8963.68,min:69.63  
03-21 20:45:35.956   625  2778 W libperfmgr: Failed to write to node: /dev/stune/top-app/schedtune.boost with value: 10, fd: -1
03-21 20:45:35.956   625  2778 W libperfmgr: Failed to write to node: /proc/sys/kernel/sched_boost with value: 0, fd: -1
03-21 20:45:35.982   852  1054 I hwcomposer: [HWC] (0)fire a callback of refresh to SF[4]  
03-21 20:45:35.988   625  2778 W libperfmgr: Failed to write to node: /dev/stune/top-app/schedtune.boost with value: 10, fd: -1
03-21 20:45:35.989   625  2778 W libperfmgr: Failed to write to node: /proc/sys/kernel/sched_boost with value: 0, fd: -1
03-21 20:45:36.063   625  2778 W libperfmgr: Failed to write to node: /dev/stune/top-app/schedtune.boost with value: 10, fd: -1
03-21 20:45:36.064   625  2778 W libperfmgr: Failed to write to node: /proc/sys/kernel/sched_boost with value: 0, fd: -1
03-21 20:45:36.323  2458 24323 I NearbySharing: Network state changed: NetworkState(isRestricted=false, isOnline=true, isCongested=false, isMetered=false, isWifiConnected=true)
03-21 20:45:36.564   625  2778 W libperfmgr: Failed to write to node: /dev/stune/top-app/schedtune.boost with value: 10, fd: -1
03-21 20:45:36.564   625  2778 W libperfmgr: Failed to write to node: /proc/sys/kernel/sched_boost with value: 0, fd: -1
03-21 20:45:37.065   625  2778 W libperfmgr: Failed to write to node: /dev/stune/top-app/schedtune.boost with value: 10, fd: -1
03-21 20:45:37.065   625  2778 W libperfmgr: Failed to write to node: /proc/sys/kernel/sched_boost with value: 0, fd: -1
03-21 20:45:37.294   844 25638 I resolv  : GetAddrInfoHandler::run: {102 102 102 983142 10399 0}
03-21 20:45:37.295   844 25639 I resolv  : res_nmkquery: (QUERY, IN, A)
03-21 20:45:37.303   844 25639 I resolv  : res_nsend: used send_dg 43 terrno: 0
03-21 20:45:37.303   844 25639 I resolv  : doQuery: rcode=0, ancount=1, return value=43
03-21 20:45:37.308 24797 24797 I ReactNativeJNI: Error occurred, shutting down websocket connection: WebSocket exception unexpected end of stream on http://localhost:8081/...
03-21 20:45:37.565   625  2778 W libperfmgr: Failed to write to node: /dev/stune/top-app/schedtune.boost with value: 10, fd: -1
03-21 20:45:37.565   625  2778 W libperfmgr: Failed to write to node: /proc/sys/kernel/sched_boost with value: 0, fd: -1
03-21 20:45:37.584   852  1094 I hwcomposer: [DRMDEV] (0) failed to waitNextVsync: -1  
03-21 20:45:37.588   852  1094 I hwcomposer: [DRMDEV] (0) failed to waitNextVsync: -1  
03-21 20:45:37.599   852  1094 I hwcomposer: [DRMDEV] (0) failed to waitNextVsync: -1  
03-21 20:45:37.610   852  1094 I hwcomposer: [DRMDEV] (0) failed to waitNextVsync: -1  
03-21 20:45:37.621   852  1094 I hwcomposer: [DRMDEV] (0) failed to waitNextVsync: -1  
03-21 20:45:37.632   852  1094 I hwcomposer: [DRMDEV] (0) failed to waitNextVsync: -1  
03-21 20:45:37.643   852  1094 I hwcomposer: [DRMDEV] (0) failed to waitNextVsync: -1  
03-21 20:45:37.846  1587  1708 I PowerGroup: Napping power group (groupId=0, uid=1000)...
03-21 20:45:37.847  1587  1708 I PowerGroup: dreamManagerAttemptedDozing status changed to false for group 0
03-21 20:45:37.847  1587  1708 I PowerManagerService: Nap time (uid 1000)...
03-21 20:45:37.847  1587  1708 I PowerGroup: Powering off display group due to timeout (groupId= 0, uid= 1000, millisSinceLastUserActivity=30000, lastUserActivityEvent=touch)...
03-21 20:45:37.847  1587  1708 I PowerManagerService: Going to sleep due to timeout (uid 1000, screenOffTimeout=30000, activityTimeoutWM=-1, maxDimRatio=0.20000005, maxDimDur=7000)...
03-21 20:45:37.851  3073  3073 I GoogleInputMethodService: GoogleInputMethodService.onFinishInput():2114 
03-21 20:45:37.852  3073  3073 I Module  : DeviceLockedStatusModuleProvider$Module.updateDeviceLockedStatus():103 repeatCheckTimes = 0, locked = false
03-21 20:45:37.853   914   988 E surfaceflinger: == MALI DEBUG ===eglp_winsys_populate_image_templates ==12288
03-21 20:45:37.862  1587  1708 I DisplayPowerController[0]: BrightnessEvent: brt=1.0(100.0%), nits=700.0, lux=-1.0, reason=manual, strat=FallbackBrightnessStrategy, state=ON, stateReason=DEFAULT_POLICY, policy=OFF, flags=, initBrt=8.54597E-4, rcmdBrt=NaN, preBrt=NaN, preLux=0.0, wasShortTermModelActive=false, autoBrightness=false (default), unclampedBrt=1.0, hbmMax=1.0, hbmMode=sunlight, thrmMax=1.0, rbcStrength=50, powerFactor=1.0, physDisp=Built-in Screen(local:4627039422300187648), logicalId=0, slowChange=false, rampSpeed=0.0
03-21 20:45:37.862   844   878 I netd    : tetherGetStats() -> {[]} <1.79ms>
03-21 20:45:37.864  1151  1151 I [GF_HAL][gf_hal]: [gf_hal_authenticate] group_id=0
03-21 20:45:37.865  2034  2034 I KeyguardTransitionRepository: STARTED transition: TransitionStep(from=GONE, to=DOZING, value=0.0, transitionState=STARTED, ownerName=FromGoneTransitionInteractor(Sleep transition triggered))
03-21 20:45:37.876   852   992 I hwcomposer: [HWCDisplay] [Display_0 (type:1)] fps:0.983597,dur:2033.35,max:1882.81,min:150.55  
03-21 20:45:37.879  1151  1151 E [GF_HAL][gf_hal_milan]: [hal_milan_invoke_command] err=GF_SUCCESS, errno=0. reset g_hal_over_current_count to 0!
03-21 20:45:38.066   625  2778 W libperfmgr: Failed to write to node: /dev/stune/top-app/schedtune.boost with value: 10, fd: -1
03-21 20:45:38.066   625  2778 W libperfmgr: Failed to write to node: /proc/sys/kernel/sched_boost with value: 0, fd: -1
03-21 20:45:38.069  1587  1708 I DisplayPowerController[0]: Blocking screen off
03-21 20:45:38.070  1032  1082 E flp     : mnld_screen_monitor_thread: Screen off
03-21 20:45:38.077   914   988 E surfaceflinger: == MALI DEBUG ===eglp_winsys_populate_image_templates ==12288
03-21 20:45:38.080   852  1055 W hwcomposer: [DRMDEV] paramIsSame(), id 912, w 1080/1080, h 93/93, pitch 1088/1088, format 0x1/0x2, secure 0/0  
03-21 20:45:38.086  1587  1999 W ImageReader_JNI: Unable to acquire a buffer item, very likely client tried to acquire more than maxImages buffers
03-21 20:45:38.088   877   877 I Situation: enable: handle:26, en:0 
03-21 20:45:38.089  1587  1680 W libprocessgroup: SetCgroup::ExecuteForProcess: failed to open /dev/stune/background/cgroup.procs: No such file or directory
03-21 20:45:38.089  1587  1708 I DisplayPowerController[0]: Unblocked screen off after 20 ms
03-21 20:45:38.091   877   877 I Accelerometer: batch: handle:0, flag:0,samplingPeriodNs:80000000 maxBatchReportLatencyNs:2000000000
03-21 20:45:38.091  1587  1708 I DisplayBrightnessStrategySelector: Changing the DisplayBrightnessStrategy from FallbackBrightnessStrategy to ScreenOffBrightnessStrategy for display 0
03-21 20:45:38.092  1587  1708 I DisplayPowerController[0]: BrightnessEvent: brt=0.0(0.0%), nits=2.7194705, lux=-1.0, reason=screen_off, strat=ScreenOffBrightnessStrategy, state=OFF, stateReason=DEFAULT_POLICY, policy=OFF, flags=, initBrt=1.0, rcmdBrt=NaN, preBrt=NaN, preLux=0.0, wasShortTermModelActive=false, autoBrightness=false (default), unclampedBrt=-1.0, hbmMax=1.0, hbmMode=sunlight, thrmMax=1.0, rbcStrength=50, powerFactor=1.0, physDisp=Built-in Screen(local:4627039422300187648), logicalId=0, slowChange=false, rampSpeed=0.0
03-21 20:45:38.093   914   914 W SurfaceFlinger: setPhysicalDisplayPowerMode: Failed to disable uclamp.min: Invalid argument
03-21 20:45:38.094   852   992 I hwcomposer: [HWCDisplay] [XMFP]: Display(0) SetPowerMode(0) fp_parallel:0  
03-21 20:45:38.094  1587  1655 I DisplayDeviceRepository: Display device changed state: "Built-in Screen", OFF
03-21 20:45:38.094  1587  1655 I InputManager-JNI: Viewport [0] to add: local:4627039422300187648, isActive: false
03-21 20:45:38.096  1587  1903 I InputReader: Reconfiguring input devices, changes=DISPLAY_INFO
03-21 20:45:38.096  1587  1903 I InputReader: Disabling fts_ts (device 4) because the associated viewport is not active
03-21 20:45:38.096  1587  1903 I InputReader: Device reconfigured: id=4, name='fts_ts', size 1080x2400, orientation Rotation0, mode DISABLED, display id 0
03-21 20:45:38.098  2458 24323 I NearbySharing: Screen is locked
03-21 20:45:38.098  2458 24323 I NearbySharing: Stopping scanning because the screen is locked.
03-21 20:45:38.099  2458 24323 I NearbySharing: Stopping Fast Init advertisement because Bluetooth is off.
03-21 20:45:38.099  2458 24323 I NearbySharing: Stopping advertising because Bluetooth is disabled.
03-21 20:45:38.099  2458 24323 I NearbySharing: Stopping FastInitiation scanning because the screen is locked.
03-21 20:45:38.099  1587  1653 W SurfaceControl: Invalid layer stack -1
03-21 20:45:38.099  1587  1653 I DisplayDevice: [0] Layerstack set to -1 for local:4627039422300187648
03-21 20:45:38.103  2458 24323 I NearbySharing: Fast Initiation Scanning has stopped
03-21 20:45:38.104  2458 24323 I NearbySharing: Dismissing HUN as there's no device nearby.
03-21 20:45:38.108  1587  2574 I ImeTracker: system_server:dc24ac24: onRequestHide at ORIGIN_SERVER reason IME_REQUESTED_CHANGED_LISTENER fromUser false
03-21 20:45:38.108  1587  1655 I ImeTracker: system_server:dc24ac24: onCancelled at PHASE_SERVER_SHOULD_HIDE
03-21 20:45:38.126  3073  3073 I PkDeviceHelper: PkDeviceHelper.refreshDevices():87 refreshing devices
03-21 20:45:38.347  1151  1333 I [GF_HAL][gf_hal]: [gf_hal_screen_off]
03-21 20:45:38.348  1587  1997 I LocalDisplayAdapter: SF.setDisplayPowerMode took 256ms
03-21 20:45:38.348  2034  2034 I KeyguardTransitionRepository: FINISHED transition: TransitionStep(from=GONE, to=DOZING, value=1.0, transitionState=FINISHED, ownerName=FromGoneTransitionInteractor(Sleep transition triggered))
03-21 20:45:38.349  1151  1333 E [GF_HAL][gf_hal_milan]: [hal_milan_invoke_command] err=GF_SUCCESS, errno=0. reset g_hal_over_current_count to 0!
03-21 20:45:38.351  1587  1708 I PowerGroup: dreamManagerAttemptedDozing status changed to true for group 0
03-21 20:45:38.352  1587  1708 I DreamManagerService: Entering dreamland.
03-21 20:45:38.355  1587  1708 I PowerManagerService: Dozing...
03-21 20:45:38.356   625  2778 W libperfmgr: Failed to write to node: /dev/stune/top-app/schedtune.boost with value: 10, fd: -1
03-21 20:45:38.356   625  2778 W libperfmgr: Failed to write to node: /proc/sys/kernel/sched_boost with value: 0, fd: -1
03-21 20:45:38.361  1587  1652 I DreamController: Starting dream: name=ComponentInfo{com.android.systemui/com.android.systemui.doze.DozeService}, isPreviewMode=false, canDoze=true, userId=0, reason='power manager request'
03-21 20:45:38.388  2034  2159 I PluginActionManager[com.android.systemui.action.PLUGIN_DOZE]: Found 0 plugins
03-21 20:45:38.406  2034  2034 E NotifRow: Magnetic state changed from IDLE to IDLE on a null swiped listener, or the logging key of the listener is null
03-21 20:45:38.432  1587  1680 W libprocessgroup: SetCgroup::ExecuteForProcess: failed to open /dev/stune/top-app/cgroup.procs: No such file or directory
03-21 20:45:38.446   877   877 E SensorManager: Correct handle(24) mindelay: 200000000 old: 1000000
03-21 20:45:38.446   877   877 I Situation: batch: handle:24, flag:0,samplingPeriodNs:200000000 maxBatchReportLatencyNs:0
03-21 20:45:38.448   877   877 I Situation: enable: handle:24, en:1 
03-21 20:45:38.457  1587  1708 I DisplayPowerController[0]: BrightnessEvent: brt=0.0(0.0%), nits=2.7194705, lux=-1.0, reason=screen_off, strat=ScreenOffBrightnessStrategy, state=OFF, stateReason=UNKNOWN, policy=DOZE, flags=, initBrt=0.0, rcmdBrt=NaN, preBrt=NaN, preLux=0.0, wasShortTermModelActive=false, autoBrightness=false (default), unclampedBrt=-1.0, hbmMax=1.0, hbmMode=sunlight, thrmMax=1.0, rbcStrength=50, powerFactor=1.0, physDisp=Built-in Screen(local:4627039422300187648), logicalId=0, slowChange=false, rampSpeed=0.0
03-21 20:45:38.489   888  2646 W StNfcHal: Idle data: 2nd byte is 0x40
03-21 20:45:38.489   888  2646 W StNfcHal: , reading next 2 bytes
03-21 20:45:38.495  1587  1587 I PowerManagerService: onFlip(): Face up.
03-21 20:45:38.495   877   877 I Accelerometer: enable: handle:0, en:0
03-21 20:45:38.512   888  2646 W StNfcHal: Idle data: 2nd byte is 0x40
03-21 20:45:38.512   888  2646 W StNfcHal: , reading next 2 bytes
03-21 20:45:38.518  2203  2203 W libnfc_nci: nativeNfcTag_doDisconnect: tag already deactivated
03-21 20:45:38.544 25642 25642 W libbinder.BackendUnifiedServiceManager: Thread Pool max thread count is 0. Cannot cache binder as linkToDeath cannot be implemented. serviceName: deviceidle
03-21 20:45:38.548  1587  2667 W AppOps  : Noting op not finished: uid 10300 pkg com.google.android.gms code 113 startTime of in progress event=1774113928726
03-21 20:45:38.550  2034  2034 W View    : requestLayout() improperly called by com.android.keyguard.CarrierText{69a8c9b V.ED..... ......ID 47,0-503,93 #7f0b0456 app:id/keyguard_carrier_text} during layout: running second layout pass
03-21 20:45:38.551  2034  2034 W View    : requestLayout() improperly called by qqs_header_constraint->qs_header_constraint (pos:0.0 Dpos/Dt:0.0 during layout: running second layout pass
03-21 20:45:38.551  2034  2034 W View    : requestLayout() improperly called by com.android.systemui.statusbar.policy.CustomClockViewStub{ed02b07 V.E...... ......I. 47,0-52,93 #7f0b027e app:id/custom_clock} during layout: running second layout pass
03-21 20:45:38.551  2034  2034 W View    : requestLayout() improperly called by com.android.systemui.statusbar.policy.Clock{a28a434 VFED..C.. ......ID 47,0-128,93 #7f0b020c app:id/clock} during layout: running second layout pass
03-21 20:45:38.551  2034  2034 W View    : requestLayout() improperly called by com.android.systemui.statusbar.policy.VariableDateView{98df25d V.ED..... ......ID 149,15-149,78 #7f0b028b app:id/date} during layout: running second layout pass
03-21 20:45:38.551  2034  2034 W View    : requestLayout() improperly called by com.android.systemui.shade.carrier.ShadeCarrierGroup{236b7d2 V.E...... ......ID 674,0-1038,93 #7f0b01df app:id/carrier_group} during layout: running second layout pass
03-21 20:45:38.551  2034  2034 W View    : requestLayout() improperly called by android.widget.FrameLayout{bba70a3 V.E...... ......ID 762,15-1027,78 #7f0b07f6 app:id/shade_header_system_icons} during layout: running second layout pass
03-21 20:45:38.551  2034  2034 W View    : requestLayout() improperly called by android.widget.FrameLayout{dc5cfa0 V.E...... ......I. 1027,0-1027,93 #7f0b06ce app:id/privacy_container} during layout: running second layout pass
03-21 20:45:38.552  2034  2034 W View    : requestLayout() improperly called by com.android.systemui.util.AutoMarqueeTextView{1874838 V.ED..... ..S...ID 0,0-135,55 #7f0b0576 app:id/mobile_carrier_text} during layout: running second layout pass
03-21 20:45:38.559  3073 25646 I DeviceStatusMonitor: DeviceStatusMonitor.handleBroadcast():138 onReceive() : Action = android.intent.action.SCREEN_OFF
03-21 20:45:38.559  3073 25646 I DeviceStatusMonitor: DeviceStatusMonitor.updateCountryInfo():154 updateCountryInfo(), notifyAnyway = false
03-21 20:45:38.561  3073  3073 I Module  : DeviceLockedStatusModuleProvider$Module.updateDeviceLockedStatus():103 repeatCheckTimes = 0, locked = false
03-21 20:45:38.562  3073  3073 I InputBundle: InputBundle.consumeEvent():1037 Skip consuming an event as imeStatus is INACTIVE
03-21 20:45:38.578  1587  1972 I MR2ServiceImpl: Updating composite discovery preference | preference: RouteDiscoveryRequest{ preferredFeatures={}, activeScan=false }, active routers: []
03-21 20:45:38.606  2458  2458 I Dtdi    : [RouteScanController] stopScan: stopping route scanning [CONTEXT service_id=312 ]
03-21 20:45:38.609  2458  2458 I Dtdi    : [RouteScanController] stopScan: no active scanning sessions exist [CONTEXT service_id=312 ]
03-21 20:45:38.612   914   988 E surfaceflinger: == MALI DEBUG ===eglp_winsys_populate_image_templates ==12288
03-21 20:45:38.615   877   924 W AString : ctor got NULL, using empty string instead
03-21 20:45:38.615   877   924 I Gyroscope: write temp cali: [376, 1914, 2476, -61041, -30220, -151303]
03-21 20:45:38.645   914   914 I SurfaceFlinger: Display 4627039422300187648 policy changed
03-21 20:45:38.645   914   914 I SurfaceFlinger: Previous: {defaultModeId=1, allowGroupSwitching=false, primaryRanges={physical=[90.00 Hz, 90.00 Hz], render=[90.00 Hz, 90.00 Hz]}, appRequestRanges={physical=[0.00 Hz, 90.00 Hz], render=[0.00 Hz, 90.00 Hz]} idleScreenConfig=nullptr}
03-21 20:45:38.645   914   914 I SurfaceFlinger: Current:  DisplayManagerPolicy{defaultModeId=0, allowGroupSwitching=false, primaryRanges={physical=[0.00 Hz, 90.00 Hz], render=[0.00 Hz, 60.00 Hz]}, appRequestRanges={physical=[0.00 Hz, 90.00 Hz], render=[0.00 Hz, 60.00 Hz]} idleScreenConfig=nullptr}
03-21 20:45:38.645   914   914 I SurfaceFlinger: 1 mode changes were performed under the previous policy
03-21 20:45:38.653 25645 25645 W libbinder.BackendUnifiedServiceManager: Thread Pool max thread count is 0. Cannot cache binder as linkToDeath cannot be implemented. serviceName: battery
03-21 20:45:38.655   852   992 I hwcomposer: [HWC] (0) displaySetActiveConfig config:0  
03-21 20:45:38.658  1587  1652 I UsbPortManager: USB HAL AIDL version: USB_HAL_V2_0
03-21 20:45:38.665  1587  1655 I DisplayDeviceRepository: Display device changed render timings: "Built-in Screen", renderFrameRate=60.0, presentationDeadlineNanos=16666667, appVsyncOffsetNanos=1000000, frameRateOverrides=[]
03-21 20:45:38.694  1587  1927 E SupplicantStaIfaceHalAidlImpl: ISupplicantStaIface.setSuspendModeEnabled failed with service specific exception: 
03-21 20:45:38.694  1587  1927 E SupplicantStaIfaceHalAidlImpl: android.os.ServiceSpecificException:  (code 1)
03-21 20:45:38.694  1587  1927 E SupplicantStaIfaceHalAidlImpl: 	at android.os.Parcel.createExceptionOrNull(Parcel.java:3387)
03-21 20:45:38.694  1587  1927 E SupplicantStaIfaceHalAidlImpl: 	at android.os.Parcel.createException(Parcel.java:3357)
03-21 20:45:38.694  1587  1927 E SupplicantStaIfaceHalAidlImpl: 	at android.os.Parcel.readException(Parcel.java:3340)
03-21 20:45:38.694  1587  1927 E SupplicantStaIfaceHalAidlImpl: 	at android.os.Parcel.readException(Parcel.java:3282)
03-21 20:45:38.694  1587  1927 E SupplicantStaIfaceHalAidlImpl: 	at com.android.wifi.x.android.hardware.wifi.supplicant.ISupplicantStaIface$Stub$Proxy.setSuspendModeEnabled(ISupplicantStaIface.java:2962)
03-21 20:45:38.694  1587  1927 E SupplicantStaIfaceHalAidlImpl: 	at com.android.server.wifi.SupplicantStaIfaceHalAidlImpl.setSuspendModeEnabled(SupplicantStaIfaceHalAidlImpl.java:2094)
03-21 20:45:38.694  1587  1927 E SupplicantStaIfaceHalAidlImpl: 	at com.android.server.wifi.SupplicantStaIfaceHal.setSuspendModeEnabled(SupplicantStaIfaceHal.java:1722)
03-21 20:45:38.694  1587  1927 E SupplicantStaIfaceHalAidlImpl: 	at com.android.server.wifi.WifiNative.setSuspendOptimizations(WifiNative.java:2831)
03-21 20:45:38.694  1587  1927 E SupplicantStaIfaceHalAidlImpl: 	at com.android.server.wifi.ClientModeImpl.setSuspendOptimizationsNative(ClientModeImpl.java:2759)
03-21 20:45:38.694  1587  1927 E SupplicantStaIfaceHalAidlImpl: 	at com.android.server.wifi.ClientModeImpl.-$$Nest$msetSuspendOptimizationsNative(ClientModeImpl.java:0)
03-21 20:45:38.694  1587  1927 E SupplicantStaIfaceHalAidlImpl: 	at com.android.server.wifi.ClientModeImpl$ConnectableState.processMessageImpl(ClientModeImpl.java:5048)
03-21 20:45:38.694  1587  1927 E SupplicantStaIfaceHalAidlImpl: 	at com.android.server.wifi.RunnerState.processMessage(RunnerState.java:82)
03-21 20:45:38.694  1587  1927 E SupplicantStaIfaceHalAidlImpl: 	at com.android.wifi.x.com.android.internal.util.StateMachine$SmHandler.processMsg(StateMachine.java:1007)
03-21 20:45:38.694  1587  1927 E SupplicantStaIfaceHalAidlImpl: 	at com.android.wifi.x.com.android.internal.util.StateMachine$SmHandler.handleMessage(StateMachine.java:820)
03-21 20:45:38.694  1587  1927 E SupplicantStaIfaceHalAidlImpl: 	at android.os.Handler.dispatchMessage(Handler.java:132)
03-21 20:45:38.694  1587  1927 E SupplicantStaIfaceHalAidlImpl: 	at android.os.Looper.dispatchMessage(Looper.java:333)
03-21 20:45:38.694  1587  1927 E SupplicantStaIfaceHalAidlImpl: 	at android.os.Looper.loopOnce(Looper.java:263)
03-21 20:45:38.694  1587  1927 E SupplicantStaIfaceHalAidlImpl: 	at android.os.Looper.loop(Looper.java:367)
03-21 20:45:38.694  1587  1927 E SupplicantStaIfaceHalAidlImpl: 	at android.os.HandlerThread.run(HandlerThread.java:139)
03-21 20:45:38.750 25651 25651 W libbinder.BackendUnifiedServiceManager: Thread Pool max thread count is 0. Cannot cache binder as linkToDeath cannot be implemented. serviceName: deviceidle
03-21 20:45:38.856   625  2778 W libperfmgr: Failed to write to node: /dev/stune/top-app/schedtune.boost with value: 10, fd: -1
03-21 20:45:38.856   625  2778 W libperfmgr: Failed to write to node: /proc/sys/kernel/sched_boost with value: 0, fd: -1
03-21 20:45:39.090  1587  8904 W Transition: Transition already started id=248 state=2
03-21 20:45:39.118  2034  2110 E QuickAccessWalletKeyguardQuickAffordanceConfig: Wallet card retrieval error, message: "null"
03-21 20:45:39.121  2034  2110 E QuickAccessWalletKeyguardQuickAffordanceConfig: Wallet card retrieval error, message: "null"
03-21 20:45:39.124  2034  2110 E QuickAccessWalletKeyguardQuickAffordanceConfig: Wallet card retrieval error, message: "null"
03-21 20:45:39.324   844 25654 I resolv  : GetAddrInfoHandler::run: {102 102 102 983142 10399 0}
03-21 20:45:39.326   844 25655 I resolv  : res_nmkquery: (QUERY, IN, A)
03-21 20:45:39.341   844 25655 I resolv  : res_nsend: used send_dg 43 terrno: 0
03-21 20:45:39.341   844 25655 I resolv  : doQuery: rcode=0, ancount=1, return value=43
03-21 20:45:39.354 24797 24797 I ReactNativeJNI: Error occurred, shutting down websocket connection: WebSocket exception unexpected end of stream on http://localhost:8081/...
03-21 20:45:39.357   625  2778 W libperfmgr: Failed to write to node: /dev/stune/top-app/schedtune.boost with value: 10, fd: -1
03-21 20:45:39.357   625  2778 W libperfmgr: Failed to write to node: /proc/sys/kernel/sched_boost with value: 0, fd: -1
03-21 20:45:39.550  1587  3034 W AppOps  : Noting op not finished: uid 10300 pkg com.google.android.gms code 113 startTime of in progress event=1774113928726
03-21 20:45:39.857   625  2778 W libperfmgr: Failed to write to node: /dev/stune/top-app/schedtune.boost with value: 10, fd: -1
03-21 20:45:39.857   625  2778 W libperfmgr: Failed to write to node: /proc/sys/kernel/sched_boost with value: 0, fd: -1
03-21 20:45:39.858   844   878 I netd    : tetherGetStats() -> {[]} <1.39ms>
03-21 20:45:40.357   625  2778 W libperfmgr: Failed to write to node: /dev/stune/top-app/schedtune.boost with value: 10, fd: -1
03-21 20:45:40.357   625  2778 W libperfmgr: Failed to write to node: /proc/sys/kernel/sched_boost with value: 0, fd: -1
03-21 20:45:40.857   625  2778 W libperfmgr: Failed to write to node: /dev/stune/top-app/schedtune.boost with value: 10, fd: -1
03-21 20:45:40.858   625  2778 W libperfmgr: Failed to write to node: /proc/sys/kernel/sched_boost with value: 0, fd: -1
03-21 20:45:40.970  2237  2237 E SatelliteController: registerForSatelliteModemStateChanged: mSatelliteSessionController is not initialized yet
03-21 20:45:40.975  2237  2237 E SatelliteController: registerForSatelliteModemStateChanged: mSatelliteSessionController is not initialized yet
03-21 20:45:40.983  2237  2378 E SatelliteController: notifyNtnEligibility: mSatellitePhone is null
03-21 20:45:40.996  1587  3034 W ContextImpl: Calling a method in the system process without a qualified user: android.app.ContextImpl.sendBroadcastMultiplePermissions:1358 android.content.Context.sendBroadcastMultiplePermissions:2796 com.android.server.TelephonyRegistry.broadcastServiceStateChanged:4172 com.android.server.TelephonyRegistry.notifyServiceStateForPhoneId:1848 com.android.internal.telephony.ITelephonyRegistry$Stub.onTransact:613 
03-21 20:45:41.000  1587  3034 W ContextImpl: Calling a method in the system process without a qualified user: android.app.ContextImpl.sendBroadcastMultiplePermissions:1391 com.android.server.TelephonyRegistry.broadcastServiceStateChanged:4177 com.android.server.TelephonyRegistry.notifyServiceStateForPhoneId:1848 com.android.internal.telephony.ITelephonyRegistry$Stub.onTransact:613 android.os.Binder.execTransactInternal:1473 
03-21 20:45:41.006  1587  3034 W ContextImpl: Calling a method in the system process without a qualified user: android.app.ContextImpl.sendBroadcastMultiplePermissions:1391 com.android.server.TelephonyRegistry.broadcastServiceStateChanged:4186 com.android.server.TelephonyRegistry.notifyServiceStateForPhoneId:1848 com.android.internal.telephony.ITelephonyRegistry$Stub.onTransact:613 android.os.Binder.execTransactInternal:1473 
03-21 20:45:41.010  1587  3034 W ContextImpl: Calling a method in the system process without a qualified user: android.app.ContextImpl.sendBroadcastMultiplePermissions:1391 com.android.server.TelephonyRegistry.broadcastServiceStateChanged:4192 com.android.server.TelephonyRegistry.notifyServiceStateForPhoneId:1848 com.android.internal.telephony.ITelephonyRegistry$Stub.onTransact:613 android.os.Binder.execTransactInternal:1473 
03-21 20:45:41.043  1587  1680 W libprocessgroup: SetCgroup::ExecuteForProcess: failed to open /dev/stune/background/cgroup.procs: No such file or directory
03-21 20:45:41.056  2237  2237 I Telephony: TelecomAccountRegistry$TelecomAccountTelephonyCallback: TelecomAccountRegistry: onServiceStateChanged: newState=0, mServiceState=0
03-21 20:45:41.056  2237  2237 W Telephony: registerMmTelCapabilityCallback: registration failed, no ImsService available. Exception: code: 1
03-21 20:45:41.060  2237  2237 I Telephony: isRttCurrentlySupported -- regular acct, hasVoiceAvailability: false
03-21 20:45:41.060  2237  2237 I Telephony:  isRttSupported: false
03-21 20:45:41.060  2237  2237 I Telephony:  alwaysAllowWhileRoaming: false
03-21 20:45:41.060  2237  2237 I Telephony:  isRoaming: false
03-21 20:45:41.060  2237  2237 I Telephony:  isOnWfc: false
03-21 20:45:41.289  2034  2044 W System  : A resource failed to call release. 
03-21 20:45:41.291  2034  2044 W System  : A resource failed to call release. 
03-21 20:45:41.292  2034  2044 W System  : A resource failed to call release. 
03-21 20:45:41.292  2034  2044 W System  : A resource failed to call release. 
03-21 20:45:41.292  2034  2044 W System  : A resource failed to call release. 
03-21 20:45:41.298  2034  2044 W System  : A resource failed to call release. 
03-21 20:45:41.298  2034  2044 W System  : A resource failed to call release. 
03-21 20:45:41.299  2034  2044 W System  : A resource failed to call release. 
03-21 20:45:41.299  2034  2044 W System  : A resource failed to call release. 
03-21 20:45:41.299  2034  2044 W System  : A resource failed to call release. 
03-21 20:45:41.299  2034  2044 W System  : A resource failed to call release. 
03-21 20:45:41.299  2034  2044 W System  : A resource failed to call release. 
03-21 20:45:41.300  2034  2044 W System  : A resource failed to call release. 
03-21 20:45:41.300  2034  2044 W System  : A resource failed to call release. 
03-21 20:45:41.302  2034  2044 W System  : A resource failed to call release. 
03-21 20:45:41.302  2034  2044 W System  : A resource failed to call release. 
03-21 20:45:41.302  2034  2044 W System  : A resource failed to call release. 
03-21 20:45:41.307  2034  2044 W System  : A resource failed to call release. 
03-21 20:45:41.307  2034  2044 W System  : A resource failed to call release. 
03-21 20:45:41.307  2034  2044 W System  : A resource failed to call release. 
03-21 20:45:41.307  2034  2044 W System  : A resource failed to call release. 
03-21 20:45:41.307  2034  2044 W System  : A resource failed to call release. 
03-21 20:45:41.307  2034  2044 W System  : A resource failed to call release. 
03-21 20:45:41.307  2034  2044 W System  : A resource failed to call release. 
03-21 20:45:41.307  2034  2044 W System  : A resource failed to call release. 
03-21 20:45:41.308  2034  2044 W System  : A resource failed to call release. 
03-21 20:45:41.308  2034  2044 W System  : A resource failed to call release. 
03-21 20:45:41.308  2034  2044 W System  : A resource failed to call release. 
03-21 20:45:41.308  2034  2044 W System  : A resource failed to call release. 
03-21 20:45:41.308  2034  2044 W System  : A resource failed to call release. 
03-21 20:45:41.358   625  2778 W libperfmgr: Failed to write to node: /dev/stune/top-app/schedtune.boost with value: 10, fd: -1
03-21 20:45:41.358   625  2778 W libperfmgr: Failed to write to node: /proc/sys/kernel/sched_boost with value: 0, fd: -1
03-21 20:45:41.371   844 25657 I resolv  : GetAddrInfoHandler::run: {102 102 102 983142 10399 0}
03-21 20:45:41.372   844 25658 I resolv  : res_nmkquery: (QUERY, IN, A)
03-21 20:45:41.382   844 25658 I resolv  : res_nsend: used send_dg 43 terrno: 0
03-21 20:45:41.382   844 25658 I resolv  : doQuery: rcode=0, ancount=1, return value=43
03-21 20:45:41.395 24797 24797 I ReactNativeJNI: Error occurred, shutting down websocket connection: WebSocket exception unexpected end of stream on http://localhost:8081/...
03-21 20:45:41.858   625  2778 W libperfmgr: Failed to write to node: /dev/stune/top-app/schedtune.boost with value: 10, fd: -1
03-21 20:45:41.858   625  2778 W libperfmgr: Failed to write to node: /proc/sys/kernel/sched_boost with value: 0, fd: -1
03-21 20:45:42.358   625  2778 W libperfmgr: Failed to write to node: /dev/stune/top-app/schedtune.boost with value: 10, fd: -1
03-21 20:45:42.358   625  2778 W libperfmgr: Failed to write to node: /proc/sys/kernel/sched_boost with value: 0, fd: -1
03-21 20:45:42.859   625  2778 W libperfmgr: Failed to write to node: /dev/stune/top-app/schedtune.boost with value: 10, fd: -1
03-21 20:45:42.859   625  2778 W libperfmgr: Failed to write to node: /proc/sys/kernel/sched_boost with value: 0, fd: -1
03-21 20:45:42.872  2034  2114 E FromGoneTransitionInteractor: Ignoring startTransition: This interactor asked to transition from GONE -> LOCKSCREEN, but we last transitioned to DOZING, not GONE. This should never happen - check currentTransitionInfoInternal or use filterRelevantKeyguardState before starting transitions.
03-21 20:45:42.873  2034  2034 E NotifRow: Magnetic state changed from IDLE to IDLE on a null swiped listener, or the logging key of the listener is null
03-21 20:45:42.878   594  5995 I keystore2: system/security/keystore2/src/authorization.rs:151 - on_device_locked(AndroidUserId(0), unlocking_sids=[SecureUserId(-7245739854948165699)], weak_unlock_enabled=false)
03-21 20:45:42.881   595   595 I beanpodkeymaster: cmd:14 Received 485 byte response
03-21 20:45:42.895   594  5995 I keystore2: system/security/keystore2/src/super_key.rs:995 - UnlockedDeviceRequired super keys for AndroidUserId(0) are biometric-encrypted
03-21 20:45:42.906   888  2646 W StNfcHal: ! i2cWrite!!, errno is 'I/O error'
03-21 20:45:42.907   595   595 I beanpodkeymaster: cmd:20 Received 4 byte response
03-21 20:45:42.908  2034  2034 I KeyguardDisplayManager: Secondary Keyguard presentation not shown on display 0 because shade window is on it (with the primary keyguard)
03-21 20:45:42.910   888  2646 W StNfcHal: Idle data: 2nd byte is 0x40
03-21 20:45:42.910   888  2646 W StNfcHal: , reading next 2 bytes
03-21 20:45:42.913   888  2646 W StNfcHal: Idle data: 2nd byte is 0x40
03-21 20:45:42.913   888  2646 W StNfcHal: , reading next 2 bytes
03-21 20:45:43.122  1587  1652 I UsbPortManager: USB HAL AIDL version: USB_HAL_V2_0
03-21 20:45:43.359   625  2778 W libperfmgr: Failed to write to node: /dev/stune/top-app/schedtune.boost with value: 10, fd: -1
03-21 20:45:43.359   625  2778 W libperfmgr: Failed to write to node: /proc/sys/kernel/sched_boost with value: 0, fd: -1
03-21 20:45:43.411   844 25661 I resolv  : GetAddrInfoHandler::run: {102 102 102 983142 10399 0}
03-21 20:45:43.411   844 25661 I resolv  : GetAddrInfoHandler::run: network access blocked
03-21 20:45:43.413 24797 24797 I ReactNativeJNI: Error occurred, shutting down websocket connection: WebSocket exception Unable to resolve host "localhost": No address associated with hostname
03-21 20:45:43.859   625  2778 W libperfmgr: Failed to write to node: /dev/stune/top-app/schedtune.boost with value: 10, fd: -1
03-21 20:45:43.859   625  2778 W libperfmgr: Failed to write to node: /proc/sys/kernel/sched_boost with value: 0, fd: -1
03-21 20:45:44.360   625  2778 W libperfmgr: Failed to write to node: /dev/stune/top-app/schedtune.boost with value: 10, fd: -1
03-21 20:45:44.360   625  2778 W libperfmgr: Failed to write to node: /proc/sys/kernel/sched_boost with value: 0, fd: -1
03-21 20:45:44.840 25662 25662 W libbinder.BackendUnifiedServiceManager: Thread Pool max thread count is 0. Cannot cache binder as linkToDeath cannot be implemented. serviceName: deviceidle
03-21 20:45:44.860   625  2778 W libperfmgr: Failed to write to node: /dev/stune/top-app/schedtune.boost with value: 10, fd: -1
03-21 20:45:44.860   625  2778 W libperfmgr: Failed to write to node: /proc/sys/kernel/sched_boost with value: 0, fd: -1
03-21 20:45:44.930 25664 25664 W libbinder.BackendUnifiedServiceManager: Thread Pool max thread count is 0. Cannot cache binder as linkToDeath cannot be implemented. serviceName: battery
03-21 20:45:45.020 25666 25666 W libbinder.BackendUnifiedServiceManager: Thread Pool max thread count is 0. Cannot cache binder as linkToDeath cannot be implemented. serviceName: deviceidle
03-21 20:45:45.118  1587  1653 I system_server: Explicit concurrent mark compact GC freed 32MB AllocSpace bytes, 98(1976KB) LOS objects, 69% free, 41MB/137MB, paused 9.084ms,17.895ms total 1.658s
03-21 20:45:45.149  1587  1624 W System  : A resource failed to call HardwareBuffer.close. 
03-21 20:45:45.157  1587  1624 W System  : A resource failed to call HardwareBuffer.close. 
03-21 20:45:45.360   625  2778 W libperfmgr: Failed to write to node: /dev/stune/top-app/schedtune.boost with value: 10, fd: -1
03-21 20:45:45.360   625  2778 W libperfmgr: Failed to write to node: /proc/sys/kernel/sched_boost with value: 0, fd: -1
03-21 20:45:45.429   844 25668 I resolv  : GetAddrInfoHandler::run: {102 102 102 983142 10399 0}
03-21 20:45:45.429   844 25668 I resolv  : GetAddrInfoHandler::run: network access blocked
03-21 20:45:45.432 24797 24797 I ReactNativeJNI: Error occurred, shutting down websocket connection: WebSocket exception Unable to resolve host "localhost": No address associated with hostname
03-21 20:45:45.860   625  2778 W libperfmgr: Failed to write to node: /dev/stune/top-app/schedtune.boost with value: 10, fd: -1
03-21 20:45:45.860   625  2778 W libperfmgr: Failed to write to node: /proc/sys/kernel/sched_boost with value: 0, fd: -1
03-21 20:45:46.361   625  2778 W libperfmgr: Failed to write to node: /dev/stune/top-app/schedtune.boost with value: 10, fd: -1
03-21 20:45:46.361   625  2778 W libperfmgr: Failed to write to node: /proc/sys/kernel/sched_boost with value: 0, fd: -1
03-21 20:45:46.762  1587  1653 I system_server: Explicit concurrent mark compact GC freed 664KB AllocSpace bytes, 5(100KB) LOS objects, 69% free, 41MB/137MB, paused 9.035ms,17.113ms total 1.602s
03-21 20:45:46.763  1587  1653 W Looper  : Slow dispatch took 3304ms android.ui app=system_server main=false group=FOREGROUND h=com.android.server.policy.PhoneWindowManager$PolicyHandler c=com.android.server.policy.PhoneWindowManager$13@f14467a m=0
03-21 20:45:46.760  1587  1587 W CachedAppOptimi: type=1400 audit(0.0:1414): avc:  denied  { search } for  name="irq" dev="proc" ino=4026531871 scontext=u:r:system_server:s0 tcontext=u:object_r:proc_irq:s0 tclass=dir permissive=0
03-21 20:45:46.768  1587  1889 E libprocessgroup: Failed to read /sys/fs/cgroup/system/uid_0/pid_0/memory.current: No such file or directory
03-21 20:45:46.768  1587  1889 W libprocessgroup: Failed to apply CompactFull process profile
03-21 20:45:46.769  1587  1889 E libprocessgroup: Failed to read /sys/fs/cgroup/system/uid_0/pid_0/memory.current: No such file or directory
03-21 20:45:46.769  1587  1889 W libprocessgroup: Failed to apply CompactFull process profile
03-21 20:45:46.770  1587  1889 E libprocessgroup: Failed to read /sys/fs/cgroup/system/uid_0/pid_1/memory.current: No such file or directory
03-21 20:45:46.770  1587  1889 W libprocessgroup: Failed to apply CompactFull process profile
03-21 20:45:46.770  1587  1889 E libprocessgroup: Failed to read /sys/fs/cgroup/system/uid_0/pid_2/memory.current: No such file or directory
03-21 20:45:46.770  1587  1889 W libprocessgroup: Failed to apply CompactFull process profile
03-21 20:45:46.771  1587  1889 E libprocessgroup: Failed to read /sys/fs/cgroup/system/uid_0/pid_3/memory.current: No such file or directory
03-21 20:45:46.771  1587  1889 W libprocessgroup: Failed to apply CompactFull process profile
03-21 20:45:46.771  1587  1889 E libprocessgroup: Failed to read /sys/fs/cgroup/system/uid_0/pid_4/memory.current: No such file or directory
03-21 20:45:46.771  1587  1889 W libprocessgroup: Failed to apply CompactFull process profile
03-21 20:45:46.772  1587  1889 E libprocessgroup: Failed to read /sys/fs/cgroup/system/uid_0/pid_8/memory.current: No such file or directory
03-21 20:45:46.772  1587  1889 W libprocessgroup: Failed to apply CompactFull process profile
03-21 20:45:46.772  1587  1889 E libprocessgroup: Failed to read /sys/fs/cgroup/system/uid_0/pid_9/memory.current: No such file or directory
03-21 20:45:46.772  1587  1889 W libprocessgroup: Failed to apply CompactFull process profile
03-21 20:45:46.772  1587  1889 E libprocessgroup: Failed to read /sys/fs/cgroup/system/uid_0/pid_10/memory.current: No such file or directory
03-21 20:45:46.773  1587  1889 W libprocessgroup: Failed to apply CompactFull process profile
03-21 20:45:46.773  1587  1889 E libprocessgroup: Failed to read /sys/fs/cgroup/system/uid_0/pid_11/memory.current: No such file or directory
03-21 20:45:46.773  1587  1889 W libprocessgroup: Failed to apply CompactFull process profile
03-21 20:45:46.773  1587  1889 E libprocessgroup: Failed to read /sys/fs/cgroup/system/uid_0/pid_12/memory.current: No such file or directory
03-21 20:45:46.773  1587  1889 W libprocessgroup: Failed to apply CompactFull process profile
03-21 20:45:46.773  1587  1889 E libprocessgroup: Failed to read /sys/fs/cgroup/system/uid_0/pid_13/memory.current: No such file or directory
03-21 20:45:46.773  1587  1889 W libprocessgroup: Failed to apply CompactFull process profile
03-21 20:45:46.773  1587  1889 E libprocessgroup: Failed to read /sys/fs/cgroup/system/uid_0/pid_14/memory.current: No such file or directory
03-21 20:45:46.773  1587  1889 W libprocessgroup: Failed to apply CompactFull process profile
03-21 20:45:46.774  1587  1889 E libprocessgroup: Failed to read /sys/fs/cgroup/system/uid_0/pid_15/memory.current: No such file or directory
03-21 20:45:46.774  1587  1889 W libprocessgroup: Failed to apply CompactFull process profile
03-21 20:45:46.774  1587  1889 E libprocessgroup: Failed to read /sys/fs/cgroup/system/uid_0/pid_18/memory.current: No such file or directory
03-21 20:45:46.774  1587  1889 W libprocessgroup: Failed to apply CompactFull process profile
03-21 20:45:46.774  1587  1889 E libprocessgroup: Failed to read /sys/fs/cgroup/system/uid_0/pid_19/memory.current: No such file or directory
03-21 20:45:46.774  1587  1889 W libprocessgroup: Failed to apply CompactFull process profile
03-21 20:45:46.774  1587  1889 E libprocessgroup: Failed to read /sys/fs/cgroup/system/uid_0/pid_20/memory.current: No such file or directory
03-21 20:45:46.774  1587  1889 W libprocessgroup: Failed to apply CompactFull process profile
03-21 20:45:46.775  1587  1889 E libprocessgroup: Failed to read /sys/fs/cgroup/system/uid_0/pid_23/memory.current: No such file or directory
03-21 20:45:46.775  1587  1889 W libprocessgroup: Failed to apply CompactFull process profile
03-21 20:45:46.775  1587  1889 E libprocessgroup: Failed to read /sys/fs/cgroup/system/uid_0/pid_24/memory.current: No such file or directory
03-21 20:45:46.775  1587  1889 W libprocessgroup: Failed to apply CompactFull process profile
03-21 20:45:46.775  1587  1889 E libprocessgroup: Failed to read /sys/fs/cgroup/system/uid_0/pid_25/memory.current: No such file or directory
03-21 20:45:46.775  1587  1889 W libprocessgroup: Failed to apply CompactFull process profile
03-21 20:45:46.775  1587  1889 E libprocessgroup: Failed to read /sys/fs/cgroup/system/uid_0/pid_27/memory.current: No such file or directory
03-21 20:45:46.775  1587  1889 W libprocessgroup: Failed to apply CompactFull process profile
03-21 20:45:46.775  1587  1889 E libprocessgroup: Failed to read /sys/fs/cgroup/system/uid_0/pid_28/memory.current: No such file or directory
03-21 20:45:46.775  1587  1889 W libprocessgroup: Failed to apply CompactFull process profile
03-21 20:45:46.776  1587  1889 E libprocessgroup: Failed to read /sys/fs/cgroup/system/uid_0/pid_29/memory.current: No such file or directory
03-21 20:45:46.776  1587  1889 W libprocessgroup: Failed to apply CompactFull process profile
03-21 20:45:46.776  1587  1889 E libprocessgroup: Failed to read /sys/fs/cgroup/system/uid_0/pid_30/memory.current: No such file or directory
03-21 20:45:46.776  1587  1889 W libprocessgroup: Failed to apply CompactFull process profile
03-21 20:45:46.776  1587  1889 E libprocessgroup: Failed to read /sys/fs/cgroup/system/uid_0/pid_33/memory.current: No such file or directory
03-21 20:45:46.776  1587  1889 W libprocessgroup: Failed to apply CompactFull process profile
03-21 20:45:46.776  1587  1889 E libprocessgroup: Failed to read /sys/fs/cgroup/system/uid_0/pid_34/memory.current: No such file or directory
03-21 20:45:46.776  1587  1889 W libprocessgroup: Failed to apply CompactFull process profile
03-21 20:45:46.776  1587  1889 E libprocessgroup: Failed to read /sys/fs/cgroup/system/uid_0/pid_35/memory.current: No such file or directory
03-21 20:45:46.777  1587  1889 W libprocessgroup: Failed to apply CompactFull process profile
03-21 20:45:46.777  1587  1889 E libprocessgroup: Failed to read /sys/fs/cgroup/system/uid_0/pid_38/memory.current: No such file or directory
03-21 20:45:46.777  1587  1889 W libprocessgroup: Failed to apply CompactFull process profile
03-21 20:45:46.777  1587  1889 E libprocessgroup: Failed to read /sys/fs/cgroup/system/uid_0/pid_39/memory.current: No such file or directory
03-21 20:45:46.777  1587  1889 W libprocessgroup: Failed to apply CompactFull process profile
03-21 20:45:46.777  1587  1889 E libprocessgroup: Failed to read /sys/fs/cgroup/system/uid_0/pid_40/memory.current: No such file or directory
03-21 20:45:46.777  1587  1889 W libprocessgroup: Failed to apply CompactFull process profile
03-21 20:45:46.777  1587  1889 E libprocessgroup: Failed to read /sys/fs/cgroup/system/uid_0/pid_42/memory.current: No such file or directory
03-21 20:45:46.777  1587  1889 W libprocessgroup: Failed to apply CompactFull process profile
03-21 20:45:46.778  1587  1889 E libprocessgroup: Failed to read /sys/fs/cgroup/system/uid_0/pid_43/memory.current: No such file or directory
03-21 20:45:46.778  1587  1889 W libprocessgroup: Failed to apply CompactFull process profile
03-21 20:45:46.778  1587  1889 E libprocessgroup: Failed to read /sys/fs/cgroup/system/uid_0/pid_44/memory.current: No such file or directory
03-21 20:45:46.778  1587  1889 W libprocessgroup: Failed to apply CompactFull process profile
03-21 20:45:46.778  1587  1889 E libprocessgroup: Failed to read /sys/fs/cgroup/system/uid_0/pid_45/memory.current: No such file or directory
03-21 20:45:46.778  1587  1889 W libprocessgroup: Failed to apply CompactFull process profile
03-21 20:45:46.778  1587  1889 E libprocessgroup: Failed to read /sys/fs/cgroup/system/uid_0/pid_48/memory.current: No such file or directory
03-21 20:45:46.778  1587  1889 W libprocessgroup: Failed to apply CompactFull process profile
03-21 20:45:46.779  1587  1889 E libprocessgroup: Failed to read /sys/fs/cgroup/system/uid_0/pid_49/memory.current: No such file or directory
03-21 20:45:46.779  1587  1889 W libprocessgroup: Failed to apply CompactFull process profile
03-21 20:45:46.779  1587  1889 E libprocessgroup: Failed to read /sys/fs/cgroup/system/uid_0/pid_50/memory.current: No such file or directory
03-21 20:45:46.779  1587  1889 W libprocessgroup: Failed to apply CompactFull process profile
03-21 20:45:46.779  1587  1889 E libprocessgroup: Failed to read /sys/fs/cgroup/system/uid_0/pid_52/memory.current: No such file or directory
03-21 20:45:46.779  1587  1889 W libprocessgroup: Failed to apply CompactFull process profile
03-21 20:45:46.779  1587  1889 E libprocessgroup: Failed to read /sys/fs/cgroup/system/uid_0/pid_54/memory.current: No such file or directory
03-21 20:45:46.779  1587  1889 W libprocessgroup: Failed to apply CompactFull process profile
03-21 20:45:46.779  1587  1889 E libprocessgroup: Failed to read /sys/fs/cgroup/system/uid_0/pid_55/memory.current: No such file or directory
03-21 20:45:46.779  1587  1889 W libprocessgroup: Failed to apply CompactFull process profile
03-21 20:45:46.780  1587  1889 E libprocessgroup: Failed to read /sys/fs/cgroup/system/uid_0/pid_56/memory.current: No such file or directory
03-21 20:45:46.780  1587  1889 W libprocessgroup: Failed to apply CompactFull process profile
03-21 20:45:46.780  1587  1889 E libprocessgroup: Failed to read /sys/fs/cgroup/system/uid_0/pid_57/memory.current: No such file or directory
03-21 20:45:46.780  1587  1889 W libprocessgroup: Failed to apply CompactFull process profile
03-21 20:45:46.780  1587  1889 E libprocessgroup: Failed to read /sys/fs/cgroup/system/uid_0/pid_58/memory.current: No such file or directory
03-21 20:45:46.780  1587  1889 W libprocessgroup: Failed to apply CompactFull process profile
03-21 20:45:46.780  1587  1889 E libprocessgroup: Failed to read /sys/fs/cgroup/system/uid_0/pid_59/memory.current: No such file or directory
03-21 20:45:46.780  1587  1889 W libprocessgroup: Failed to apply CompactFull process profile
03-21 20:45:46.781  1587  1889 E libprocessgroup: Failed to read /sys/fs/cgroup/system/uid_0/pid_60/memory.current: No such file or directory
03-21 20:45:46.781  1587  1889 W libprocessgroup: Failed to apply CompactFull process profile
03-21 20:45:46.781  1587  1889 E libprocessgroup: Failed to read /sys/fs/cgroup/system/uid_0/pid_61/memory.current: No such file or directory
03-21 20:45:46.781  1587  1889 W libprocessgroup: Failed to apply CompactFull process profile
03-21 20:45:46.781  1587  1889 E libprocessgroup: Failed to read /sys/fs/cgroup/system/uid_0/pid_62/memory.current: No such file or directory
03-21 20:45:46.781  1587  1889 W libprocessgroup: Failed to apply CompactFull process profile
03-21 20:45:46.781  1587  1889 E libprocessgroup: Failed to read /sys/fs/cgroup/system/uid_0/pid_63/memory.current: No such file or directory
03-21 20:45:46.781  1587  1889 W libprocessgroup: Failed to apply CompactFull process profile
03-21 20:45:46.781  1587  1889 E libprocessgroup: Failed to read /sys/fs/cgroup/system/uid_0/pid_64/memory.current: No such file or directory
03-21 20:45:46.781  1587  1889 W libprocessgroup: Failed to apply CompactFull process profile
03-21 20:45:46.782  1587  1889 E libprocessgroup: Failed to read /sys/fs/cgroup/system/uid_0/pid_65/memory.current: No such file or directory
03-21 20:45:46.782  1587  1889 W libprocessgroup: Failed to apply CompactFull process profile
03-21 20:45:46.782  1587  1889 E libprocessgroup: Failed to read /sys/fs/cgroup/system/uid_0/pid_66/memory.current: No such file or directory
03-21 20:45:46.782  1587  1889 W libprocessgroup: Failed to apply CompactFull process profile
03-21 20:45:46.782  1587  1889 E libprocessgroup: Failed to read /sys/fs/cgroup/system/uid_0/pid_67/memory.current: No such file or directory
03-21 20:45:46.782  1587  1889 W libprocessgroup: Failed to apply CompactFull process profile
03-21 20:45:46.782  1587  1889 E libprocessgroup: Failed to read /sys/fs/cgroup/system/uid_0/pid_68/memory.current: No such file or directory
03-21 20:45:46.782  1587  1889 W libprocessgroup: Failed to apply CompactFull process profile
03-21 20:45:46.783  1587  1889 E libprocessgroup: Failed to read /sys/fs/cgroup/system/uid_0/pid_69/memory.current: No such file or directory
03-21 20:45:46.783  1587  1889 W libprocessgroup: Failed to apply CompactFull process profile
03-21 20:45:46.783  1587  1889 E libprocessgroup: Failed to read /sys/fs/cgroup/system/uid_0/pid_70/memory.current: No such file or directory
03-21 20:45:46.783  1587  1889 W libprocessgroup: Failed to apply CompactFull process profile
03-21 20:45:46.783  1587  1889 E libprocessgroup: Failed to read /sys/fs/cgroup/system/uid_0/pid_71/memory.current: No such file or directory
03-21 20:45:46.783  1587  1889 W libprocessgroup: Failed to apply CompactFull process profile
03-21 20:45:46.783  1587  1889 E libprocessgroup: Failed to read /sys/fs/cgroup/system/uid_0/pid_77/memory.current: No such file or directory
03-21 20:45:46.783  1587  1889 W libprocessgroup: Failed to apply CompactFull process profile
03-21 20:45:46.783  1587  1889 E libprocessgroup: Failed to read /sys/fs/cgroup/system/uid_0/pid_78/memory.current: No such file or directory
03-21 20:45:46.784  1587  1889 W libprocessgroup: Failed to apply CompactFull process profile
03-21 20:45:46.784  1587  1889 E libprocessgroup: Failed to read /sys/fs/cgroup/system/uid_0/pid_79/memory.current: No such file or directory
03-21 20:45:46.784  1587  1889 W libprocessgroup: Failed to apply CompactFull process profile
03-21 20:45:46.784  1587  1889 E libprocessgroup: Failed to read /sys/fs/cgroup/system/uid_0/pid_80/memory.current: No such file or directory
03-21 20:45:46.784  1587  1889 W libprocessgroup: Failed to apply CompactFull process profile
03-21 20:45:46.784  1587  1889 E libprocessgroup: Failed to read /sys/fs/cgroup/system/uid_0/pid_81/memory.current: No such file or directory
03-21 20:45:46.784  1587  1889 W libprocessgroup: Failed to apply CompactFull process profile
03-21 20:45:46.784  1587  1889 E libprocessgroup: Failed to read /sys/fs/cgroup/system/uid_0/pid_82/memory.current: No such file or directory
03-21 20:45:46.784  1587  1889 W libprocessgroup: Failed to apply CompactFull process profile
03-21 20:45:46.784  1587  1889 E libprocessgroup: Failed to read /sys/fs/cgroup/system/uid_0/pid_83/memory.current: No such file or directory
03-21 20:45:46.784  1587  1889 W libprocessgroup: Failed to apply CompactFull process profile
03-21 20:45:46.785  1587  1889 E libprocessgroup: Failed to read /sys/fs/cgroup/system/uid_0/pid_84/memory.current: No such file or directory
03-21 20:45:46.785  1587  1889 W libprocessgroup: Failed to apply CompactFull process profile
03-21 20:45:46.785  1587  1889 E libprocessgroup: Failed to read /sys/fs/cgroup/system/uid_0/pid_85/memory.current: No such file or directory
03-21 20:45:46.785  1587  1889 W libprocessgroup: Failed to apply CompactFull process profile
03-21 20:45:46.785  1587  1889 E libprocessgroup: Failed to read /sys/fs/cgroup/system/uid_0/pid_86/memory.current: No such file or directory
03-21 20:45:46.785  1587  1889 W libprocessgroup: Failed to apply CompactFull process profile
03-21 20:45:46.785  1587  1889 E libprocessgroup: Failed to read /sys/fs/cgroup/system/uid_0/pid_87/memory.current: No such file or directory
03-21 20:45:46.785  1587  1889 W libprocessgroup: Failed to apply CompactFull process profile
03-21 20:45:46.785  1587  1889 E libprocessgroup: Failed to read /sys/fs/cgroup/system/uid_0/pid_88/memory.current: No such file or directory
03-21 20:45:46.785  1587  1889 W libprocessgroup: Failed to apply CompactFull process profile
03-21 20:45:46.786  1587  1889 E libprocessgroup: Failed to read /sys/fs/cgroup/system/uid_0/pid_89/memory.current: No such file or directory
03-21 20:45:46.786  1587  1889 W libprocessgroup: Failed to apply CompactFull process profile
03-21 20:45:46.786  1587  1889 E libprocessgroup: Failed to read /sys/fs/cgroup/system/uid_0/pid_90/memory.current: No such file or directory
03-21 20:45:46.786  1587  1889 W libprocessgroup: Failed to apply CompactFull process profile
03-21 20:45:46.786  1587  1889 E libprocessgroup: Failed to read /sys/fs/cgroup/system/uid_0/pid_91/memory.current: No such file or directory
03-21 20:45:46.786  1587  1889 W libprocessgroup: Failed to apply CompactFull process profile
03-21 20:45:46.786  1587  1889 E libprocessgroup: Failed to read /sys/fs/cgroup/system/uid_0/pid_92/memory.current: No such file or directory
03-21 20:45:46.786  1587  1889 W libprocessgroup: Failed to apply CompactFull process profile
03-21 20:45:46.786  1587  1889 E libprocessgroup: Failed to read /sys/fs/cgroup/system/uid_0/pid_93/memory.current: No such file or directory
03-21 20:45:46.786  1587  1889 W libprocessgroup: Failed to apply CompactFull process profile
03-21 20:45:46.786  1587  1889 E libprocessgroup: Failed to read /sys/fs/cgroup/system/uid_0/pid_94/memory.current: No such file or directory
03-21 20:45:46.787  1587  1889 W libprocessgroup: Failed to apply CompactFull process profile
03-21 20:45:46.787  1587  1889 E libprocessgroup: Failed to read /sys/fs/cgroup/system/uid_0/pid_95/memory.current: No such file or directory
03-21 20:45:46.787  1587  1889 W libprocessgroup: Failed to apply CompactFull process profile
03-21 20:45:46.787  1587  1889 E libprocessgroup: Failed to read /sys/fs/cgroup/system/uid_0/pid_96/memory.current: No such file or directory
03-21 20:45:46.787  1587  1889 W libprocessgroup: Failed to apply CompactFull process profile
03-21 20:45:46.787  1587  1889 E libprocessgroup: Failed to read /sys/fs/cgroup/system/uid_0/pid_97/memory.current: No such file or directory
03-21 20:45:46.787  1587  1889 W libprocessgroup: Failed to apply CompactFull process profile
03-21 20:45:46.787  1587  1889 E libprocessgroup: Failed to read /sys/fs/cgroup/system/uid_0/pid_98/memory.current: No such file or directory
03-21 20:45:46.787  1587  1889 W libprocessgroup: Failed to apply CompactFull process profile
03-21 20:45:46.787  1587  1889 E libprocessgroup: Failed to read /sys/fs/cgroup/system/uid_0/pid_99/memory.current: No such file or directory
03-21 20:45:46.788  1587  1889 W libprocessgroup: Failed to apply CompactFull process profile
03-21 20:45:46.788  1587  1889 E libprocessgroup: Failed to read /sys/fs/cgroup/system/uid_0/pid_100/memory.current: No such file or directory
03-21 20:45:46.788  1587  1889 W libprocessgroup: Failed to apply CompactFull process profile
03-21 20:45:46.788  1587  1889 E libprocessgroup: Failed to read /sys/fs/cgroup/system/uid_0/pid_101/memory.current: No such file or directory
03-21 20:45:46.788  1587  1889 W libprocessgroup: Failed to apply CompactFull process profile
03-21 20:45:46.788  1587  1889 E libprocessgroup: Failed to read /sys/fs/cgroup/system/uid_0/pid_102/memory.current: No such file or directory
03-21 20:45:46.788  1587  1889 W libprocessgroup: Failed to apply CompactFull process profile
03-21 20:45:46.788  1587  1889 E libprocessgroup: Failed to read /sys/fs/cgroup/system/uid_0/pid_103/memory.current: No such file or directory
03-21 20:45:46.788  1587  1889 W libprocessgroup: Failed to apply CompactFull process profile
03-21 20:45:46.789  1587  1889 E libprocessgroup: Failed to read /sys/fs/cgroup/system/uid_0/pid_104/memory.current: No such file or directory
03-21 20:45:46.789  1587  1889 W libprocessgroup: Failed to apply CompactFull process profile
03-21 20:45:46.789  1587  1889 E libprocessgroup: Failed to read /sys/fs/cgroup/system/uid_0/pid_105/memory.current: No such file or directory
03-21 20:45:46.789  1587  1889 W libprocessgroup: Failed to apply CompactFull process profile
03-21 20:45:46.789  1587  1889 E libprocessgroup: Failed to read /sys/fs/cgroup/system/uid_0/pid_106/memory.current: No such file or directory
03-21 20:45:46.789  1587  1889 W libprocessgroup: Failed to apply CompactFull process profile
03-21 20:45:46.789  1587  1889 E libprocessgroup: Failed to read /sys/fs/cgroup/system/uid_0/pid_107/memory.current: No such file or directory
03-21 20:45:46.789  1587  1889 W libprocessgroup: Failed to apply CompactFull process profile
03-21 20:45:46.789  1587  1889 E libprocessgroup: Failed to read /sys/fs/cgroup/system/uid_0/pid_108/memory.current: No such file or directory
03-21 20:45:46.790  1587  1889 W libprocessgroup: Failed to apply CompactFull process profile
03-21 20:45:46.790  1587  1889 E libprocessgroup: Failed to read /sys/fs/cgroup/system/uid_0/pid_109/memory.current: No such file or directory
03-21 20:45:46.790  1587  1889 W libprocessgroup: Failed to apply CompactFull process profile
03-21 20:45:46.790  1587  1889 E libprocessgroup: Failed to read /sys/fs/cgroup/system/uid_0/pid_110/memory.current: No such file or directory
03-21 20:45:46.790  1587  1889 W libprocessgroup: Failed to apply CompactFull process profile
03-21 20:45:46.790  1587  1889 E libprocessgroup: Failed to read /sys/fs/cgroup/system/uid_0/pid_111/memory.current: No such file or directory
03-21 20:45:46.790  1587  1889 W libprocessgroup: Failed to apply CompactFull process profile
03-21 20:45:46.790  1587  1889 E libprocessgroup: Failed to read /sys/fs/cgroup/system/uid_0/pid_112/memory.current: No such file or directory
03-21 20:45:46.791  1587  1889 W libprocessgroup: Failed to apply CompactFull process profile
03-21 20:45:46.791  1587  1889 E libprocessgroup: Failed to read /sys/fs/cgroup/system/uid_0/pid_113/memory.current: No such file or directory
03-21 20:45:46.791  1587  1889 W libprocessgroup: Failed to apply CompactFull process profile
03-21 20:45:46.791  1587  1889 E libprocessgroup: Failed to read /sys/fs/cgroup/system/uid_0/pid_114/memory.current: No such file or directory
03-21 20:45:46.791  1587  1889 W libprocessgroup: Failed to apply CompactFull process profile
03-21 20:45:46.791  1587  1889 E libprocessgroup: Failed to read /sys/fs/cgroup/system/uid_0/pid_116/memory.current: No such file or directory
03-21 20:45:46.791  1587  1889 W libprocessgroup: Failed to apply CompactFull process profile
03-21 20:45:46.791  1587  1889 E libprocessgroup: Failed to read /sys/fs/cgroup/system/uid_0/pid_117/memory.current: No such file or directory
03-21 20:45:46.791  1587  1889 W libprocessgroup: Failed to apply CompactFull process profile
03-21 20:45:46.792  1587  1889 E libprocessgroup: Failed to read /sys/fs/cgroup/system/uid_0/pid_118/memory.current: No such file or directory
03-21 20:45:46.792  1587  1889 W libprocessgroup: Failed to apply CompactFull process profile
03-21 20:45:46.792  1587  1889 E libprocessgroup: Failed to read /sys/fs/cgroup/system/uid_0/pid_119/memory.current: No such file or directory
03-21 20:45:46.792  1587  1889 W libprocessgroup: Failed to apply CompactFull process profile
03-21 20:45:46.792  1587  1889 E libprocessgroup: Failed to read /sys/fs/cgroup/system/uid_0/pid_120/memory.current: No such file or directory
03-21 20:45:46.792  1587  1889 W libprocessgroup: Failed to apply CompactFull process profile
03-21 20:45:46.792  1587  1889 E libprocessgroup: Failed to read /sys/fs/cgroup/system/uid_0/pid_122/memory.current: No such file or directory
03-21 20:45:46.792  1587  1889 W libprocessgroup: Failed to apply CompactFull process profile
03-21 20:45:46.792  1587  1889 E libprocessgroup: Failed to read /sys/fs/cgroup/system/uid_0/pid_124/memory.current: No such file or directory
03-21 20:45:46.792  1587  1889 W libprocessgroup: Failed to apply CompactFull process profile
03-21 20:45:46.793  1587  1889 E libprocessgroup: Failed to read /sys/fs/cgroup/system/uid_0/pid_125/memory.current: No such file or directory
03-21 20:45:46.793  1587  1889 W libprocessgroup: Failed to apply CompactFull process profile
03-21 20:45:46.793  1587  1889 E libprocessgroup: Failed to read /sys/fs/cgroup/system/uid_0/pid_126/memory.current: No such file or directory
03-21 20:45:46.793  1587  1889 W libprocessgroup: Failed to apply CompactFull process profile
03-21 20:45:46.793  1587  1889 E libprocessgroup: Failed to read /sys/fs/cgroup/system/uid_0/pid_127/memory.current: No such file or directory
03-21 20:45:46.793  1587  1889 W libprocessgroup: Failed to apply CompactFull process profile
03-21 20:45:46.793  1587  1889 E libprocessgroup: Failed to read /sys/fs/cgroup/system/uid_0/pid_129/memory.current: No such file or directory
03-21 20:45:46.793  1587  1889 W libprocessgroup: Failed to apply CompactFull process profile
03-21 20:45:46.794  1587  1889 E libprocessgroup: Failed to read /sys/fs/cgroup/system/uid_0/pid_155/memory.current: No such file or directory
03-21 20:45:46.794  1587  1889 W libprocessgroup: Failed to apply CompactFull process profile
03-21 20:45:46.794  1587  1889 E libprocessgroup: Failed to read /sys/fs/cgroup/system/uid_0/pid_156/memory.current: No such file or directory
03-21 20:45:46.794  1587  1889 W libprocessgroup: Failed to apply CompactFull process profile
03-21 20:45:46.794  1587  1889 E libprocessgroup: Failed to read /sys/fs/cgroup/system/uid_0/pid_157/memory.current: No such file or directory
03-21 20:45:46.794  1587  1889 W libprocessgroup: Failed to apply CompactFull process profile
03-21 20:45:46.794  1587  1889 E libprocessgroup: Failed to read /sys/fs/cgroup/system/uid_0/pid_160/memory.current: No such file or directory
03-21 20:45:46.794  1587  1889 W libprocessgroup: Failed to apply CompactFull process profile
03-21 20:45:46.794  1587  1889 E libprocessgroup: Failed to read /sys/fs/cgroup/system/uid_0/pid_161/memory.current: No such file or directory
03-21 20:45:46.795  1587  1889 W libprocessgroup: Failed to apply CompactFull process profile
03-21 20:45:46.795  1587  1889 E libprocessgroup: Failed to read /sys/fs/cgroup/system/uid_0/pid_162/memory.current: No such file or directory
03-21 20:45:46.795  1587  1889 W libprocessgroup: Failed to apply CompactFull process profile
03-21 20:45:46.795  1587  1889 E libprocessgroup: Failed to read /sys/fs/cgroup/system/uid_0/pid_176/memory.current: No such file or directory
03-21 20:45:46.795  1587  1889 W libprocessgroup: Failed to apply CompactFull process profile
03-21 20:45:46.795  1587  1889 E libprocessgroup: Failed to read /sys/fs/cgroup/system/uid_0/pid_210/memory.current: No such file or directory
03-21 20:45:46.795  1587  1889 W libprocessgroup: Failed to apply CompactFull process profile
03-21 20:45:46.795  1587  1889 E libprocessgroup: Failed to read /sys/fs/cgroup/system/uid_0/pid_211/memory.current: No such file or directory
03-21 20:45:46.795  1587  1889 W libprocessgroup: Failed to apply CompactFull process profile
03-21 20:45:46.796  1587  1889 E libprocessgroup: Failed to read /sys/fs/cgroup/system/uid_0/pid_212/memory.current: No such file or directory
03-21 20:45:46.796  1587  1889 W libprocessgroup: Failed to apply CompactFull process profile
03-21 20:45:46.796  1587  1889 E libprocessgroup: Failed to read /sys/fs/cgroup/system/uid_0/pid_213/memory.current: No such file or directory
03-21 20:45:46.796  1587  1889 W libprocessgroup: Failed to apply CompactFull process profile
03-21 20:45:46.796  1587  1889 E libprocessgroup: Failed to read /sys/fs/cgroup/system/uid_0/pid_214/memory.current: No such file or directory
03-21 20:45:46.796  1587  1889 W libprocessgroup: Failed to apply CompactFull process profile
03-21 20:45:46.796  1587  1889 E libprocessgroup: Failed to read /sys/fs/cgroup/system/uid_0/pid_215/memory.current: No such file or directory
03-21 20:45:46.796  1587  1889 W libprocessgroup: Failed to apply CompactFull process profile
03-21 20:45:46.796  1587  1889 E libprocessgroup: Failed to read /sys/fs/cgroup/system/uid_0/pid_216/memory.current: No such file or directory
03-21 20:45:46.796  1587  1889 W libprocessgroup: Failed to apply CompactFull process profile
03-21 20:45:46.797  1587  1889 E libprocessgroup: Failed to read /sys/fs/cgroup/system/uid_0/pid_217/memory.current: No such file or directory
03-21 20:45:46.797  1587  1889 W libprocessgroup: Failed to apply CompactFull process profile
03-21 20:45:46.797  1587  1889 E libprocessgroup: Failed to read /sys/fs/cgroup/system/uid_0/pid_218/memory.current: No such file or directory
03-21 20:45:46.797  1587  1889 W libprocessgroup: Failed to apply CompactFull process profile
03-21 20:45:46.797  1587  1889 E libprocessgroup: Failed to read /sys/fs/cgroup/system/uid_0/pid_219/memory.current: No such file or directory
03-21 20:45:46.797  1587  1889 W libprocessgroup: Failed to apply CompactFull process profile
03-21 20:45:46.797  1587  1889 E libprocessgroup: Failed to read /sys/fs/cgroup/system/uid_0/pid_220/memory.current: No such file or directory
03-21 20:45:46.797  1587  1889 W libprocessgroup: Failed to apply CompactFull process profile
03-21 20:45:46.798  1587  1889 E libprocessgroup: Failed to read /sys/fs/cgroup/system/uid_0/pid_221/memory.current: No such file or directory
03-21 20:45:46.798  1587  1889 W libprocessgroup: Failed to apply CompactFull process profile
03-21 20:45:46.798  1587  1889 E libprocessgroup: Failed to read /sys/fs/cgroup/system/uid_0/pid_223/memory.current: No such file or directory
03-21 20:45:46.798  1587  1889 W libprocessgroup: Failed to apply CompactFull process profile
03-21 20:45:46.798  1587  1889 E libprocessgroup: Failed to read /sys/fs/cgroup/system/uid_0/pid_224/memory.current: No such file or directory
03-21 20:45:46.798  1587  1889 W libprocessgroup: Failed to apply CompactFull process profile
03-21 20:45:46.798  1587  1889 E libprocessgroup: Failed to read /sys/fs/cgroup/system/uid_0/pid_225/memory.current: No such file or directory
03-21 20:45:46.798  1587  1889 W libprocessgroup: Failed to apply CompactFull process profile
03-21 20:45:46.798  1587  1889 E libprocessgroup: Failed to read /sys/fs/cgroup/system/uid_0/pid_226/memory.current: No such file or directory
03-21 20:45:46.798  1587  1889 W libprocessgroup: Failed to apply CompactFull process profile
03-21 20:45:46.799  1587  1889 E libprocessgroup: Failed to read /sys/fs/cgroup/system/uid_0/pid_227/memory.current: No such file or directory
03-21 20:45:46.799  1587  1889 W libprocessgroup: Failed to apply CompactFull process profile
03-21 20:45:46.799  1587  1889 E libprocessgroup: Failed to read /sys/fs/cgroup/system/uid_0/pid_228/memory.current: No such file or directory
03-21 20:45:46.799  1587  1889 W libprocessgroup: Failed to apply CompactFull process profile
03-21 20:45:46.799  1587  1889 E libprocessgroup: Failed to read /sys/fs/cgroup/system/uid_0/pid_229/memory.current: No such file or directory
03-21 20:45:46.799  1587  1889 W libprocessgroup: Failed to apply CompactFull process profile
03-21 20:45:46.799  1587  1889 E libprocessgroup: Failed to read /sys/fs/cgroup/system/uid_0/pid_230/memory.current: No such file or directory
03-21 20:45:46.799  1587  1889 W libprocessgroup: Failed to apply CompactFull process profile
03-21 20:45:46.800  1587  1889 E libprocessgroup: Failed to read /sys/fs/cgroup/system/uid_0/pid_231/memory.current: No such file or directory
03-21 20:45:46.800  1587  1889 W libprocessgroup: Failed to apply CompactFull process profile
03-21 20:45:46.800  1587  1889 E libprocessgroup: Failed to read /sys/fs/cgroup/system/uid_0/pid_232/memory.current: No such file or directory
03-21 20:45:46.800  1587  1889 W libprocessgroup: Failed to apply CompactFull process profile
03-21 20:45:46.800  1587  1889 E libprocessgroup: Failed to read /sys/fs/cgroup/system/uid_0/pid_233/memory.current: No such file or directory
03-21 20:45:46.800  1587  1889 W libprocessgroup: Failed to apply CompactFull process profile
03-21 20:45:46.800  1587  1889 E libprocessgroup: Failed to read /sys/fs/cgroup/system/uid_0/pid_234/memory.current: No such file or directory
03-21 20:45:46.800  1587  1889 W libprocessgroup: Failed to apply CompactFull process profile
03-21 20:45:46.800  1587  1889 E libprocessgroup: Failed to read /sys/fs/cgroup/system/uid_0/pid_235/memory.current: No such file or directory
03-21 20:45:46.800  1587  1889 W libprocessgroup: Failed to apply CompactFull process profile
03-21 20:45:46.801  1587  1889 E libprocessgroup: Failed to read /sys/fs/cgroup/system/uid_0/pid_236/memory.current: No such file or directory
03-21 20:45:46.801  1587  1889 W libprocessgroup: Failed to apply CompactFull process profile
03-21 20:45:46.801  1587  1889 E libprocessgroup: Failed to read /sys/fs/cgroup/system/uid_0/pid_237/memory.current: No such file or directory
03-21 20:45:46.801  1587  1889 W libprocessgroup: Failed to apply CompactFull process profile
03-21 20:45:46.801  1587  1889 E libprocessgroup: Failed to read /sys/fs/cgroup/system/uid_0/pid_238/memory.current: No such file or directory
03-21 20:45:46.801  1587  1889 W libprocessgroup: Failed to apply CompactFull process profile
03-21 20:45:46.801  1587  1889 E libprocessgroup: Failed to read /sys/fs/cgroup/system/uid_0/pid_239/memory.current: No such file or directory
03-21 20:45:46.801  1587  1889 W libprocessgroup: Failed to apply CompactFull process profile
03-21 20:45:46.802  1587  1889 E libprocessgroup: Failed to read /sys/fs/cgroup/system/uid_0/pid_240/memory.current: No such file or directory
03-21 20:45:46.802  1587  1889 W libprocessgroup: Failed to apply CompactFull process profile
03-21 20:45:46.802  1587  1889 E libprocessgroup: Failed to read /sys/fs/cgroup/system/uid_0/pid_241/memory.current: No such file or directory
03-21 20:45:46.802  1587  1889 W libprocessgroup: Failed to apply CompactFull process profile
03-21 20:45:46.802  1587  1889 E libprocessgroup: Failed to read /sys/fs/cgroup/system/uid_0/pid_242/memory.current: No such file or directory
03-21 20:45:46.802  1587  1889 W libprocessgroup: Failed to apply CompactFull process profile
03-21 20:45:46.802  1587  1889 E libprocessgroup: Failed to read /sys/fs/cgroup/system/uid_0/pid_243/memory.current: No such file or directory
03-21 20:45:46.802  1587  1889 W libprocessgroup: Failed to apply CompactFull process profile
03-21 20:45:46.803  1587  1889 E libprocessgroup: Failed to read /sys/fs/cgroup/system/uid_0/pid_244/memory.current: No such file or directory
03-21 20:45:46.803  1587  1889 W libprocessgroup: Failed to apply CompactFull process profile
03-21 20:45:46.803  1587  1889 E libprocessgroup: Failed to read /sys/fs/cgroup/system/uid_0/pid_245/memory.current: No such file or directory
03-21 20:45:46.803  1587  1889 W libprocessgroup: Failed to apply CompactFull process profile
03-21 20:45:46.803  1587  1889 E libprocessgroup: Failed to read /sys/fs/cgroup/system/uid_0/pid_246/memory.current: No such file or directory
03-21 20:45:46.803  1587  1889 W libprocessgroup: Failed to apply CompactFull process profile
03-21 20:45:46.803  1587  1889 E libprocessgroup: Failed to read /sys/fs/cgroup/system/uid_0/pid_247/memory.current: No such file or directory
03-21 20:45:46.803  1587  1889 W libprocessgroup: Failed to apply CompactFull process profile
03-21 20:45:46.804  1587  1889 E libprocessgroup: Failed to read /sys/fs/cgroup/system/uid_0/pid_248/memory.current: No such file or directory
03-21 20:45:46.804  1587  1889 W libprocessgroup: Failed to apply CompactFull process profile
03-21 20:45:46.804  1587  1889 E libprocessgroup: Failed to read /sys/fs/cgroup/system/uid_0/pid_249/memory.current: No such file or directory
03-21 20:45:46.804  1587  1889 W libprocessgroup: Failed to apply CompactFull process profile
03-21 20:45:46.804  1587  1889 E libprocessgroup: Failed to read /sys/fs/cgroup/system/uid_0/pid_250/memory.current: No such file or directory
03-21 20:45:46.804  1587  1889 W libprocessgroup: Failed to apply CompactFull process profile
03-21 20:45:46.804  1587  1889 E libprocessgroup: Failed to read /sys/fs/cgroup/system/uid_0/pid_251/memory.current: No such file or directory
03-21 20:45:46.804  1587  1889 W libprocessgroup: Failed to apply CompactFull process profile
03-21 20:45:46.804  1587  1889 E libprocessgroup: Failed to read /sys/fs/cgroup/system/uid_0/pid_252/memory.current: No such file or directory
03-21 20:45:46.805  1587  1889 W libprocessgroup: Failed to apply CompactFull process profile
03-21 20:45:46.805  1587  1889 E libprocessgroup: Failed to read /sys/fs/cgroup/system/uid_0/pid_253/memory.current: No such file or directory
03-21 20:45:46.805  1587  1889 W libprocessgroup: Failed to apply CompactFull process profile
03-21 20:45:46.805  1587  1889 E libprocessgroup: Failed to read /sys/fs/cgroup/system/uid_0/pid_254/memory.current: No such file or directory
03-21 20:45:46.805  1587  1889 W libprocessgroup: Failed to apply CompactFull process profile
03-21 20:45:46.805  1587  1889 E libprocessgroup: Failed to read /sys/fs/cgroup/system/uid_0/pid_255/memory.current: No such file or directory
03-21 20:45:46.805  1587  1889 W libprocessgroup: Failed to apply CompactFull process profile
03-21 20:45:46.805  1587  1889 E libprocessgroup: Failed to read /sys/fs/cgroup/system/uid_0/pid_256/memory.current: No such file or directory
03-21 20:45:46.805  1587  1889 W libprocessgroup: Failed to apply CompactFull process profile
03-21 20:45:46.806  1587  1889 E libprocessgroup: Failed to read /sys/fs/cgroup/system/uid_0/pid_257/memory.current: No such file or directory
03-21 20:45:46.806  1587  1889 W libprocessgroup: Failed to apply CompactFull process profile
03-21 20:45:46.806  1587  1889 E libprocessgroup: Failed to read /sys/fs/cgroup/system/uid_0/pid_258/memory.current: No such file or directory
03-21 20:45:46.806  1587  1889 W libprocessgroup: Failed to apply CompactFull process profile
03-21 20:45:46.806  1587  1889 E libprocessgroup: Failed to read /sys/fs/cgroup/system/uid_0/pid_259/memory.current: No such file or directory
03-21 20:45:46.806  1587  1889 W libprocessgroup: Failed to apply CompactFull process profile
03-21 20:45:46.806  1587  1889 E libprocessgroup: Failed to read /sys/fs/cgroup/system/uid_0/pid_260/memory.current: No such file or directory
03-21 20:45:46.806  1587  1889 W libprocessgroup: Failed to apply CompactFull process profile
03-21 20:45:46.807  1587  1889 E libprocessgroup: Failed to read /sys/fs/cgroup/system/uid_0/pid_261/memory.current: No such file or directory
03-21 20:45:46.807  1587  1889 W libprocessgroup: Failed to apply CompactFull process profile
03-21 20:45:46.807  1587  1889 E libprocessgroup: Failed to read /sys/fs/cgroup/system/uid_0/pid_262/memory.current: No such file or directory
03-21 20:45:46.807  1587  1889 W libprocessgroup: Failed to apply CompactFull process profile
03-21 20:45:46.807  1587  1889 E libprocessgroup: Failed to read /sys/fs/cgroup/system/uid_0/pid_263/memory.current: No such file or directory
03-21 20:45:46.807  1587  1889 W libprocessgroup: Failed to apply CompactFull process profile
03-21 20:45:46.807  1587  1889 E libprocessgroup: Failed to read /sys/fs/cgroup/system/uid_0/pid_264/memory.current: No such file or directory
03-21 20:45:46.807  1587  1889 W libprocessgroup: Failed to apply CompactFull process profile
03-21 20:45:46.807  1587  1889 E libprocessgroup: Failed to read /sys/fs/cgroup/system/uid_0/pid_265/memory.current: No such file or directory
03-21 20:45:46.807  1587  1889 W libprocessgroup: Failed to apply CompactFull process profile
03-21 20:45:46.808  1587  1889 E libprocessgroup: Failed to read /sys/fs/cgroup/system/uid_0/pid_266/memory.current: No such file or directory
03-21 20:45:46.808  1587  1889 W libprocessgroup: Failed to apply CompactFull process profile
03-21 20:45:46.808  1587  1889 E libprocessgroup: Failed to read /sys/fs/cgroup/system/uid_0/pid_267/memory.current: No such file or directory
03-21 20:45:46.808  1587  1889 W libprocessgroup: Failed to apply CompactFull process profile
03-21 20:45:46.808  1587  1889 E libprocessgroup: Failed to read /sys/fs/cgroup/system/uid_0/pid_268/memory.current: No such file or directory
03-21 20:45:46.808  1587  1889 W libprocessgroup: Failed to apply CompactFull process profile
03-21 20:45:46.808  1587  1889 E libprocessgroup: Failed to read /sys/fs/cgroup/system/uid_0/pid_269/memory.current: No such file or directory
03-21 20:45:46.808  1587  1889 W libprocessgroup: Failed to apply CompactFull process profile
03-21 20:45:46.809  1587  1889 E libprocessgroup: Failed to read /sys/fs/cgroup/system/uid_0/pid_270/memory.current: No such file or directory
03-21 20:45:46.809  1587  1889 W libprocessgroup: Failed to apply CompactFull process profile
03-21 20:45:46.809  1587  1889 E libprocessgroup: Failed to read /sys/fs/cgroup/system/uid_0/pid_271/memory.current: No such file or directory
03-21 20:45:46.809  1587  1889 W libprocessgroup: Failed to apply CompactFull process profile
03-21 20:45:46.809  1587  1889 E libprocessgroup: Failed to read /sys/fs/cgroup/system/uid_0/pid_272/memory.current: No such file or directory
03-21 20:45:46.809  1587  1889 W libprocessgroup: Failed to apply CompactFull process profile
03-21 20:45:46.809  1587  1889 E libprocessgroup: Failed to read /sys/fs/cgroup/system/uid_0/pid_273/memory.current: No such file or directory
03-21 20:45:46.809  1587  1889 W libprocessgroup: Failed to apply CompactFull process profile
03-21 20:45:46.809  1587  1889 E libprocessgroup: Failed to read /sys/fs/cgroup/system/uid_0/pid_274/memory.current: No such file or directory
03-21 20:45:46.810  1587  1889 W libprocessgroup: Failed to apply CompactFull process profile
03-21 20:45:46.810  1587  1889 E libprocessgroup: Failed to read /sys/fs/cgroup/system/uid_0/pid_275/memory.current: No such file or directory
03-21 20:45:46.810  1587  1889 W libprocessgroup: Failed to apply CompactFull process profile
03-21 20:45:46.810  1587  1889 E libprocessgroup: Failed to read /sys/fs/cgroup/system/uid_0/pid_276/memory.current: No such file or directory
03-21 20:45:46.810  1587  1889 W libprocessgroup: Failed to apply CompactFull process profile
03-21 20:45:46.810  1587  1889 E libprocessgroup: Failed to read /sys/fs/cgroup/system/uid_0/pid_277/memory.current: No such file or directory
03-21 20:45:46.810  1587  1889 W libprocessgroup: Failed to apply CompactFull process profile
03-21 20:45:46.810  1587  1889 E libprocessgroup: Failed to read /sys/fs/cgroup/system/uid_0/pid_278/memory.current: No such file or directory
03-21 20:45:46.810  1587  1889 W libprocessgroup: Failed to apply CompactFull process profile
03-21 20:45:46.811  1587  1889 E libprocessgroup: Failed to read /sys/fs/cgroup/system/uid_0/pid_279/memory.current: No such file or directory
03-21 20:45:46.811  1587  1889 W libprocessgroup: Failed to apply CompactFull process profile
03-21 20:45:46.812  1587  1889 E libprocessgroup: Failed to read /sys/fs/cgroup/system/uid_0/pid_281/memory.current: No such file or directory
03-21 20:45:46.812  1587  1889 W libprocessgroup: Failed to apply CompactFull process profile
03-21 20:45:46.812  1587  1889 E libprocessgroup: Failed to read /sys/fs/cgroup/system/uid_0/pid_282/memory.current: No such file or directory
03-21 20:45:46.812  1587  1889 W libprocessgroup: Failed to apply CompactFull process profile
03-21 20:45:46.812  1587  1889 E libprocessgroup: Failed to read /sys/fs/cgroup/system/uid_0/pid_283/memory.current: No such file or directory
03-21 20:45:46.812  1587  1889 W libprocessgroup: Failed to apply CompactFull process profile
03-21 20:45:46.812  1587  1889 E libprocessgroup: Failed to read /sys/fs/cgroup/system/uid_0/pid_284/memory.current: No such file or directory
03-21 20:45:46.813  1587  1889 W libprocessgroup: Failed to apply CompactFull process profile
03-21 20:45:46.813  1587  1889 E libprocessgroup: Failed to read /sys/fs/cgroup/system/uid_0/pid_285/memory.current: No such file or directory
03-21 20:45:46.813  1587  1889 W libprocessgroup: Failed to apply CompactFull process profile
03-21 20:45:46.813  1587  1889 E libprocessgroup: Failed to read /sys/fs/cgroup/system/uid_0/pid_286/memory.current: No such file or directory
03-21 20:45:46.813  1587  1889 W libprocessgroup: Failed to apply CompactFull process profile
03-21 20:45:46.813  1587  1889 E libprocessgroup: Failed to read /sys/fs/cgroup/system/uid_0/pid_287/memory.current: No such file or directory
03-21 20:45:46.813  1587  1889 W libprocessgroup: Failed to apply CompactFull process profile
03-21 20:45:46.813  1587  1889 E libprocessgroup: Failed to read /sys/fs/cgroup/system/uid_0/pid_288/memory.current: No such file or directory
03-21 20:45:46.813  1587  1889 W libprocessgroup: Failed to apply CompactFull process profile
03-21 20:45:46.814  1587  1889 E libprocessgroup: Failed to read /sys/fs/cgroup/system/uid_0/pid_289/memory.current: No such file or directory
03-21 20:45:46.814  1587  1889 W libprocessgroup: Failed to apply CompactFull process profile
03-21 20:45:46.814  1587  1889 E libprocessgroup: Failed to read /sys/fs/cgroup/system/uid_0/pid_290/memory.current: No such file or directory
03-21 20:45:46.814  1587  1889 W libprocessgroup: Failed to apply CompactFull process profile
03-21 20:45:46.814  1587  1889 E libprocessgroup: Failed to read /sys/fs/cgroup/system/uid_0/pid_291/memory.current: No such file or directory
03-21 20:45:46.814  1587  1889 W libprocessgroup: Failed to apply CompactFull process profile
03-21 20:45:46.814  1587  1889 E libprocessgroup: Failed to read /sys/fs/cgroup/system/uid_0/pid_292/memory.current: No such file or directory
03-21 20:45:46.814  1587  1889 W libprocessgroup: Failed to apply CompactFull process profile
03-21 20:45:46.815  1587  1889 E libprocessgroup: Failed to read /sys/fs/cgroup/system/uid_0/pid_293/memory.current: No such file or directory
03-21 20:45:46.815  1587  1889 W libprocessgroup: Failed to apply CompactFull process profile
03-21 20:45:46.815  1587  1889 E libprocessgroup: Failed to read /sys/fs/cgroup/system/uid_0/pid_294/memory.current: No such file or directory
03-21 20:45:46.815  1587  1889 W libprocessgroup: Failed to apply CompactFull process profile
03-21 20:45:46.815  1587  1889 E libprocessgroup: Failed to read /sys/fs/cgroup/system/uid_0/pid_295/memory.current: No such file or directory
03-21 20:45:46.815  1587  1889 W libprocessgroup: Failed to apply CompactFull process profile
03-21 20:45:46.815  1587  1889 E libprocessgroup: Failed to read /sys/fs/cgroup/system/uid_0/pid_296/memory.current: No such file or directory
03-21 20:45:46.815  1587  1889 W libprocessgroup: Failed to apply CompactFull process profile
03-21 20:45:46.815  1587  1889 E libprocessgroup: Failed to read /sys/fs/cgroup/system/uid_0/pid_297/memory.current: No such file or directory
03-21 20:45:46.816  1587  1889 W libprocessgroup: Failed to apply CompactFull process profile
03-21 20:45:46.816  1587  1889 E libprocessgroup: Failed to read /sys/fs/cgroup/system/uid_0/pid_298/memory.current: No such file or directory
03-21 20:45:46.816  1587  1889 W libprocessgroup: Failed to apply CompactFull process profile
03-21 20:45:46.816  1587  1889 E libprocessgroup: Failed to read /sys/fs/cgroup/system/uid_0/pid_299/memory.current: No such file or directory
03-21 20:45:46.816  1587  1889 W libprocessgroup: Failed to apply CompactFull process profile
03-21 20:45:46.816  1587  1889 E libprocessgroup: Failed to read /sys/fs/cgroup/system/uid_0/pid_300/memory.current: No such file or directory
03-21 20:45:46.816  1587  1889 W libprocessgroup: Failed to apply CompactFull process profile
03-21 20:45:46.816  1587  1889 E libprocessgroup: Failed to read /sys/fs/cgroup/system/uid_0/pid_301/memory.current: No such file or directory
03-21 20:45:46.816  1587  1889 W libprocessgroup: Failed to apply CompactFull process profile
03-21 20:45:46.817  1587  1889 E libprocessgroup: Failed to read /sys/fs/cgroup/system/uid_0/pid_302/memory.current: No such file or directory
03-21 20:45:46.817  1587  1889 W libprocessgroup: Failed to apply CompactFull process profile
03-21 20:45:46.817  1587  1889 E libprocessgroup: Failed to read /sys/fs/cgroup/system/uid_0/pid_303/memory.current: No such file or directory
03-21 20:45:46.817  1587  1889 W libprocessgroup: Failed to apply CompactFull process profile
03-21 20:45:46.817  1587  1889 E libprocessgroup: Failed to read /sys/fs/cgroup/system/uid_0/pid_304/memory.current: No such file or directory
03-21 20:45:46.817  1587  1889 W libprocessgroup: Failed to apply CompactFull process profile
03-21 20:45:46.817  1587  1889 E libprocessgroup: Failed to read /sys/fs/cgroup/system/uid_0/pid_305/memory.current: No such file or directory
03-21 20:45:46.817  1587  1889 W libprocessgroup: Failed to apply CompactFull process profile
03-21 20:45:46.817  1587  1889 E libprocessgroup: Failed to read /sys/fs/cgroup/system/uid_0/pid_306/memory.current: No such file or directory
03-21 20:45:46.818  1587  1889 W libprocessgroup: Failed to apply CompactFull process profile
03-21 20:45:46.818  1587  1889 E libprocessgroup: Failed to read /sys/fs/cgroup/system/uid_0/pid_307/memory.current: No such file or directory
03-21 20:45:46.818  1587  1889 W libprocessgroup: Failed to apply CompactFull process profile
03-21 20:45:46.818  1587  1889 E libprocessgroup: Failed to read /sys/fs/cgroup/system/uid_0/pid_313/memory.current: No such file or directory
03-21 20:45:46.818  1587  1889 W libprocessgroup: Failed to apply CompactFull process profile
03-21 20:45:46.818  1587  1889 E libprocessgroup: Failed to read /sys/fs/cgroup/system/uid_0/pid_314/memory.current: No such file or directory
03-21 20:45:46.818  1587  1889 W libprocessgroup: Failed to apply CompactFull process profile
03-21 20:45:46.818  1587  1889 E libprocessgroup: Failed to read /sys/fs/cgroup/system/uid_0/pid_315/memory.current: No such file or directory
03-21 20:45:46.819  1587  1889 W libprocessgroup: Failed to apply CompactFull process profile
03-21 20:45:46.819  1587  1889 E libprocessgroup: Failed to read /sys/fs/cgroup/system/uid_0/pid_316/memory.current: No such file or directory
03-21 20:45:46.819  1587  1889 W libprocessgroup: Failed to apply CompactFull process profile
03-21 20:45:46.819  1587  1889 E libprocessgroup: Failed to read /sys/fs/cgroup/system/uid_0/pid_317/memory.current: No such file or directory
03-21 20:45:46.819  1587  1889 W libprocessgroup: Failed to apply CompactFull process profile
03-21 20:45:46.819  1587  1889 E libprocessgroup: Failed to read /sys/fs/cgroup/system/uid_0/pid_318/memory.current: No such file or directory
03-21 20:45:46.819  1587  1889 W libprocessgroup: Failed to apply CompactFull process profile
03-21 20:45:46.820  1587  1889 E libprocessgroup: Failed to read /sys/fs/cgroup/system/uid_0/pid_319/memory.current: No such file or directory
03-21 20:45:46.820  1587  1889 W libprocessgroup: Failed to apply CompactFull process profile
03-21 20:45:46.820  1587  1889 E libprocessgroup: Failed to read /sys/fs/cgroup/system/uid_0/pid_320/memory.current: No such file or directory
03-21 20:45:46.820  1587  1889 W libprocessgroup: Failed to apply CompactFull process profile
03-21 20:45:46.820  1587  1889 E libprocessgroup: Failed to read /sys/fs/cgroup/system/uid_0/pid_321/memory.current: No such file or directory
03-21 20:45:46.820  1587  1889 W libprocessgroup: Failed to apply CompactFull process profile
03-21 20:45:46.820  1587  1889 E libprocessgroup: Failed to read /sys/fs/cgroup/system/uid_0/pid_322/memory.current: No such file or directory
03-21 20:45:46.820  1587  1889 W libprocessgroup: Failed to apply CompactFull process profile
03-21 20:45:46.820  1587  1889 E libprocessgroup: Failed to read /sys/fs/cgroup/system/uid_0/pid_323/memory.current: No such file or directory
03-21 20:45:46.820  1587  1889 W libprocessgroup: Failed to apply CompactFull process profile
03-21 20:45:46.821  1587  1889 E libprocessgroup: Failed to read /sys/fs/cgroup/system/uid_0/pid_324/memory.current: No such file or directory
03-21 20:45:46.821  1587  1889 W libprocessgroup: Failed to apply CompactFull process profile
03-21 20:45:46.821  1587  1889 E libprocessgroup: Failed to read /sys/fs/cgroup/system/uid_0/pid_325/memory.current: No such file or directory
03-21 20:45:46.821  1587  1889 W libprocessgroup: Failed to apply CompactFull process profile
03-21 20:45:46.821  1587  1889 E libprocessgroup: Failed to read /sys/fs/cgroup/system/uid_0/pid_326/memory.current: No such file or directory
03-21 20:45:46.821  1587  1889 W libprocessgroup: Failed to apply CompactFull process profile
03-21 20:45:46.821  1587  1889 E libprocessgroup: Failed to read /sys/fs/cgroup/system/uid_0/pid_327/memory.current: No such file or directory
03-21 20:45:46.821  1587  1889 W libprocessgroup: Failed to apply CompactFull process profile
03-21 20:45:46.822  1587  1889 E libprocessgroup: Failed to read /sys/fs/cgroup/system/uid_0/pid_328/memory.current: No such file or directory
03-21 20:45:46.822  1587  1889 W libprocessgroup: Failed to apply CompactFull process profile
03-21 20:45:46.822  1587  1889 E libprocessgroup: Failed to read /sys/fs/cgroup/system/uid_0/pid_329/memory.current: No such file or directory
03-21 20:45:46.822  1587  1889 W libprocessgroup: Failed to apply CompactFull process profile
03-21 20:45:46.822  1587  1889 E libprocessgroup: Failed to read /sys/fs/cgroup/system/uid_0/pid_330/memory.current: No such file or directory
03-21 20:45:46.822  1587  1889 W libprocessgroup: Failed to apply CompactFull process profile
03-21 20:45:46.822  1587  1889 E libprocessgroup: Failed to read /sys/fs/cgroup/system/uid_0/pid_331/memory.current: No such file or directory
03-21 20:45:46.822  1587  1889 W libprocessgroup: Failed to apply CompactFull process profile
03-21 20:45:46.822  1587  1889 E libprocessgroup: Failed to read /sys/fs/cgroup/system/uid_0/pid_332/memory.current: No such file or directory
03-21 20:45:46.823  1587  1889 W libprocessgroup: Failed to apply CompactFull process profile
03-21 20:45:46.823  1587  1889 E libprocessgroup: Failed to read /sys/fs/cgroup/system/uid_0/pid_334/memory.current: No such file or directory
03-21 20:45:46.823  1587  1889 W libprocessgroup: Failed to apply CompactFull process profile
03-21 20:45:46.823  1587  1889 E libprocessgroup: Failed to read /sys/fs/cgroup/system/uid_0/pid_335/memory.current: No such file or directory
03-21 20:45:46.823  1587  1889 W libprocessgroup: Failed to apply CompactFull process profile
03-21 20:45:46.823  1587  1889 E libprocessgroup: Failed to read /sys/fs/cgroup/system/uid_0/pid_337/memory.current: No such file or directory
03-21 20:45:46.823  1587  1889 W libprocessgroup: Failed to apply CompactFull process profile
03-21 20:45:46.823  1587  1889 E libprocessgroup: Failed to read /sys/fs/cgroup/system/uid_0/pid_339/memory.current: No such file or directory
03-21 20:45:46.823  1587  1889 W libprocessgroup: Failed to apply CompactFull process profile
03-21 20:45:46.824  1587  1889 E libprocessgroup: Failed to read /sys/fs/cgroup/system/uid_0/pid_340/memory.current: No such file or directory
03-21 20:45:46.824  1587  1889 W libprocessgroup: Failed to apply CompactFull process profile
03-21 20:45:46.824  1587  1889 E libprocessgroup: Failed to read /sys/fs/cgroup/system/uid_0/pid_341/memory.current: No such file or directory
03-21 20:45:46.824  1587  1889 W libprocessgroup: Failed to apply CompactFull process profile
03-21 20:45:46.824  1587  1889 E libprocessgroup: Failed to read /sys/fs/cgroup/system/uid_0/pid_342/memory.current: No such file or directory
03-21 20:45:46.824  1587  1889 W libprocessgroup: Failed to apply CompactFull process profile
03-21 20:45:46.824  1587  1889 E libprocessgroup: Failed to read /sys/fs/cgroup/system/uid_0/pid_343/memory.current: No such file or directory
03-21 20:45:46.824  1587  1889 W libprocessgroup: Failed to apply CompactFull process profile
03-21 20:45:46.824  1587  1889 E libprocessgroup: Failed to read /sys/fs/cgroup/system/uid_0/pid_344/memory.current: No such file or directory
03-21 20:45:46.825  1587  1889 W libprocessgroup: Failed to apply CompactFull process profile
03-21 20:45:46.825  1587  1889 E libprocessgroup: Failed to read /sys/fs/cgroup/system/uid_0/pid_345/memory.current: No such file or directory
03-21 20:45:46.825  1587  1889 W libprocessgroup: Failed to apply CompactFull process profile
03-21 20:45:46.825  1587  1889 E libprocessgroup: Failed to read /sys/fs/cgroup/system/uid_0/pid_346/memory.current: No such file or directory
03-21 20:45:46.825  1587  1889 W libprocessgroup: Failed to apply CompactFull process profile
03-21 20:45:46.825  1587  1889 E libprocessgroup: Failed to read /sys/fs/cgroup/system/uid_0/pid_347/memory.current: No such file or directory
03-21 20:45:46.825  1587  1889 W libprocessgroup: Failed to apply CompactFull process profile
03-21 20:45:46.825  1587  1889 E libprocessgroup: Failed to read /sys/fs/cgroup/system/uid_0/pid_349/memory.current: No such file or directory
03-21 20:45:46.825  1587  1889 W libprocessgroup: Failed to apply CompactFull process profile
03-21 20:45:46.826  1587  1889 E libprocessgroup: Failed to read /sys/fs/cgroup/system/uid_0/pid_350/memory.current: No such file or directory
03-21 20:45:46.826  1587  1889 W libprocessgroup: Failed to apply CompactFull process profile
03-21 20:45:46.826  1587  1889 E libprocessgroup: Failed to read /sys/fs/cgroup/system/uid_0/pid_351/memory.current: No such file or directory
03-21 20:45:46.826  1587  1889 W libprocessgroup: Failed to apply CompactFull process profile
03-21 20:45:46.826  1587  1889 E libprocessgroup: Failed to read /sys/fs/cgroup/system/uid_0/pid_352/memory.current: No such file or directory
03-21 20:45:46.826  1587  1889 W libprocessgroup: Failed to apply CompactFull process profile
03-21 20:45:46.826  1587  1889 E libprocessgroup: Failed to read /sys/fs/cgroup/system/uid_0/pid_353/memory.current: No such file or directory
03-21 20:45:46.826  1587  1889 W libprocessgroup: Failed to apply CompactFull process profile
03-21 20:45:46.827  1587  1889 E libprocessgroup: Failed to read /sys/fs/cgroup/system/uid_0/pid_354/memory.current: No such file or directory
03-21 20:45:46.827  1587  1889 W libprocessgroup: Failed to apply CompactFull process profile
03-21 20:45:46.827  1587  1889 E libprocessgroup: Failed to read /sys/fs/cgroup/system/uid_0/pid_355/memory.current: No such file or directory
03-21 20:45:46.827  1587  1889 W libprocessgroup: Failed to apply CompactFull process profile
03-21 20:45:46.827  1587  1889 E libprocessgroup: Failed to read /sys/fs/cgroup/system/uid_0/pid_356/memory.current: No such file or directory
03-21 20:45:46.827  1587  1889 W libprocessgroup: Failed to apply CompactFull process profile
03-21 20:45:46.827  1587  1889 E libprocessgroup: Failed to read /sys/fs/cgroup/system/uid_0/pid_357/memory.current: No such file or directory
03-21 20:45:46.827  1587  1889 W libprocessgroup: Failed to apply CompactFull process profile
03-21 20:45:46.827  1587  1889 E libprocessgroup: Failed to read /sys/fs/cgroup/system/uid_0/pid_358/memory.current: No such file or directory
03-21 20:45:46.827  1587  1889 W libprocessgroup: Failed to apply CompactFull process profile
03-21 20:45:46.828  1587  1889 E libprocessgroup: Failed to read /sys/fs/cgroup/system/uid_0/pid_359/memory.current: No such file or directory
03-21 20:45:46.828  1587  1889 W libprocessgroup: Failed to apply CompactFull process profile
03-21 20:45:46.828  1587  1889 E libprocessgroup: Failed to read /sys/fs/cgroup/system/uid_0/pid_360/memory.current: No such file or directory
03-21 20:45:46.828  1587  1889 W libprocessgroup: Failed to apply CompactFull process profile
03-21 20:45:46.828  1587  1889 E libprocessgroup: Failed to read /sys/fs/cgroup/system/uid_0/pid_361/memory.current: No such file or directory
03-21 20:45:46.828  1587  1889 W libprocessgroup: Failed to apply CompactFull process profile
03-21 20:45:46.828  1587  1889 E libprocessgroup: Failed to read /sys/fs/cgroup/system/uid_0/pid_362/memory.current: No such file or directory
03-21 20:45:46.828  1587  1889 W libprocessgroup: Failed to apply CompactFull process profile
03-21 20:45:46.828  1587  1889 E libprocessgroup: Failed to read /sys/fs/cgroup/system/uid_0/pid_363/memory.current: No such file or directory
03-21 20:45:46.829  1587  1889 W libprocessgroup: Failed to apply CompactFull process profile
03-21 20:45:46.829  1587  1889 E libprocessgroup: Failed to read /sys/fs/cgroup/system/uid_0/pid_364/memory.current: No such file or directory
03-21 20:45:46.829  1587  1889 W libprocessgroup: Failed to apply CompactFull process profile
03-21 20:45:46.829  1587  1889 E libprocessgroup: Failed to read /sys/fs/cgroup/system/uid_0/pid_365/memory.current: No such file or directory
03-21 20:45:46.829  1587  1889 W libprocessgroup: Failed to apply CompactFull process profile
03-21 20:45:46.829  1587  1889 E libprocessgroup: Failed to read /sys/fs/cgroup/system/uid_0/pid_366/memory.current: No such file or directory
03-21 20:45:46.829  1587  1889 W libprocessgroup: Failed to apply CompactFull process profile
03-21 20:45:46.829  1587  1889 E libprocessgroup: Failed to read /sys/fs/cgroup/system/uid_0/pid_367/memory.current: No such file or directory
03-21 20:45:46.829  1587  1889 W libprocessgroup: Failed to apply CompactFull process profile
03-21 20:45:46.830  1587  1889 E libprocessgroup: Failed to read /sys/fs/cgroup/system/uid_0/pid_368/memory.current: No such file or directory
03-21 20:45:46.830  1587  1889 W libprocessgroup: Failed to apply CompactFull process profile
03-21 20:45:46.830  1587  1889 E libprocessgroup: Failed to read /sys/fs/cgroup/system/uid_0/pid_369/memory.current: No such file or directory
03-21 20:45:46.830  1587  1889 W libprocessgroup: Failed to apply CompactFull process profile
03-21 20:45:46.830  1587  1889 E libprocessgroup: Failed to read /sys/fs/cgroup/system/uid_0/pid_370/memory.current: No such file or directory
03-21 20:45:46.830  1587  1889 W libprocessgroup: Failed to apply CompactFull process profile
03-21 20:45:46.830  1587  1889 E libprocessgroup: Failed to read /sys/fs/cgroup/system/uid_0/pid_371/memory.current: No such file or directory
03-21 20:45:46.830  1587  1889 W libprocessgroup: Failed to apply CompactFull process profile
03-21 20:45:46.831  1587  1889 E libprocessgroup: Failed to read /sys/fs/cgroup/system/uid_0/pid_372/memory.current: No such file or directory
03-21 20:45:46.831  1587  1889 W libprocessgroup: Failed to apply CompactFull process profile
03-21 20:45:46.831  1587  1889 E libprocessgroup: Failed to read /sys/fs/cgroup/system/uid_0/pid_374/memory.current: No such file or directory
03-21 20:45:46.831  1587  1889 W libprocessgroup: Failed to apply CompactFull process profile
03-21 20:45:46.831  1587  1889 E libprocessgroup: Failed to read /sys/fs/cgroup/system/uid_0/pid_377/memory.current: No such file or directory
03-21 20:45:46.831  1587  1889 W libprocessgroup: Failed to apply CompactFull process profile
03-21 20:45:46.831  1587  1889 E libprocessgroup: Failed to read /sys/fs/cgroup/system/uid_0/pid_378/memory.current: No such file or directory
03-21 20:45:46.831  1587  1889 W libprocessgroup: Failed to apply CompactFull process profile
03-21 20:45:46.831  1587  1889 E libprocessgroup: Failed to read /sys/fs/cgroup/system/uid_0/pid_379/memory.current: No such file or directory
03-21 20:45:46.831  1587  1889 W libprocessgroup: Failed to apply CompactFull process profile
03-21 20:45:46.832  1587  1889 E libprocessgroup: Failed to read /sys/fs/cgroup/system/uid_0/pid_380/memory.current: No such file or directory
03-21 20:45:46.832  1587  1889 W libprocessgroup: Failed to apply CompactFull process profile
03-21 20:45:46.832  1587  1889 E libprocessgroup: Failed to read /sys/fs/cgroup/system/uid_0/pid_381/memory.current: No such file or directory
03-21 20:45:46.832  1587  1889 W libprocessgroup: Failed to apply CompactFull process profile
03-21 20:45:46.832  1587  1889 E libprocessgroup: Failed to read /sys/fs/cgroup/system/uid_0/pid_382/memory.current: No such file or directory
03-21 20:45:46.832  1587  1889 W libprocessgroup: Failed to apply CompactFull process profile
03-21 20:45:46.832  1587  1889 E libprocessgroup: Failed to read /sys/fs/cgroup/system/uid_0/pid_383/memory.current: No such file or directory
03-21 20:45:46.832  1587  1889 W libprocessgroup: Failed to apply CompactFull process profile
03-21 20:45:46.833  1587  1889 E libprocessgroup: Failed to read /sys/fs/cgroup/system/uid_0/pid_384/memory.current: No such file or directory
03-21 20:45:46.833  1587  1889 W libprocessgroup: Failed to apply CompactFull process profile
03-21 20:45:46.833  1587  1889 E libprocessgroup: Failed to read /sys/fs/cgroup/system/uid_0/pid_385/memory.current: No such file or directory
03-21 20:45:46.833  1587  1889 W libprocessgroup: Failed to apply CompactFull process profile
03-21 20:45:46.833  1587  1889 E libprocessgroup: Failed to read /sys/fs/cgroup/system/uid_0/pid_386/memory.current: No such file or directory
03-21 20:45:46.833  1587  1889 W libprocessgroup: Failed to apply CompactFull process profile
03-21 20:45:46.833  1587  1889 E libprocessgroup: Failed to read /sys/fs/cgroup/system/uid_0/pid_387/memory.current: No such file or directory
03-21 20:45:46.833  1587  1889 W libprocessgroup: Failed to apply CompactFull process profile
03-21 20:45:46.833  1587  1889 E libprocessgroup: Failed to read /sys/fs/cgroup/system/uid_0/pid_388/memory.current: No such file or directory
03-21 20:45:46.833  1587  1889 W libprocessgroup: Failed to apply CompactFull process profile
03-21 20:45:46.834  1587  1889 E libprocessgroup: Failed to read /sys/fs/cgroup/system/uid_0/pid_389/memory.current: No such file or directory
03-21 20:45:46.834  1587  1889 W libprocessgroup: Failed to apply CompactFull process profile
03-21 20:45:46.834  1587  1889 E libprocessgroup: Failed to read /sys/fs/cgroup/system/uid_0/pid_390/memory.current: No such file or directory
03-21 20:45:46.834  1587  1889 W libprocessgroup: Failed to apply CompactFull process profile
03-21 20:45:46.834  1587  1889 E libprocessgroup: Failed to read /sys/fs/cgroup/system/uid_0/pid_391/memory.current: No such file or directory
03-21 20:45:46.834  1587  1889 W libprocessgroup: Failed to apply CompactFull process profile
03-21 20:45:46.834  1587  1889 E libprocessgroup: Failed to read /sys/fs/cgroup/system/uid_0/pid_392/memory.current: No such file or directory
03-21 20:45:46.834  1587  1889 W libprocessgroup: Failed to apply CompactFull process profile
03-21 20:45:46.835  1587  1889 E libprocessgroup: Failed to read /sys/fs/cgroup/system/uid_0/pid_393/memory.current: No such file or directory
03-21 20:45:46.835  1587  1889 W libprocessgroup: Failed to apply CompactFull process profile
03-21 20:45:46.835  1587  1889 E libprocessgroup: Failed to read /sys/fs/cgroup/system/uid_0/pid_399/memory.current: No such file or directory
03-21 20:45:46.835  1587  1889 W libprocessgroup: Failed to apply CompactFull process profile
03-21 20:45:46.835  1587  1889 E libprocessgroup: Failed to read /sys/fs/cgroup/system/uid_0/pid_407/memory.current: No such file or directory
03-21 20:45:46.835  1587  1889 W libprocessgroup: Failed to apply CompactFull process profile
03-21 20:45:46.835  1587  1889 E libprocessgroup: Failed to read /sys/fs/cgroup/system/uid_0/pid_409/memory.current: No such file or directory
03-21 20:45:46.835  1587  1889 W libprocessgroup: Failed to apply CompactFull process profile
03-21 20:45:46.835  1587  1889 E libprocessgroup: Failed to read /sys/fs/cgroup/system/uid_0/pid_411/memory.current: No such file or directory
03-21 20:45:46.836  1587  1889 W libprocessgroup: Failed to apply CompactFull process profile
03-21 20:45:46.836  1587  1889 E libprocessgroup: Failed to read /sys/fs/cgroup/system/uid_0/pid_412/memory.current: No such file or directory
03-21 20:45:46.836  1587  1889 W libprocessgroup: Failed to apply CompactFull process profile
03-21 20:45:46.836  1587  1889 E libprocessgroup: Failed to read /sys/fs/cgroup/system/uid_0/pid_413/memory.current: No such file or directory
03-21 20:45:46.836  1587  1889 W libprocessgroup: Failed to apply CompactFull process profile
03-21 20:45:46.836  1587  1889 E libprocessgroup: Failed to read /sys/fs/cgroup/system/uid_0/pid_414/memory.current: No such file or directory
03-21 20:45:46.836  1587  1889 W libprocessgroup: Failed to apply CompactFull process profile
03-21 20:45:46.836  1587  1889 E libprocessgroup: Failed to read /sys/fs/cgroup/system/uid_0/pid_415/memory.current: No such file or directory
03-21 20:45:46.836  1587  1889 W libprocessgroup: Failed to apply CompactFull process profile
03-21 20:45:46.837  1587  1889 E libprocessgroup: Failed to read /sys/fs/cgroup/system/uid_0/pid_416/memory.current: No such file or directory
03-21 20:45:46.837  1587  1889 W libprocessgroup: Failed to apply CompactFull process profile
03-21 20:45:46.837  1587  1889 E libprocessgroup: Failed to read /sys/fs/cgroup/system/uid_0/pid_417/memory.current: No such file or directory
03-21 20:45:46.837  1587  1889 W libprocessgroup: Failed to apply CompactFull process profile
03-21 20:45:46.837  1587  1889 E libprocessgroup: Failed to read /sys/fs/cgroup/system/uid_0/pid_418/memory.current: No such file or directory
03-21 20:45:46.837  1587  1889 W libprocessgroup: Failed to apply CompactFull process profile
03-21 20:45:46.837  1587  1889 E libprocessgroup: Failed to read /sys/fs/cgroup/system/uid_0/pid_419/memory.current: No such file or directory
03-21 20:45:46.837  1587  1889 W libprocessgroup: Failed to apply CompactFull process profile
03-21 20:45:46.838  1587  1889 E libprocessgroup: Failed to read /sys/fs/cgroup/system/uid_0/pid_423/memory.current: No such file or directory
03-21 20:45:46.838  1587  1889 W libprocessgroup: Failed to apply CompactFull process profile
03-21 20:45:46.839  1587  1889 E libprocessgroup: Could not write 2596864 to /sys/fs/cgroup/system/uid_0/pid_424/memory.reclaim: Permission denied
03-21 20:45:46.839  1587  1889 W libprocessgroup: Failed to apply CompactFull process profile
03-21 20:45:46.839  1587  1889 E libprocessgroup: Failed to read /sys/fs/cgroup/system/uid_0/pid_474/memory.current: No such file or directory
03-21 20:45:46.839  1587  1889 W libprocessgroup: Failed to apply CompactFull process profile
03-21 20:45:46.839  1587  1889 E libprocessgroup: Failed to read /sys/fs/cgroup/system/uid_0/pid_476/memory.current: No such file or directory
03-21 20:45:46.839  1587  1889 W libprocessgroup: Failed to apply CompactFull process profile
03-21 20:45:46.839  1587  1889 E libprocessgroup: Failed to read /sys/fs/cgroup/system/uid_0/pid_478/memory.current: No such file or directory
03-21 20:45:46.839  1587  1889 W libprocessgroup: Failed to apply CompactFull process profile
03-21 20:45:46.839  1587  1889 E libprocessgroup: Failed to read /sys/fs/cgroup/system/uid_0/pid_480/memory.current: No such file or directory
03-21 20:45:46.839  1587  1889 W libprocessgroup: Failed to apply CompactFull process profile
03-21 20:45:46.840  1587  1889 E libprocessgroup: Failed to read /sys/fs/cgroup/system/uid_0/pid_481/memory.current: No such file or directory
03-21 20:45:46.840  1587  1889 W libprocessgroup: Failed to apply CompactFull process profile
03-21 20:45:46.840  1587  1889 E libprocessgroup: Failed to read /sys/fs/cgroup/system/uid_0/pid_482/memory.current: No such file or directory
03-21 20:45:46.840  1587  1889 W libprocessgroup: Failed to apply CompactFull process profile
03-21 20:45:46.840  1587  1889 E libprocessgroup: Failed to read /sys/fs/cgroup/system/uid_0/pid_483/memory.current: No such file or directory
03-21 20:45:46.840  1587  1889 W libprocessgroup: Failed to apply CompactFull process profile
03-21 20:45:46.840  1587  1889 E libprocessgroup: Failed to read /sys/fs/cgroup/system/uid_0/pid_484/memory.current: No such file or directory
03-21 20:45:46.840  1587  1889 W libprocessgroup: Failed to apply CompactFull process profile
03-21 20:45:46.841  1587  1889 E libprocessgroup: Failed to read /sys/fs/cgroup/system/uid_0/pid_485/memory.current: No such file or directory
03-21 20:45:46.841  1587  1889 W libprocessgroup: Failed to apply CompactFull process profile
03-21 20:45:46.841  1587  1889 E libprocessgroup: Failed to read /sys/fs/cgroup/system/uid_0/pid_486/memory.current: No such file or directory
03-21 20:45:46.841  1587  1889 W libprocessgroup: Failed to apply CompactFull process profile
03-21 20:45:46.841  1587  1889 E libprocessgroup: Failed to read /sys/fs/cgroup/system/uid_0/pid_487/memory.current: No such file or directory
03-21 20:45:46.841  1587  1889 W libprocessgroup: Failed to apply CompactFull process profile
03-21 20:45:46.841  1587  1889 E libprocessgroup: Failed to read /sys/fs/cgroup/system/uid_0/pid_489/memory.current: No such file or directory
03-21 20:45:46.841  1587  1889 W libprocessgroup: Failed to apply CompactFull process profile
03-21 20:45:46.841  1587  1889 E libprocessgroup: Failed to read /sys/fs/cgroup/system/uid_0/pid_490/memory.current: No such file or directory
03-21 20:45:46.841  1587  1889 W libprocessgroup: Failed to apply CompactFull process profile
03-21 20:45:46.842  1587  1889 E libprocessgroup: Failed to read /sys/fs/cgroup/system/uid_0/pid_491/memory.current: No such file or directory
03-21 20:45:46.842  1587  1889 W libprocessgroup: Failed to apply CompactFull process profile
03-21 20:45:46.842  1587  1889 E libprocessgroup: Failed to read /sys/fs/cgroup/system/uid_0/pid_492/memory.current: No such file or directory
03-21 20:45:46.842  1587  1889 W libprocessgroup: Failed to apply CompactFull process profile
03-21 20:45:46.842  1587  1889 E libprocessgroup: Failed to read /sys/fs/cgroup/system/uid_0/pid_494/memory.current: No such file or directory
03-21 20:45:46.842  1587  1889 W libprocessgroup: Failed to apply CompactFull process profile
03-21 20:45:46.842  1587  1889 E libprocessgroup: Failed to read /sys/fs/cgroup/system/uid_0/pid_496/memory.current: No such file or directory
03-21 20:45:46.842  1587  1889 W libprocessgroup: Failed to apply CompactFull process profile
03-21 20:45:46.843  1587  1889 E libprocessgroup: Failed to read /sys/fs/cgroup/system/uid_0/pid_497/memory.current: No such file or directory
03-21 20:45:46.843  1587  1889 W libprocessgroup: Failed to apply CompactFull process profile
03-21 20:45:46.843  1587  1889 E libprocessgroup: Failed to read /sys/fs/cgroup/system/uid_0/pid_498/memory.current: No such file or directory
03-21 20:45:46.843  1587  1889 W libprocessgroup: Failed to apply CompactFull process profile
03-21 20:45:46.843  1587  1889 E libprocessgroup: Failed to read /sys/fs/cgroup/system/uid_0/pid_500/memory.current: No such file or directory
03-21 20:45:46.843  1587  1889 W libprocessgroup: Failed to apply CompactFull process profile
03-21 20:45:46.843  1587  1889 E libprocessgroup: Failed to read /sys/fs/cgroup/system/uid_0/pid_501/memory.current: No such file or directory
03-21 20:45:46.843  1587  1889 W libprocessgroup: Failed to apply CompactFull process profile
03-21 20:45:46.843  1587  1889 E libprocessgroup: Failed to read /sys/fs/cgroup/system/uid_0/pid_502/memory.current: No such file or directory
03-21 20:45:46.843  1587  1889 W libprocessgroup: Failed to apply CompactFull process profile
03-21 20:45:46.844  1587  1889 E libprocessgroup: Failed to read /sys/fs/cgroup/system/uid_0/pid_503/memory.current: No such file or directory
03-21 20:45:46.844  1587  1889 W libprocessgroup: Failed to apply CompactFull process profile
03-21 20:45:46.844  1587  1889 E libprocessgroup: Failed to read /sys/fs/cgroup/system/uid_0/pid_504/memory.current: No such file or directory
03-21 20:45:46.844  1587  1889 W libprocessgroup: Failed to apply CompactFull process profile
03-21 20:45:46.844  1587  1889 E libprocessgroup: Failed to read /sys/fs/cgroup/system/uid_0/pid_505/memory.current: No such file or directory
03-21 20:45:46.844  1587  1889 W libprocessgroup: Failed to apply CompactFull process profile
03-21 20:45:46.844  1587  1889 E libprocessgroup: Failed to read /sys/fs/cgroup/system/uid_0/pid_509/memory.current: No such file or directory
03-21 20:45:46.844  1587  1889 W libprocessgroup: Failed to apply CompactFull process profile
03-21 20:45:46.845  1587  1889 E libprocessgroup: Failed to read /sys/fs/cgroup/system/uid_0/pid_516/memory.current: No such file or directory
03-21 20:45:46.845  1587  1889 W libprocessgroup: Failed to apply CompactFull process profile
03-21 20:45:46.845  1587  1889 E libprocessgroup: Failed to read /sys/fs/cgroup/system/uid_0/pid_517/memory.current: No such file or directory
03-21 20:45:46.845  1587  1889 W libprocessgroup: Failed to apply CompactFull process profile
03-21 20:45:46.845  1587  1889 E libprocessgroup: Failed to read /sys/fs/cgroup/system/uid_0/pid_518/memory.current: No such file or directory
03-21 20:45:46.845  1587  1889 W libprocessgroup: Failed to apply CompactFull process profile
03-21 20:45:46.845  1587  1889 E libprocessgroup: Failed to read /sys/fs/cgroup/system/uid_0/pid_519/memory.current: No such file or directory
03-21 20:45:46.845  1587  1889 W libprocessgroup: Failed to apply CompactFull process profile
03-21 20:45:46.845  1587  1889 E libprocessgroup: Failed to read /sys/fs/cgroup/system/uid_0/pid_520/memory.current: No such file or directory
03-21 20:45:46.845  1587  1889 W libprocessgroup: Failed to apply CompactFull process profile
03-21 20:45:46.846  1587  1889 E libprocessgroup: Failed to read /sys/fs/cgroup/system/uid_0/pid_521/memory.current: No such file or directory
03-21 20:45:46.846  1587  1889 W libprocessgroup: Failed to apply CompactFull process profile
03-21 20:45:46.846  1587  1889 E libprocessgroup: Failed to read /sys/fs/cgroup/system/uid_0/pid_522/memory.current: No such file or directory
03-21 20:45:46.846  1587  1889 W libprocessgroup: Failed to apply CompactFull process profile
03-21 20:45:46.846  1587  1889 E libprocessgroup: Failed to read /sys/fs/cgroup/system/uid_0/pid_523/memory.current: No such file or directory
03-21 20:45:46.846  1587  1889 W libprocessgroup: Failed to apply CompactFull process profile
03-21 20:45:46.846  1587  1889 E libprocessgroup: Failed to read /sys/fs/cgroup/system/uid_0/pid_524/memory.current: No such file or directory
03-21 20:45:46.846  1587  1889 W libprocessgroup: Failed to apply CompactFull process profile
03-21 20:45:46.847  1587  1889 E libprocessgroup: Failed to read /sys/fs/cgroup/system/uid_0/pid_525/memory.current: No such file or directory
03-21 20:45:46.847  1587  1889 W libprocessgroup: Failed to apply CompactFull process profile
03-21 20:45:46.847  1587  1889 E libprocessgroup: Could not write 2506752 to /sys/fs/cgroup/system/uid_1092/pid_528/memory.reclaim: Permission denied
03-21 20:45:46.847  1587  1889 W libprocessgroup: Failed to apply CompactFull process profile
03-21 20:45:46.848  1587  1889 E libprocessgroup: Failed to read /sys/fs/cgroup/system/uid_0/pid_530/memory.current: No such file or directory
03-21 20:45:46.848  1587  1889 W libprocessgroup: Failed to apply CompactFull process profile
03-21 20:45:46.849  1587  1889 E libprocessgroup: Could not write 1208320 to /sys/fs/cgroup/system/uid_1069/pid_531/memory.reclaim: Permission denied
03-21 20:45:46.849  1587  1889 W libprocessgroup: Failed to apply CompactFull process profile
03-21 20:45:46.849  1587  1889 E libprocessgroup: Could not write 2486272 to /sys/fs/cgroup/system/uid_1000/pid_532/memory.reclaim: Permission denied
03-21 20:45:46.849  1587  1889 W libprocessgroup: Failed to apply CompactFull process profile
03-21 20:45:46.850  1587  1889 E libprocessgroup: Could not write 3117056 to /sys/fs/cgroup/system/uid_1000/pid_533/memory.reclaim: Permission denied
03-21 20:45:46.850  1587  1889 W libprocessgroup: Failed to apply CompactFull process profile
03-21 20:45:46.850  1587  1889 E libprocessgroup: Failed to read /sys/fs/cgroup/system/uid_0/pid_534/memory.current: No such file or directory
03-21 20:45:46.850  1587  1889 W libprocessgroup: Failed to apply CompactFull process profile
03-21 20:45:46.851  1587  1889 E libprocessgroup: Could not write 3485696 to /sys/fs/cgroup/system/uid_1000/pid_542/memory.reclaim: Permission denied
03-21 20:45:46.851  1587  1889 W libprocessgroup: Failed to apply CompactFull process profile
03-21 20:45:46.851  1587  1889 E libprocessgroup: Could not write 7794688 to /sys/fs/cgroup/system/uid_0/pid_543/memory.reclaim: Permission denied
03-21 20:45:46.852  1587  1889 W libprocessgroup: Failed to apply CompactFull process profile
03-21 20:45:46.852  1587  1889 E libprocessgroup: Failed to read /sys/fs/cgroup/system/uid_0/pid_548/memory.current: No such file or directory
03-21 20:45:46.852  1587  1889 W libprocessgroup: Failed to apply CompactFull process profile
03-21 20:45:46.852  1587  1889 E libprocessgroup: Failed to read /sys/fs/cgroup/system/uid_0/pid_549/memory.current: No such file or directory
03-21 20:45:46.852  1587  1889 W libprocessgroup: Failed to apply CompactFull process profile
03-21 20:45:46.852  1587  1889 E libprocessgroup: Failed to read /sys/fs/cgroup/system/uid_0/pid_552/memory.current: No such file or directory
03-21 20:45:46.852  1587  1889 W libprocessgroup: Failed to apply CompactFull process profile
03-21 20:45:46.852  1587  1889 E libprocessgroup: Failed to read /sys/fs/cgroup/system/uid_0/pid_557/memory.current: No such file or directory
03-21 20:45:46.852  1587  1889 W libprocessgroup: Failed to apply CompactFull process profile
03-21 20:45:46.853  1587  1889 E libprocessgroup: Failed to read /sys/fs/cgroup/system/uid_0/pid_558/memory.current: No such file or directory
03-21 20:45:46.853  1587  1889 W libprocessgroup: Failed to apply CompactFull process profile
03-21 20:45:46.853  1587  1889 E libprocessgroup: Failed to read /sys/fs/cgroup/system/uid_0/pid_562/memory.current: No such file or directory
03-21 20:45:46.853  1587  1889 W libprocessgroup: Failed to apply CompactFull process profile
03-21 20:45:46.853  1587  1889 E libprocessgroup: Failed to read /sys/fs/cgroup/system/uid_0/pid_563/memory.current: No such file or directory
03-21 20:45:46.853  1587  1889 W libprocessgroup: Failed to apply CompactFull process profile
03-21 20:45:46.853  1587  1889 E libprocessgroup: Failed to read /sys/fs/cgroup/system/uid_0/pid_567/memory.current: No such file or directory
03-21 20:45:46.853  1587  1889 W libprocessgroup: Failed to apply CompactFull process profile
03-21 20:45:46.853  1587  1889 E libprocessgroup: Failed to read /sys/fs/cgroup/system/uid_0/pid_568/memory.current: No such file or directory
03-21 20:45:46.853  1587  1889 W libprocessgroup: Failed to apply CompactFull process profile
03-21 20:45:46.853  1587  1889 E libprocessgroup: Failed to read /sys/fs/cgroup/system/uid_0/pid_572/memory.current: No such file or directory
03-21 20:45:46.853  1587  1889 W libprocessgroup: Failed to apply CompactFull process profile
03-21 20:45:46.854  1587  1889 E libprocessgroup: Failed to read /sys/fs/cgroup/system/uid_0/pid_573/memory.current: No such file or directory
03-21 20:45:46.854  1587  1889 W libprocessgroup: Failed to apply CompactFull process profile
03-21 20:45:46.854  1587  1889 E libprocessgroup: Failed to read /sys/fs/cgroup/system/uid_0/pid_577/memory.current: No such file or directory
03-21 20:45:46.854  1587  1889 W libprocessgroup: Failed to apply CompactFull process profile
03-21 20:45:46.854  1587  1889 E libprocessgroup: Failed to read /sys/fs/cgroup/system/uid_0/pid_578/memory.current: No such file or directory
03-21 20:45:46.854  1587  1889 W libprocessgroup: Failed to apply CompactFull process profile
03-21 20:45:46.855  1587  1889 E libprocessgroup: Could not write 2646016 to /sys/fs/cgroup/system/uid_1000/pid_579/memory.reclaim: Permission denied
03-21 20:45:46.855  1587  1889 W libprocessgroup: Failed to apply CompactFull process profile
03-21 20:45:46.855  1587  1889 E libprocessgroup: Failed to read /sys/fs/cgroup/system/uid_0/pid_584/memory.current: No such file or directory
03-21 20:45:46.855  1587  1889 W libprocessgroup: Failed to apply CompactFull process profile
03-21 20:45:46.855  1587  1889 E libprocessgroup: Failed to read /sys/fs/cgroup/system/uid_0/pid_588/memory.current: No such file or directory
03-21 20:45:46.855  1587  1889 W libprocessgroup: Failed to apply CompactFull process profile
03-21 20:45:46.856  1587  1889 E libprocessgroup: Failed to read /sys/fs/cgroup/system/uid_0/pid_589/memory.current: No such file or directory
03-21 20:45:46.856  1587  1889 W libprocessgroup: Failed to apply CompactFull process profile
03-21 20:45:46.857  1587  1889 E libprocessgroup: Could not write 1331200 to /sys/fs/cgroup/system/uid_1000/pid_592/memory.reclaim: Permission denied
03-21 20:45:46.857  1587  1889 W libprocessgroup: Failed to apply CompactFull process profile
03-21 20:45:46.858  1587  1889 E libprocessgroup: Could not write 1990656 to /sys/fs/cgroup/system/uid_1000/pid_593/memory.reclaim: Permission denied
03-21 20:45:46.858  1587  1889 W libprocessgroup: Failed to apply CompactFull process profile
03-21 20:45:46.858  1587  1889 E libprocessgroup: Could not write 11063296 to /sys/fs/cgroup/system/uid_1017/pid_594/memory.reclaim: Permission denied
03-21 20:45:46.859  1587  1889 W libprocessgroup: Failed to apply CompactFull process profile
03-21 20:45:46.859  1587  1889 E libprocessgroup: Could not write 3158016 to /sys/fs/cgroup/system/uid_1000/pid_595/memory.reclaim: Permission denied
03-21 20:45:46.859  1587  1889 W libprocessgroup: Failed to apply CompactFull process profile
03-21 20:45:46.860  1587  1889 E libprocessgroup: Could not write 1167360 to /sys/fs/cgroup/system/uid_0/pid_596/memory.reclaim: Permission denied
03-21 20:45:46.860  1587  1889 W libprocessgroup: Failed to apply CompactFull process profile
03-21 20:45:46.860  1587  1889 E libprocessgroup: Failed to read /sys/fs/cgroup/system/uid_0/pid_601/memory.current: No such file or directory
03-21 20:45:46.860  1587  1889 W libprocessgroup: Failed to apply CompactFull process profile
03-21 20:45:46.860  1587  1889 E libprocessgroup: Failed to read /sys/fs/cgroup/system/uid_0/pid_602/memory.current: No such file or directory
03-21 20:45:46.861  1587  1889 W libprocessgroup: Failed to apply CompactFull process profile
03-21 20:45:46.861  1587  1889 E libprocessgroup: Failed to read /sys/fs/cgroup/system/uid_0/pid_603/memory.current: No such file or directory
03-21 20:45:46.861  1587  1889 W libprocessgroup: Failed to apply CompactFull process profile
03-21 20:45:46.861   625  2778 W libperfmgr: Failed to write to node: /dev/stune/top-app/schedtune.boost with value: 10, fd: -1
03-21 20:45:46.861   625  2778 W libperfmgr: Failed to write to node: /proc/sys/kernel/sched_boost with value: 0, fd: -1
03-21 20:45:46.861  1587  1889 E libprocessgroup: Failed to read /sys/fs/cgroup/system/uid_0/pid_604/memory.current: No such file or directory
03-21 20:45:46.861  1587  1889 W libprocessgroup: Failed to apply CompactFull process profile
03-21 20:45:46.861  1587  1889 E libprocessgroup: Failed to read /sys/fs/cgroup/system/uid_0/pid_605/memory.current: No such file or directory
03-21 20:45:46.861  1587  1889 W libprocessgroup: Failed to apply CompactFull process profile
03-21 20:45:46.861  1587  1889 E libprocessgroup: Failed to read /sys/fs/cgroup/system/uid_0/pid_606/memory.current: No such file or directory
03-21 20:45:46.861  1587  1889 W libprocessgroup: Failed to apply CompactFull process profile
03-21 20:45:46.862  1587  1889 E libprocessgroup: Failed to read /sys/fs/cgroup/system/uid_0/pid_623/memory.current: No such file or directory
03-21 20:45:46.862  1587  1889 W libprocessgroup: Failed to apply CompactFull process profile
03-21 20:45:46.862  1587  1889 E libprocessgroup: Failed to read /sys/fs/cgroup/system/uid_0/pid_624/memory.current: No such file or directory
03-21 20:45:46.862  1587  1889 W libprocessgroup: Failed to apply CompactFull process profile
03-21 20:45:46.862  1587  1889 E libprocessgroup: Could not write 3379200 to /sys/fs/cgroup/system/uid_0/pid_625/memory.reclaim: Permission denied
03-21 20:45:46.863  1587  1889 W libprocessgroup: Failed to apply CompactFull process profile
03-21 20:45:46.863  1587  1889 E libprocessgroup: Could not write 675840 to /sys/fs/cgroup/system/uid_1058/pid_636/memory.reclaim: Permission denied
03-21 20:45:46.863  1587  1889 W libprocessgroup: Failed to apply CompactFull process profile
03-21 20:45:46.863  1587  1889 E libprocessgroup: Failed to read /sys/fs/cgroup/system/uid_0/pid_691/memory.current: No such file or directory
03-21 20:45:46.863  1587  1889 W libprocessgroup: Failed to apply CompactFull process profile
03-21 20:45:46.864  1587  1889 E libprocessgroup: Failed to read /sys/fs/cgroup/system/uid_0/pid_710/memory.current: No such file or directory
03-21 20:45:46.864  1587  1889 W libprocessgroup: Failed to apply CompactFull process profile
03-21 20:45:46.864  1587  1889 E libprocessgroup: Failed to read /sys/fs/cgroup/system/uid_0/pid_720/memory.current: No such file or directory
03-21 20:45:46.864  1587  1889 W libprocessgroup: Failed to apply CompactFull process profile
03-21 20:45:46.864  1587  1889 E libprocessgroup: Failed to read /sys/fs/cgroup/system/uid_0/pid_721/memory.current: No such file or directory
03-21 20:45:46.864  1587  1889 W libprocessgroup: Failed to apply CompactFull process profile
03-21 20:45:46.864  1587  1889 E libprocessgroup: Failed to read /sys/fs/cgroup/system/uid_0/pid_722/memory.current: No such file or directory
03-21 20:45:46.864  1587  1889 W libprocessgroup: Failed to apply CompactFull process profile
03-21 20:45:46.864  1587  1889 E libprocessgroup: Failed to read /sys/fs/cgroup/system/uid_0/pid_723/memory.current: No such file or directory
03-21 20:45:46.865  1587  1889 W libprocessgroup: Failed to apply CompactFull process profile
03-21 20:45:46.865  1587  1889 E libprocessgroup: Failed to read /sys/fs/cgroup/system/uid_0/pid_724/memory.current: No such file or directory
03-21 20:45:46.865  1587  1889 W libprocessgroup: Failed to apply CompactFull process profile
03-21 20:45:46.865  1587  1889 E libprocessgroup: Failed to read /sys/fs/cgroup/system/uid_0/pid_725/memory.current: No such file or directory
03-21 20:45:46.865  1587  1889 W libprocessgroup: Failed to apply CompactFull process profile
03-21 20:45:46.865  1587  1889 E libprocessgroup: Failed to read /sys/fs/cgroup/system/uid_0/pid_726/memory.current: No such file or directory
03-21 20:45:46.865  1587  1889 W libprocessgroup: Failed to apply CompactFull process profile
03-21 20:45:46.865  1587  1889 E libprocessgroup: Failed to read /sys/fs/cgroup/system/uid_0/pid_727/memory.current: No such file or directory
03-21 20:45:46.865  1587  1889 W libprocessgroup: Failed to apply CompactFull process profile
03-21 20:45:46.866  1587  1889 E libprocessgroup: Failed to read /sys/fs/cgroup/system/uid_0/pid_728/memory.current: No such file or directory
03-21 20:45:46.866  1587  1889 W libprocessgroup: Failed to apply CompactFull process profile
03-21 20:45:46.866  1587  1889 E libprocessgroup: Failed to read /sys/fs/cgroup/system/uid_0/pid_729/memory.current: No such file or directory
03-21 20:45:46.866  1587  1889 W libprocessgroup: Failed to apply CompactFull process profile
03-21 20:45:46.866  1587  1889 E libprocessgroup: Failed to read /sys/fs/cgroup/system/uid_0/pid_730/memory.current: No such file or directory
03-21 20:45:46.866  1587  1889 W libprocessgroup: Failed to apply CompactFull process profile
03-21 20:45:46.866  1587  1889 E libprocessgroup: Failed to read /sys/fs/cgroup/system/uid_0/pid_731/memory.current: No such file or directory
03-21 20:45:46.866  1587  1889 W libprocessgroup: Failed to apply CompactFull process profile
03-21 20:45:46.867  1587  1889 E libprocessgroup: Failed to read /sys/fs/cgroup/system/uid_0/pid_732/memory.current: No such file or directory
03-21 20:45:46.867  1587  1889 W libprocessgroup: Failed to apply CompactFull process profile
03-21 20:45:46.867  1587  1889 E libprocessgroup: Failed to read /sys/fs/cgroup/system/uid_0/pid_733/memory.current: No such file or directory
03-21 20:45:46.867  1587  1889 W libprocessgroup: Failed to apply CompactFull process profile
03-21 20:45:46.867  1587  1889 E libprocessgroup: Failed to read /sys/fs/cgroup/system/uid_0/pid_734/memory.current: No such file or directory
03-21 20:45:46.867  1587  1889 W libprocessgroup: Failed to apply CompactFull process profile
03-21 20:45:46.867  1587  1889 E libprocessgroup: Failed to read /sys/fs/cgroup/system/uid_0/pid_735/memory.current: No such file or directory
03-21 20:45:46.867  1587  1889 W libprocessgroup: Failed to apply CompactFull process profile
03-21 20:45:46.867  1587  1889 E libprocessgroup: Failed to read /sys/fs/cgroup/system/uid_0/pid_736/memory.current: No such file or directory
03-21 20:45:46.867  1587  1889 W libprocessgroup: Failed to apply CompactFull process profile
03-21 20:45:46.868  1587  1889 E libprocessgroup: Failed to read /sys/fs/cgroup/system/uid_0/pid_737/memory.current: No such file or directory
03-21 20:45:46.868  1587  1889 W libprocessgroup: Failed to apply CompactFull process profile
03-21 20:45:46.868  1587  1889 E libprocessgroup: Failed to read /sys/fs/cgroup/system/uid_0/pid_738/memory.current: No such file or directory
03-21 20:45:46.868  1587  1889 W libprocessgroup: Failed to apply CompactFull process profile
03-21 20:45:46.868  1587  1889 E libprocessgroup: Failed to read /sys/fs/cgroup/system/uid_0/pid_739/memory.current: No such file or directory
03-21 20:45:46.868  1587  1889 W libprocessgroup: Failed to apply CompactFull process profile
03-21 20:45:46.868  1587  1889 E libprocessgroup: Failed to read /sys/fs/cgroup/system/uid_0/pid_740/memory.current: No such file or directory
03-21 20:45:46.868  1587  1889 W libprocessgroup: Failed to apply CompactFull process profile
03-21 20:45:46.869  1587  1889 E libprocessgroup: Failed to read /sys/fs/cgroup/system/uid_0/pid_741/memory.current: No such file or directory
03-21 20:45:46.869  1587  1889 W libprocessgroup: Failed to apply CompactFull process profile
03-21 20:45:46.869  1587  1889 E libprocessgroup: Failed to read /sys/fs/cgroup/system/uid_0/pid_742/memory.current: No such file or directory
03-21 20:45:46.869  1587  1889 W libprocessgroup: Failed to apply CompactFull process profile
03-21 20:45:46.869  1587  1889 E libprocessgroup: Failed to read /sys/fs/cgroup/system/uid_0/pid_743/memory.current: No such file or directory
03-21 20:45:46.869  1587  1889 W libprocessgroup: Failed to apply CompactFull process profile
03-21 20:45:46.869  1587  1889 E libprocessgroup: Failed to read /sys/fs/cgroup/system/uid_0/pid_744/memory.current: No such file or directory
03-21 20:45:46.869  1587  1889 W libprocessgroup: Failed to apply CompactFull process profile
03-21 20:45:46.869  1587  1889 E libprocessgroup: Failed to read /sys/fs/cgroup/system/uid_0/pid_745/memory.current: No such file or directory
03-21 20:45:46.869  1587  1889 W libprocessgroup: Failed to apply CompactFull process profile
03-21 20:45:46.870  1587  1889 E libprocessgroup: Failed to read /sys/fs/cgroup/system/uid_0/pid_746/memory.current: No such file or directory
03-21 20:45:46.870  1587  1889 W libprocessgroup: Failed to apply CompactFull process profile
03-21 20:45:46.870  1587  1889 E libprocessgroup: Failed to read /sys/fs/cgroup/system/uid_0/pid_747/memory.current: No such file or directory
03-21 20:45:46.870  1587  1889 W libprocessgroup: Failed to apply CompactFull process profile
03-21 20:45:46.870  1587  1889 E libprocessgroup: Failed to read /sys/fs/cgroup/system/uid_0/pid_748/memory.current: No such file or directory
03-21 20:45:46.870  1587  1889 W libprocessgroup: Failed to apply CompactFull process profile
03-21 20:45:46.870  1587  1889 E libprocessgroup: Failed to read /sys/fs/cgroup/system/uid_0/pid_749/memory.current: No such file or directory
03-21 20:45:46.870  1587  1889 W libprocessgroup: Failed to apply CompactFull process profile
03-21 20:45:46.871  1587  1889 E libprocessgroup: Failed to read /sys/fs/cgroup/system/uid_0/pid_750/memory.current: No such file or directory
03-21 20:45:46.871  1587  1889 W libprocessgroup: Failed to apply CompactFull process profile
03-21 20:45:46.871  1587  1889 E libprocessgroup: Failed to read /sys/fs/cgroup/system/uid_0/pid_751/memory.current: No such file or directory
03-21 20:45:46.871  1587  1889 W libprocessgroup: Failed to apply CompactFull process profile
03-21 20:45:46.871  1587  1889 E libprocessgroup: Failed to read /sys/fs/cgroup/system/uid_0/pid_752/memory.current: No such file or directory
03-21 20:45:46.871  1587  1889 W libprocessgroup: Failed to apply CompactFull process profile
03-21 20:45:46.871  1587  1889 E libprocessgroup: Failed to read /sys/fs/cgroup/system/uid_0/pid_753/memory.current: No such file or directory
03-21 20:45:46.871  1587  1889 W libprocessgroup: Failed to apply CompactFull process profile
03-21 20:45:46.871  1587  1889 E libprocessgroup: Failed to read /sys/fs/cgroup/system/uid_0/pid_754/memory.current: No such file or directory
03-21 20:45:46.871  1587  1889 W libprocessgroup: Failed to apply CompactFull process profile
03-21 20:45:46.872  1587  1889 E libprocessgroup: Failed to read /sys/fs/cgroup/system/uid_0/pid_755/memory.current: No such file or directory
03-21 20:45:46.872  1587  1889 W libprocessgroup: Failed to apply CompactFull process profile
03-21 20:45:46.872  1587  1889 E libprocessgroup: Failed to read /sys/fs/cgroup/system/uid_0/pid_756/memory.current: No such file or directory
03-21 20:45:46.872  1587  1889 W libprocessgroup: Failed to apply CompactFull process profile
03-21 20:45:46.872  1587  1889 E libprocessgroup: Failed to read /sys/fs/cgroup/system/uid_0/pid_757/memory.current: No such file or directory
03-21 20:45:46.872  1587  1889 W libprocessgroup: Failed to apply CompactFull process profile
03-21 20:45:46.872  1587  1889 E libprocessgroup: Failed to read /sys/fs/cgroup/system/uid_0/pid_758/memory.current: No such file or directory
03-21 20:45:46.872  1587  1889 W libprocessgroup: Failed to apply CompactFull process profile
03-21 20:45:46.873  1587  1889 E libprocessgroup: Failed to read /sys/fs/cgroup/system/uid_0/pid_759/memory.current: No such file or directory
03-21 20:45:46.873  1587  1889 W libprocessgroup: Failed to apply CompactFull process profile
03-21 20:45:46.873  1587  1889 E libprocessgroup: Failed to read /sys/fs/cgroup/system/uid_0/pid_760/memory.current: No such file or directory
03-21 20:45:46.873  1587  1889 W libprocessgroup: Failed to apply CompactFull process profile
03-21 20:45:46.873  1587  1889 E libprocessgroup: Failed to read /sys/fs/cgroup/system/uid_0/pid_761/memory.current: No such file or directory
03-21 20:45:46.873  1587  1889 W libprocessgroup: Failed to apply CompactFull process profile
03-21 20:45:46.873  1587  1889 E libprocessgroup: Failed to read /sys/fs/cgroup/system/uid_0/pid_762/memory.current: No such file or directory
03-21 20:45:46.873  1587  1889 W libprocessgroup: Failed to apply CompactFull process profile
03-21 20:45:46.873  1587  1889 E libprocessgroup: Failed to read /sys/fs/cgroup/system/uid_0/pid_763/memory.current: No such file or directory
03-21 20:45:46.873  1587  1889 W libprocessgroup: Failed to apply CompactFull process profile
03-21 20:45:46.874  1587  1889 E libprocessgroup: Failed to read /sys/fs/cgroup/system/uid_0/pid_764/memory.current: No such file or directory
03-21 20:45:46.874  1587  1889 W libprocessgroup: Failed to apply CompactFull process profile
03-21 20:45:46.874  1587  1889 E libprocessgroup: Failed to read /sys/fs/cgroup/system/uid_0/pid_765/memory.current: No such file or directory
03-21 20:45:46.874  1587  1889 W libprocessgroup: Failed to apply CompactFull process profile
03-21 20:45:46.874  1587  1889 E libprocessgroup: Failed to read /sys/fs/cgroup/system/uid_0/pid_766/memory.current: No such file or directory
03-21 20:45:46.874  1587  1889 W libprocessgroup: Failed to apply CompactFull process profile
03-21 20:45:46.875  1587  1889 E libprocessgroup: Failed to read /sys/fs/cgroup/system/uid_0/pid_767/memory.current: No such file or directory
03-21 20:45:46.875  1587  1889 W libprocessgroup: Failed to apply CompactFull process profile
03-21 20:45:46.875  1587  1889 E libprocessgroup: Failed to read /sys/fs/cgroup/system/uid_0/pid_768/memory.current: No such file or directory
03-21 20:45:46.875  1587  1889 W libprocessgroup: Failed to apply CompactFull process profile
03-21 20:45:46.875  1587  1889 E libprocessgroup: Failed to read /sys/fs/cgroup/system/uid_0/pid_769/memory.current: No such file or directory
03-21 20:45:46.875  1587  1889 W libprocessgroup: Failed to apply CompactFull process profile
03-21 20:45:46.875  1587  1889 E libprocessgroup: Failed to read /sys/fs/cgroup/system/uid_0/pid_770/memory.current: No such file or directory
03-21 20:45:46.875  1587  1889 W libprocessgroup: Failed to apply CompactFull process profile
03-21 20:45:46.875  1587  1889 E libprocessgroup: Failed to read /sys/fs/cgroup/system/uid_0/pid_771/memory.current: No such file or directory
03-21 20:45:46.875  1587  1889 W libprocessgroup: Failed to apply CompactFull process profile
03-21 20:45:46.876  1587  1889 E libprocessgroup: Failed to read /sys/fs/cgroup/system/uid_0/pid_772/memory.current: No such file or directory
03-21 20:45:46.876  1587  1889 W libprocessgroup: Failed to apply CompactFull process profile
03-21 20:45:46.876  1587  1889 E libprocessgroup: Failed to read /sys/fs/cgroup/system/uid_0/pid_773/memory.current: No such file or directory
03-21 20:45:46.876  1587  1889 W libprocessgroup: Failed to apply CompactFull process profile
03-21 20:45:46.876  1587  1889 E libprocessgroup: Failed to read /sys/fs/cgroup/system/uid_0/pid_774/memory.current: No such file or directory
03-21 20:45:46.876  1587  1889 W libprocessgroup: Failed to apply CompactFull process profile
03-21 20:45:46.876  1587  1889 E libprocessgroup: Failed to read /sys/fs/cgroup/system/uid_0/pid_775/memory.current: No such file or directory
03-21 20:45:46.876  1587  1889 W libprocessgroup: Failed to apply CompactFull process profile
03-21 20:45:46.877  1587  1889 E libprocessgroup: Failed to read /sys/fs/cgroup/system/uid_0/pid_776/memory.current: No such file or directory
03-21 20:45:46.877  1587  1889 W libprocessgroup: Failed to apply CompactFull process profile
03-21 20:45:46.877  1587  1889 E libprocessgroup: Failed to read /sys/fs/cgroup/system/uid_0/pid_777/memory.current: No such file or directory
03-21 20:45:46.877  1587  1889 W libprocessgroup: Failed to apply CompactFull process profile
03-21 20:45:46.877  1587  1889 E libprocessgroup: Failed to read /sys/fs/cgroup/system/uid_0/pid_778/memory.current: No such file or directory
03-21 20:45:46.877  1587  1889 W libprocessgroup: Failed to apply CompactFull process profile
03-21 20:45:46.877  1587  1889 E libprocessgroup: Failed to read /sys/fs/cgroup/system/uid_0/pid_779/memory.current: No such file or directory
03-21 20:45:46.877  1587  1889 W libprocessgroup: Failed to apply CompactFull process profile
03-21 20:45:46.877  1587  1889 E libprocessgroup: Failed to read /sys/fs/cgroup/system/uid_0/pid_780/memory.current: No such file or directory
03-21 20:45:46.877  1587  1889 W libprocessgroup: Failed to apply CompactFull process profile
03-21 20:45:46.878  1587  1889 E libprocessgroup: Failed to read /sys/fs/cgroup/system/uid_0/pid_781/memory.current: No such file or directory
03-21 20:45:46.878  1587  1889 W libprocessgroup: Failed to apply CompactFull process profile
03-21 20:45:46.878  1587  1889 E libprocessgroup: Failed to read /sys/fs/cgroup/system/uid_0/pid_782/memory.current: No such file or directory
03-21 20:45:46.878  1587  1889 W libprocessgroup: Failed to apply CompactFull process profile
03-21 20:45:46.878  1587  1889 E libprocessgroup: Failed to read /sys/fs/cgroup/system/uid_0/pid_783/memory.current: No such file or directory
03-21 20:45:46.878  1587  1889 W libprocessgroup: Failed to apply CompactFull process profile
03-21 20:45:46.878  1587  1889 E libprocessgroup: Failed to read /sys/fs/cgroup/system/uid_0/pid_784/memory.current: No such file or directory
03-21 20:45:46.878  1587  1889 W libprocessgroup: Failed to apply CompactFull process profile
03-21 20:45:46.879  1587  1889 E libprocessgroup: Failed to read /sys/fs/cgroup/system/uid_0/pid_785/memory.current: No such file or directory
03-21 20:45:46.879  1587  1889 W libprocessgroup: Failed to apply CompactFull process profile
03-21 20:45:46.879  1587  1889 E libprocessgroup: Failed to read /sys/fs/cgroup/system/uid_0/pid_786/memory.current: No such file or directory
03-21 20:45:46.879  1587  1889 W libprocessgroup: Failed to apply CompactFull process profile
03-21 20:45:46.879  1587  1889 E libprocessgroup: Failed to read /sys/fs/cgroup/system/uid_0/pid_787/memory.current: No such file or directory
03-21 20:45:46.879  1587  1889 W libprocessgroup: Failed to apply CompactFull process profile
03-21 20:45:46.879  1587  1889 E libprocessgroup: Failed to read /sys/fs/cgroup/system/uid_0/pid_788/memory.current: No such file or directory
03-21 20:45:46.879  1587  1889 W libprocessgroup: Failed to apply CompactFull process profile
03-21 20:45:46.879  1587  1889 E libprocessgroup: Failed to read /sys/fs/cgroup/system/uid_0/pid_789/memory.current: No such file or directory
03-21 20:45:46.880  1587  1889 W libprocessgroup: Failed to apply CompactFull process profile
03-21 20:45:46.880  1587  1889 E libprocessgroup: Failed to read /sys/fs/cgroup/system/uid_0/pid_790/memory.current: No such file or directory
03-21 20:45:46.880  1587  1889 W libprocessgroup: Failed to apply CompactFull process profile
03-21 20:45:46.880  1587  1889 E libprocessgroup: Failed to read /sys/fs/cgroup/system/uid_0/pid_791/memory.current: No such file or directory
03-21 20:45:46.880  1587  1889 W libprocessgroup: Failed to apply CompactFull process profile
03-21 20:45:46.880  1587  1889 E libprocessgroup: Failed to read /sys/fs/cgroup/system/uid_0/pid_792/memory.current: No such file or directory
03-21 20:45:46.880  1587  1889 W libprocessgroup: Failed to apply CompactFull process profile
03-21 20:45:46.880  1587  1889 E libprocessgroup: Failed to read /sys/fs/cgroup/system/uid_0/pid_793/memory.current: No such file or directory
03-21 20:45:46.880  1587  1889 W libprocessgroup: Failed to apply CompactFull process profile
03-21 20:45:46.881  1587  1889 E libprocessgroup: Failed to read /sys/fs/cgroup/system/uid_0/pid_794/memory.current: No such file or directory
03-21 20:45:46.881  1587  1889 W libprocessgroup: Failed to apply CompactFull process profile
03-21 20:45:46.881  1587  1889 E libprocessgroup: Failed to read /sys/fs/cgroup/system/uid_0/pid_795/memory.current: No such file or directory
03-21 20:45:46.881  1587  1889 W libprocessgroup: Failed to apply CompactFull process profile
03-21 20:45:46.881  1587  1889 E libprocessgroup: Failed to read /sys/fs/cgroup/system/uid_0/pid_796/memory.current: No such file or directory
03-21 20:45:46.881  1587  1889 W libprocessgroup: Failed to apply CompactFull process profile
03-21 20:45:46.881  1587  1889 E libprocessgroup: Failed to read /sys/fs/cgroup/system/uid_0/pid_797/memory.current: No such file or directory
03-21 20:45:46.881  1587  1889 W libprocessgroup: Failed to apply CompactFull process profile
03-21 20:45:46.881  1587  1889 E libprocessgroup: Failed to read /sys/fs/cgroup/system/uid_0/pid_798/memory.current: No such file or directory
03-21 20:45:46.882  1587  1889 W libprocessgroup: Failed to apply CompactFull process profile
03-21 20:45:46.882  1587  1889 E libprocessgroup: Failed to read /sys/fs/cgroup/system/uid_0/pid_799/memory.current: No such file or directory
03-21 20:45:46.882  1587  1889 W libprocessgroup: Failed to apply CompactFull process profile
03-21 20:45:46.882  1587  1889 E libprocessgroup: Failed to read /sys/fs/cgroup/system/uid_0/pid_800/memory.current: No such file or directory
03-21 20:45:46.882  1587  1889 W libprocessgroup: Failed to apply CompactFull process profile
03-21 20:45:46.882  1587  1889 E libprocessgroup: Failed to read /sys/fs/cgroup/system/uid_0/pid_801/memory.current: No such file or directory
03-21 20:45:46.882  1587  1889 W libprocessgroup: Failed to apply CompactFull process profile
03-21 20:45:46.882  1587  1889 E libprocessgroup: Failed to read /sys/fs/cgroup/system/uid_0/pid_802/memory.current: No such file or directory
03-21 20:45:46.882  1587  1889 W libprocessgroup: Failed to apply CompactFull process profile
03-21 20:45:46.883  1587  1889 E libprocessgroup: Failed to read /sys/fs/cgroup/system/uid_0/pid_803/memory.current: No such file or directory
03-21 20:45:46.883  1587  1889 W libprocessgroup: Failed to apply CompactFull process profile
03-21 20:45:46.883  1587  1889 E libprocessgroup: Failed to read /sys/fs/cgroup/system/uid_0/pid_804/memory.current: No such file or directory
03-21 20:45:46.883  1587  1889 W libprocessgroup: Failed to apply CompactFull process profile
03-21 20:45:46.883  1587  1889 E libprocessgroup: Failed to read /sys/fs/cgroup/system/uid_0/pid_805/memory.current: No such file or directory
03-21 20:45:46.883  1587  1889 W libprocessgroup: Failed to apply CompactFull process profile
03-21 20:45:46.883  1587  1889 E libprocessgroup: Failed to read /sys/fs/cgroup/system/uid_0/pid_806/memory.current: No such file or directory
03-21 20:45:46.883  1587  1889 W libprocessgroup: Failed to apply CompactFull process profile
03-21 20:45:46.884  1587  1889 E libprocessgroup: Failed to read /sys/fs/cgroup/system/uid_0/pid_807/memory.current: No such file or directory
03-21 20:45:46.884  1587  1889 W libprocessgroup: Failed to apply CompactFull process profile
03-21 20:45:46.884  1587  1889 E libprocessgroup: Failed to read /sys/fs/cgroup/system/uid_0/pid_808/memory.current: No such file or directory
03-21 20:45:46.884  1587  1889 W libprocessgroup: Failed to apply CompactFull process profile
03-21 20:45:46.884  1587  1889 E libprocessgroup: Failed to read /sys/fs/cgroup/system/uid_0/pid_809/memory.current: No such file or directory
03-21 20:45:46.884  1587  1889 W libprocessgroup: Failed to apply CompactFull process profile
03-21 20:45:46.884  1587  1889 E libprocessgroup: Failed to read /sys/fs/cgroup/system/uid_0/pid_810/memory.current: No such file or directory
03-21 20:45:46.884  1587  1889 W libprocessgroup: Failed to apply CompactFull process profile
03-21 20:45:46.884  1587  1889 E libprocessgroup: Failed to read /sys/fs/cgroup/system/uid_0/pid_811/memory.current: No such file or directory
03-21 20:45:46.884  1587  1889 W libprocessgroup: Failed to apply CompactFull process profile
03-21 20:45:46.885  1587  1889 E libprocessgroup: Failed to read /sys/fs/cgroup/system/uid_0/pid_812/memory.current: No such file or directory
03-21 20:45:46.885  1587  1889 W libprocessgroup: Failed to apply CompactFull process profile
03-21 20:45:46.885  1587  1889 E libprocessgroup: Failed to read /sys/fs/cgroup/system/uid_0/pid_813/memory.current: No such file or directory
03-21 20:45:46.885  1587  1889 W libprocessgroup: Failed to apply CompactFull process profile
03-21 20:45:46.885  1587  1889 E libprocessgroup: Failed to read /sys/fs/cgroup/system/uid_0/pid_814/memory.current: No such file or directory
03-21 20:45:46.885  1587  1889 W libprocessgroup: Failed to apply CompactFull process profile
03-21 20:45:46.885  1587  1889 E libprocessgroup: Failed to read /sys/fs/cgroup/system/uid_0/pid_815/memory.current: No such file or directory
03-21 20:45:46.885  1587  1889 W libprocessgroup: Failed to apply CompactFull process profile
03-21 20:45:46.886  1587  1889 E libprocessgroup: Failed to read /sys/fs/cgroup/system/uid_0/pid_816/memory.current: No such file or directory
03-21 20:45:46.886  1587  1889 W libprocessgroup: Failed to apply CompactFull process profile
03-21 20:45:46.886  1587  1889 E libprocessgroup: Failed to read /sys/fs/cgroup/system/uid_0/pid_817/memory.current: No such file or directory
03-21 20:45:46.886  1587  1889 W libprocessgroup: Failed to apply CompactFull process profile
03-21 20:45:46.886  1587  1889 E libprocessgroup: Failed to read /sys/fs/cgroup/system/uid_0/pid_832/memory.current: No such file or directory
03-21 20:45:46.886  1587  1889 W libprocessgroup: Failed to apply CompactFull process profile
03-21 20:45:46.887  1587  1889 E libprocessgroup: Could not write 10194944 to /sys/fs/cgroup/system/uid_0/pid_844/memory.reclaim: Permission denied
03-21 20:45:46.887  1587  1889 W libprocessgroup: Failed to apply CompactFull process profile
03-21 20:45:46.888  1587  1889 E libprocessgroup: Could not write 217329664 to /sys/fs/cgroup/system/uid_0/pid_845/memory.reclaim: Permission denied
03-21 20:45:46.888  1587  1889 W libprocessgroup: Failed to apply CompactFull process profile
03-21 20:45:46.888  1587  1889 E libprocessgroup: Failed to read /sys/fs/cgroup/system/uid_0/pid_846/memory.current: No such file or directory
03-21 20:45:46.888  1587  1889 W libprocessgroup: Failed to apply CompactFull process profile
03-21 20:45:46.888  1587  1889 E libprocessgroup: Failed to read /sys/fs/cgroup/system/uid_0/pid_847/memory.current: No such file or directory
03-21 20:45:46.888  1587  1889 W libprocessgroup: Failed to apply CompactFull process profile
03-21 20:45:46.888  1587  1889 E libprocessgroup: Failed to read /sys/fs/cgroup/system/uid_0/pid_848/memory.current: No such file or directory
03-21 20:45:46.888  1587  1889 W libprocessgroup: Failed to apply CompactFull process profile
03-21 20:45:46.889  1587  1889 E libprocessgroup: Could not write 1445888 to /sys/fs/cgroup/system/uid_1027/pid_851/memory.reclaim: Permission denied
03-21 20:45:46.889  1587  1889 W libprocessgroup: Failed to apply CompactFull process profile
03-21 20:45:46.890  1587  1889 E libprocessgroup: Could not write 12406784 to /sys/fs/cgroup/system/uid_1000/pid_852/memory.reclaim: Permission denied
03-21 20:45:46.890  1587  1889 W libprocessgroup: Failed to apply CompactFull process profile
03-21 20:45:46.891  1587  1889 E libprocessgroup: Could not write 3547136 to /sys/fs/cgroup/system/uid_1000/pid_853/memory.reclaim: Permission denied
03-21 20:45:46.891  1587  1889 W libprocessgroup: Failed to apply CompactFull process profile
03-21 20:45:46.891  1587  1889 E libprocessgroup: Could not write 888832 to /sys/fs/cgroup/system/uid_1000/pid_854/memory.reclaim: Permission denied
03-21 20:45:46.891  1587  1889 W libprocessgroup: Failed to apply CompactFull process profile
03-21 20:45:46.892  1587  1889 E libprocessgroup: Could not write 42459136 to /sys/fs/cgroup/system/uid_1041/pid_855/memory.reclaim: Permission denied
03-21 20:45:46.892  1587  1889 W libprocessgroup: Failed to apply CompactFull process profile
03-21 20:45:46.893  1587  1889 E libprocessgroup: Could not write 1142784 to /sys/fs/cgroup/system/uid_1002/pid_856/memory.reclaim: Permission denied
03-21 20:45:46.893  1587  1889 W libprocessgroup: Failed to apply CompactFull process profile
03-21 20:45:46.894  1587  1889 E libprocessgroup: Could not write 2686976 to /sys/fs/cgroup/system/uid_1013/pid_857/memory.reclaim: Permission denied
03-21 20:45:46.894  1587  1889 W libprocessgroup: Failed to apply CompactFull process profile
03-21 20:45:46.894  1587  1889 E libprocessgroup: Could not write 1994752 to /sys/fs/cgroup/system/uid_1013/pid_858/memory.reclaim: Permission denied
03-21 20:45:46.894  1587  1889 W libprocessgroup: Failed to apply CompactFull process profile
03-21 20:45:46.895  1587  1889 E libprocessgroup: Could not write 5586944 to /sys/fs/cgroup/system/uid_1013/pid_864/memory.reclaim: Permission denied
03-21 20:45:46.895  1587  1889 W libprocessgroup: Failed to apply CompactFull process profile
03-21 20:45:46.896  1587  1889 E libprocessgroup: Could not write 1019904 to /sys/fs/cgroup/system/uid_1000/pid_865/memory.reclaim: Permission denied
03-21 20:45:46.896  1587  1889 W libprocessgroup: Failed to apply CompactFull process profile
03-21 20:45:46.896  1587  1889 E libprocessgroup: Could not write 3829760 to /sys/fs/cgroup/system/uid_1000/pid_866/memory.reclaim: Permission denied
03-21 20:45:46.897  1587  1889 W libprocessgroup: Failed to apply CompactFull process profile
03-21 20:45:46.897  1587  1889 E libprocessgroup: Could not write 1384448 to /sys/fs/cgroup/system/uid_1000/pid_867/memory.reclaim: Permission denied
03-21 20:45:46.897  1587  1889 W libprocessgroup: Failed to apply CompactFull process profile
03-21 20:45:46.898  1587  1889 E libprocessgroup: Could not write 1028096 to /sys/fs/cgroup/system/uid_1000/pid_874/memory.reclaim: Permission denied
03-21 20:45:46.898  1587  1889 W libprocessgroup: Failed to apply CompactFull process profile
03-21 20:45:46.899  1587  1889 E libprocessgroup: Could not write 1044480 to /sys/fs/cgroup/system/uid_1000/pid_875/memory.reclaim: Permission denied
03-21 20:45:46.899  1587  1889 W libprocessgroup: Failed to apply CompactFull process profile
03-21 20:45:46.900  1587  1889 E libprocessgroup: Could not write 8781824 to /sys/fs/cgroup/system/uid_1046/pid_876/memory.reclaim: Permission denied
03-21 20:45:46.900  1587  1889 W libprocessgroup: Failed to apply CompactFull process profile
03-21 20:45:46.900  1587  1889 E libprocessgroup: Could not write 4702208 to /sys/fs/cgroup/system/uid_1000/pid_877/memory.reclaim: Permission denied
03-21 20:45:46.900  1587  1889 W libprocessgroup: Failed to apply CompactFull process profile
03-21 20:45:46.901  1587  1889 E libprocessgroup: Could not write 1175552 to /sys/fs/cgroup/system/uid_1000/pid_880/memory.reclaim: Permission denied
03-21 20:45:46.901  1587  1889 W libprocessgroup: Failed to apply CompactFull process profile
03-21 20:45:46.902  1587  1889 E libprocessgroup: Could not write 2613248 to /sys/fs/cgroup/system/uid_1010/pid_881/memory.reclaim: Permission denied
03-21 20:45:46.902  1587  1889 W libprocessgroup: Failed to apply CompactFull process profile
03-21 20:45:46.902  1587  1889 E libprocessgroup: Could not write 995328 to /sys/fs/cgroup/system/uid_1000/pid_883/memory.reclaim: Permission denied
03-21 20:45:46.903  1587  1889 W libprocessgroup: Failed to apply CompactFull process profile
03-21 20:45:46.903  1587  1889 E libprocessgroup: Could not write 1110016 to /sys/fs/cgroup/system/uid_1003/pid_887/memory.reclaim: Permission denied
03-21 20:45:46.903  1587  1889 W libprocessgroup: Failed to apply CompactFull process profile
03-21 20:45:46.904  1587  1889 E libprocessgroup: Could not write 1196032 to /sys/fs/cgroup/system/uid_1027/pid_888/memory.reclaim: Permission denied
03-21 20:45:46.904  1587  1889 W libprocessgroup: Failed to apply CompactFull process profile
03-21 20:45:46.904  1587  1889 E libprocessgroup: Could not write 4333568 to /sys/fs/cgroup/system/uid_1013/pid_891/memory.reclaim: Permission denied
03-21 20:45:46.904  1587  1889 W libprocessgroup: Failed to apply CompactFull process profile
03-21 20:45:46.905  1587  1889 E libprocessgroup: Could not write 4993024 to /sys/fs/cgroup/system/uid_1046/pid_897/memory.reclaim: Permission denied
03-21 20:45:46.905  1587  1889 W libprocessgroup: Failed to apply CompactFull process profile
03-21 20:45:46.906  1587  1889 E libprocessgroup: Could not write 1536000 to /sys/fs/cgroup/system/uid_1000/pid_898/memory.reclaim: Permission denied
03-21 20:45:46.906  1587  1889 W libprocessgroup: Failed to apply CompactFull process profile
03-21 20:45:46.907  1587  1889 E libprocessgroup: Could not write 1609728 to /sys/fs/cgroup/system/uid_0/pid_900/memory.reclaim: Permission denied
03-21 20:45:46.907  1587  1889 W libprocessgroup: Failed to apply CompactFull process profile
03-21 20:45:46.908  1587  1889 E libprocessgroup: Could not write 1429504 to /sys/fs/cgroup/system/uid_1000/pid_901/memory.reclaim: Permission denied
03-21 20:45:46.908  1587  1889 W libprocessgroup: Failed to apply CompactFull process profile
03-21 20:45:46.909  1587  1889 E libprocessgroup: Could not write 999424 to /sys/fs/cgroup/system/uid_1000/pid_902/memory.reclaim: Permission denied
03-21 20:45:46.909  1587  1889 W libprocessgroup: Failed to apply CompactFull process profile
03-21 20:45:46.909  1587  1889 E libprocessgroup: Could not write 15568896 to /sys/fs/cgroup/system/uid_1041/pid_904/memory.reclaim: Permission denied
03-21 20:45:46.909  1587  1889 W libprocessgroup: Failed to apply CompactFull process profile
03-21 20:45:46.910  1587  1889 E libprocessgroup: Could not write 1687552 to /sys/fs/cgroup/system/uid_1076/pid_909/memory.reclaim: Permission denied
03-21 20:45:46.910  1587  1889 W libprocessgroup: Failed to apply CompactFull process profile
03-21 20:45:46.911  1587  1889 E libprocessgroup: Could not write 2441216 to /sys/fs/cgroup/system/uid_1072/pid_911/memory.reclaim: Permission denied
03-21 20:45:46.911  1587  1889 W libprocessgroup: Failed to apply CompactFull process profile
03-21 20:45:46.912  1587  1889 E libprocessgroup: Could not write 51888128 to /sys/fs/cgroup/system/uid_1000/pid_914/memory.reclaim: Permission denied
03-21 20:45:46.912  1587  1889 W libprocessgroup: Failed to apply CompactFull process profile
03-21 20:45:46.912  1587  1889 E libprocessgroup: Could not write 942080 to /sys/fs/cgroup/system/uid_1000/pid_916/memory.reclaim: Permission denied
03-21 20:45:46.912  1587  1889 W libprocessgroup: Failed to apply CompactFull process profile
03-21 20:45:46.913  1587  1889 E libprocessgroup: Could not write 2887680 to /sys/fs/cgroup/system/uid_1000/pid_918/memory.reclaim: Permission denied
03-21 20:45:46.913  1587  1889 W libprocessgroup: Failed to apply CompactFull process profile
03-21 20:45:46.914  1587  1889 E libprocessgroup: Could not write 991232 to /sys/fs/cgroup/system/uid_1001/pid_922/memory.reclaim: Permission denied
03-21 20:45:46.914  1587  1889 W libprocessgroup: Failed to apply CompactFull process profile
03-21 20:45:46.915  1587  1889 E libprocessgroup: Could not write 1810432 to /sys/fs/cgroup/system/uid_1019/pid_1003/memory.reclaim: Permission denied
03-21 20:45:46.915  1587  1889 W libprocessgroup: Failed to apply CompactFull process profile
03-21 20:45:46.915  1587  1889 E libprocessgroup: Could not write 1781760 to /sys/fs/cgroup/system/uid_9999/pid_1016/memory.reclaim: Permission denied
03-21 20:45:46.915  1587  1889 W libprocessgroup: Failed to apply CompactFull process profile
03-21 20:45:46.916  1587  1889 E libprocessgroup: Could not write 1265664 to /sys/fs/cgroup/system/uid_9999/pid_1022/memory.reclaim: Permission denied
03-21 20:45:46.916  1587  1889 W libprocessgroup: Failed to apply CompactFull process profile
03-21 20:45:46.917  1587  1889 E libprocessgroup: Could not write 31711232 to /sys/fs/cgroup/system/uid_1000/pid_1026/memory.reclaim: Permission denied
03-21 20:45:46.917  1587  1889 W libprocessgroup: Failed to apply CompactFull process profile
03-21 20:45:46.917  1587  1889 E libprocessgroup: Could not write 1007616 to /sys/fs/cgroup/system/uid_1000/pid_1027/memory.reclaim: Permission denied
03-21 20:45:46.917  1587  1889 W libprocessgroup: Failed to apply CompactFull process profile
03-21 20:45:46.918  1587  1889 E libprocessgroup: Could not write 835584 to /sys/fs/cgroup/system/uid_1010/pid_1029/memory.reclaim: Permission denied
03-21 20:45:46.918  1587  1889 W libprocessgroup: Failed to apply CompactFull process profile
03-21 20:45:46.918  1587  1889 E libprocessgroup: Failed to read /sys/fs/cgroup/system/uid_0/pid_1031/memory.current: No such file or directory
03-21 20:45:46.918  1587  1889 W libprocessgroup: Failed to apply CompactFull process profile
03-21 20:45:46.919  1587  1889 E libprocessgroup: Could not write 3158016 to /sys/fs/cgroup/system/uid_1021/pid_1032/memory.reclaim: Permission denied
03-21 20:45:46.919  1587  1889 W libprocessgroup: Failed to apply CompactFull process profile
03-21 20:45:46.920  1587  1889 E libprocessgroup: Could not write 7901184 to /sys/fs/cgroup/system/uid_1047/pid_1045/memory.reclaim: Permission denied
03-21 20:45:46.920  1587  1889 W libprocessgroup: Failed to apply CompactFull process profile
03-21 20:45:46.920  1587  1889 E libprocessgroup: Could not write 1499136 to /sys/fs/cgroup/system/uid_1067/pid_1050/memory.reclaim: Permission denied
03-21 20:45:46.920  1587  1889 W libprocessgroup: Failed to apply CompactFull process profile
03-21 20:45:46.921  1587  1889 E libprocessgroup: Could not write 8540160 to /sys/fs/cgroup/system/uid_0/pid_1058/memory.reclaim: Permission denied
03-21 20:45:46.921  1587  1889 W libprocessgroup: Failed to apply CompactFull process profile
03-21 20:45:46.921  1587  1889 E libprocessgroup: Could not write 7921664 to /sys/fs/cgroup/system/uid_1040/pid_1061/memory.reclaim: Permission denied
03-21 20:45:46.922  1587  1889 W libprocessgroup: Failed to apply CompactFull process profile
03-21 20:45:46.922  1587  1889 E libprocessgroup: Could not write 3072000 to /sys/fs/cgroup/system/uid_1013/pid_1079/memory.reclaim: Permission denied
03-21 20:45:46.922  1587  1889 W libprocessgroup: Failed to apply CompactFull process profile
03-21 20:45:46.923  1587  1889 E libprocessgroup: Could not write 8065024 to /sys/fs/cgroup/system/uid_1013/pid_1089/memory.reclaim: Permission denied
03-21 20:45:46.923  1587  1889 W libprocessgroup: Failed to apply CompactFull process profile
03-21 20:45:46.924  1587  1889 E libprocessgroup: Could not write 2981888 to /sys/fs/cgroup/system/uid_0/pid_1090/memory.reclaim: Permission denied
03-21 20:45:46.924  1587  1889 W libprocessgroup: Failed to apply CompactFull process profile
03-21 20:45:46.925  1587  1889 E libprocessgroup: Could not write 1789952 to /sys/fs/cgroup/system/uid_1010/pid_1093/memory.reclaim: Permission denied
03-21 20:45:46.925  1587  1889 W libprocessgroup: Failed to apply CompactFull process profile
03-21 20:45:46.925  1587  1889 E libprocessgroup: Could not write 209952768 to /sys/fs/cgroup/system/uid_1047/pid_1096/memory.reclaim: Permission denied
03-21 20:45:46.925  1587  1889 W libprocessgroup: Failed to apply CompactFull process profile
03-21 20:45:46.926  1587  1889 E libprocessgroup: Failed to read /sys/fs/cgroup/system/uid_0/pid_1102/memory.current: No such file or directory
03-21 20:45:46.926  1587  1889 W libprocessgroup: Failed to apply CompactFull process profile
03-21 20:45:46.926  1587  1889 E libprocessgroup: Failed to read /sys/fs/cgroup/system/uid_0/pid_1103/memory.current: No such file or directory
03-21 20:45:46.926  1587  1889 W libprocessgroup: Failed to apply CompactFull process profile
03-21 20:45:46.930  1587  1889 E libprocessgroup: Failed to read /sys/fs/cgroup/system/uid_0/pid_1112/memory.current: No such file or directory
03-21 20:45:46.930  1587  1889 W libprocessgroup: Failed to apply CompactFull process profile
03-21 20:45:46.930  1587  1889 E libprocessgroup: Could not write 737280 to /sys/fs/cgroup/system/uid_1000/pid_1116/memory.reclaim: Permission denied
03-21 20:45:46.930  1587  1889 W libprocessgroup: Failed to apply CompactFull process profile
03-21 20:45:46.931  1587  1889 E libprocessgroup: Failed to read /sys/fs/cgroup/system/uid_0/pid_1117/memory.current: No such file or directory
03-21 20:45:46.931  1587  1889 W libprocessgroup: Failed to apply CompactFull process profile
03-21 20:45:46.931  1587  1889 E libprocessgroup: Failed to read /sys/fs/cgroup/system/uid_0/pid_1118/memory.current: No such file or directory
03-21 20:45:46.931  1587  1889 W libprocessgroup: Failed to apply CompactFull process profile
03-21 20:45:46.931  1587  1889 E libprocessgroup: Failed to read /sys/fs/cgroup/system/uid_0/pid_1120/memory.current: No such file or directory
03-21 20:45:46.931  1587  1889 W libprocessgroup: Failed to apply CompactFull process profile
03-21 20:45:46.932  1587  1889 E libprocessgroup: Could not write 3833856 to /sys/fs/cgroup/system/uid_1021/pid_1121/memory.reclaim: Permission denied
03-21 20:45:46.932  1587  1889 W libprocessgroup: Failed to apply CompactFull process profile
03-21 20:45:46.932  1587  1889 E libprocessgroup: Failed to read /sys/fs/cgroup/system/uid_0/pid_1122/memory.current: No such file or directory
03-21 20:45:46.932  1587  1889 W libprocessgroup: Failed to apply CompactFull process profile
03-21 20:45:46.933  1587  1889 E libprocessgroup: Could not write 1794048 to /sys/fs/cgroup/system/uid_1013/pid_1124/memory.reclaim: Permission denied
03-21 20:45:46.933  1587  1889 W libprocessgroup: Failed to apply CompactFull process profile
03-21 20:45:46.933  1587  1889 E libprocessgroup: Failed to read /sys/fs/cgroup/system/uid_0/pid_1125/memory.current: No such file or directory
03-21 20:45:46.933  1587  1889 W libprocessgroup: Failed to apply CompactFull process profile
03-21 20:45:46.933  1587  1889 E libprocessgroup: Failed to read /sys/fs/cgroup/system/uid_0/pid_1127/memory.current: No such file or directory
03-21 20:45:46.933  1587  1889 W libprocessgroup: Failed to apply CompactFull process profile
03-21 20:45:46.933  1587  1889 E libprocessgroup: Failed to read /sys/fs/cgroup/system/uid_0/pid_1128/memory.current: No such file or directory
03-21 20:45:46.933  1587  1889 W libprocessgroup: Failed to apply CompactFull process profile
03-21 20:45:46.934  1587  1889 E libprocessgroup: Could not write 18931712 to /sys/fs/cgroup/system/uid_1046/pid_1130/memory.reclaim: Permission denied
03-21 20:45:46.934  1587  1889 W libprocessgroup: Failed to apply CompactFull process profile
03-21 20:45:46.934  1587  1889 E libprocessgroup: Failed to read /sys/fs/cgroup/system/uid_0/pid_1132/memory.current: No such file or directory
03-21 20:45:46.934  1587  1889 W libprocessgroup: Failed to apply CompactFull process profile
03-21 20:45:46.935  1587  1889 E libprocessgroup: Failed to read /sys/fs/cgroup/system/uid_0/pid_1133/memory.current: No such file or directory
03-21 20:45:46.935  1587  1889 W libprocessgroup: Failed to apply CompactFull process profile
03-21 20:45:46.935  1587  1889 E libprocessgroup: Failed to read /sys/fs/cgroup/system/uid_0/pid_1137/memory.current: No such file or directory
03-21 20:45:46.935  1587  1889 W libprocessgroup: Failed to apply CompactFull process profile
03-21 20:45:46.935  1587  1889 E libprocessgroup: Could not write 1253376 to /sys/fs/cgroup/system/uid_1000/pid_1139/memory.reclaim: Permission denied
03-21 20:45:46.935  1587  1889 W libprocessgroup: Failed to apply CompactFull process profile
03-21 20:45:46.936  1587  1889 E libprocessgroup: Failed to read /sys/fs/cgroup/system/uid_0/pid_1142/memory.current: No such file or directory
03-21 20:45:46.936  1587  1889 W libprocessgroup: Failed to apply CompactFull process profile
03-21 20:45:46.936  1587  1889 E libprocessgroup: Failed to read /sys/fs/cgroup/system/uid_0/pid_1143/memory.current: No such file or directory
03-21 20:45:46.936  1587  1889 W libprocessgroup: Failed to apply CompactFull process profile
03-21 20:45:46.937  1587  1889 E libprocessgroup: Could not write 4575232 to /sys/fs/cgroup/system/uid_0/pid_1144/memory.reclaim: Permission denied
03-21 20:45:46.937  1587  1889 W libprocessgroup: Failed to apply CompactFull process profile
03-21 20:45:46.937  1587  1889 E libprocessgroup: Failed to read /sys/fs/cgroup/system/uid_0/pid_1145/memory.current: No such file or directory
03-21 20:45:46.937  1587  1889 W libprocessgroup: Failed to apply CompactFull process profile
03-21 20:45:46.937  1587  1889 E libprocessgroup: Could not write 6303744 to /sys/fs/cgroup/system/uid_1000/pid_1151/memory.reclaim: Permission denied
03-21 20:45:46.938  1587  1889 W libprocessgroup: Failed to apply CompactFull process profile
03-21 20:45:46.938  1587  1889 E libprocessgroup: Could not write 1077248 to /sys/fs/cgroup/system/uid_1000/pid_1177/memory.reclaim: Permission denied
03-21 20:45:46.938  1587  1889 W libprocessgroup: Failed to apply CompactFull process profile
03-21 20:45:46.939  1587  1889 E libprocessgroup: Could not write 954368 to /sys/fs/cgroup/system/uid_1000/pid_1182/memory.reclaim: Permission denied
03-21 20:45:46.939  1587  1889 W libprocessgroup: Failed to apply CompactFull process profile
03-21 20:45:46.940  1587  1889 E libprocessgroup: Could not write 8908800 to /sys/fs/cgroup/system/uid_0/pid_1213/memory.reclaim: Permission denied
03-21 20:45:46.940  1587  1889 W libprocessgroup: Failed to apply CompactFull process profile
03-21 20:45:46.940  1587  1889 E libprocessgroup: Could not write 978944 to /sys/fs/cgroup/system/uid_1000/pid_1316/memory.reclaim: Permission denied
03-21 20:45:46.941  1587  1889 W libprocessgroup: Failed to apply CompactFull process profile
03-21 20:45:46.941  1587  1889 E libprocessgroup: Could not write 3100672 to /sys/fs/cgroup/system/uid_1000/pid_1321/memory.reclaim: Permission denied
03-21 20:45:46.941  1587  1889 W libprocessgroup: Failed to apply CompactFull process profile
03-21 20:45:46.942  1587  1889 E libprocessgroup: Could not write 1024000 to /sys/fs/cgroup/system/uid_1001/pid_1322/memory.reclaim: Permission denied
03-21 20:45:46.942  1587  1889 W libprocessgroup: Failed to apply CompactFull process profile
03-21 20:45:46.942  1587  1889 E libprocessgroup: Could not write 2310144 to /sys/fs/cgroup/system/uid_1001/pid_1328/memory.reclaim: Permission denied
03-21 20:45:46.942  1587  1889 W libprocessgroup: Failed to apply CompactFull process profile
03-21 20:45:46.943  1587  1889 E libprocessgroup: Could not write 8310784 to /sys/fs/cgroup/system/uid_1000/pid_1330/memory.reclaim: Permission denied
03-21 20:45:46.943  1587  1889 W libprocessgroup: Failed to apply CompactFull process profile
03-21 20:45:46.943  1587  1889 E libprocessgroup: Failed to read /sys/fs/cgroup/system/uid_0/pid_1342/memory.current: No such file or directory
03-21 20:45:46.943  1587  1889 W libprocessgroup: Failed to apply CompactFull process profile
03-21 20:45:46.944  1587  1889 E libprocessgroup: Could not write 17629184 to /sys/fs/cgroup/system/uid_1001/pid_1428/memory.reclaim: Permission denied
03-21 20:45:46.944  1587  1889 W libprocessgroup: Failed to apply CompactFull process profile
03-21 20:45:46.944  1587  1889 E libprocessgroup: Failed to read /sys/fs/cgroup/system/uid_0/pid_1722/memory.current: No such file or directory
03-21 20:45:46.944  1587  1889 W libprocessgroup: Failed to apply CompactFull process profile
03-21 20:45:46.945  1587  1889 E libprocessgroup: Could not write 2678784 to /sys/fs/cgroup/system/uid_1000/pid_1838/memory.reclaim: Permission denied
03-21 20:45:46.945  1587  1889 W libprocessgroup: Failed to apply CompactFull process profile
03-21 20:45:46.945  1587  1889 E libprocessgroup: Failed to read /sys/fs/cgroup/system/uid_0/pid_2012/memory.current: No such file or directory
03-21 20:45:46.945  1587  1889 W libprocessgroup: Failed to apply CompactFull process profile
03-21 20:45:46.946  1587  1889 E libprocessgroup: Failed to read /sys/fs/cgroup/system/uid_0/pid_2013/memory.current: No such file or directory
03-21 20:45:46.946  1587  1889 W libprocessgroup: Failed to apply CompactFull process profile
03-21 20:45:46.946  1587  1889 E libprocessgroup: Failed to read /sys/fs/cgroup/system/uid_0/pid_2014/memory.current: No such file or directory
03-21 20:45:46.946  1587  1889 W libprocessgroup: Failed to apply CompactFull process profile
03-21 20:45:46.947  1587  1889 E libprocessgroup: Could not write 5107712 to /sys/fs/cgroup/system/uid_1010/pid_2020/memory.reclaim: Permission denied
03-21 20:45:46.947  1587  1889 W libprocessgroup: Failed to apply CompactFull process profile
03-21 20:45:46.947  1587  1889 E libprocessgroup: Failed to read /sys/fs/cgroup/system/uid_0/pid_2034/memory.current: No such file or directory
03-21 20:45:46.947  1587  1889 W libprocessgroup: Failed to apply CompactFull process profile
03-21 20:45:46.947  1587  1889 E libprocessgroup: Failed to read /sys/fs/cgroup/system/uid_0/pid_2136/memory.current: No such file or directory
03-21 20:45:46.947  1587  1889 W libprocessgroup: Failed to apply CompactFull process profile
03-21 20:45:46.949  1587  1889 E libprocessgroup: Failed to read /sys/fs/cgroup/system/uid_0/pid_2174/memory.current: No such file or directory
03-21 20:45:46.949  1587  1889 W libprocessgroup: Failed to apply CompactFull process profile
03-21 20:45:46.950  1587  1889 E libprocessgroup: Failed to read /sys/fs/cgroup/system/uid_0/pid_2194/memory.current: No such file or directory
03-21 20:45:46.950  1587  1889 W libprocessgroup: Failed to apply CompactFull process profile
03-21 20:45:46.951  1587  1889 E libprocessgroup: Failed to read /sys/fs/cgroup/system/uid_0/pid_2203/memory.current: No such file or directory
03-21 20:45:46.951  1587  1889 W libprocessgroup: Failed to apply CompactFull process profile
03-21 20:45:46.951  1587  1889 E libprocessgroup: Failed to read /sys/fs/cgroup/system/uid_0/pid_2211/memory.current: No such file or directory
03-21 20:45:46.951  1587  1889 W libprocessgroup: Failed to apply CompactFull process profile
03-21 20:45:46.951  1587  1889 E libprocessgroup: Failed to read /sys/fs/cgroup/system/uid_0/pid_2233/memory.current: No such file or directory
03-21 20:45:46.952  1587  1889 W libprocessgroup: Failed to apply CompactFull process profile
03-21 20:45:46.953  1587  1889 E libprocessgroup: Failed to read /sys/fs/cgroup/system/uid_0/pid_2237/memory.current: No such file or directory
03-21 20:45:46.953  1587  1889 W libprocessgroup: Failed to apply CompactFull process profile
03-21 20:45:46.953  1587  1889 E libprocessgroup: Failed to read /sys/fs/cgroup/system/uid_0/pid_2251/memory.current: No such file or directory
03-21 20:45:46.953  1587  1889 W libprocessgroup: Failed to apply CompactFull process profile
03-21 20:45:46.953  1587  1889 E libprocessgroup: Failed to read /sys/fs/cgroup/system/uid_0/pid_2352/memory.current: No such file or directory
03-21 20:45:46.953  1587  1889 W libprocessgroup: Failed to apply CompactFull process profile
03-21 20:45:46.953  1587  1889 E libprocessgroup: Failed to read /sys/fs/cgroup/system/uid_0/pid_2353/memory.current: No such file or directory
03-21 20:45:46.954  1587  1889 W libprocessgroup: Failed to apply CompactFull process profile
03-21 20:45:46.954  1587  1889 E libprocessgroup: Failed to read /sys/fs/cgroup/system/uid_0/pid_2357/memory.current: No such file or directory
03-21 20:45:46.954  1587  1889 W libprocessgroup: Failed to apply CompactFull process profile
03-21 20:45:46.954  1587  1889 E libprocessgroup: Failed to read /sys/fs/cgroup/system/uid_0/pid_2379/memory.current: No such file or directory
03-21 20:45:46.954  1587  1889 W libprocessgroup: Failed to apply CompactFull process profile
03-21 20:45:46.955  1587  1889 E libprocessgroup: Failed to read /sys/fs/cgroup/system/uid_0/pid_2424/memory.current: No such file or directory
03-21 20:45:46.955  1587  1889 W libprocessgroup: Failed to apply CompactFull process profile
03-21 20:45:46.955  1587  1889 E libprocessgroup: Failed to read /sys/fs/cgroup/system/uid_0/pid_2437/memory.current: No such file or directory
03-21 20:45:46.955  1587  1889 W libprocessgroup: Failed to apply CompactFull process profile
03-21 20:45:46.955  1587  1889 E libprocessgroup: Failed to read /sys/fs/cgroup/system/uid_0/pid_2529/memory.current: No such file or directory
03-21 20:45:46.955  1587  1889 W libprocessgroup: Failed to apply CompactFull process profile
03-21 20:45:46.956  1587  1889 E libprocessgroup: Failed to read /sys/fs/cgroup/system/uid_0/pid_2733/memory.current: No such file or directory
03-21 20:45:46.956  1587  1889 W libprocessgroup: Failed to apply CompactFull process profile
03-21 20:45:46.956  1587  1889 E libprocessgroup: Failed to read /sys/fs/cgroup/system/uid_0/pid_2779/memory.current: No such file or directory
03-21 20:45:46.956  1587  1889 W libprocessgroup: Failed to apply CompactFull process profile
03-21 20:45:46.956  1587  1889 E libprocessgroup: Failed to read /sys/fs/cgroup/system/uid_0/pid_2780/memory.current: No such file or directory
03-21 20:45:46.956  1587  1889 W libprocessgroup: Failed to apply CompactFull process profile
03-21 20:45:46.957  1587  1889 E libprocessgroup: Could not write 954368 to /sys/fs/cgroup/system/uid_0/pid_2790/memory.reclaim: Permission denied
03-21 20:45:46.957  1587  1889 W libprocessgroup: Failed to apply CompactFull process profile
03-21 20:45:46.957  1587  1889 E libprocessgroup: Failed to read /sys/fs/cgroup/system/uid_0/pid_3002/memory.current: No such file or directory
03-21 20:45:46.957  1587  1889 W libprocessgroup: Failed to apply CompactFull process profile
03-21 20:45:46.957  1587  1889 E libprocessgroup: Failed to read /sys/fs/cgroup/system/uid_0/pid_3012/memory.current: No such file or directory
03-21 20:45:46.958  1587  1889 W libprocessgroup: Failed to apply CompactFull process profile
03-21 20:45:46.958  1587  1889 E libprocessgroup: Failed to read /sys/fs/cgroup/system/uid_0/pid_3029/memory.current: No such file or directory
03-21 20:45:46.958  1587  1889 W libprocessgroup: Failed to apply CompactFull process profile
03-21 20:45:46.958  1587  1889 E libprocessgroup: Failed to read /sys/fs/cgroup/system/uid_0/pid_3038/memory.current: No such file or directory
03-21 20:45:46.958  1587  1889 W libprocessgroup: Failed to apply CompactFull process profile
03-21 20:45:46.958  1587  1889 E libprocessgroup: Failed to read /sys/fs/cgroup/system/uid_0/pid_3052/memory.current: No such file or directory
03-21 20:45:46.958  1587  1889 W libprocessgroup: Failed to apply CompactFull process profile
03-21 20:45:46.959  1587  1889 E libprocessgroup: Failed to read /sys/fs/cgroup/system/uid_0/pid_3159/memory.current: No such file or directory
03-21 20:45:46.959  1587  1889 W libprocessgroup: Failed to apply CompactFull process profile
03-21 20:45:46.959  1587  1889 E libprocessgroup: Failed to read /sys/fs/cgroup/system/uid_0/pid_3329/memory.current: No such file or directory
03-21 20:45:46.959  1587  1889 W libprocessgroup: Failed to apply CompactFull process profile
03-21 20:45:46.960  1587  1889 E libprocessgroup: Failed to read /sys/fs/cgroup/system/uid_0/pid_3402/memory.current: No such file or directory
03-21 20:45:46.960  1587  1889 W libprocessgroup: Failed to apply CompactFull process profile
03-21 20:45:46.960  1587  1889 E libprocessgroup: Failed to read /sys/fs/cgroup/system/uid_0/pid_3462/memory.current: No such file or directory
03-21 20:45:46.960  1587  1889 W libprocessgroup: Failed to apply CompactFull process profile
03-21 20:45:46.960  1587  1889 E libprocessgroup: Failed to read /sys/fs/cgroup/system/uid_0/pid_3711/memory.current: No such file or directory
03-21 20:45:46.960  1587  1889 W libprocessgroup: Failed to apply CompactFull process profile
03-21 20:45:46.961  1587  1889 E libprocessgroup: Failed to read /sys/fs/cgroup/system/uid_0/pid_4337/memory.current: No such file or directory
03-21 20:45:46.961  1587  1889 W libprocessgroup: Failed to apply CompactFull process profile
03-21 20:45:46.961  1587  1889 E libprocessgroup: Failed to read /sys/fs/cgroup/system/uid_0/pid_5334/memory.current: No such file or directory
03-21 20:45:46.961  1587  1889 W libprocessgroup: Failed to apply CompactFull process profile
03-21 20:45:46.961  1587  1889 E libprocessgroup: Failed to read /sys/fs/cgroup/system/uid_0/pid_5830/memory.current: No such file or directory
03-21 20:45:46.961  1587  1889 W libprocessgroup: Failed to apply CompactFull process profile
03-21 20:45:46.961  1587  1889 E libprocessgroup: Failed to read /sys/fs/cgroup/system/uid_0/pid_6561/memory.current: No such file or directory
03-21 20:45:46.961  1587  1889 W libprocessgroup: Failed to apply CompactFull process profile
03-21 20:45:46.962  1587  1889 E libprocessgroup: Could not write 1327104 to /sys/fs/cgroup/system/uid_0/pid_7022/memory.reclaim: Permission denied
03-21 20:45:46.962  1587  1889 W libprocessgroup: Failed to apply CompactFull process profile
03-21 20:45:46.962  1587  1889 E libprocessgroup: Failed to read /sys/fs/cgroup/system/uid_0/pid_10475/memory.current: No such file or directory
03-21 20:45:46.962  1587  1889 W libprocessgroup: Failed to apply CompactFull process profile
03-21 20:45:46.962  1587  1889 E libprocessgroup: Failed to read /sys/fs/cgroup/system/uid_0/pid_10526/memory.current: No such file or directory
03-21 20:45:46.963  1587  1889 W libprocessgroup: Failed to apply CompactFull process profile
03-21 20:45:46.963  1587  1889 E libprocessgroup: Failed to read /sys/fs/cgroup/system/uid_0/pid_10700/memory.current: No such file or directory
03-21 20:45:46.963  1587  1889 W libprocessgroup: Failed to apply CompactFull process profile
03-21 20:45:46.963  1587  1889 E libprocessgroup: Failed to read /sys/fs/cgroup/system/uid_0/pid_12025/memory.current: No such file or directory
03-21 20:45:46.963  1587  1889 W libprocessgroup: Failed to apply CompactFull process profile
03-21 20:45:46.963  1587  1889 E libprocessgroup: Failed to read /sys/fs/cgroup/system/uid_0/pid_12111/memory.current: No such file or directory
03-21 20:45:46.963  1587  1889 W libprocessgroup: Failed to apply CompactFull process profile
03-21 20:45:46.963  1587  1889 E libprocessgroup: Failed to read /sys/fs/cgroup/system/uid_0/pid_12119/memory.current: No such file or directory
03-21 20:45:46.963  1587  1889 W libprocessgroup: Failed to apply CompactFull process profile
03-21 20:45:46.964  1587  1889 E libprocessgroup: Failed to read /sys/fs/cgroup/system/uid_0/pid_12392/memory.current: No such file or directory
03-21 20:45:46.964  1587  1889 W libprocessgroup: Failed to apply CompactFull process profile
03-21 20:45:46.964  1587  1889 E libprocessgroup: Failed to read /sys/fs/cgroup/system/uid_0/pid_12393/memory.current: No such file or directory
03-21 20:45:46.964  1587  1889 W libprocessgroup: Failed to apply CompactFull process profile
03-21 20:45:46.964  1587  1889 E libprocessgroup: Failed to read /sys/fs/cgroup/system/uid_0/pid_12394/memory.current: No such file or directory
03-21 20:45:46.964  1587  1889 W libprocessgroup: Failed to apply CompactFull process profile
03-21 20:45:46.964  1587  1889 E libprocessgroup: Failed to read /sys/fs/cgroup/system/uid_0/pid_12419/memory.current: No such file or directory
03-21 20:45:46.964  1587  1889 W libprocessgroup: Failed to apply CompactFull process profile
03-21 20:45:46.964  1587  1889 E libprocessgroup: Failed to read /sys/fs/cgroup/system/uid_0/pid_12805/memory.current: No such file or directory
03-21 20:45:46.965  1587  1889 W libprocessgroup: Failed to apply CompactFull process profile
03-21 20:45:46.965  1587  1889 E libprocessgroup: Failed to read /sys/fs/cgroup/system/uid_0/pid_13426/memory.current: No such file or directory
03-21 20:45:46.965  1587  1889 W libprocessgroup: Failed to apply CompactFull process profile
03-21 20:45:46.965  1587  1889 E libprocessgroup: Failed to read /sys/fs/cgroup/system/uid_0/pid_13748/memory.current: No such file or directory
03-21 20:45:46.965  1587  1889 W libprocessgroup: Failed to apply CompactFull process profile
03-21 20:45:46.965  1587  1889 E libprocessgroup: Failed to read /sys/fs/cgroup/system/uid_0/pid_13842/memory.current: No such file or directory
03-21 20:45:46.965  1587  1889 W libprocessgroup: Failed to apply CompactFull process profile
03-21 20:45:46.965  1587  1889 E libprocessgroup: Failed to read /sys/fs/cgroup/system/uid_0/pid_13845/memory.current: No such file or directory
03-21 20:45:46.965  1587  1889 W libprocessgroup: Failed to apply CompactFull process profile
03-21 20:45:46.966  1587  1889 E libprocessgroup: Failed to read /sys/fs/cgroup/system/uid_0/pid_15831/memory.current: No such file or directory
03-21 20:45:46.966  1587  1889 W libprocessgroup: Failed to apply CompactFull process profile
03-21 20:45:46.966  1587  1889 E libprocessgroup: Failed to read /sys/fs/cgroup/system/uid_0/pid_16560/memory.current: No such file or directory
03-21 20:45:46.966  1587  1889 W libprocessgroup: Failed to apply CompactFull process profile
03-21 20:45:46.966  1587  1889 E libprocessgroup: Failed to read /sys/fs/cgroup/system/uid_0/pid_17829/memory.current: No such file or directory
03-21 20:45:46.966  1587  1889 W libprocessgroup: Failed to apply CompactFull process profile
03-21 20:45:46.966  1587  1889 E libprocessgroup: Failed to read /sys/fs/cgroup/system/uid_0/pid_17837/memory.current: No such file or directory
03-21 20:45:46.966  1587  1889 W libprocessgroup: Failed to apply CompactFull process profile
03-21 20:45:46.967  1587  1889 E libprocessgroup: Failed to read /sys/fs/cgroup/system/uid_0/pid_17868/memory.current: No such file or directory
03-21 20:45:46.967  1587  1889 W libprocessgroup: Failed to apply CompactFull process profile
03-21 20:45:46.967  1587  1889 E libprocessgroup: Failed to read /sys/fs/cgroup/system/uid_0/pid_18034/memory.current: No such file or directory
03-21 20:45:46.967  1587  1889 W libprocessgroup: Failed to apply CompactFull process profile
03-21 20:45:46.967  1587  1889 E libprocessgroup: Failed to read /sys/fs/cgroup/system/uid_0/pid_18779/memory.current: No such file or directory
03-21 20:45:46.967  1587  1889 W libprocessgroup: Failed to apply CompactFull process profile
03-21 20:45:46.968  1587  1889 E libprocessgroup: Failed to read /sys/fs/cgroup/system/uid_0/pid_18821/memory.current: No such file or directory
03-21 20:45:46.968  1587  1889 W libprocessgroup: Failed to apply CompactFull process profile
03-21 20:45:46.968  1587  1889 E libprocessgroup: Failed to read /sys/fs/cgroup/system/uid_0/pid_18859/memory.current: No such file or directory
03-21 20:45:46.968  1587  1889 W libprocessgroup: Failed to apply CompactFull process profile
03-21 20:45:46.968  1587  1889 E libprocessgroup: Failed to read /sys/fs/cgroup/system/uid_0/pid_18907/memory.current: No such file or directory
03-21 20:45:46.968  1587  1889 W libprocessgroup: Failed to apply CompactFull process profile
03-21 20:45:46.968  1587  1889 E libprocessgroup: Failed to read /sys/fs/cgroup/system/uid_0/pid_19541/memory.current: No such file or directory
03-21 20:45:46.968  1587  1889 W libprocessgroup: Failed to apply CompactFull process profile
03-21 20:45:46.968  1587  1889 E libprocessgroup: Failed to read /sys/fs/cgroup/system/uid_0/pid_19883/memory.current: No such file or directory
03-21 20:45:46.969  1587  1889 W libprocessgroup: Failed to apply CompactFull process profile
03-21 20:45:46.969  1587  1889 E libprocessgroup: Failed to read /sys/fs/cgroup/system/uid_0/pid_21294/memory.current: No such file or directory
03-21 20:45:46.969  1587  1889 W libprocessgroup: Failed to apply CompactFull process profile
03-21 20:45:46.969  1587  1889 E libprocessgroup: Failed to read /sys/fs/cgroup/system/uid_0/pid_21548/memory.current: No such file or directory
03-21 20:45:46.969  1587  1889 W libprocessgroup: Failed to apply CompactFull process profile
03-21 20:45:46.969  1587  1889 E libprocessgroup: Failed to read /sys/fs/cgroup/system/uid_0/pid_21549/memory.current: No such file or directory
03-21 20:45:46.969  1587  1889 W libprocessgroup: Failed to apply CompactFull process profile
03-21 20:45:46.969  1587  1889 E libprocessgroup: Failed to read /sys/fs/cgroup/system/uid_0/pid_21593/memory.current: No such file or directory
03-21 20:45:46.969  1587  1889 W libprocessgroup: Failed to apply CompactFull process profile
03-21 20:45:46.970  1587  1889 E libprocessgroup: Failed to read /sys/fs/cgroup/system/uid_0/pid_22398/memory.current: No such file or directory
03-21 20:45:46.970  1587  1889 W libprocessgroup: Failed to apply CompactFull process profile
03-21 20:45:46.970  1587  1889 E libprocessgroup: Failed to read /sys/fs/cgroup/system/uid_0/pid_22520/memory.current: No such file or directory
03-21 20:45:46.970  1587  1889 W libprocessgroup: Failed to apply CompactFull process profile
03-21 20:45:46.970  1587  1889 E libprocessgroup: Failed to read /sys/fs/cgroup/system/uid_0/pid_22958/memory.current: No such file or directory
03-21 20:45:46.970  1587  1889 W libprocessgroup: Failed to apply CompactFull process profile
03-21 20:45:46.970  1587  1889 E libprocessgroup: Failed to read /sys/fs/cgroup/system/uid_0/pid_23151/memory.current: No such file or directory
03-21 20:45:46.970  1587  1889 W libprocessgroup: Failed to apply CompactFull process profile
03-21 20:45:46.971  1587  1889 E libprocessgroup: Failed to read /sys/fs/cgroup/system/uid_0/pid_23293/memory.current: No such file or directory
03-21 20:45:46.971  1587  1889 W libprocessgroup: Failed to apply CompactFull process profile
03-21 20:45:46.971  1587  1889 E libprocessgroup: Failed to read /sys/fs/cgroup/system/uid_0/pid_23309/memory.current: No such file or directory
03-21 20:45:46.971  1587  1889 W libprocessgroup: Failed to apply CompactFull process profile
03-21 20:45:46.971  1587  1889 E libprocessgroup: Failed to read /sys/fs/cgroup/system/uid_0/pid_23348/memory.current: No such file or directory
03-21 20:45:46.971  1587  1889 W libprocessgroup: Failed to apply CompactFull process profile
03-21 20:45:46.971  1587  1889 E libprocessgroup: Failed to read /sys/fs/cgroup/system/uid_0/pid_23362/memory.current: No such file or directory
03-21 20:45:46.971  1587  1889 W libprocessgroup: Failed to apply CompactFull process profile
03-21 20:45:46.972  1587  1889 E libprocessgroup: Failed to read /sys/fs/cgroup/system/uid_0/pid_23431/memory.current: No such file or directory
03-21 20:45:46.972  1587  1889 W libprocessgroup: Failed to apply CompactFull process profile
03-21 20:45:46.972  1587  1889 E libprocessgroup: Failed to read /sys/fs/cgroup/system/uid_0/pid_23514/memory.current: No such file or directory
03-21 20:45:46.972  1587  1889 W libprocessgroup: Failed to apply CompactFull process profile
03-21 20:45:46.972  1587  1889 E libprocessgroup: Failed to read /sys/fs/cgroup/system/uid_0/pid_23646/memory.current: No such file or directory
03-21 20:45:46.972  1587  1889 W libprocessgroup: Failed to apply CompactFull process profile
03-21 20:45:46.972  1587  1889 E libprocessgroup: Failed to read /sys/fs/cgroup/system/uid_0/pid_23804/memory.current: No such file or directory
03-21 20:45:46.972  1587  1889 W libprocessgroup: Failed to apply CompactFull process profile
03-21 20:45:46.972  1587  1889 E libprocessgroup: Failed to read /sys/fs/cgroup/system/uid_0/pid_23839/memory.current: No such file or directory
03-21 20:45:46.973  1587  1889 W libprocessgroup: Failed to apply CompactFull process profile
03-21 20:45:46.973  1587  1889 E libprocessgroup: Failed to read /sys/fs/cgroup/system/uid_0/pid_24007/memory.current: No such file or directory
03-21 20:45:46.973  1587  1889 W libprocessgroup: Failed to apply CompactFull process profile
03-21 20:45:46.974  1587  1889 E libprocessgroup: Failed to read /sys/fs/cgroup/system/uid_0/pid_24298/memory.current: No such file or directory
03-21 20:45:46.974  1587  1889 W libprocessgroup: Failed to apply CompactFull process profile
03-21 20:45:46.974  1587  1889 E libprocessgroup: Failed to read /sys/fs/cgroup/system/uid_0/pid_24299/memory.current: No such file or directory
03-21 20:45:46.974  1587  1889 W libprocessgroup: Failed to apply CompactFull process profile
03-21 20:45:46.974  1587  1889 E libprocessgroup: Failed to read /sys/fs/cgroup/system/uid_0/pid_24546/memory.current: No such file or directory
03-21 20:45:46.974  1587  1889 W libprocessgroup: Failed to apply CompactFull process profile
03-21 20:45:46.974  1587  1889 E libprocessgroup: Failed to read /sys/fs/cgroup/system/uid_0/pid_24560/memory.current: No such file or directory
03-21 20:45:46.974  1587  1889 W libprocessgroup: Failed to apply CompactFull process profile
03-21 20:45:46.975  1587  1889 E libprocessgroup: Failed to read /sys/fs/cgroup/system/uid_0/pid_24564/memory.current: No such file or directory
03-21 20:45:46.975  1587  1889 W libprocessgroup: Failed to apply CompactFull process profile
03-21 20:45:46.975  1587  1889 E libprocessgroup: Failed to read /sys/fs/cgroup/system/uid_0/pid_24625/memory.current: No such file or directory
03-21 20:45:46.975  1587  1889 W libprocessgroup: Failed to apply CompactFull process profile
03-21 20:45:46.975  1587  1889 E libprocessgroup: Failed to read /sys/fs/cgroup/system/uid_0/pid_24641/memory.current: No such file or directory
03-21 20:45:46.975  1587  1889 W libprocessgroup: Failed to apply CompactFull process profile
03-21 20:45:46.976  1587  1889 E libprocessgroup: Failed to read /sys/fs/cgroup/system/uid_0/pid_24655/memory.current: No such file or directory
03-21 20:45:46.976  1587  1889 W libprocessgroup: Failed to apply CompactFull process profile
03-21 20:45:46.976  1587  1889 E libprocessgroup: Failed to read /sys/fs/cgroup/system/uid_0/pid_24697/memory.current: No such file or directory
03-21 20:45:46.976  1587  1889 W libprocessgroup: Failed to apply CompactFull process profile
03-21 20:45:46.976  1587  1889 E libprocessgroup: Failed to read /sys/fs/cgroup/system/uid_0/pid_24705/memory.current: No such file or directory
03-21 20:45:46.976  1587  1889 W libprocessgroup: Failed to apply CompactFull process profile
03-21 20:45:46.976  1587  1889 E libprocessgroup: Failed to read /sys/fs/cgroup/system/uid_0/pid_24746/memory.current: No such file or directory
03-21 20:45:46.976  1587  1889 W libprocessgroup: Failed to apply CompactFull process profile
03-21 20:45:46.977  1587  1889 E libprocessgroup: Failed to read /sys/fs/cgroup/system/uid_0/pid_24813/memory.current: No such file or directory
03-21 20:45:46.977  1587  1889 W libprocessgroup: Failed to apply CompactFull process profile
03-21 20:45:46.977  1587  1889 E libprocessgroup: Failed to read /sys/fs/cgroup/system/uid_0/pid_25255/memory.current: No such file or directory
03-21 20:45:46.977  1587  1889 W libprocessgroup: Failed to apply CompactFull process profile
03-21 20:45:46.977  1587  1889 E libprocessgroup: Failed to read /sys/fs/cgroup/system/uid_0/pid_25422/memory.current: No such file or directory
03-21 20:45:46.977  1587  1889 W libprocessgroup: Failed to apply CompactFull process profile
03-21 20:45:46.978  1587  1889 E libprocessgroup: Failed to read /sys/fs/cgroup/system/uid_0/pid_25640/memory.current: No such file or directory
03-21 20:45:46.978  1587  1889 W libprocessgroup: Failed to apply CompactFull process profile
03-21 20:45:46.978  1587  1889 E libprocessgroup: Failed to read /sys/fs/cgroup/system/uid_0/pid_25641/memory.current: No such file or directory
03-21 20:45:46.978  1587  1889 W libprocessgroup: Failed to apply CompactFull process profile
03-21 20:45:47.361   625  2778 W libperfmgr: Failed to write to node: /dev/stune/top-app/schedtune.boost with value: 10, fd: -1
03-21 20:45:47.361   625  2778 W libperfmgr: Failed to write to node: /proc/sys/kernel/sched_boost with value: 0, fd: -1
03-21 20:45:47.448   844 25670 I resolv  : GetAddrInfoHandler::run: {102 102 102 983142 10399 0}
03-21 20:45:47.448   844 25670 I resolv  : GetAddrInfoHandler::run: network access blocked
03-21 20:45:47.450 24797 24797 I ReactNativeJNI: Error occurred, shutting down websocket connection: WebSocket exception Unable to resolve host "localhost": No address associated with hostname
03-21 20:45:47.861   625  2778 W libperfmgr: Failed to write to node: /dev/stune/top-app/schedtune.boost with value: 10, fd: -1
03-21 20:45:47.861   625  2778 W libperfmgr: Failed to write to node: /proc/sys/kernel/sched_boost with value: 0, fd: -1
03-21 20:45:48.362   625  2778 W libperfmgr: Failed to write to node: /dev/stune/top-app/schedtune.boost with value: 10, fd: -1
03-21 20:45:48.362   625  2778 W libperfmgr: Failed to write to node: /proc/sys/kernel/sched_boost with value: 0, fd: -1
03-21 20:45:48.669  2458 24323 I NearbyPresence: (REDACTED) %s verified [==] new request %s equals to the old request
03-21 20:45:48.862   625  2778 W libperfmgr: Failed to write to node: /dev/stune/top-app/schedtune.boost with value: 10, fd: -1
03-21 20:45:48.862   625  2778 W libperfmgr: Failed to write to node: /proc/sys/kernel/sched_boost with value: 0, fd: -1
03-21 20:45:49.362   625  2778 W libperfmgr: Failed to write to node: /dev/stune/top-app/schedtune.boost with value: 10, fd: -1
03-21 20:45:49.362   625  2778 W libperfmgr: Failed to write to node: /proc/sys/kernel/sched_boost with value: 0, fd: -1
03-21 20:45:49.467   844 25671 I resolv  : GetAddrInfoHandler::run: {102 102 102 983142 10399 0}
03-21 20:45:49.467   844 25671 I resolv  : GetAddrInfoHandler::run: network access blocked
03-21 20:45:49.469 24797 24797 I ReactNativeJNI: Error occurred, shutting down websocket connection: WebSocket exception Unable to resolve host "localhost": No address associated with hostname
03-21 20:45:49.862   625  2778 W libperfmgr: Failed to write to node: /dev/stune/top-app/schedtune.boost with value: 10, fd: -1
03-21 20:45:49.862   625  2778 W libperfmgr: Failed to write to node: /proc/sys/kernel/sched_boost with value: 0, fd: -1
03-21 20:45:50.363   625  2778 W libperfmgr: Failed to write to node: /dev/stune/top-app/schedtune.boost with value: 10, fd: -1
03-21 20:45:50.363   625  2778 W libperfmgr: Failed to write to node: /proc/sys/kernel/sched_boost with value: 0, fd: -1
03-21 20:45:50.863   625  2778 W libperfmgr: Failed to write to node: /dev/stune/top-app/schedtune.boost with value: 10, fd: -1
03-21 20:45:50.863   625  2778 W libperfmgr: Failed to write to node: /proc/sys/kernel/sched_boost with value: 0, fd: -1
03-21 20:45:51.108 25672 25672 W libbinder.BackendUnifiedServiceManager: Thread Pool max thread count is 0. Cannot cache binder as linkToDeath cannot be implemented. serviceName: deviceidle
03-21 20:45:51.194 25674 25674 W libbinder.BackendUnifiedServiceManager: Thread Pool max thread count is 0. Cannot cache binder as linkToDeath cannot be implemented. serviceName: battery
03-21 20:45:51.278 25676 25676 W libbinder.BackendUnifiedServiceManager: Thread Pool max thread count is 0. Cannot cache binder as linkToDeath cannot be implemented. serviceName: deviceidle
03-21 20:45:51.363   625  2778 W libperfmgr: Failed to write to node: /dev/stune/top-app/schedtune.boost with value: 10, fd: -1
03-21 20:45:51.363   625  2778 W libperfmgr: Failed to write to node: /proc/sys/kernel/sched_boost with value: 0, fd: -1
03-21 20:45:51.484   844 25678 I resolv  : GetAddrInfoHandler::run: {102 102 102 983142 10399 0}
03-21 20:45:51.484   844 25678 I resolv  : GetAddrInfoHandler::run: network access blocked
03-21 20:45:51.486 24797 24797 I ReactNativeJNI: Error occurred, shutting down websocket connection: WebSocket exception Unable to resolve host "localhost": No address associated with hostname
03-21 20:45:51.863   625  2778 W libperfmgr: Failed to write to node: /dev/stune/top-app/schedtune.boost with value: 10, fd: -1
03-21 20:45:51.863   625  2778 W libperfmgr: Failed to write to node: /proc/sys/kernel/sched_boost with value: 0, fd: -1
03-21 20:45:52.364   625  2778 W libperfmgr: Failed to write to node: /dev/stune/top-app/schedtune.boost with value: 10, fd: -1
03-21 20:45:52.364   625  2778 W libperfmgr: Failed to write to node: /proc/sys/kernel/sched_boost with value: 0, fd: -1
03-21 20:45:52.864   625  2778 W libperfmgr: Failed to write to node: /dev/stune/top-app/schedtune.boost with value: 10, fd: -1
03-21 20:45:52.864   625  2778 W libperfmgr: Failed to write to node: /proc/sys/kernel/sched_boost with value: 0, fd: -1
03-21 20:45:53.364   625  2778 W libperfmgr: Failed to write to node: /dev/stune/top-app/schedtune.boost with value: 10, fd: -1
03-21 20:45:53.364   625  2778 W libperfmgr: Failed to write to node: /proc/sys/kernel/sched_boost with value: 0, fd: -1
03-21 20:45:53.394   594 25659 I keystore2: system/security/keystore2/watchdog/src/lib.rs:371 - Watchdog thread idle -> terminating. Have a great day.
03-21 20:45:53.503   844 25680 I resolv  : GetAddrInfoHandler::run: {102 102 102 983142 10399 0}
03-21 20:45:53.503   844 25680 I resolv  : GetAddrInfoHandler::run: network access blocked
03-21 20:45:53.505 24797 24797 I ReactNativeJNI: Error occurred, shutting down websocket connection: WebSocket exception Unable to resolve host "localhost": No address associated with hostname
03-21 20:45:53.864   625  2778 W libperfmgr: Failed to write to node: /dev/stune/top-app/schedtune.boost with value: 10, fd: -1
03-21 20:45:53.864   625  2778 W libperfmgr: Failed to write to node: /proc/sys/kernel/sched_boost with value: 0, fd: -1
03-21 20:45:54.365   625  2778 W libperfmgr: Failed to write to node: /dev/stune/top-app/schedtune.boost with value: 10, fd: -1
03-21 20:45:54.365   625  2778 W libperfmgr: Failed to write to node: /proc/sys/kernel/sched_boost with value: 0, fd: -1
03-21 20:45:54.865   625  2778 W libperfmgr: Failed to write to node: /dev/stune/top-app/schedtune.boost with value: 10, fd: -1
03-21 20:45:54.865   625  2778 W libperfmgr: Failed to write to node: /proc/sys/kernel/sched_boost with value: 0, fd: -1
03-21 20:45:55.365   625  2778 W libperfmgr: Failed to write to node: /dev/stune/top-app/schedtune.boost with value: 10, fd: -1
03-21 20:45:55.365   625  2778 W libperfmgr: Failed to write to node: /proc/sys/kernel/sched_boost with value: 0, fd: -1
03-21 20:45:55.521   844 25681 I resolv  : GetAddrInfoHandler::run: {102 102 102 983142 10399 0}
03-21 20:45:55.521   844 25681 I resolv  : GetAddrInfoHandler::run: network access blocked
03-21 20:45:55.522 24797 24797 I ReactNativeJNI: Error occurred, shutting down websocket connection: WebSocket exception Unable to resolve host "localhost": No address associated with hostname
03-21 20:45:55.865   625  2778 W libperfmgr: Failed to write to node: /dev/stune/top-app/schedtune.boost with value: 10, fd: -1
03-21 20:45:55.865   625  2778 W libperfmgr: Failed to write to node: /proc/sys/kernel/sched_boost with value: 0, fd: -1
03-21 20:45:56.366   625  2778 W libperfmgr: Failed to write to node: /dev/stune/top-app/schedtune.boost with value: 10, fd: -1
03-21 20:45:56.366   625  2778 W libperfmgr: Failed to write to node: /proc/sys/kernel/sched_boost with value: 0, fd: -1
03-21 20:45:56.866   625  2778 W libperfmgr: Failed to write to node: /dev/stune/top-app/schedtune.boost with value: 10, fd: -1
03-21 20:45:56.866   625  2778 W libperfmgr: Failed to write to node: /proc/sys/kernel/sched_boost with value: 0, fd: -1
03-21 20:45:57.364 25682 25682 W libbinder.BackendUnifiedServiceManager: Thread Pool max thread count is 0. Cannot cache binder as linkToDeath cannot be implemented. serviceName: deviceidle
03-21 20:45:57.366   625  2778 W libperfmgr: Failed to write to node: /dev/stune/top-app/schedtune.boost with value: 10, fd: -1
03-21 20:45:57.366   625  2778 W libperfmgr: Failed to write to node: /proc/sys/kernel/sched_boost with value: 0, fd: -1
03-21 20:45:57.450 25684 25684 W libbinder.BackendUnifiedServiceManager: Thread Pool max thread count is 0. Cannot cache binder as linkToDeath cannot be implemented. serviceName: battery
03-21 20:45:57.457  1587  1672 W ProcessCpuTracker: Failed to stat(/proc/25682): android.system.ErrnoException: stat failed: ENOENT (No such file or directory)
03-21 20:45:57.457  1587  1672 W ProcessCpuTracker: Skipping unknown process pid 25682
03-21 20:45:57.534 25686 25686 W libbinder.BackendUnifiedServiceManager: Thread Pool max thread count is 0. Cannot cache binder as linkToDeath cannot be implemented. serviceName: deviceidle
03-21 20:45:57.539   844 25688 I resolv  : GetAddrInfoHandler::run: {102 102 102 983142 10399 0}
03-21 20:45:57.539   844 25688 I resolv  : GetAddrInfoHandler::run: network access blocked
03-21 20:45:57.541 24797 24797 I ReactNativeJNI: Error occurred, shutting down websocket connection: WebSocket exception Unable to resolve host "localhost": No address associated with hostname
03-21 20:45:57.866   625  2778 W libperfmgr: Failed to write to node: /dev/stune/top-app/schedtune.boost with value: 10, fd: -1
03-21 20:45:57.866   625  2778 W libperfmgr: Failed to write to node: /proc/sys/kernel/sched_boost with value: 0, fd: -1
03-21 20:45:58.367   625  2778 W libperfmgr: Failed to write to node: /dev/stune/top-app/schedtune.boost with value: 10, fd: -1
03-21 20:45:58.367   625  2778 W libperfmgr: Failed to write to node: /proc/sys/kernel/sched_boost with value: 0, fd: -1
03-21 20:45:58.867   625  2778 W libperfmgr: Failed to write to node: /dev/stune/top-app/schedtune.boost with value: 10, fd: -1
03-21 20:45:58.867   625  2778 W libperfmgr: Failed to write to node: /proc/sys/kernel/sched_boost with value: 0, fd: -1
03-21 20:45:59.367   625  2778 W libperfmgr: Failed to write to node: /dev/stune/top-app/schedtune.boost with value: 10, fd: -1
03-21 20:45:59.367   625  2778 W libperfmgr: Failed to write to node: /proc/sys/kernel/sched_boost with value: 0, fd: -1
03-21 20:45:59.557   844 25689 I resolv  : GetAddrInfoHandler::run: {102 102 102 983142 10399 0}
03-21 20:45:59.557   844 25689 I resolv  : GetAddrInfoHandler::run: network access blocked
03-21 20:45:59.559 24797 24797 I ReactNativeJNI: Error occurred, shutting down websocket connection: WebSocket exception Unable to resolve host "localhost": No address associated with hostname
03-21 20:45:59.867   625  2778 W libperfmgr: Failed to write to node: /dev/stune/top-app/schedtune.boost with value: 10, fd: -1
03-21 20:45:59.867   625  2778 W libperfmgr: Failed to write to node: /proc/sys/kernel/sched_boost with value: 0, fd: -1
03-21 20:46:00.368   625  2778 W libperfmgr: Failed to write to node: /dev/stune/top-app/schedtune.boost with value: 10, fd: -1
03-21 20:46:00.368   625  2778 W libperfmgr: Failed to write to node: /proc/sys/kernel/sched_boost with value: 0, fd: -1
03-21 20:46:00.868   625  2778 W libperfmgr: Failed to write to node: /dev/stune/top-app/schedtune.boost with value: 10, fd: -1
03-21 20:46:00.868   625  2778 W libperfmgr: Failed to write to node: /proc/sys/kernel/sched_boost with value: 0, fd: -1
03-21 20:46:01.368   625  2778 W libperfmgr: Failed to write to node: /dev/stune/top-app/schedtune.boost with value: 10, fd: -1
03-21 20:46:01.368   625  2778 W libperfmgr: Failed to write to node: /proc/sys/kernel/sched_boost with value: 0, fd: -1
03-21 20:46:01.576   844 25690 I resolv  : GetAddrInfoHandler::run: {102 102 102 983142 10399 0}
03-21 20:46:01.576   844 25690 I resolv  : GetAddrInfoHandler::run: network access blocked
03-21 20:46:01.578 24797 24797 I ReactNativeJNI: Error occurred, shutting down websocket connection: WebSocket exception Unable to resolve host "localhost": No address associated with hostname
03-21 20:46:01.868   625  2778 W libperfmgr: Failed to write to node: /dev/stune/top-app/schedtune.boost with value: 10, fd: -1
03-21 20:46:01.868   625  2778 W libperfmgr: Failed to write to node: /proc/sys/kernel/sched_boost with value: 0, fd: -1
03-21 20:46:02.369   625  2778 W libperfmgr: Failed to write to node: /dev/stune/top-app/schedtune.boost with value: 10, fd: -1
03-21 20:46:02.369   625  2778 W libperfmgr: Failed to write to node: /proc/sys/kernel/sched_boost with value: 0, fd: -1
03-21 20:46:02.869   625  2778 W libperfmgr: Failed to write to node: /dev/stune/top-app/schedtune.boost with value: 10, fd: -1
03-21 20:46:02.869   625  2778 W libperfmgr: Failed to write to node: /proc/sys/kernel/sched_boost with value: 0, fd: -1
03-21 20:46:03.013   877   924 E Situation: processEvent, handle:24, flush_action:0
03-21 20:46:03.026  1587  7856 I PowerGroup: Waking up power group from Dozing (groupId=0, uid=10325, reason=WAKE_REASON_LIFT, details=com.android.systemui:NODOZE pickup)...
03-21 20:46:03.026  1587  7856 I PowerGroup: dreamManagerAttemptedDozing status changed to false for group 0
03-21 20:46:03.027  1587  7856 I PowerManagerService: Waking up from Dozing (uid=10325, reason=WAKE_REASON_LIFT, details=com.android.systemui:NODOZE pickup)...
03-21 20:46:03.030  1587  1708 I DisplayPowerController[0]: Blocking screen on until initial contents have been drawn.
03-21 20:46:03.031  1587  1708 I DisplayPowerController: Window Manager Policy screenTurningOn complete
03-21 20:46:03.031  1587  1708 I DisplayBrightnessStrategySelector: Changing the DisplayBrightnessStrategy from ScreenOffBrightnessStrategy to FallbackBrightnessStrategy for display 0
03-21 20:46:03.034  1587  1708 I DisplayPowerController[0]: BrightnessEvent: brt=1.0(100.0%), nits=700.0, lux=-1.0, reason=manual, strat=FallbackBrightnessStrategy, state=ON, stateReason=DEFAULT_POLICY, policy=BRIGHT, flags=, initBrt=0.0, rcmdBrt=NaN, preBrt=NaN, preLux=0.0, wasShortTermModelActive=false, autoBrightness=false (default), unclampedBrt=1.0, hbmMax=1.0, hbmMode=sunlight, thrmMax=1.0, rbcStrength=50, powerFactor=1.0, physDisp=Built-in Screen(local:4627039422300187648), logicalId=0, slowChange=false, rampSpeed=0.0
03-21 20:46:03.037   877   877 E SensorManager: Correct handle(24) mindelay: 200000000 old: 1000000
03-21 20:46:03.038  1587  1655 I DisplayDeviceRepository: Display device changed state: "Built-in Screen", ON
03-21 20:46:03.038   852   992 I hwcomposer: [HWCDisplay] [XMFP]: Display(0) SetPowerMode(2) fp_parallel:0  
03-21 20:46:03.039  1587  1655 I InputManager-JNI: Viewport [0] to add: local:4627039422300187648, isActive: true
03-21 20:46:03.039   625  2778 W libperfmgr: Failed to write to node: /dev/stune/top-app/schedtune.boost with value: 10, fd: -1
03-21 20:46:03.039   625  2778 W libperfmgr: Failed to write to node: /proc/sys/kernel/sched_boost with value: 0, fd: -1
03-21 20:46:03.040  1587  1903 I InputReader: Reconfiguring input devices, changes=DISPLAY_INFO
03-21 20:46:03.040  1587  1903 I InputReader: Device reconfigured: id=4, name='fts_ts', size 1080x2400, orientation Rotation0, mode DIRECT, display id 0
03-21 20:46:03.042  1587  1653 I DisplayDevice: [0] Layerstack set to 0 for local:4627039422300187648
03-21 20:46:03.049   844   878 I netd    : tetherGetStats() -> {[]} <2.09ms>
03-21 20:46:03.051  1587  1680 W libprocessgroup: SetCgroup::ExecuteForProcess: failed to open /dev/stune/top-app/cgroup.procs: No such file or directory
03-21 20:46:03.056  2034  2034 E NotifRow: Magnetic state changed from IDLE to IDLE on a null swiped listener, or the logging key of the listener is null
03-21 20:46:03.058   888  2646 W StNfcHal: ! i2cWrite!!, errno is 'I/O error'
03-21 20:46:03.061   877   877 I Accelerometer: batch: handle:0, flag:0,samplingPeriodNs:80000000 maxBatchReportLatencyNs:2000000000
03-21 20:46:03.064   888  2646 W StNfcHal: Idle data: 2nd byte is 0x40
03-21 20:46:03.064   888  2646 W StNfcHal: , reading next 2 bytes
03-21 20:46:03.065  3073 25691 I DeviceStatusMonitor: DeviceStatusMonitor.handleBroadcast():138 onReceive() : Action = android.intent.action.SCREEN_ON
03-21 20:46:03.065  3073 25691 I DeviceStatusMonitor: DeviceStatusMonitor.updateCountryInfo():154 updateCountryInfo(), notifyAnyway = false
03-21 20:46:03.067   877   877 I Accelerometer: enable: handle:0, en:1
03-21 20:46:03.068   888  2646 W StNfcHal: Idle data: 2nd byte is 0x40
03-21 20:46:03.068   888  2646 W StNfcHal: , reading next 2 bytes
03-21 20:46:03.073  1587  1972 I MR2ServiceImpl: Updating composite discovery preference | preference: RouteDiscoveryRequest{ preferredFeatures={}, activeScan=false }, active routers: []
03-21 20:46:03.074   877   877 E sensors.elliptic@2.0: Elliptic: batch() 0
03-21 20:46:03.074   877   877 E sensors.elliptic@2.0: Elliptic: activate() 0, 1
03-21 20:46:03.074   877   906 I Elliptic: nsorBase.h(74) : I : ACTIVATE sensor with Handle = 0
03-21 20:46:03.096  1587  1927 E SupplicantStaIfaceHalAidlImpl: ISupplicantStaIface.setSuspendModeEnabled failed with service specific exception: 
03-21 20:46:03.096  1587  1927 E SupplicantStaIfaceHalAidlImpl: android.os.ServiceSpecificException:  (code 1)
03-21 20:46:03.096  1587  1927 E SupplicantStaIfaceHalAidlImpl: 	at android.os.Parcel.createExceptionOrNull(Parcel.java:3387)
03-21 20:46:03.096  1587  1927 E SupplicantStaIfaceHalAidlImpl: 	at android.os.Parcel.createException(Parcel.java:3357)
03-21 20:46:03.096  1587  1927 E SupplicantStaIfaceHalAidlImpl: 	at android.os.Parcel.readException(Parcel.java:3340)
03-21 20:46:03.096  1587  1927 E SupplicantStaIfaceHalAidlImpl: 	at android.os.Parcel.readException(Parcel.java:3282)
03-21 20:46:03.096  1587  1927 E SupplicantStaIfaceHalAidlImpl: 	at com.android.wifi.x.android.hardware.wifi.supplicant.ISupplicantStaIface$Stub$Proxy.setSuspendModeEnabled(ISupplicantStaIface.java:2962)
03-21 20:46:03.096  1587  1927 E SupplicantStaIfaceHalAidlImpl: 	at com.android.server.wifi.SupplicantStaIfaceHalAidlImpl.setSuspendModeEnabled(SupplicantStaIfaceHalAidlImpl.java:2094)
03-21 20:46:03.096  1587  1927 E SupplicantStaIfaceHalAidlImpl: 	at com.android.server.wifi.SupplicantStaIfaceHal.setSuspendModeEnabled(SupplicantStaIfaceHal.java:1722)
03-21 20:46:03.096  1587  1927 E SupplicantStaIfaceHalAidlImpl: 	at com.android.server.wifi.WifiNative.setSuspendOptimizations(WifiNative.java:2831)
03-21 20:46:03.096  1587  1927 E SupplicantStaIfaceHalAidlImpl: 	at com.android.server.wifi.ClientModeImpl.setSuspendOptimizationsNative(ClientModeImpl.java:2763)
03-21 20:46:03.096  1587  1927 E SupplicantStaIfaceHalAidlImpl: 	at com.android.server.wifi.ClientModeImpl.-$$Nest$msetSuspendOptimizationsNative(ClientModeImpl.java:0)
03-21 20:46:03.096  1587  1927 E SupplicantStaIfaceHalAidlImpl: 	at com.android.server.wifi.ClientModeImpl$ConnectableState.processMessageImpl(ClientModeImpl.java:5053)
03-21 20:46:03.096  1587  1927 E SupplicantStaIfaceHalAidlImpl: 	at com.android.server.wifi.RunnerState.processMessage(RunnerState.java:82)
03-21 20:46:03.096  1587  1927 E SupplicantStaIfaceHalAidlImpl: 	at com.android.wifi.x.com.android.internal.util.StateMachine$SmHandler.processMsg(StateMachine.java:1007)
03-21 20:46:03.096  1587  1927 E SupplicantStaIfaceHalAidlImpl: 	at com.android.wifi.x.com.android.internal.util.StateMachine$SmHandler.handleMessage(StateMachine.java:820)
03-21 20:46:03.096  1587  1927 E SupplicantStaIfaceHalAidlImpl: 	at android.os.Handler.dispatchMessage(Handler.java:132)
03-21 20:46:03.096  1587  1927 E SupplicantStaIfaceHalAidlImpl: 	at android.os.Looper.dispatchMessage(Looper.java:333)
03-21 20:46:03.096  1587  1927 E SupplicantStaIfaceHalAidlImpl: 	at android.os.Looper.loopOnce(Looper.java:263)
03-21 20:46:03.096  1587  1927 E SupplicantStaIfaceHalAidlImpl: 	at android.os.Looper.loop(Looper.java:367)
03-21 20:46:03.096  1587  1927 E SupplicantStaIfaceHalAidlImpl: 	at android.os.HandlerThread.run(HandlerThread.java:139)
03-21 20:46:03.097   844   878 I netd    : networkAddUidRangesParcel(NativeUidRangeConfig{netId: 102, uidRanges: [UidRangeParcel{start: 0, stop: 2147483647}], subPriority: 998}) <0.65ms>
03-21 20:46:03.097   844   878 I netd    : networkRemoveUidRangesParcel(NativeUidRangeConfig{netId: 102, uidRanges: [UidRangeParcel{start: 0, stop: 2147483647}], subPriority: 998}) <0.35ms>
03-21 20:46:03.101   855   855 W AudioALSADeviceConfigManager: ApplyDeviceTurnoffSequenceByName(), DeviceName = ultrasound-proximity-speaker DeviceStatusCounter < 0
03-21 20:46:03.106  2458 29573 I NullBinder: NullBinder for android.net.action.RECOMMEND_NETWORKS triggering remote TransactionTooLargeException due to Service without Chimera impl, calling uid: 1000, calling pid: 0
03-21 20:46:03.106  2458 29573 W libbinder.Binder: Large reply transaction of 1056768 bytes, interface descriptor , code 1, flags 17
03-21 20:46:03.115  1587  1708 I DisplayPowerController[0]: Unblocked screen on after 86 ms
03-21 20:46:03.116  2034  2034 I KeyguardTransitionRepository: STARTED transition: TransitionStep(from=DOZING, to=LOCKSCREEN, value=0.0, transitionState=STARTED, ownerName=FromDozingTransitionInteractor(listenForDozingToAny))
03-21 20:46:03.116   914   988 E surfaceflinger: == MALI DEBUG ===eglp_winsys_populate_image_templates ==12288
03-21 20:46:03.117   877   877 I Situation: batch: handle:26, flag:0,samplingPeriodNs:66667000 maxBatchReportLatencyNs:0
03-21 20:46:03.118   877   877 I Situation: enable: handle:26, en:1 
03-21 20:46:03.119   877   877 I Light   : batch: handle:4, flag:0,samplingPeriodNs:200000000 maxBatchReportLatencyNs:0
03-21 20:46:03.120   877   877 I Light   : enable: handle:4, en:1 
03-21 20:46:03.126   855   855 E AudioALSADeviceConfigManager: setMixerCtl(), Error: Unsupport mixer ctl type 6, cltName = SpkrLeft Sia81xx Audio Scene, cltValue = Playback
03-21 20:46:03.126   855   855 E AudioALSADeviceConfigManager: AUD_ASSERT(0) fail: "vendor/mediatek/proprietary/hardware/audio/common/V3/aud_drv/AudioALSADeviceConfigManager.cpp", 478L
03-21 20:46:03.126   855   855 E AudioALSADeviceConfigManager: Error: ApplyDeviceTurnonSequenceByName  cltname.string () = SpkrLeft Sia81xx Audio Scene cltvalue.string () = Playback
03-21 20:46:03.126   855   855 E AudioALSADeviceConfigManager: AUD_ASSERT(false) fail: "vendor/mediatek/proprietary/hardware/audio/common/V3/aud_drv/AudioALSADeviceConfigManager.cpp", 500L
03-21 20:46:03.126   855   855 E AudioALSADeviceConfigManager: setMixerCtl(), Error: Unsupport mixer ctl type 6, cltName = SpkrRight Sia81xx Audio Scene, cltValue = Playback
03-21 20:46:03.126   855   855 E AudioALSADeviceConfigManager: AUD_ASSERT(0) fail: "vendor/mediatek/proprietary/hardware/audio/common/V3/aud_drv/AudioALSADeviceConfigManager.cpp", 478L
03-21 20:46:03.126   855   855 E AudioALSADeviceConfigManager: Error: ApplyDeviceTurnonSequenceByName  cltname.string () = SpkrRight Sia81xx Audio Scene cltvalue.string () = Playback
03-21 20:46:03.126   855   855 E AudioALSADeviceConfigManager: AUD_ASSERT(false) fail: "vendor/mediatek/proprietary/hardware/audio/common/V3/aud_drv/AudioALSADeviceConfigManager.cpp", 500L
03-21 20:46:03.126   855   855 E AudioALSADeviceConfigManager: setMixerCtl(), Error: Unsupport mixer ctl type 6, cltName = SpkrRight Sia81xx Power, cltValue = On
03-21 20:46:03.126   855   855 E AudioALSADeviceConfigManager: AUD_ASSERT(0) fail: "vendor/mediatek/proprietary/hardware/audio/common/V3/aud_drv/AudioALSADeviceConfigManager.cpp", 478L
03-21 20:46:03.126   855   855 E AudioALSADeviceConfigManager: Error: ApplyDeviceTurnonSequenceByName  cltname.string () = SpkrRight Sia81xx Power cltvalue.string () = On
03-21 20:46:03.126   855   855 E AudioALSADeviceConfigManager: AUD_ASSERT(false) fail: "vendor/mediatek/proprietary/hardware/audio/common/V3/aud_drv/AudioALSADeviceConfigManager.cpp", 500L
03-21 20:46:03.126   855   855 E AudioALSADeviceConfigManager: setMixerCtl(), Error: Unsupport mixer ctl type 6, cltName = SpkrLeft Sia81xx Power, cltValue = On
03-21 20:46:03.126   855   855 E AudioALSADeviceConfigManager: AUD_ASSERT(0) fail: "vendor/mediatek/proprietary/hardware/audio/common/V3/aud_drv/AudioALSADeviceConfigManager.cpp", 478L
03-21 20:46:03.126   855   855 E AudioALSADeviceConfigManager: Error: ApplyDeviceTurnonSequenceByName  cltname.string () = SpkrLeft Sia81xx Power cltvalue.string () = On
03-21 20:46:03.126   855   855 E AudioALSADeviceConfigManager: AUD_ASSERT(false) fail: "vendor/mediatek/proprietary/hardware/audio/common/V3/aud_drv/AudioALSADeviceConfigManager.cpp", 500L
03-21 20:46:03.127   914   988 E surfaceflinger: == MALI DEBUG ===eglp_winsys_populate_image_templates ==12288
03-21 20:46:03.127   855   855 E AudioDspStreamManager: startTasks_l() but size 0
03-21 20:46:03.127   855   855 W AudioALSADriverUtility: mixerCtrlGetValueByName() fail, Lineout_PGAL_GAIN id 0
03-21 20:46:03.128   877   907 W Elliptic: ioNotify.h(80) : W : AudioNotify: enable >> ultrasound-proximity=1
03-21 20:46:03.133   914   988 E surfaceflinger: == MALI DEBUG ===eglp_winsys_populate_image_templates ==12288
03-21 20:46:03.214   852  1052 I hwcomposer: [XMFP]: Receive panel on event!
03-21 20:46:03.219  1151  1333 E [GF_HAL][gf_hal_milan]: [hal_milan_invoke_command] err=GF_SUCCESS, errno=0. reset g_hal_over_current_count to 0!
03-21 20:46:03.219  1151  1333 I [GF_HAL][gf_hal_milan]: [irq_pre_process] irq_type=[GF_IRQ_FINGER_DOWN_MASK], irq_type=0x0002
03-21 20:46:03.219  1151  1333 E [GF_HAL][gf_hal_common]: [gf_hal_notify_perf_lock] notify perf lock message GF_FINGERPRINT_TEST_CMD.
03-21 20:46:03.220   877   924 E Situation: processEvent, handle:26, flush_action:0
03-21 20:46:03.221   625  2778 W libperfmgr: Failed to write to node: /dev/stune/top-app/schedtune.boost with value: 50, fd: -1
03-21 20:46:03.221   625  2778 W libperfmgr: Failed to write to node: /proc/sys/kernel/sched_boost with value: 2, fd: -1
03-21 20:46:03.271   852  1052 I hwcomposer: [HWCDisplay] [XMFP]: Display(0) SetPowerMode(2) fp_parallel:1  
03-21 20:46:03.272  1587  1997 I LocalDisplayAdapter: SF.setDisplayPowerMode took 235ms
03-21 20:46:03.273  1587  1708 W PowerManagerService: Screen on took 248 ms
03-21 20:46:03.273  1587  1708 I DreamManagerService: Gently waking up from dream.
03-21 20:46:03.274  1032  1082 E flp     : mnld_screen_monitor_thread: Screen on
03-21 20:46:03.274  1032  1082 E flp     : mnld_screen_monitor_thread: Wake Monitor Restart
03-21 20:46:03.278   852   992 I hwcomposer: [HWCDisplay] [Display_0 (type:1)] fps:0.747973,dur:25402.00,max:25199.92,min:11.01  
03-21 20:46:03.279   852  1055 W hwcomposer: [DRMDEV] paramIsSame(), id 912, w 1080/1080, h 93/93, pitch 1088/1088, format 0x2/0x1, secure 0/0  
03-21 20:46:03.280   914   914 I SurfaceFlinger: Display 4627039422300187648 policy changed
03-21 20:46:03.280   914   914 I SurfaceFlinger: Previous: {defaultModeId=0, allowGroupSwitching=false, primaryRanges={physical=[0.00 Hz, 90.00 Hz], render=[0.00 Hz, 60.00 Hz]}, appRequestRanges={physical=[0.00 Hz, 90.00 Hz], render=[0.00 Hz, 60.00 Hz]} idleScreenConfig=nullptr}
03-21 20:46:03.280   914   914 I SurfaceFlinger: Current:  DisplayManagerPolicy{defaultModeId=1, allowGroupSwitching=false, primaryRanges={physical=[90.00 Hz, 90.00 Hz], render=[90.00 Hz, 90.00 Hz]}, appRequestRanges={physical=[0.00 Hz, 90.00 Hz], render=[0.00 Hz, 90.00 Hz]} idleScreenConfig=nullptr}
03-21 20:46:03.280   914   914 I SurfaceFlinger: 1 mode changes were performed under the previous policy
03-21 20:46:03.282   852   992 I hwcomposer: [HWC] (0) displaySetActiveConfig config:1  
03-21 20:46:03.282  3073  3073 I PkDeviceHelper: PkDeviceHelper.refreshDevices():87 refreshing devices
03-21 20:46:03.284   914   914 I SurfaceFlinger: Display 4627039422300187648 policy changed
03-21 20:46:03.284   914   914 I SurfaceFlinger: Previous: {defaultModeId=1, allowGroupSwitching=false, primaryRanges={physical=[90.00 Hz, 90.00 Hz], render=[90.00 Hz, 90.00 Hz]}, appRequestRanges={physical=[0.00 Hz, 90.00 Hz], render=[0.00 Hz, 90.00 Hz]} idleScreenConfig=nullptr}
03-21 20:46:03.284   914   914 I SurfaceFlinger: Current:  DisplayManagerPolicy{defaultModeId=1, allowGroupSwitching=false, primaryRanges={physical=[90.00 Hz, 90.00 Hz], render=[90.00 Hz, 90.00 Hz]}, appRequestRanges={physical=[90.00 Hz, 90.00 Hz], render=[90.00 Hz, 90.00 Hz]} idleScreenConfig=nullptr}
03-21 20:46:03.284   914   914 I SurfaceFlinger: 1 mode changes were performed under the previous policy
03-21 20:46:03.286  1587  1655 I DisplayDeviceRepository: Display device changed render timings: "Built-in Screen", renderFrameRate=90.0, presentationDeadlineNanos=17111111, appVsyncOffsetNanos=1000000, frameRateOverrides=[]
03-21 20:46:03.291  1587  2667 I DreamManagerService: Leaving dreamland.
03-21 20:46:03.291  1587  1652 I DreamController: Stopping dream: name=ComponentInfo{com.android.systemui/com.android.systemui.doze.DozeService}, isPreviewMode=false, canDoze=true, userId=0, reason='finished self'(from 'power manager request')
03-21 20:46:03.302  1151  1333 E [GF_HAL][gf_hal_milan]: [hal_milan_invoke_command] err=GF_SUCCESS, errno=0. reset g_hal_over_current_count to 0!
03-21 20:46:03.302  1151  1333 I [GF_HAL][gf_hal_common]: [hal_milan_authenticate_success]     image_quality=80
03-21 20:46:03.302  1151  1333 I [GF_HAL][gf_hal_common]: [hal_milan_authenticate_success]        valid_area=98
03-21 20:46:03.302  1151  1333 I [GF_HAL][gf_hal_common]: [hal_milan_authenticate_success]     key_point_num=117
03-21 20:46:03.302  1151  1333 I [GF_HAL][gf_hal_common]: [hal_milan_authenticate_success]       match_score=77
03-21 20:46:03.302  1151  1333 I [GF_HAL][gf_hal_common]: [hal_milan_authenticate_success] polling_image_time=0ms
03-21 20:46:03.302  1151  1333 I [GF_HAL][gf_hal_common]: [hal_milan_authenticate_success] get_raw_data_time=17ms
03-21 20:46:03.302  1151  1333 I [GF_HAL][gf_hal_common]: [hal_milan_authenticate_success]   preprocess_time=16ms
03-21 20:46:03.302  1151  1333 I [GF_HAL][gf_hal_common]: [hal_milan_authenticate_success]  get_feature_time=14ms
03-21 20:46:03.302  1151  1333 I [GF_HAL][gf_hal_common]: [hal_milan_authenticate_success] authenticate_time=9ms
03-21 20:46:03.302  1151  1333 I [GF_HAL][gf_hal_common]: [hal_milan_authenticate_success] KPI time=56ms
03-21 20:46:03.302  1151  1333 I [GF_HAL][gf_hal_common]: [hal_milan_authenticate_success]        total time=87ms
03-21 20:46:03.303  1151  1333 E [GF_HAL][gf_hal_milan]: [hal_milan_invoke_command] err=GF_SUCCESS, errno=0. reset g_hal_over_current_count to 0!
03-21 20:46:03.303  1151  1333 E [GF_HAL][gf_hal_frr_database]: [writeXiaomiDataToRecordFile] /sdcard/MIUI/debug_log/1.dat can't open file. err=GF_ERROR_FILE_OPEN_FAILED, errno=1078
03-21 20:46:03.303  1151  1333 E [GF_HAL][gf_hal_frr_database]: [writeXiaomiDataToRecordFile] exit. err=GF_ERROR_FILE_OPEN_FAILED, errno=1078
03-21 20:46:03.300  1151  1151 W android.hardwar: type=1400 audit(0.0:1415): avc:  denied  { read } for  name="/" dev="dm-0" ino=2 scontext=u:r:hal_fingerprint_default:s0 tcontext=u:object_r:rootfs:s0 tclass=dir permissive=0
03-21 20:46:03.300  1151  1151 W android.hardwar: type=1400 audit(0.0:1416): avc:  denied  { read } for  name="u:object_r:default_prop:s0" dev="tmpfs" ino=8926 scontext=u:r:hal_fingerprint_default:s0 tcontext=u:object_r:default_prop:s0 tclass=file permissive=0
03-21 20:46:03.300  1151  1151 W android.hardwar: type=1400 audit(0.0:1417): avc:  denied  { read } for  name="u:object_r:default_prop:s0" dev="tmpfs" ino=8926 scontext=u:r:hal_fingerprint_default:s0 tcontext=u:object_r:default_prop:s0 tclass=file permissive=0
03-21 20:46:03.303  1587  1973 W AuthenticationClient: Allowing background authentication, this is allowed only for platform or test invocations
03-21 20:46:03.303  1151  1333 E [gf_ca_entry]: [gf_ca_invoke_command] errno:		Bad address
03-21 20:46:03.303  1151  1333 E [gf_ca_entry]: [gf_ca_invoke_command] set normal policy errr ,ret=-1 
03-21 20:46:03.303  1151  1333 E [GF_HAL][gf_hal_dump]: [gf_hal_common_dump_invoke_command] exit. err=GF_ERROR_TA_DEAD, errno=1049
03-21 20:46:03.303  1151  1333 E [GF_HAL][gf_hal_frr_database]: [hal_get_template_length] dump template info error
03-21 20:46:03.303  1151  1333 E [GF_HAL][gf_hal_frr_database]: [gf_hal_save_auth_ratio_record] get template length error
03-21 20:46:03.303  1151  1333 E [GF_HAL][gf_hal_frr_database]: [gf_hal_save_auth_ratio_record] exit. err=GF_ERROR_GENERIC, errno=1010
03-21 20:46:03.304  1151  1333 I [GF_HAL][gf_hal_frr_database]: [gf_hal_handle_frr_database] frr database file and dir not exist 
03-21 20:46:03.304  1151  1333 E cutils  : Failed to open(/): Permission denied
03-21 20:46:03.304  1151  1333 E [GF_HAL][gf_hal_frr_database]: [gf_hal_handle_frr_database] mkdir /data/vendor/goodix/gf_data/ failed. ret=-13
03-21 20:46:03.304  1151  1333 E [GF_HAL][gf_hal_frr_database]: [gf_hal_handle_frr_database] exit. err=GF_ERROR_MKDIR_FAILED, errno=1077
03-21 20:46:03.304  1151  1333 W libc    : Access denied finding property "gf.debug.dump_data"
03-21 20:46:03.304  1151  1333 W libc    : Access denied finding property "gf.debug.dump_data"
03-21 20:46:03.304  1151  1333 I [GF_HAL][gf_hal]: [gf_hal_screen_on]
03-21 20:46:03.304  1587  1587 W SenseProvider: Ignoring lockout reset, no templates enrolled for user: 0
03-21 20:46:03.305   594  5995 I keystore2: system/security/keystore2/src/authorization.rs:116 - add_auth_token(challenge=0, userId=3196183553602891555, authId=-7245739854948165699, authType=0x2, timestamp=14138233ms)
03-21 20:46:03.313   877   877 I Situation: enable: handle:24, en:0 
03-21 20:46:03.323   877   877 I Light   : enable: handle:4, en:0 
03-21 20:46:03.323  1587  1973 W BiometricFrameworkStatsLogger: found a negative latency : -1
03-21 20:46:03.333   594  5995 I keystore2: system/security/keystore2/src/authorization.rs:130 - on_device_unlocked(AndroidUserId(0), password.is_some()=false)
03-21 20:46:03.335   595   595 I beanpodkeymaster: Enter BeanpodKeymaster BeginOperation
03-21 20:46:03.335   595   595 I beanpodkeymaster: cmd:4 Received 24 byte response
03-21 20:46:03.335   595   595 I beanpodkeymaster: Exit BeanpodKeymaster BeginOperation
03-21 20:46:03.336   595   595 I beanpodkeymaster: Enter BeanpodKeymaster FinishOperation
03-21 20:46:03.336   595   595 I beanpodkeymaster: cmd:c Received 52 byte response
03-21 20:46:03.336   595   595 I beanpodkeymaster: Exit BeanpodKeymaster FinishOperation
03-21 20:46:03.336   595   595 I beanpodkeymaster: Enter BeanpodKeymaster BeginOperation
03-21 20:46:03.336   595   595 I beanpodkeymaster: cmd:4 Received 24 byte response
03-21 20:46:03.336   595   595 I beanpodkeymaster: Exit BeanpodKeymaster BeginOperation
03-21 20:46:03.337   595   595 I beanpodkeymaster: Enter BeanpodKeymaster FinishOperation
03-21 20:46:03.337   595   595 I beanpodkeymaster: cmd:c Received 93 byte response
03-21 20:46:03.337   595   595 I beanpodkeymaster: Exit BeanpodKeymaster FinishOperation
03-21 20:46:03.337   594  5995 I keystore2: system/security/keystore2/src/super_key.rs:1059 - Successfully unlocked AndroidUserId(0) with biometric SecureUserId(-7245739854948165699)
03-21 20:46:03.342   888  2646 W StNfcHal: Idle data: 2nd byte is 0x40
03-21 20:46:03.342   888  2646 W StNfcHal: , reading next 2 bytes
03-21 20:46:03.343   852  1055 W hwcomposer: [DRMDEV] paramIsSame(), id 1055, w 1080/1080, h 93/93, pitch 1088/1088, format 0x2/0x1, secure 0/0  
03-21 20:46:03.346   888  2646 W StNfcHal: Idle data: 2nd byte is 0x40
03-21 20:46:03.346   888  2646 W StNfcHal: , reading next 2 bytes
03-21 20:46:03.351   625  2778 W libperfmgr: Failed to write to node: /dev/stune/top-app/schedtune.boost with value: 50, fd: -1
03-21 20:46:03.352   625  2778 W libperfmgr: Failed to write to node: /proc/sys/kernel/sched_boost with value: 2, fd: -1
03-21 20:46:03.352  1587  1847 W TransitionChain: Combining sleepTokens into #249(TO_BACK|R|0x104) from kgGoAway
03-21 20:46:03.352  2034  2034 I KeyguardTransitionRepository: Transition still active: TransitionStep(from=DOZING, to=LOCKSCREEN, value=0.9, transitionState=RUNNING, ownerName=FromDozingTransitionInteractor(listenForDozingToAny)), canceling
03-21 20:46:03.352  2034  2034 I KeyguardTransitionRepository: CANCELED transition: TransitionStep(from=DOZING, to=LOCKSCREEN, value=0.9, transitionState=CANCELED, ownerName=FromDozingTransitionInteractor(listenForDozingToAny))
03-21 20:46:03.353  2034  2034 I KeyguardTransitionRepository: STARTED transition: TransitionStep(from=LOCKSCREEN, to=GONE, value=0.0, transitionState=STARTED, ownerName=FromLockscreenTransitionInteractor(keyguard interactor says keyguard is going away))
03-21 20:46:03.362   877   877 I Accelerometer: batch: handle:0, flag:0,samplingPeriodNs:66667000 maxBatchReportLatencyNs:0
03-21 20:46:03.362   877   877 I Accelerometer: flush, flushCnt:1
03-21 20:46:03.362   877   924 I Accelerometer: flush complete, flushCnt:0
03-21 20:46:03.364   914   988 E surfaceflinger: == MALI DEBUG ===eglp_winsys_populate_image_templates ==12288
03-21 20:46:03.371   625  2778 W libperfmgr: Failed to write to node: /dev/stune/top-app/schedtune.boost with value: 50, fd: -1
03-21 20:46:03.372   625  2778 W libperfmgr: Failed to write to node: /proc/sys/kernel/sched_boost with value: 1, fd: -1
03-21 20:46:03.373   844 25700 I resolv  : GetAddrInfoHandler::run: {102 102 102 983142 10399 0}
03-21 20:46:03.375   844 25701 I resolv  : res_nmkquery: (QUERY, IN, A)
03-21 20:46:03.382   914   988 E surfaceflinger: == MALI DEBUG ===eglp_winsys_populate_image_templates ==12288
03-21 20:46:03.385   625  2778 W libperfmgr: Failed to write to node: /dev/stune/top-app/schedtune.boost with value: 10, fd: -1
03-21 20:46:03.385   625  2778 W libperfmgr: Failed to write to node: /proc/sys/kernel/sched_boost with value: 0, fd: -1
03-21 20:46:03.386   844 25701 I resolv  : res_nsend: used send_dg 43 terrno: 0
03-21 20:46:03.386   844 25701 I resolv  : doQuery: rcode=0, ancount=1, return value=43
03-21 20:46:03.390 24797 25699 W unknown:ReconnectingWebSocket: Couldn't connect to "ws://localhost:8081/message?device=23030RAC7Y%20-%2016%20-%20API%2036&app=com.rnat&clientid=BridgeDevSupportManager", will silently retry
03-21 20:46:03.402  2034  2034 E NotifRow: Magnetic state changed from IDLE to IDLE on a null swiped listener, or the logging key of the listener is null
03-21 20:46:03.410   579   579 I [mTEE]  :  come into the TZ_VFS_OPEN function
03-21 20:46:03.411   579   579 I [mTEE]  :  come into the TZ_VFS_OPEN function
03-21 20:46:03.412   579   579 I [mTEE]  :  come into the TZ_VFS_OPEN function
03-21 20:46:03.412   579   579 I [mTEE]  :  come into the TZ_VFS_OPEN function
03-21 20:46:03.415   579   579 I [mTEE]  :  come into the TZ_VFS_OPEN function
03-21 20:46:03.415   579   579 I [mTEE]  :  come into the TZ_VFS_OPEN function
03-21 20:46:03.420   579   579 I [mTEE]  :  come into the TZ_VFS_OPEN function
03-21 20:46:03.420   579   579 I [mTEE]  :  come into the TZ_VFS_OPEN function
03-21 20:46:03.420   579   579 I [mTEE]  :  come into the TZ_VFS_OPEN function
03-21 20:46:03.421   579   579 I [mTEE]  :  come into the TZ_VFS_OPEN function
03-21 20:46:03.423   579   579 I [mTEE]  :  come into the TZ_VFS_OPEN function
03-21 20:46:03.424   579   579 I [mTEE]  :  come into the TZ_VFS_OPEN function
03-21 20:46:03.424   579   579 I [mTEE]  :  come into the TZ_VFS_OPEN function
03-21 20:46:03.425   579   579 I [mTEE]  :  come into the TZ_VFS_OPEN function
03-21 20:46:03.427   579   579 I [mTEE]  :  come into the TZ_VFS_OPEN function
03-21 20:46:03.428   579   579 I [mTEE]  :  come into the TZ_VFS_OPEN function
03-21 20:46:03.431   579   579 I [mTEE]  :  come into the TZ_VFS_OPEN function
03-21 20:46:03.432   579   579 I [mTEE]  :  come into the TZ_VFS_OPEN function
03-21 20:46:03.432   579   579 I [mTEE]  :  come into the TZ_VFS_OPEN function
03-21 20:46:03.433   579   579 I [mTEE]  :  come into the TZ_VFS_OPEN function
03-21 20:46:03.436   579   579 I [mTEE]  :  come into the TZ_VFS_OPEN function
03-21 20:46:03.436   579   579 I [mTEE]  :  come into the TZ_VFS_OPEN function
03-21 20:46:03.439   579   579 I [mTEE]  :  come into the TZ_VFS_OPEN function
03-21 20:46:03.440   579   579 I [mTEE]  :  come into the TZ_VFS_OPEN function
03-21 20:46:03.440   579   579 I [mTEE]  :  come into the TZ_VFS_OPEN function
03-21 20:46:03.441   579   579 I [mTEE]  :  come into the TZ_VFS_OPEN function
03-21 20:46:03.444   579   579 I [mTEE]  :  come into the TZ_VFS_OPEN function
03-21 20:46:03.445   579   579 I [mTEE]  :  come into the TZ_VFS_OPEN function
03-21 20:46:03.447   579   579 I [mTEE]  :  come into the TZ_VFS_OPEN function
03-21 20:46:03.447   579   579 I [mTEE]  :  come into the TZ_VFS_OPEN function
03-21 20:46:03.448   579   579 I [mTEE]  :  come into the TZ_VFS_OPEN function
03-21 20:46:03.448   579   579 I [mTEE]  :  come into the TZ_VFS_OPEN function
03-21 20:46:03.451   579   579 I [mTEE]  :  come into the TZ_VFS_OPEN function
03-21 20:46:03.451   579   579 I [mTEE]  :  come into the TZ_VFS_OPEN function
03-21 20:46:03.467   625  2778 W libperfmgr: Failed to write to node: /dev/stune/top-app/schedtune.boost with value: 10, fd: -1
03-21 20:46:03.467   625  2778 W libperfmgr: Failed to write to node: /proc/sys/kernel/sched_boost with value: 0, fd: -1
03-21 20:46:03.468   579   579 I [mTEE]  :  come into the TZ_VFS_OPEN function
03-21 20:46:03.469   579   579 I [mTEE]  :  come into the TZ_VFS_OPEN function
03-21 20:46:03.470   579   579 I [mTEE]  :  come into the TZ_VFS_OPEN function
03-21 20:46:03.471   579   579 I [mTEE]  :  come into the TZ_VFS_OPEN function
03-21 20:46:03.474   579   579 I [mTEE]  :  come into the TZ_VFS_OPEN function
03-21 20:46:03.475   579   579 I [mTEE]  :  come into the TZ_VFS_OPEN function
03-21 20:46:03.494   625  2778 W libperfmgr: Failed to write to node: /dev/stune/top-app/schedtune.boost with value: 50, fd: -1
03-21 20:46:03.494   625  2778 W libperfmgr: Failed to write to node: /proc/sys/kernel/sched_boost with value: 2, fd: -1
03-21 20:46:03.495  1151  1333 E [GF_HAL][gf_hal_milan]: [hal_milan_invoke_command] err=GF_SUCCESS, errno=0. reset g_hal_over_current_count to 0!
03-21 20:46:03.496  1151  1333 E [GF_HAL][gf_hal_milan]: [hal_milan_invoke_command] err=GF_SUCCESS, errno=0. reset g_hal_over_current_count to 0!
03-21 20:46:03.496  1151  1333 I [GF_HAL][gf_hal_milan]: [irq_pre_process] irq_type=INVALID_IRQ_TYPE, irq_type=0x0000
03-21 20:46:03.496  1151  1333 I [GF_HAL][gf_hal_milan]: [irq_process] invalid irq type 0
03-21 20:46:03.532  1587  1652 I UsbPortManager: USB HAL AIDL version: USB_HAL_V2_0
03-21 20:46:03.564 25703 25703 W libbinder.BackendUnifiedServiceManager: Thread Pool max thread count is 0. Cannot cache binder as linkToDeath cannot be implemented. serviceName: deviceidle
03-21 20:46:03.566  2034  2034 I KeyguardTransitionRepository: FINISHED transition: TransitionStep(from=LOCKSCREEN, to=GONE, value=1.0, transitionState=FINISHED, ownerName=FromLockscreenTransitionInteractor(keyguard interactor says keyguard is going away))
03-21 20:46:03.585 24797 24797 I ReactNativeJNI: Error occurred, shutting down websocket connection: WebSocket exception unexpected end of stream on http://localhost:8081/...
03-21 20:46:03.590 25705 25705 W libbinder.BackendUnifiedServiceManager: Thread Pool max thread count is 0. Cannot cache binder as linkToDeath cannot be implemented. serviceName: battery
03-21 20:46:03.594   579   579 I [mTEE]  :  come into the TZ_VFS_OPEN function
03-21 20:46:03.594   579   579 I [mTEE]  :  come into the TZ_VFS_OPEN function
03-21 20:46:03.595   579   579 I [mTEE]  :  come into the TZ_VFS_OPEN function
03-21 20:46:03.595   579   579 I [mTEE]  :  come into the TZ_VFS_OPEN function
03-21 20:46:03.598   579   579 I [mTEE]  :  come into the TZ_VFS_OPEN function
03-21 20:46:03.599   579   579 I [mTEE]  :  come into the TZ_VFS_OPEN function
03-21 20:46:03.605   579   579 I [mTEE]  :  come into the TZ_VFS_OPEN function
03-21 20:46:03.605   579   579 I [mTEE]  :  come into the TZ_VFS_OPEN function
03-21 20:46:03.606 25707 25707 W libbinder.BackendUnifiedServiceManager: Thread Pool max thread count is 0. Cannot cache binder as linkToDeath cannot be implemented. serviceName: deviceidle
03-21 20:46:03.606   877 25693 I Elliptic: Sensor.cpp(32) : I : Proximity event: 5.00003
03-21 20:46:03.606   877   908 E sensors.elliptic@2.0: Elliptic: got event: 5.000030
03-21 20:46:03.606   877   908 E sensors.elliptic@2.0: Elliptic: posting event: 5.000030
03-21 20:46:03.606   579   579 I [mTEE]  :  come into the TZ_VFS_OPEN function
03-21 20:46:03.606   579   579 I [mTEE]  :  come into the TZ_VFS_OPEN function
03-21 20:46:03.607   877  1861 E android.hardware.sensors-service.xiaomi-multihal: Decrementing wakelock ref count by 1 when count is 0
03-21 20:46:03.608   625  2778 W libperfmgr: Failed to write to node: /dev/stune/top-app/schedtune.boost with value: 50, fd: -1
03-21 20:46:03.608   625  2778 W libperfmgr: Failed to write to node: /proc/sys/kernel/sched_boost with value: 2, fd: -1
03-21 20:46:03.609   852  1055 W hwcomposer: [DRMDEV] paramIsSame(), id 1059, w 1080/1080, h 2400/2400, pitch 1088/1088, format 0x1/0x2, secure 0/0  
03-21 20:46:03.609   579   579 I [mTEE]  :  come into the TZ_VFS_OPEN function
03-21 20:46:03.610  2458 24323 I NearbySharing: Network state changed: NetworkState(isRestricted=false, isOnline=true, isCongested=false, isMetered=false, isWifiConnected=true)
03-21 20:46:03.610   579   579 I [mTEE]  :  come into the TZ_VFS_OPEN function
03-21 20:46:03.612  1587  1680 W libprocessgroup: SetCgroup::ExecuteForProcess: failed to open /dev/stune/top-app/cgroup.procs: No such file or directory
03-21 20:46:03.617   888  2646 W StNfcHal: Idle data: 2nd byte is 0x40
03-21 20:46:03.617   888  2646 W StNfcHal: , reading next 2 bytes
03-21 20:46:03.618   877   877 E sensors.elliptic@2.0: Elliptic: activate() 0, 0
03-21 20:46:03.618   877   906 I Elliptic: nsorBase.h(85) : I : DEACTIVATE sensor with Handle = 0
03-21 20:46:03.620   888  2646 W StNfcHal: Idle data: 2nd byte is 0x40
03-21 20:46:03.620   888  2646 W StNfcHal: , reading next 2 bytes
03-21 20:46:03.623  1587  7856 E BiometricScheduler: Current operation is null,no need to start watchdog
03-21 20:46:03.626  1151  1333 E [GF_HAL][gf_hal_milan]: [hal_milan_invoke_command] err=GF_SUCCESS, errno=0. reset g_hal_over_current_count to 0!
03-21 20:46:03.626  1151  1333 I [GF_HAL][gf_hal_milan]: [irq_pre_process] irq_type=[GF_IRQ_FDT_REVERSE_MASK], irq_type=0x4000
03-21 20:46:03.626  1151  1333 I [GF_HAL][gf_hal_milan]: [irq_pre_process] received FDT irq, so reset dump_base_frame_flag
03-21 20:46:03.628  1151  1333 E [GF_HAL][gf_hal_milan]: [hal_milan_invoke_command] err=GF_SUCCESS, errno=0. reset g_hal_over_current_count to 0!
03-21 20:46:03.628  1151  1333 I [GF_HAL][gf_hal_milan]: [irq_pre_process] irq_type=INVALID_IRQ_TYPE, irq_type=0x0000
03-21 20:46:03.628  1151  1333 I [GF_HAL][gf_hal_milan]: [irq_process] invalid irq type 0
03-21 20:46:03.631  2034  2159 I PluginActionManager[com.android.systemui.action.PLUGIN_NOTIFICATION_MENU_ROW]: Found 0 plugins
03-21 20:46:03.634  2034  2159 I PluginActionManager[com.android.systemui.action.PLUGIN_NOTIFICATION_MENU_ROW]: Found 0 plugins
03-21 20:46:03.637 25712 25712 W libbinder.BackendUnifiedServiceManager: Thread Pool max thread count is 0. Cannot cache binder as linkToDeath cannot be implemented. serviceName: activity
03-21 20:46:03.645   625  2778 W libperfmgr: Failed to write to node: /dev/stune/top-app/schedtune.boost with value: 10, fd: -1
03-21 20:46:03.645   625  2778 W libperfmgr: Failed to write to node: /proc/sys/kernel/sched_boost with value: 0, fd: -1
03-21 20:46:03.654   855   855 W AudioALSADeviceConfigManager: ApplyDeviceTurnoffSequenceByName(), DeviceName = ext_speaker_output_left DeviceStatusCounter < 0
03-21 20:46:03.654   855   855 W AudioALSADeviceConfigManager: ApplyDeviceTurnoffSequenceByName(), DeviceName = ext_speaker_output_right DeviceStatusCounter < 0
03-21 20:46:03.654   855   855 E AudioALSADeviceConfigManager: setMixerCtl(), Error: Unsupport mixer ctl type 6, cltName = SpkrRight Sia81xx Power, cltValue = Off
03-21 20:46:03.654   855   855 E AudioALSADeviceConfigManager: AUD_ASSERT(0) fail: "vendor/mediatek/proprietary/hardware/audio/common/V3/aud_drv/AudioALSADeviceConfigManager.cpp", 478L
03-21 20:46:03.654   855   855 E AudioALSADeviceConfigManager: ApplyDeviceTurnoffSequenceByName(), Error: ApplyDeviceTurnoffSequenceByName devicename = ext_speaker_output
03-21 20:46:03.654   855   855 E AudioALSADeviceConfigManager: AUD_ASSERT(false) fail: "vendor/mediatek/proprietary/hardware/audio/common/V3/aud_drv/AudioALSADeviceConfigManager.cpp", 524L
03-21 20:46:03.654   855   855 E AudioALSADeviceConfigManager: setMixerCtl(), Error: Unsupport mixer ctl type 6, cltName = SpkrLeft Sia81xx Power, cltValue = Off
03-21 20:46:03.654   855   855 E AudioALSADeviceConfigManager: AUD_ASSERT(0) fail: "vendor/mediatek/proprietary/hardware/audio/common/V3/aud_drv/AudioALSADeviceConfigManager.cpp", 478L
03-21 20:46:03.654   855   855 E AudioALSADeviceConfigManager: ApplyDeviceTurnoffSequenceByName(), Error: ApplyDeviceTurnoffSequenceByName devicename = ext_speaker_output
03-21 20:46:03.654   855   855 E AudioALSADeviceConfigManager: AUD_ASSERT(false) fail: "vendor/mediatek/proprietary/hardware/audio/common/V3/aud_drv/AudioALSADeviceConfigManager.cpp", 524L
03-21 20:46:03.655   855   855 E AudioALSADeviceConfigManager: setMixerCtl(), Error: Unsupport mixer ctl type 6, cltName = SpkrLeft Sia81xx Audio Scene, cltValue = Playback
03-21 20:46:03.655   855   855 E AudioALSADeviceConfigManager: AUD_ASSERT(0) fail: "vendor/mediatek/proprietary/hardware/audio/common/V3/aud_drv/AudioALSADeviceConfigManager.cpp", 478L
03-21 20:46:03.655   855   855 E AudioALSADeviceConfigManager: ApplyDeviceTurnoffSequenceByName(), Error: ApplyDeviceTurnoffSequenceByName devicename = ext_speaker_output
03-21 20:46:03.655   855   855 E AudioALSADeviceConfigManager: AUD_ASSERT(false) fail: "vendor/mediatek/proprietary/hardware/audio/common/V3/aud_drv/AudioALSADeviceConfigManager.cpp", 524L
03-21 20:46:03.655   855   855 E AudioALSADeviceConfigManager: setMixerCtl(), Error: Unsupport mixer ctl type 6, cltName = SpkrRight Sia81xx Audio Scene, cltValue = Playback
03-21 20:46:03.655   855   855 E AudioALSADeviceConfigManager: AUD_ASSERT(0) fail: "vendor/mediatek/proprietary/hardware/audio/common/V3/aud_drv/AudioALSADeviceConfigManager.cpp", 478L
03-21 20:46:03.655   855   855 E AudioALSADeviceConfigManager: ApplyDeviceTurnoffSequenceByName(), Error: ApplyDeviceTurnoffSequenceByName devicename = ext_speaker_output
03-21 20:46:03.655   855   855 E AudioALSADeviceConfigManager: AUD_ASSERT(false) fail: "vendor/mediatek/proprietary/hardware/audio/common/V3/aud_drv/AudioALSADeviceConfigManager.cpp", 524L
03-21 20:46:03.657   855   855 W AudioALSADeviceConfigManager: ApplyDeviceTurnoffSequenceByName(), DeviceName = ultrasound-proximity DeviceStatusCounter < 0
03-21 20:46:03.663   877   907 W Elliptic: ioNotify.h(93) : W : AudioNotify: disable >> ultrasound-proximity=0
03-21 20:46:03.665  1587  1910 I ImeTracker: com.rnat:80d6ba73: onRequestHide at ORIGIN_SERVER reason HIDE_UNSPECIFIED_WINDOW fromUser false
03-21 20:46:03.665 24797 24797 I ImeTracker: com.rnat:80d6ba73: onCancelled at PHASE_CLIENT_ALREADY_HIDDEN
03-21 20:46:03.666  3073  3073 I GoogleInputMethodService: GoogleInputMethodService.onStartInput():1385 onStartInput(EditorInfo{EditorInfo{packageName=com.rnat, inputType=0, inputTypeString=NULL, enableLearning=false, autoCorrection=false, autoComplete=false, imeOptions=0, privateImeOptions=null, actionName=UNSPECIFIED, actionLabel=null, initialSelStart=-1, initialSelEnd=-1, initialCapsMode=0, label=null, fieldId=0, fieldName=null, extras=null, hintText=null, hintLocales=[]}}, false)
03-21 20:46:03.666  3073  3073 I AndroidIME: LatinIMEBase.updateInputViewCoverNavigation():314 Update input view padding, extendsTouchBelowSpace=true, bottom inset=126
03-21 20:46:03.668  3073  3073 I Module  : DeviceLockedStatusModuleProvider$Module.updateDeviceLockedStatus():103 repeatCheckTimes = 1, locked = false
03-21 20:46:03.668  1587  2667 W PackageConfigPersister: App-specific configuration not found for packageName: com.rnat and userId: 0
03-21 20:46:03.668  1587  3034 I ImeTracker: system_server:c0b18b90: onRequestHide at ORIGIN_SERVER reason IME_REQUESTED_CHANGED_LISTENER fromUser false
03-21 20:46:03.669  1587  1655 I ImeTracker: system_server:c0b18b90: onCancelled at PHASE_SERVER_SHOULD_HIDE
03-21 20:46:03.683  1151  1333 E [GF_HAL][gf_hal_milan]: [hal_milan_invoke_command] err=GF_SUCCESS, errno=0. reset g_hal_over_current_count to 0!
03-21 20:46:03.683  1151  1333 I [GF_HAL][gf_hal_milan]: [irq_pre_process] irq_type=[GF_IRQ_FDT_REVERSE_MASK], irq_type=0x4000
03-21 20:46:03.683  1151  1333 I [GF_HAL][gf_hal_milan]: [irq_pre_process] received FDT irq, so reset dump_base_frame_flag
03-21 20:46:03.695 25721 25721 W libbinder.BackendUnifiedServiceManager: Thread Pool max thread count is 0. Cannot cache binder as linkToDeath cannot be implemented. serviceName: battery
03-21 20:46:03.783  2458 24325 I NearbySharing: Screen is unlocked
03-21 20:46:03.784  2458 24325 I NearbySharing: Uwb feature is off.
03-21 20:46:03.784  2458 24325 I NearbySharing: Uwb feature is off.
03-21 20:46:03.784  2458 24325 I NearbySharing: Stopping scanning because Bluetooth is disabled.
03-21 20:46:03.784  2458 24325 I NearbySharing: Stopping Fast Init advertisement because Bluetooth is off.
03-21 20:46:03.784  2458 24325 I NearbySharing: Stopping advertising because Bluetooth is disabled.
03-21 20:46:03.786  2458 24325 I NearbySharing: Fast Initiation Scanning has stopped
03-21 20:46:03.786  2458 24325 I NearbySharing: Stopping FastInitiation scanning because Bluetooth is disabled.
03-21 20:46:03.786  2458 24325 I NearbySharing: Dismissing HUN as there's no device nearby.
03-21 20:46:03.797 23481 23639 W Looper  : Slow delivery took 142619ms android.bg app=com.google.android.gms main=false group=FOREGROUND h=android.database.sqlite.SQLiteConnectionPool$IdleConnectionHandler c=null m=2
03-21 20:46:03.801 23431 23624 I PlayCommon: [126] Preparing logs for uploading
03-21 20:46:03.802 23431 23624 I PlayCommon: [126] Connecting to server for timestamp: https://play.googleapis.com/play/log/timestamp
03-21 20:46:03.803  1587  3034 W ProcessStats: Tracking association SourceState{ca839dd com.android.vending/10293 Service #16587} whose proc state 8 is better than process ProcessState{618d077 com.android.vending:background/10293 pkg=com.android.vending} proc state 14 (1 skipped)
03-21 20:46:03.803  1587  1680 W libprocessgroup: SetCgroup::ExecuteForProcess: failed to open /dev/stune/background/cgroup.procs: No such file or directory
03-21 20:46:03.805  1587  1680 W libprocessgroup: SetCgroup::ExecuteForProcess: failed to open /dev/stune/background/cgroup.procs: No such file or directory
03-21 20:46:03.806   844 25736 I resolv  : GetAddrInfoHandler::run: {102 262246 102 983142 10293 0}
03-21 20:46:03.806   844 25737 I resolv  : res_nmkquery: (QUERY, IN, A)
03-21 20:46:03.806  1587  1680 W libprocessgroup: SetCgroup::ExecuteForProcess: failed to open /dev/stune/background/cgroup.procs: No such file or directory
03-21 20:46:03.808  2458 25731 I NearbyMediums: ModuleInitializer handles incoming intent android.intent.action.USER_PRESENT
03-21 20:46:03.811  2458  2458 I RCNIntentOperation: RCN is disabled on this network.
03-21 20:46:03.823   844 25737 I resolv  : res_nsend: used send_dg 101 terrno: 0
03-21 20:46:03.824   844 25737 I resolv  : doQuery: rcode=0, ancount=4, return value=101
03-21 20:46:03.824 23481 25742 I PersonalSafety: ConnectivityProtectionLockingIntentOperation: cancelled task [CONTEXT service_id=310 ]
03-21 20:46:03.864  1587  1652 I UsbPortManager: USB HAL AIDL version: USB_HAL_V2_0
03-21 20:46:03.869  1151  1333 E [GF_HAL][gf_hal_milan]: [hal_milan_invoke_command] err=GF_SUCCESS, errno=0. reset g_hal_over_current_count to 0!
03-21 20:46:03.869  1151  1333 I [GF_HAL][gf_hal_milan]: [irq_pre_process] irq_type=[GF_IRQ_FINGER_UP_MASK], irq_type=0x0004
03-21 20:46:03.880 23481 25734 I gle.android.gms: Explicit concurrent mark compact GC freed 1601KB AllocSpace bytes, 0(0B) LOS objects, 50% free, 9195KB/17MB, paused 297us,1.674ms total 76.320ms
03-21 20:46:04.028 23431 23624 I PlayCommon: [126] Connecting to server: https://play.googleapis.com/play/log?format=raw&proto_v2=true
03-21 20:46:04.058   852  1054 I hwcomposer: [HWC] (0)fire a callback of refresh to SF[4]  
03-21 20:46:04.063   625  2778 W libperfmgr: Failed to write to node: /dev/stune/top-app/schedtune.boost with value: 10, fd: -1
03-21 20:46:04.063   625  2778 W libperfmgr: Failed to write to node: /proc/sys/kernel/sched_boost with value: 0, fd: -1
03-21 20:46:04.087 23431 23624 I PlayCommon: [126] Successfully uploaded logs.
03-21 20:46:04.140   625  2778 W libperfmgr: Failed to write to node: /dev/stune/top-app/schedtune.boost with value: 10, fd: -1
03-21 20:46:04.140   625  2778 W libperfmgr: Failed to write to node: /proc/sys/kernel/sched_boost with value: 0, fd: -1
03-21 20:46:04.280  1587  1672 I ActivityManager: Killing 23804:com.google.android.googlequicksearchbox:search/u0a289 (adj 955): screen-on memory reclaim
03-21 20:46:04.282  1587  1672 I ActivityManager: Killing 24007:com.soundcloud.android/u0a391 (adj 945): screen-on memory reclaim
03-21 20:46:04.284  1587  1672 I ActivityManager: Killing 24006:com.google.android.gm/u0a397 (adj 945): screen-on memory reclaim
03-21 20:46:04.286  1587  1672 I ActivityManager: Killing 24564:com.google.android.apps.wellbeing/u0a297 (adj 935): screen-on memory reclaim
03-21 20:46:04.286  1587  1672 I ActivityManager: Killing 24337:com.google.android.gms.ui/u0a300 (adj 935): screen-on memory reclaim
03-21 20:46:04.287  1587  1672 I ActivityManager: Killing 24625:com.android.chrome:privileged_process2/u0a313 (adj 930): screen-on memory reclaim
03-21 20:46:04.288  1587  1672 I ActivityManager: Killing 24705:com.android.documentsui/u0a251 (adj 925): screen-on memory reclaim
03-21 20:46:04.291  1587  1672 I ActivityManager: Killing 24641:com.android.permissioncontroller/u0a362 (adj 915): screen-on memory reclaim
03-21 20:46:04.292  1587  1672 I ActivityManager: Killing 24746:android.process.acore/u0a259 (adj 915): screen-on memory reclaim
03-21 20:46:04.292  1587  1672 I ActivityManager: Killing 23348:com.android.cellbroadcastreceiver.module/u0a358 (adj 905): screen-on memory reclaim
03-21 20:46:04.292  1587  1672 I ActivityManager: Killing 23839:com.google.android.googlequicksearchbox:googleapp/u0a289 (adj 900): screen-on memory reclaim
03-21 20:46:04.334   845   845 I Zygote  : Process 24625 exited due to signal 9 (Killed)
03-21 20:46:04.352  1587  1847 W ActivityManager: Scheduling restart of crashed service com.android.chrome/org.chromium.content.app.PrivilegedProcessService2 in 1000ms for connection
03-21 20:46:04.358   845   845 I Zygote  : Process 24641 exited due to signal 9 (Killed)
03-21 20:46:04.363   845   845 I Zygote  : Process 24746 exited due to signal 9 (Killed)
03-21 20:46:04.375   845   845 I Zygote  : Process 23348 exited due to signal 9 (Killed)
03-21 20:46:04.382   877   924 E Situation: processEvent, handle:26, flush_action:0
03-21 20:46:04.383   625  2778 W libperfmgr: Failed to write to node: /dev/stune/top-app/schedtune.boost with value: 50, fd: -1
03-21 20:46:04.383   625  2778 W libperfmgr: Failed to write to node: /proc/sys/kernel/sched_boost with value: 2, fd: -1
03-21 20:46:04.391   845   845 I Zygote  : Process 24337 exited due to signal 9 (Killed)
03-21 20:46:04.391   845   845 I Zygote  : Process 24705 exited due to signal 9 (Killed)
03-21 20:46:04.403  1587  8904 E AppOps  : Bad call made by uid 1000. Package "com.google.android.googlequicksearchbox" does not belong to uid 1000.
03-21 20:46:04.403  1587  8904 W BinderNative: Uncaught exception from death notification
03-21 20:46:04.403  1587  8904 W BinderNative: java.lang.SecurityException: Specified package "com.google.android.googlequicksearchbox" under uid 1000 but it is not
03-21 20:46:04.403  1587  8904 W BinderNative: 	at com.android.server.appop.AppOpsService.verifyAndGetBypass(AppOpsService.java:5033)
03-21 20:46:04.403  1587  8904 W BinderNative: 	at com.android.server.appop.AppOpsService.verifyAndGetBypass(AppOpsService.java:4894)
03-21 20:46:04.403  1587  8904 W BinderNative: 	at com.android.server.appop.AppOpsService.verifyAndGetBypass(AppOpsService.java:4886)
03-21 20:46:04.403  1587  8904 W BinderNative: 	at com.android.server.appop.AppOpsService.stopWatchingAsyncNoted(AppOpsService.java:3816)
03-21 20:46:04.403  1587  8904 W BinderNative: 	at com.android.server.appop.AppOpsService.lambda$startWatchingAsyncNoted$8(AppOpsService.java:3792)
03-21 20:46:04.403  1587  8904 W BinderNative: 	at com.android.server.appop.AppOpsService.$r8$lambda$8-LvphSu5hQo1Pm8R22O3seI00E(AppOpsService.java:0)
03-21 20:46:04.403  1587  8904 W BinderNative: 	at com.android.server.appop.AppOpsService$$ExternalSyntheticLambda1.onInterfaceDied(R8$$SyntheticClass:0)
03-21 20:46:04.403  1587  8904 W BinderNative: 	at android.os.RemoteCallbackList$Builder$1.onCallbackDied(RemoteCallbackList.java:337)
03-21 20:46:04.403  1587  8904 W BinderNative: 	at android.os.RemoteCallbackList$Interface.binderDied(RemoteCallbackList.java:229)
03-21 20:46:04.403  1587  8904 W BinderNative: 	at android.os.IBinder$DeathRecipient.binderDied(IBinder.java:340)
03-21 20:46:04.403  1587  8904 W BinderNative: 	at android.os.BinderProxy.sendDeathNotice(BinderProxy.java:787)
03-21 20:46:04.403  1587  7856 W ActivityManager: Scheduling restart of crashed service com.google.android.googlequicksearchbox/com.google.android.apps.gsa.nowoverlayservice.DrawerOverlayService in 10948ms for connection
03-21 20:46:04.407   845   845 I Zygote  : Process 23839 exited due to signal 9 (Killed)
03-21 20:46:04.415   845   845 I Zygote  : Process 23804 exited due to signal 9 (Killed)
03-21 20:46:04.416  1587  7856 E AppOps  : Bad call made by uid 1000. Package "com.google.android.googlequicksearchbox" does not belong to uid 1000.
03-21 20:46:04.416  1587  1674 I libprocessgroup: Removed cgroup /sys/fs/cgroup/apps/uid_10289/pid_23804
03-21 20:46:04.416  1587  7856 W BinderNative: Uncaught exception from death notification
03-21 20:46:04.416  1587  7856 W BinderNative: java.lang.SecurityException: Specified package "com.google.android.googlequicksearchbox" under uid 1000 but it is not
03-21 20:46:04.416  1587  7856 W BinderNative: 	at com.android.server.appop.AppOpsService.verifyAndGetBypass(AppOpsService.java:5033)
03-21 20:46:04.416  1587  7856 W BinderNative: 	at com.android.server.appop.AppOpsService.verifyAndGetBypass(AppOpsService.java:4894)
03-21 20:46:04.416  1587  7856 W BinderNative: 	at com.android.server.appop.AppOpsService.verifyAndGetBypass(AppOpsService.java:4886)
03-21 20:46:04.416  1587  7856 W BinderNative: 	at com.android.server.appop.AppOpsService.stopWatchingAsyncNoted(AppOpsService.java:3816)
03-21 20:46:04.416  1587  7856 W BinderNative: 	at com.android.server.appop.AppOpsService.lambda$startWatchingAsyncNoted$8(AppOpsService.java:3792)
03-21 20:46:04.416  1587  7856 W BinderNative: 	at com.android.server.appop.AppOpsService.$r8$lambda$8-LvphSu5hQo1Pm8R22O3seI00E(AppOpsService.java:0)
03-21 20:46:04.416  1587  7856 W BinderNative: 	at com.android.server.appop.AppOpsService$$ExternalSyntheticLambda1.onInterfaceDied(R8$$SyntheticClass:0)
03-21 20:46:04.416  1587  7856 W BinderNative: 	at android.os.RemoteCallbackList$Builder$1.onCallbackDied(RemoteCallbackList.java:337)
03-21 20:46:04.416  1587  7856 W BinderNative: 	at android.os.RemoteCallbackList$Interface.binderDied(RemoteCallbackList.java:229)
03-21 20:46:04.416  1587  7856 W BinderNative: 	at android.os.IBinder$DeathRecipient.binderDied(IBinder.java:340)
03-21 20:46:04.416  1587  7856 W BinderNative: 	at android.os.BinderProxy.sendDeathNotice(BinderProxy.java:787)
03-21 20:46:04.421  1213  1213 I adbd    : Remote process closed the socket (on MSG_PEEK)
03-21 20:46:04.421   845   845 I Zygote  : Process 24006 exited due to signal 9 (Killed)
03-21 20:46:04.442   845   845 I Zygote  : Process 24564 exited due to signal 9 (Killed)
03-21 20:46:04.445  1587  1674 I libprocessgroup: Removed cgroup /sys/fs/cgroup/apps/uid_10391/pid_24007
03-21 20:46:04.446   845   845 I Zygote  : Process 24007 exited due to signal 9 (Killed)
03-21 20:46:04.446  1587  1674 I libprocessgroup: Removed cgroup /sys/fs/cgroup/apps/uid_10397/pid_24006
03-21 20:46:04.446  1587  1674 I libprocessgroup: Removed cgroup /sys/fs/cgroup/apps/uid_10297/pid_24564
03-21 20:46:04.446  1587  1674 I libprocessgroup: Removed cgroup /sys/fs/cgroup/apps/uid_10300/pid_24337
03-21 20:46:04.446  1587  1674 I libprocessgroup: Removed cgroup /sys/fs/cgroup/apps/uid_10313/pid_24625
03-21 20:46:04.447  1587  1674 I libprocessgroup: Removed cgroup /sys/fs/cgroup/apps/uid_10251/pid_24705
03-21 20:46:04.447  1587  1674 I libprocessgroup: Removed cgroup /sys/fs/cgroup/apps/uid_10362/pid_24641
03-21 20:46:04.447  1587  1674 I libprocessgroup: Removed cgroup /sys/fs/cgroup/apps/uid_10259/pid_24746
03-21 20:46:04.447  1587  1674 I libprocessgroup: Removed cgroup /sys/fs/cgroup/apps/uid_10358/pid_23348
03-21 20:46:04.448  1587  3202 I MediaSessionStack: removeSession | record: com.soundcloud.android/MediaService::MediaSessionTag/16 (userId=0)
03-21 20:46:04.448  1587  1848 I MR2ServiceImpl: unregisterRouter2 | Router com.soundcloud.android (id=16,pid=24007,userId=0,uid=10391), died: true
03-21 20:46:04.448  1587  1674 I libprocessgroup: Removed cgroup /sys/fs/cgroup/apps/uid_10289/pid_23839
03-21 20:46:04.448  1587  1972 I MR2ServiceImpl: Updating composite discovery preference | preference: RouteDiscoveryRequest{ preferredFeatures={}, activeScan=false }, active routers: []
03-21 20:46:04.483   625  2778 W libperfmgr: Failed to write to node: /dev/stune/top-app/schedtune.boost with value: 10, fd: -1
03-21 20:46:04.483   625  2778 W libperfmgr: Failed to write to node: /proc/sys/kernel/sched_boost with value: 0, fd: -1
03-21 20:46:04.730   852  1052 I hwcomposer: [XMFP]: Receive panel off event!
03-21 20:46:04.730   852  1052 I hwcomposer: [HWCDisplay] [XMFP]: Display(0) SetPowerMode(0) fp_parallel:1  
03-21 20:46:04.730   852  1052 I hwcomposer: [HWCDisplay] [XMFP]: Display(0) skip fp_parallel SetPowerMode(0)  
03-21 20:46:04.954  2237  2237 E SatelliteController: registerForSatelliteModemStateChanged: mSatelliteSessionController is not initialized yet
03-21 20:46:04.955  2237  2237 E SatelliteController: registerForSatelliteModemStateChanged: mSatelliteSessionController is not initialized yet
03-21 20:46:04.959  2237  2378 E SatelliteController: notifyNtnEligibility: mSatellitePhone is null
03-21 20:46:04.970  1587  3034 W ContextImpl: Calling a method in the system process without a qualified user: android.app.ContextImpl.sendBroadcastMultiplePermissions:1358 android.content.Context.sendBroadcastMultiplePermissions:2796 com.android.server.TelephonyRegistry.broadcastServiceStateChanged:4172 com.android.server.TelephonyRegistry.notifyServiceStateForPhoneId:1848 com.android.internal.telephony.ITelephonyRegistry$Stub.onTransact:613 
03-21 20:46:04.973  1587  3034 W ContextImpl: Calling a method in the system process without a qualified user: android.app.ContextImpl.sendBroadcastMultiplePermissions:1391 com.android.server.TelephonyRegistry.broadcastServiceStateChanged:4177 com.android.server.TelephonyRegistry.notifyServiceStateForPhoneId:1848 com.android.internal.telephony.ITelephonyRegistry$Stub.onTransact:613 android.os.Binder.execTransactInternal:1473 
03-21 20:46:04.978  1587  3034 W ContextImpl: Calling a method in the system process without a qualified user: android.app.ContextImpl.sendBroadcastMultiplePermissions:1391 com.android.server.TelephonyRegistry.broadcastServiceStateChanged:4186 com.android.server.TelephonyRegistry.notifyServiceStateForPhoneId:1848 com.android.internal.telephony.ITelephonyRegistry$Stub.onTransact:613 android.os.Binder.execTransactInternal:1473 
03-21 20:46:04.981  1587  3034 W ContextImpl: Calling a method in the system process without a qualified user: android.app.ContextImpl.sendBroadcastMultiplePermissions:1391 com.android.server.TelephonyRegistry.broadcastServiceStateChanged:4192 com.android.server.TelephonyRegistry.notifyServiceStateForPhoneId:1848 com.android.internal.telephony.ITelephonyRegistry$Stub.onTransact:613 android.os.Binder.execTransactInternal:1473 
03-21 20:46:04.983   625  2778 W libperfmgr: Failed to write to node: /dev/stune/top-app/schedtune.boost with value: 10, fd: -1
03-21 20:46:04.983   625  2778 W libperfmgr: Failed to write to node: /proc/sys/kernel/sched_boost with value: 0, fd: -1
03-21 20:46:04.993  2237  2237 I Telephony: TelecomAccountRegistry$TelecomAccountTelephonyCallback: TelecomAccountRegistry: onServiceStateChanged: newState=0, mServiceState=0
03-21 20:46:04.993  2237  2237 W Telephony: registerMmTelCapabilityCallback: registration failed, no ImsService available. Exception: code: 1
03-21 20:46:04.995  2237  2237 I Telephony: isRttCurrentlySupported -- regular acct, hasVoiceAvailability: false
03-21 20:46:04.995  2237  2237 I Telephony:  isRttSupported: false
03-21 20:46:04.995  2237  2237 I Telephony:  alwaysAllowWhileRoaming: false
03-21 20:46:04.995  2237  2237 I Telephony:  isRoaming: false
03-21 20:46:04.995  2237  2237 I Telephony:  isOnWfc: false
03-21 20:46:05.008  1587  1673 I ActivityManager: Start proc 25748:com.android.cellbroadcastreceiver.module/u0a358 for broadcast {com.android.cellbroadcastreceiver.module/com.android.cellbroadcastreceiver.CellBroadcastReceiver}
03-21 20:46:05.028 25748 25748 I Zygote  : Process 25748 created for com.android.cellbroadcastreceiver.module
03-21 20:46:05.029 25748 25748 I receiver.module: Using CollectorTypeCMC GC.
03-21 20:46:05.044   844   878 I netd    : tetherGetStats() -> {[]} <0.93ms>
03-21 20:46:05.071 25748 25760 E ashmem  : Pinning is deprecated since Android Q. Please use trim or other methods.
03-21 20:46:05.072  1587  1680 W libprocessgroup: SetCgroup::ExecuteForProcess: failed to open /dev/stune/background/cgroup.procs: No such file or directory
03-21 20:46:05.379  1587  1673 I ActivityManager: Start proc 25762:com.android.chrome:privileged_process2/u0a313 for service {com.android.chrome/org.chromium.content.app.PrivilegedProcessService2}
03-21 20:46:05.395   844 25763 I resolv  : GetAddrInfoHandler::run: {102 102 102 983142 10399 0}
03-21 20:46:05.396   844 25764 I resolv  : res_nmkquery: (QUERY, IN, A)
03-21 20:46:05.397   844   878 I netd    : networkAddUidRangesParcel(NativeUidRangeConfig{netId: 105, uidRanges: [UidRangeParcel{start: 0, stop: 2147483647}], subPriority: 999}) <0.24ms>
03-21 20:46:05.397   844   878 I netd    : networkRemoveUidRangesParcel(NativeUidRangeConfig{netId: 105, uidRanges: [UidRangeParcel{start: 0, stop: 2147483647}], subPriority: 999}) <0.29ms>
03-21 20:46:05.400 25762 25762 I Zygote  : Process 25762 created for com.android.chrome:privileged_process2
03-21 20:46:05.400 25762 25762 I ileged_process2: Using CollectorTypeCMC GC.
03-21 20:46:05.404   844 25764 I resolv  : res_nsend: used send_dg 43 terrno: 0
03-21 20:46:05.404   844 25764 I resolv  : doQuery: rcode=0, ancount=1, return value=43
03-21 20:46:05.418 25762 25762 W ileged_process2: Failed to find entry 'classes.dex': Entry not found
03-21 20:46:05.420   852   992 I hwcomposer: [HWCDisplay] [Display_0 (type:1)] fps:24.285294,dur:2141.21,max:1351.63,min:4.94  
03-21 20:46:05.432 25762 25762 I LoadedApk: No resource references to update in package com.google.android.trichromelibrary
03-21 20:46:05.434 25762 25762 I cr_SplitCompatApp: version=146.0.7680.153 (768015333) minSdkVersion=29 processName=com.android.chrome:privileged_process2 isIsolatedProcess=false splits=chrome,config.en,config.ru,dev_ui,on_demand,stack_unwinder,test_dummy
03-21 20:46:05.438  1587  1680 W libprocessgroup: SetCgroup::ExecuteForProcess: failed to open /dev/stune/background/cgroup.procs: No such file or directory
03-21 20:46:05.442 25762 25762 I cr_ChildProcessService: Creating new ChildProcessService pid=25762
03-21 20:46:05.478   852  1054 I hwcomposer: [HWC] (0)fire a callback of refresh to SF[4]  
03-21 20:46:05.483   625  2778 W libperfmgr: Failed to write to node: /dev/stune/top-app/schedtune.boost with value: 10, fd: -1
03-21 20:46:05.483   625  2778 W libperfmgr: Failed to write to node: /proc/sys/kernel/sched_boost with value: 0, fd: -1
03-21 20:46:05.484   625  2778 W libperfmgr: Failed to write to node: /dev/stune/top-app/schedtune.boost with value: 10, fd: -1
03-21 20:46:05.484   625  2778 W libperfmgr: Failed to write to node: /proc/sys/kernel/sched_boost with value: 0, fd: -1
03-21 20:46:05.559   625  2778 W libperfmgr: Failed to write to node: /dev/stune/top-app/schedtune.boost with value: 10, fd: -1
03-21 20:46:05.560   625  2778 W libperfmgr: Failed to write to node: /proc/sys/kernel/sched_boost with value: 0, fd: -1
03-21 20:46:05.593 24797 24797 I ReactNativeJNI: Error occurred, shutting down websocket connection: WebSocket exception unexpected end of stream on http://localhost:8081/...
03-21 20:46:05.902  2458 24325 I NearbySharing: Network state changed: NetworkState(isRestricted=false, isOnline=true, isCongested=false, isMetered=false, isWifiConnected=true)
03-21 20:46:06.060   625  2778 W libperfmgr: Failed to write to node: /dev/stune/top-app/schedtune.boost with value: 10, fd: -1
03-21 20:46:06.060   625  2778 W libperfmgr: Failed to write to node: /proc/sys/kernel/sched_boost with value: 0, fd: -1
03-21 20:46:06.108   881  2016 I WifiHAL : feature_set=0x8488141a
03-21 20:46:06.109  1587  1927 I HalDevMgr: bestIfaceCreationProposal is null, requestIface=STA, existingIface=[name=wlan0 type=STA]
03-21 20:46:06.561   625  2778 W libperfmgr: Failed to write to node: /dev/stune/top-app/schedtune.boost with value: 10, fd: -1
03-21 20:46:06.561   625  2778 W libperfmgr: Failed to write to node: /proc/sys/kernel/sched_boost with value: 0, fd: -1
03-21 20:46:07.061   625  2778 W libperfmgr: Failed to write to node: /dev/stune/top-app/schedtune.boost with value: 10, fd: -1
03-21 20:46:07.061   625  2778 W libperfmgr: Failed to write to node: /proc/sys/kernel/sched_boost with value: 0, fd: -1
03-21 20:46:07.412   844 25777 I resolv  : GetAddrInfoHandler::run: {102 102 102 983142 10399 0}
03-21 20:46:07.413   844 25778 I resolv  : res_nmkquery: (QUERY, IN, A)
03-21 20:46:07.423   844 25778 I resolv  : res_nsend: used send_dg 43 terrno: 0
03-21 20:46:07.423   844 25778 I resolv  : doQuery: rcode=0, ancount=1, return value=43
03-21 20:46:07.562   625  2778 W libperfmgr: Failed to write to node: /dev/stune/top-app/schedtune.boost with value: 10, fd: -1
03-21 20:46:07.562   625  2778 W libperfmgr: Failed to write to node: /proc/sys/kernel/sched_boost with value: 0, fd: -1
03-21 20:46:07.603 24797 24797 I ReactNativeJNI: Error occurred, shutting down websocket connection: WebSocket exception unexpected end of stream on http://localhost:8081/...
03-21 20:46:08.062   625  2778 W libperfmgr: Failed to write to node: /dev/stune/top-app/schedtune.boost with value: 10, fd: -1
03-21 20:46:08.062   625  2778 W libperfmgr: Failed to write to node: /proc/sys/kernel/sched_boost with value: 0, fd: -1
03-21 20:46:08.562   625  2778 W libperfmgr: Failed to write to node: /dev/stune/top-app/schedtune.boost with value: 10, fd: -1
03-21 20:46:08.562   625  2778 W libperfmgr: Failed to write to node: /proc/sys/kernel/sched_boost with value: 0, fd: -1
03-21 20:46:08.803 23431 23461 I libbinder.IPCThreadState: oneway function results for code 2 on binder at 0xb40000763d260400 will be dropped but finished with status UNKNOWN_TRANSACTION
03-21 20:46:08.807  1587  1680 W libprocessgroup: SetCgroup::ExecuteForProcess: failed to open /dev/stune/background/cgroup.procs: No such file or directory
03-21 20:46:08.811 23514 23514 I Finsky:background: [2] Memory trim requested to level 40
03-21 20:46:09.063   625  2778 W libperfmgr: Failed to write to node: /dev/stune/top-app/schedtune.boost with value: 10, fd: -1
03-21 20:46:09.063   625  2778 W libperfmgr: Failed to write to node: /proc/sys/kernel/sched_boost with value: 0, fd: -1
03-21 20:46:09.122   881  2016 I WifiHAL : feature_set=0x8488141a
03-21 20:46:09.123  1587  1927 I HalDevMgr: bestIfaceCreationProposal is null, requestIface=STA, existingIface=[name=wlan0 type=STA]
03-21 20:46:09.432   844 25779 I resolv  : GetAddrInfoHandler::run: {102 102 102 983142 10399 0}
03-21 20:46:09.433   844 25780 I resolv  : res_nmkquery: (QUERY, IN, A)
03-21 20:46:09.443   844 25780 I resolv  : res_nsend: used send_dg 43 terrno: 0
03-21 20:46:09.443   844 25780 I resolv  : doQuery: rcode=0, ancount=1, return value=43
03-21 20:46:09.563   625  2778 W libperfmgr: Failed to write to node: /dev/stune/top-app/schedtune.boost with value: 10, fd: -1
03-21 20:46:09.563   625  2778 W libperfmgr: Failed to write to node: /proc/sys/kernel/sched_boost with value: 0, fd: -1
03-21 20:46:09.611 24797 24797 I ReactNativeJNI: Error occurred, shutting down websocket connection: WebSocket exception unexpected end of stream on http://localhost:8081/...
03-21 20:46:09.917 25781 25781 W libbinder.BackendUnifiedServiceManager: Thread Pool max thread count is 0. Cannot cache binder as linkToDeath cannot be implemented. serviceName: deviceidle
03-21 20:46:09.933 25783 25783 W libbinder.BackendUnifiedServiceManager: Thread Pool max thread count is 0. Cannot cache binder as linkToDeath cannot be implemented. serviceName: battery
03-21 20:46:09.951 25785 25785 W libbinder.BackendUnifiedServiceManager: Thread Pool max thread count is 0. Cannot cache binder as linkToDeath cannot be implemented. serviceName: deviceidle
03-21 20:46:09.975 25788 25788 W libbinder.BackendUnifiedServiceManager: Thread Pool max thread count is 0. Cannot cache binder as linkToDeath cannot be implemented. serviceName: activity
03-21 20:46:10.034 25797 25797 W libbinder.BackendUnifiedServiceManager: Thread Pool max thread count is 0. Cannot cache binder as linkToDeath cannot be implemented. serviceName: battery
03-21 20:46:10.063   625  2778 W libperfmgr: Failed to write to node: /dev/stune/top-app/schedtune.boost with value: 10, fd: -1
03-21 20:46:10.063   625  2778 W libperfmgr: Failed to write to node: /proc/sys/kernel/sched_boost with value: 0, fd: -1
03-21 20:46:10.564   625  2778 W libperfmgr: Failed to write to node: /dev/stune/top-app/schedtune.boost with value: 10, fd: -1
03-21 20:46:10.564   625  2778 W libperfmgr: Failed to write to node: /proc/sys/kernel/sched_boost with value: 0, fd: -1
03-21 20:46:11.064   625  2778 W libperfmgr: Failed to write to node: /dev/stune/top-app/schedtune.boost with value: 10, fd: -1
03-21 20:46:11.064   625  2778 W libperfmgr: Failed to write to node: /proc/sys/kernel/sched_boost with value: 0, fd: -1
03-21 20:46:11.452   844 25806 I resolv  : GetAddrInfoHandler::run: {102 102 102 983142 10399 0}
03-21 20:46:11.453   844 25807 I resolv  : res_nmkquery: (QUERY, IN, A)
03-21 20:46:11.464   844 25807 I resolv  : res_nsend: used send_dg 43 terrno: 0
03-21 20:46:11.464   844 25807 I resolv  : doQuery: rcode=0, ancount=1, return value=43
03-21 20:46:11.564   625  2778 W libperfmgr: Failed to write to node: /dev/stune/top-app/schedtune.boost with value: 10, fd: -1
03-21 20:46:11.564   625  2778 W libperfmgr: Failed to write to node: /proc/sys/kernel/sched_boost with value: 0, fd: -1
03-21 20:46:11.631 24797 24797 I ReactNativeJNI: Error occurred, shutting down websocket connection: WebSocket exception unexpected end of stream on http://localhost:8081/...
03-21 20:46:12.064   625  2778 W libperfmgr: Failed to write to node: /dev/stune/top-app/schedtune.boost with value: 10, fd: -1
03-21 20:46:12.064   625  2778 W libperfmgr: Failed to write to node: /proc/sys/kernel/sched_boost with value: 0, fd: -1
03-21 20:46:12.137   881  2016 I WifiHAL : feature_set=0x8488141a
03-21 20:46:12.138  1587  1927 I HalDevMgr: bestIfaceCreationProposal is null, requestIface=STA, existingIface=[name=wlan0 type=STA]
03-21 20:46:12.565   625  2778 W libperfmgr: Failed to write to node: /dev/stune/top-app/schedtune.boost with value: 10, fd: -1
03-21 20:46:12.565   625  2778 W libperfmgr: Failed to write to node: /proc/sys/kernel/sched_boost with value: 0, fd: -1
03-21 20:46:13.065   625  2778 W libperfmgr: Failed to write to node: /dev/stune/top-app/schedtune.boost with value: 10, fd: -1
03-21 20:46:13.065   625  2778 W libperfmgr: Failed to write to node: /proc/sys/kernel/sched_boost with value: 0, fd: -1
03-21 20:46:13.086  2458 24325 I NearbyPresence: (REDACTED) %s verified [==] new request %s equals to the old request
03-21 20:46:13.475   844 25808 I resolv  : GetAddrInfoHandler::run: {102 102 102 983142 10399 0}
03-21 20:46:13.475   844 25809 I resolv  : res_nmkquery: (QUERY, IN, A)
03-21 20:46:13.484   844 25809 I resolv  : res_nsend: used send_dg 43 terrno: 0
03-21 20:46:13.484   844 25809 I resolv  : doQuery: rcode=0, ancount=1, return value=43
03-21 20:46:13.565   625  2778 W libperfmgr: Failed to write to node: /dev/stune/top-app/schedtune.boost with value: 10, fd: -1
03-21 20:46:13.565   625  2778 W libperfmgr: Failed to write to node: /proc/sys/kernel/sched_boost with value: 0, fd: -1
03-21 20:46:13.646 24797 24797 I ReactNativeJNI: Error occurred, shutting down websocket connection: WebSocket exception unexpected end of stream on http://localhost:8081/...
03-21 20:46:13.834   594 25697 I keystore2: system/security/keystore2/watchdog/src/lib.rs:371 - Watchdog thread idle -> terminating. Have a great day.
03-21 20:46:14.065   625  2778 W libperfmgr: Failed to write to node: /dev/stune/top-app/schedtune.boost with value: 10, fd: -1
03-21 20:46:14.066   625  2778 W libperfmgr: Failed to write to node: /proc/sys/kernel/sched_boost with value: 0, fd: -1
03-21 20:46:14.566   625  2778 W libperfmgr: Failed to write to node: /dev/stune/top-app/schedtune.boost with value: 10, fd: -1
03-21 20:46:14.566   625  2778 W libperfmgr: Failed to write to node: /proc/sys/kernel/sched_boost with value: 0, fd: -1
03-21 20:46:15.066   625  2778 W libperfmgr: Failed to write to node: /dev/stune/top-app/schedtune.boost with value: 10, fd: -1
03-21 20:46:15.066   625  2778 W libperfmgr: Failed to write to node: /proc/sys/kernel/sched_boost with value: 0, fd: -1
03-21 20:46:15.152   881  2016 I WifiHAL : feature_set=0x8488141a
03-21 20:46:15.153  1587  1927 I HalDevMgr: bestIfaceCreationProposal is null, requestIface=STA, existingIface=[name=wlan0 type=STA]
03-21 20:46:15.500   844 25810 I resolv  : GetAddrInfoHandler::run: {102 102 102 983142 10399 0}
03-21 20:46:15.501   844 25811 I resolv  : res_nmkquery: (QUERY, IN, A)
03-21 20:46:15.512   844 25811 I resolv  : res_nsend: used send_dg 43 terrno: 0
03-21 20:46:15.512   844 25811 I resolv  : doQuery: rcode=0, ancount=1, return value=43
03-21 20:46:15.566   625  2778 W libperfmgr: Failed to write to node: /dev/stune/top-app/schedtune.boost with value: 10, fd: -1
03-21 20:46:15.566   625  2778 W libperfmgr: Failed to write to node: /proc/sys/kernel/sched_boost with value: 0, fd: -1
03-21 20:46:15.654 24797 24797 I ReactNativeJNI: Error occurred, shutting down websocket connection: WebSocket exception unexpected end of stream on http://localhost:8081/...
03-21 20:46:16.067   625  2778 W libperfmgr: Failed to write to node: /dev/stune/top-app/schedtune.boost with value: 10, fd: -1
03-21 20:46:16.067   625  2778 W libperfmgr: Failed to write to node: /proc/sys/kernel/sched_boost with value: 0, fd: -1
03-21 20:46:16.256 25812 25812 W libbinder.BackendUnifiedServiceManager: Thread Pool max thread count is 0. Cannot cache binder as linkToDeath cannot be implemented. serviceName: deviceidle
03-21 20:46:16.285 25814 25814 W libbinder.BackendUnifiedServiceManager: Thread Pool max thread count is 0. Cannot cache binder as linkToDeath cannot be implemented. serviceName: battery
03-21 20:46:16.312 25816 25816 W libbinder.BackendUnifiedServiceManager: Thread Pool max thread count is 0. Cannot cache binder as linkToDeath cannot be implemented. serviceName: deviceidle
03-21 20:46:16.343 25819 25819 W libbinder.BackendUnifiedServiceManager: Thread Pool max thread count is 0. Cannot cache binder as linkToDeath cannot be implemented. serviceName: activity
03-21 20:46:16.406 25828 25828 W libbinder.BackendUnifiedServiceManager: Thread Pool max thread count is 0. Cannot cache binder as linkToDeath cannot be implemented. serviceName: battery
03-21 20:46:16.567   625  2778 W libperfmgr: Failed to write to node: /dev/stune/top-app/schedtune.boost with value: 10, fd: -1
03-21 20:46:16.567   625  2778 W libperfmgr: Failed to write to node: /proc/sys/kernel/sched_boost with value: 0, fd: -1
03-21 20:46:16.779  2458 24478 I .gms.persistent: Explicit concurrent mark compact GC freed 17MB AllocSpace bytes, 17(752KB) LOS objects, 50% free, 23MB/46MB, paused 427us,2.793ms total 152.114ms
03-21 20:46:17.067   625  2778 W libperfmgr: Failed to write to node: /dev/stune/top-app/schedtune.boost with value: 10, fd: -1
03-21 20:46:17.067   625  2778 W libperfmgr: Failed to write to node: /proc/sys/kernel/sched_boost with value: 0, fd: -1
03-21 20:46:17.523   844 25838 I resolv  : GetAddrInfoHandler::run: {102 102 102 983142 10399 0}
03-21 20:46:17.524   844 25839 I resolv  : res_nmkquery: (QUERY, IN, A)
03-21 20:46:17.532   844 25839 I resolv  : res_nsend: used send_dg 43 terrno: 0
03-21 20:46:17.532   844 25839 I resolv  : doQuery: rcode=0, ancount=1, return value=43
03-21 20:46:17.567   625  2778 W libperfmgr: Failed to write to node: /dev/stune/top-app/schedtune.boost with value: 10, fd: -1
03-21 20:46:17.568   625  2778 W libperfmgr: Failed to write to node: /proc/sys/kernel/sched_boost with value: 0, fd: -1
03-21 20:46:17.663 24797 24797 I ReactNativeJNI: Error occurred, shutting down websocket connection: WebSocket exception unexpected end of stream on http://localhost:8081/...
03-21 20:46:18.068   625  2778 W libperfmgr: Failed to write to node: /dev/stune/top-app/schedtune.boost with value: 10, fd: -1
03-21 20:46:18.068   625  2778 W libperfmgr: Failed to write to node: /proc/sys/kernel/sched_boost with value: 0, fd: -1
03-21 20:46:18.163   881  2016 I WifiHAL : feature_set=0x8488141a
03-21 20:46:18.164  1587  1927 I HalDevMgr: bestIfaceCreationProposal is null, requestIface=STA, existingIface=[name=wlan0 type=STA]
03-21 20:46:18.568   625  2778 W libperfmgr: Failed to write to node: /dev/stune/top-app/schedtune.boost with value: 10, fd: -1
03-21 20:46:18.568   625  2778 W libperfmgr: Failed to write to node: /proc/sys/kernel/sched_boost with value: 0, fd: -1
03-21 20:46:18.877  1587  1680 W libprocessgroup: SetCgroup::ExecuteForProcess: failed to open /dev/stune/background/cgroup.procs: No such file or directory
03-21 20:46:18.878 23431 23431 I Finsky  : [2] Memory trim requested to level 40
03-21 20:46:18.879 23431 23431 I Finsky  : [2] Flushing in-memory image cache
03-21 20:46:18.881   844   878 I netd    : tetherGetStats() -> {[]} <1.09ms>
03-21 20:46:18.882  1587  1680 W libprocessgroup: SetCgroup::ExecuteForProcess: failed to open /dev/stune/background/cgroup.procs: No such file or directory
03-21 20:46:18.882 23431 23431 I Finsky  : [2] Memory trim requested to level 40
03-21 20:46:18.882 23431 23431 I Finsky  : [2] Flushing in-memory image cache
03-21 20:46:19.068   625  2778 W libperfmgr: Failed to write to node: /dev/stune/top-app/schedtune.boost with value: 10, fd: -1
03-21 20:46:19.068   625  2778 W libperfmgr: Failed to write to node: /proc/sys/kernel/sched_boost with value: 0, fd: -1
03-21 20:46:19.542   844 25840 I resolv  : GetAddrInfoHandler::run: {102 102 102 983142 10399 0}
03-21 20:46:19.543   844 25841 I resolv  : res_nmkquery: (QUERY, IN, A)
03-21 20:46:19.554   844 25841 I resolv  : res_nsend: used send_dg 43 terrno: 0
03-21 20:46:19.554   844 25841 I resolv  : doQuery: rcode=0, ancount=1, return value=43
03-21 20:46:19.569   625  2778 W libperfmgr: Failed to write to node: /dev/stune/top-app/schedtune.boost with value: 10, fd: -1
03-21 20:46:19.569   625  2778 W libperfmgr: Failed to write to node: /proc/sys/kernel/sched_boost with value: 0, fd: -1
03-21 20:46:19.671 24797 24797 I ReactNativeJNI: Error occurred, shutting down websocket connection: WebSocket exception unexpected end of stream on http://localhost:8081/...
03-21 20:46:20.069   625  2778 W libperfmgr: Failed to write to node: /dev/stune/top-app/schedtune.boost with value: 10, fd: -1
03-21 20:46:20.069   625  2778 W libperfmgr: Failed to write to node: /proc/sys/kernel/sched_boost with value: 0, fd: -1
03-21 20:46:20.569   625  2778 W libperfmgr: Failed to write to node: /dev/stune/top-app/schedtune.boost with value: 10, fd: -1
03-21 20:46:20.569   625  2778 W libperfmgr: Failed to write to node: /proc/sys/kernel/sched_boost with value: 0, fd: -1
03-21 20:46:20.756   852  1094 I hwcomposer: [DRMDEV] (0) failed to waitNextVsync: -1  
03-21 20:46:20.766   852  1094 I hwcomposer: [DRMDEV] (0) failed to waitNextVsync: -1  
03-21 20:46:20.777   852  1094 I hwcomposer: [DRMDEV] (0) failed to waitNextVsync: -1  
03-21 20:46:20.787   852   992 I hwcomposer: [HWCDisplay] [Display_0 (type:1)] fps:0.130142,dur:15367.88,max:15298.04,min:69.84  
03-21 20:46:20.788   852  1094 I hwcomposer: [DRMDEV] (0) failed to waitNextVsync: -1  
03-21 20:46:20.930   852  1054 I hwcomposer: [HWC] (0)fire a callback of refresh to SF[4]  
03-21 20:46:20.939   625  2778 W libperfmgr: Failed to write to node: /dev/stune/top-app/schedtune.boost with value: 10, fd: -1
03-21 20:46:20.939   625  2778 W libperfmgr: Failed to write to node: /proc/sys/kernel/sched_boost with value: 0, fd: -1
03-21 20:46:21.012   625  2778 W libperfmgr: Failed to write to node: /dev/stune/top-app/schedtune.boost with value: 10, fd: -1
03-21 20:46:21.012   625  2778 W libperfmgr: Failed to write to node: /proc/sys/kernel/sched_boost with value: 0, fd: -1
03-21 20:46:21.177   881  2016 I WifiHAL : feature_set=0x8488141a
03-21 20:46:21.178  1587  1927 I HalDevMgr: bestIfaceCreationProposal is null, requestIface=STA, existingIface=[name=wlan0 type=STA]
03-21 20:46:21.512   625  2778 W libperfmgr: Failed to write to node: /dev/stune/top-app/schedtune.boost with value: 10, fd: -1
03-21 20:46:21.512   625  2778 W libperfmgr: Failed to write to node: /proc/sys/kernel/sched_boost with value: 0, fd: -1
03-21 20:46:21.563   844 25842 I resolv  : GetAddrInfoHandler::run: {102 102 102 983142 10399 0}
03-21 20:46:21.564   844 25843 I resolv  : res_nmkquery: (QUERY, IN, A)
03-21 20:46:21.573   844 25843 I resolv  : res_nsend: used send_dg 43 terrno: 0
03-21 20:46:21.573   844 25843 I resolv  : doQuery: rcode=0, ancount=1, return value=43
03-21 20:46:21.681 24797 24797 I ReactNativeJNI: Error occurred, shutting down websocket connection: WebSocket exception unexpected end of stream on http://localhost:8081/...
03-21 20:46:22.013   625  2778 W libperfmgr: Failed to write to node: /dev/stune/top-app/schedtune.boost with value: 10, fd: -1
03-21 20:46:22.013   625  2778 W libperfmgr: Failed to write to node: /proc/sys/kernel/sched_boost with value: 0, fd: -1
03-21 20:46:22.513   625  2778 W libperfmgr: Failed to write to node: /dev/stune/top-app/schedtune.boost with value: 10, fd: -1
03-21 20:46:22.514   625  2778 W libperfmgr: Failed to write to node: /proc/sys/kernel/sched_boost with value: 0, fd: -1
03-21 20:46:22.623 25844 25844 W libbinder.BackendUnifiedServiceManager: Thread Pool max thread count is 0. Cannot cache binder as linkToDeath cannot be implemented. serviceName: deviceidle
03-21 20:46:22.640 25846 25846 W libbinder.BackendUnifiedServiceManager: Thread Pool max thread count is 0. Cannot cache binder as linkToDeath cannot be implemented. serviceName: battery
03-21 20:46:22.656 25848 25848 W libbinder.BackendUnifiedServiceManager: Thread Pool max thread count is 0. Cannot cache binder as linkToDeath cannot be implemented. serviceName: deviceidle
03-21 20:46:22.680 25851 25851 W libbinder.BackendUnifiedServiceManager: Thread Pool max thread count is 0. Cannot cache binder as linkToDeath cannot be implemented. serviceName: activity
03-21 20:46:22.727 25860 25860 W libbinder.BackendUnifiedServiceManager: Thread Pool max thread count is 0. Cannot cache binder as linkToDeath cannot be implemented. serviceName: battery
03-21 20:46:23.014   625  2778 W libperfmgr: Failed to write to node: /dev/stune/top-app/schedtune.boost with value: 10, fd: -1
03-21 20:46:23.014   625  2778 W libperfmgr: Failed to write to node: /proc/sys/kernel/sched_boost with value: 0, fd: -1
03-21 20:46:23.515   625  2778 W libperfmgr: Failed to write to node: /dev/stune/top-app/schedtune.boost with value: 10, fd: -1
03-21 20:46:23.515   625  2778 W libperfmgr: Failed to write to node: /proc/sys/kernel/sched_boost with value: 0, fd: -1
03-21 20:46:23.583   844 25869 I resolv  : GetAddrInfoHandler::run: {102 102 102 983142 10399 0}
03-21 20:46:23.584   844 25870 I resolv  : res_nmkquery: (QUERY, IN, A)
03-21 20:46:23.595   844 25870 I resolv  : res_nsend: used send_dg 43 terrno: 0
03-21 20:46:23.595   844 25870 I resolv  : doQuery: rcode=0, ancount=1, return value=43
03-21 20:46:23.691 24797 24797 I ReactNativeJNI: Error occurred, shutting down websocket connection: WebSocket exception unexpected end of stream on http://localhost:8081/...
03-21 20:46:24.015   625  2778 W libperfmgr: Failed to write to node: /dev/stune/top-app/schedtune.boost with value: 10, fd: -1
03-21 20:46:24.015   625  2778 W libperfmgr: Failed to write to node: /proc/sys/kernel/sched_boost with value: 0, fd: -1
03-21 20:46:24.191   881  2016 I WifiHAL : feature_set=0x8488141a
03-21 20:46:24.191  1587  1927 I HalDevMgr: bestIfaceCreationProposal is null, requestIface=STA, existingIface=[name=wlan0 type=STA]
03-21 20:46:24.516   625  2778 W libperfmgr: Failed to write to node: /dev/stune/top-app/schedtune.boost with value: 10, fd: -1
03-21 20:46:24.516   625  2778 W libperfmgr: Failed to write to node: /proc/sys/kernel/sched_boost with value: 0, fd: -1
03-21 20:46:25.016   625  2778 W libperfmgr: Failed to write to node: /dev/stune/top-app/schedtune.boost with value: 10, fd: -1
03-21 20:46:25.016   625  2778 W libperfmgr: Failed to write to node: /proc/sys/kernel/sched_boost with value: 0, fd: -1
03-21 20:46:25.516   625  2778 W libperfmgr: Failed to write to node: /dev/stune/top-app/schedtune.boost with value: 10, fd: -1
03-21 20:46:25.516   625  2778 W libperfmgr: Failed to write to node: /proc/sys/kernel/sched_boost with value: 0, fd: -1
03-21 20:46:25.604   844 25871 I resolv  : GetAddrInfoHandler::run: {102 102 102 983142 10399 0}
03-21 20:46:25.605   844 25872 I resolv  : res_nmkquery: (QUERY, IN, A)
03-21 20:46:25.612   844 25872 I resolv  : res_nsend: used send_dg 43 terrno: 0
03-21 20:46:25.612   844 25872 I resolv  : doQuery: rcode=0, ancount=1, return value=43
03-21 20:46:25.700 24797 24797 I ReactNativeJNI: Error occurred, shutting down websocket connection: WebSocket exception unexpected end of stream on http://localhost:8081/...
03-21 20:46:26.000  1587  1680 W libprocessgroup: SetCgroup::ExecuteForProcess: failed to open /dev/stune/background/cgroup.procs: No such file or directory
03-21 20:46:26.010 23481 25873 I Authzen : [DeviceStateSyncManager] The server is in sync with current state. Nothing to do
03-21 20:46:26.016   625  2778 W libperfmgr: Failed to write to node: /dev/stune/top-app/schedtune.boost with value: 10, fd: -1
03-21 20:46:26.016   625  2778 W libperfmgr: Failed to write to node: /proc/sys/kernel/sched_boost with value: 0, fd: -1
03-21 20:46:26.517   625  2778 W libperfmgr: Failed to write to node: /dev/stune/top-app/schedtune.boost with value: 10, fd: -1
03-21 20:46:26.517   625  2778 W libperfmgr: Failed to write to node: /proc/sys/kernel/sched_boost with value: 0, fd: -1
03-21 20:46:26.597   852  1094 I hwcomposer: [DRMDEV] (0) failed to waitNextVsync: -1  
03-21 20:46:26.599   852  1094 I hwcomposer: [DRMDEV] (0) failed to waitNextVsync: -1  
03-21 20:46:26.610   852  1094 I hwcomposer: [DRMDEV] (0) failed to waitNextVsync: -1  
03-21 20:46:26.621   852  1094 I hwcomposer: [DRMDEV] (0) failed to waitNextVsync: -1  
03-21 20:46:26.632   852  1094 I hwcomposer: [DRMDEV] (0) failed to waitNextVsync: -1  
03-21 20:46:26.643   852  1094 I hwcomposer: [DRMDEV] (0) failed to waitNextVsync: -1  
03-21 20:46:26.654   852  1094 I hwcomposer: [DRMDEV] (0) failed to waitNextVsync: -1  
03-21 20:46:27.017   625  2778 W libperfmgr: Failed to write to node: /dev/stune/top-app/schedtune.boost with value: 10, fd: -1
03-21 20:46:27.017   625  2778 W libperfmgr: Failed to write to node: /proc/sys/kernel/sched_boost with value: 0, fd: -1
03-21 20:46:27.204   881  2016 I WifiHAL : feature_set=0x8488141a
03-21 20:46:27.206  1587  1927 I HalDevMgr: bestIfaceCreationProposal is null, requestIface=STA, existingIface=[name=wlan0 type=STA]
03-21 20:46:27.339  1587  1708 I DisplayPowerController[0]: BrightnessEvent: brt=8.54597E-4(5.0%), nits=3.4861262, lux=-1.0, reason=manual [ dim ], strat=FallbackBrightnessStrategy, state=ON, stateReason=DEFAULT_POLICY, policy=DIM, flags=, initBrt=1.0, rcmdBrt=NaN, preBrt=NaN, preLux=0.0, wasShortTermModelActive=false, autoBrightness=false (default), unclampedBrt=1.0, hbmMax=1.0, hbmMode=sunlight, thrmMax=1.0, rbcStrength=50, powerFactor=1.0, physDisp=Built-in Screen(local:4627039422300187648), logicalId=0, slowChange=false, rampSpeed=0.70472443
03-21 20:46:27.517   625  2778 W libperfmgr: Failed to write to node: /dev/stune/top-app/schedtune.boost with value: 10, fd: -1
03-21 20:46:27.517   625  2778 W libperfmgr: Failed to write to node: /proc/sys/kernel/sched_boost with value: 0, fd: -1
03-21 20:46:27.623   844 25875 I resolv  : GetAddrInfoHandler::run: {102 102 102 983142 10399 0}
03-21 20:46:27.623   844 25876 I resolv  : res_nmkquery: (QUERY, IN, A)
03-21 20:46:27.637   844 25876 I resolv  : res_nsend: used send_dg 43 terrno: 0
03-21 20:46:27.637   844 25876 I resolv  : doQuery: rcode=0, ancount=1, return value=43
03-21 20:46:27.719 24797 24797 I ReactNativeJNI: Error occurred, shutting down websocket connection: WebSocket exception unexpected end of stream on http://localhost:8081/...
03-21 20:46:28.017   625  2778 W libperfmgr: Failed to write to node: /dev/stune/top-app/schedtune.boost with value: 10, fd: -1
03-21 20:46:28.018   625  2778 W libperfmgr: Failed to write to node: /proc/sys/kernel/sched_boost with value: 0, fd: -1
03-21 20:46:28.518   625  2778 W libperfmgr: Failed to write to node: /dev/stune/top-app/schedtune.boost with value: 10, fd: -1
03-21 20:46:28.518   625  2778 W libperfmgr: Failed to write to node: /proc/sys/kernel/sched_boost with value: 0, fd: -1
03-21 20:46:28.935 25877 25877 W libbinder.BackendUnifiedServiceManager: Thread Pool max thread count is 0. Cannot cache binder as linkToDeath cannot be implemented. serviceName: deviceidle
03-21 20:46:28.951 25879 25879 W libbinder.BackendUnifiedServiceManager: Thread Pool max thread count is 0. Cannot cache binder as linkToDeath cannot be implemented. serviceName: battery
03-21 20:46:28.966 25881 25881 W libbinder.BackendUnifiedServiceManager: Thread Pool max thread count is 0. Cannot cache binder as linkToDeath cannot be implemented. serviceName: deviceidle
03-21 20:46:28.990 25884 25884 W libbinder.BackendUnifiedServiceManager: Thread Pool max thread count is 0. Cannot cache binder as linkToDeath cannot be implemented. serviceName: activity
03-21 20:46:29.018   625  2778 W libperfmgr: Failed to write to node: /dev/stune/top-app/schedtune.boost with value: 10, fd: -1
03-21 20:46:29.018   625  2778 W libperfmgr: Failed to write to node: /proc/sys/kernel/sched_boost with value: 0, fd: -1
03-21 20:46:29.054 25893 25893 W libbinder.BackendUnifiedServiceManager: Thread Pool max thread count is 0. Cannot cache binder as linkToDeath cannot be implemented. serviceName: battery
03-21 20:46:29.221 24797 24797 W unknown:ReactRootView: Unable to dispatch touch to JS as the catalyst instance has not been attached
03-21 20:46:29.221 24797 24797 W unknown:ReactRootView: Unable to dispatch touch to JS as the catalyst instance has not been attached
03-21 20:46:29.221 24797 24797 W unknown:ReactRootView: Unable to dispatch touch to JS as the catalyst instance has not been attached
03-21 20:46:29.221 24797 24797 W unknown:ReactRootView: Unable to dispatch touch to JS as the catalyst instance has not been attached
03-21 20:46:29.223   852  1094 I hwcomposer: [DRMDEV] (0) failed to waitNextVsync: -1  
03-21 20:46:29.223  1587  1708 I DisplayPowerController[0]: BrightnessEvent: brt=1.0(100.0%), nits=700.0, lux=-1.0, reason=manual, strat=FallbackBrightnessStrategy, state=ON, stateReason=DEFAULT_POLICY, policy=BRIGHT, flags=, initBrt=8.54597E-4, rcmdBrt=NaN, preBrt=NaN, preLux=0.0, wasShortTermModelActive=false, autoBrightness=false (default), unclampedBrt=1.0, hbmMax=1.0, hbmMode=sunlight, thrmMax=1.0, rbcStrength=50, powerFactor=1.0, physDisp=Built-in Screen(local:4627039422300187648), logicalId=0, slowChange=false, rampSpeed=0.70472443
03-21 20:46:29.232   852  1094 I hwcomposer: [DRMDEV] (0) failed to waitNextVsync: -1  
03-21 20:46:29.243   852  1094 I hwcomposer: [DRMDEV] (0) failed to waitNextVsync: -1  
03-21 20:46:29.245 24797 24797 W unknown:ReactRootView: Unable to dispatch touch to JS as the catalyst instance has not been attached
03-21 20:46:29.245 24797 24797 W unknown:ReactRootView: Unable to dispatch touch to JS as the catalyst instance has not been attached
03-21 20:46:29.254   852  1094 I hwcomposer: [DRMDEV] (0) failed to waitNextVsync: -1  
03-21 20:46:29.256 24797 24797 W unknown:ReactRootView: Unable to dispatch touch to JS as the catalyst instance has not been attached
03-21 20:46:29.256 24797 24797 W unknown:ReactRootView: Unable to dispatch touch to JS as the catalyst instance has not been attached
03-21 20:46:29.265   852  1094 I hwcomposer: [DRMDEV] (0) failed to waitNextVsync: -1  
03-21 20:46:29.267 24797 24797 W unknown:ReactRootView: Unable to dispatch touch to JS as the catalyst instance has not been attached
03-21 20:46:29.267 24797 24797 W unknown:ReactRootView: Unable to dispatch touch to JS as the catalyst instance has not been attached
03-21 20:46:29.278 24797 24797 W unknown:ReactRootView: Unable to dispatch touch to JS as the catalyst instance has not been attached
03-21 20:46:29.278 24797 24797 W unknown:ReactRootView: Unable to dispatch touch to JS as the catalyst instance has not been attached
03-21 20:46:29.296 24797 24797 W unknown:ReactRootView: Unable to dispatch touch to JS as the catalyst instance has not been attached
03-21 20:46:29.296 24797 24797 W unknown:ReactRootView: Unable to dispatch touch to JS as the catalyst instance has not been attached
03-21 20:46:29.296 24797 24797 W unknown:ReactRootView: Unable to dispatch touch to JS as the catalyst instance has not been attached
03-21 20:46:29.296 24797 24797 W unknown:ReactRootView: Unable to dispatch touch to JS as the catalyst instance has not been attached
03-21 20:46:29.518   625  2778 W libperfmgr: Failed to write to node: /dev/stune/top-app/schedtune.boost with value: 10, fd: -1
03-21 20:46:29.518   625  2778 W libperfmgr: Failed to write to node: /proc/sys/kernel/sched_boost with value: 0, fd: -1
03-21 20:46:29.647   844 25902 I resolv  : GetAddrInfoHandler::run: {102 102 102 983142 10399 0}
03-21 20:46:29.648   844 25903 I resolv  : res_nmkquery: (QUERY, IN, A)
03-21 20:46:29.658   844 25903 I resolv  : res_nsend: used send_dg 43 terrno: 0
03-21 20:46:29.659   844 25903 I resolv  : doQuery: rcode=0, ancount=1, return value=43
03-21 20:46:29.739 24797 24797 I ReactNativeJNI: Error occurred, shutting down websocket connection: WebSocket exception unexpected end of stream on http://localhost:8081/...
03-21 20:46:30.019   625  2778 W libperfmgr: Failed to write to node: /dev/stune/top-app/schedtune.boost with value: 10, fd: -1
03-21 20:46:30.019   625  2778 W libperfmgr: Failed to write to node: /proc/sys/kernel/sched_boost with value: 0, fd: -1
03-21 20:46:30.217   881  2016 I WifiHAL : feature_set=0x8488141a
03-21 20:46:30.217  1587  1927 I HalDevMgr: bestIfaceCreationProposal is null, requestIface=STA, existingIface=[name=wlan0 type=STA]
03-21 20:46:30.519   625  2778 W libperfmgr: Failed to write to node: /dev/stune/top-app/schedtune.boost with value: 10, fd: -1
03-21 20:46:30.519   625  2778 W libperfmgr: Failed to write to node: /proc/sys/kernel/sched_boost with value: 0, fd: -1
03-21 20:46:31.019   625  2778 W libperfmgr: Failed to write to node: /dev/stune/top-app/schedtune.boost with value: 10, fd: -1
03-21 20:46:31.019   625  2778 W libperfmgr: Failed to write to node: /proc/sys/kernel/sched_boost with value: 0, fd: -1
03-21 20:46:31.520   625  2778 W libperfmgr: Failed to write to node: /dev/stune/top-app/schedtune.boost with value: 10, fd: -1
03-21 20:46:31.520   625  2778 W libperfmgr: Failed to write to node: /proc/sys/kernel/sched_boost with value: 0, fd: -1
03-21 20:46:31.668   844 25904 I resolv  : GetAddrInfoHandler::run: {102 102 102 983142 10399 0}
03-21 20:46:31.669   844 25905 I resolv  : res_nmkquery: (QUERY, IN, A)
03-21 20:46:31.679   844 25905 I resolv  : res_nsend: used send_dg 43 terrno: 0
03-21 20:46:31.679   844 25905 I resolv  : doQuery: rcode=0, ancount=1, return value=43
03-21 20:46:31.754 24797 24797 I ReactNativeJNI: Error occurred, shutting down websocket connection: WebSocket exception unexpected end of stream on http://localhost:8081/...
03-21 20:46:32.020   625  2778 W libperfmgr: Failed to write to node: /dev/stune/top-app/schedtune.boost with value: 10, fd: -1
03-21 20:46:32.020   625  2778 W libperfmgr: Failed to write to node: /proc/sys/kernel/sched_boost with value: 0, fd: -1
03-21 20:46:32.520   625  2778 W libperfmgr: Failed to write to node: /dev/stune/top-app/schedtune.boost with value: 10, fd: -1
03-21 20:46:32.520   625  2778 W libperfmgr: Failed to write to node: /proc/sys/kernel/sched_boost with value: 0, fd: -1
03-21 20:46:33.020   625  2778 W libperfmgr: Failed to write to node: /dev/stune/top-app/schedtune.boost with value: 10, fd: -1
03-21 20:46:33.020   625  2778 W libperfmgr: Failed to write to node: /proc/sys/kernel/sched_boost with value: 0, fd: -1
03-21 20:46:33.229   881  2016 I WifiHAL : feature_set=0x8488141a
03-21 20:46:33.230  1587  1927 I HalDevMgr: bestIfaceCreationProposal is null, requestIface=STA, existingIface=[name=wlan0 type=STA]
03-21 20:46:33.521   625  2778 W libperfmgr: Failed to write to node: /dev/stune/top-app/schedtune.boost with value: 10, fd: -1
03-21 20:46:33.521   625  2778 W libperfmgr: Failed to write to node: /proc/sys/kernel/sched_boost with value: 0, fd: -1
03-21 20:46:33.690   844 25906 I resolv  : GetAddrInfoHandler::run: {102 102 102 983142 10399 0}
03-21 20:46:33.691   844 25907 I resolv  : res_nmkquery: (QUERY, IN, A)
03-21 20:46:33.701   844 25907 I resolv  : res_nsend: used send_dg 43 terrno: 0
03-21 20:46:33.701   844 25907 I resolv  : doQuery: rcode=0, ancount=1, return value=43
03-21 20:46:33.762 24797 24797 I ReactNativeJNI: Error occurred, shutting down websocket connection: WebSocket exception unexpected end of stream on http://localhost:8081/...
03-21 20:46:34.021   625  2778 W libperfmgr: Failed to write to node: /dev/stune/top-app/schedtune.boost with value: 10, fd: -1
03-21 20:46:34.021   625  2778 W libperfmgr: Failed to write to node: /proc/sys/kernel/sched_boost with value: 0, fd: -1
03-21 20:46:34.521   625  2778 W libperfmgr: Failed to write to node: /dev/stune/top-app/schedtune.boost with value: 10, fd: -1
03-21 20:46:34.521   625  2778 W libperfmgr: Failed to write to node: /proc/sys/kernel/sched_boost with value: 0, fd: -1
03-21 20:46:35.021   625  2778 W libperfmgr: Failed to write to node: /dev/stune/top-app/schedtune.boost with value: 10, fd: -1
03-21 20:46:35.022   625  2778 W libperfmgr: Failed to write to node: /proc/sys/kernel/sched_boost with value: 0, fd: -1
03-21 20:46:35.272 25908 25908 W libbinder.BackendUnifiedServiceManager: Thread Pool max thread count is 0. Cannot cache binder as linkToDeath cannot be implemented. serviceName: deviceidle
03-21 20:46:35.291 25910 25910 W libbinder.BackendUnifiedServiceManager: Thread Pool max thread count is 0. Cannot cache binder as linkToDeath cannot be implemented. serviceName: battery
03-21 20:46:35.306 25912 25912 W libbinder.BackendUnifiedServiceManager: Thread Pool max thread count is 0. Cannot cache binder as linkToDeath cannot be implemented. serviceName: deviceidle
03-21 20:46:35.330 25915 25915 W libbinder.BackendUnifiedServiceManager: Thread Pool max thread count is 0. Cannot cache binder as linkToDeath cannot be implemented. serviceName: activity
03-21 20:46:35.385 25924 25924 W libbinder.BackendUnifiedServiceManager: Thread Pool max thread count is 0. Cannot cache binder as linkToDeath cannot be implemented. serviceName: battery
03-21 20:46:35.522   625  2778 W libperfmgr: Failed to write to node: /dev/stune/top-app/schedtune.boost with value: 10, fd: -1
03-21 20:46:35.522   625  2778 W libperfmgr: Failed to write to node: /proc/sys/kernel/sched_boost with value: 0, fd: -1
03-21 20:46:35.710   844 25933 I resolv  : GetAddrInfoHandler::run: {102 102 102 983142 10399 0}
03-21 20:46:35.711   844 25934 I resolv  : res_nmkquery: (QUERY, IN, A)
03-21 20:46:35.720   844 25934 I resolv  : res_nsend: used send_dg 43 terrno: 0
03-21 20:46:35.720   844 25934 I resolv  : doQuery: rcode=0, ancount=1, return value=43
03-21 20:46:35.771 24797 24797 I ReactNativeJNI: Error occurred, shutting down websocket connection: WebSocket exception unexpected end of stream on http://localhost:8081/...
03-21 20:46:36.022   625  2778 W libperfmgr: Failed to write to node: /dev/stune/top-app/schedtune.boost with value: 10, fd: -1
03-21 20:46:36.022   625  2778 W libperfmgr: Failed to write to node: /proc/sys/kernel/sched_boost with value: 0, fd: -1
03-21 20:46:36.116   852  1094 I hwcomposer: [DRMDEV] (0) failed to waitNextVsync: -1  
03-21 20:46:36.121   852  1094 I hwcomposer: [DRMDEV] (0) failed to waitNextVsync: -1  
03-21 20:46:36.132   852  1094 I hwcomposer: [DRMDEV] (0) failed to waitNextVsync: -1  
03-21 20:46:36.143   852   992 I hwcomposer: [HWCDisplay] [Display_0 (type:1)] fps:0.130246,dur:15355.60,max:15202.98,min:152.62  
03-21 20:46:36.143   852  1094 I hwcomposer: [DRMDEV] (0) failed to waitNextVsync: -1  
03-21 20:46:36.238   852  1054 I hwcomposer: [HWC] (0)fire a callback of refresh to SF[4]  
03-21 20:46:36.243   881  2016 I WifiHAL : feature_set=0x8488141a
03-21 20:46:36.244  1587  1927 I HalDevMgr: bestIfaceCreationProposal is null, requestIface=STA, existingIface=[name=wlan0 type=STA]
03-21 20:46:36.253   625  2778 W libperfmgr: Failed to write to node: /dev/stune/top-app/schedtune.boost with value: 10, fd: -1
03-21 20:46:36.253   625  2778 W libperfmgr: Failed to write to node: /proc/sys/kernel/sched_boost with value: 0, fd: -1
03-21 20:46:36.319   625  2778 W libperfmgr: Failed to write to node: /dev/stune/top-app/schedtune.boost with value: 10, fd: -1
03-21 20:46:36.319   625  2778 W libperfmgr: Failed to write to node: /proc/sys/kernel/sched_boost with value: 0, fd: -1
03-21 20:46:36.820   625  2778 W libperfmgr: Failed to write to node: /dev/stune/top-app/schedtune.boost with value: 10, fd: -1
03-21 20:46:36.820   625  2778 W libperfmgr: Failed to write to node: /proc/sys/kernel/sched_boost with value: 0, fd: -1
03-21 20:46:37.320   625  2778 W libperfmgr: Failed to write to node: /dev/stune/top-app/schedtune.boost with value: 10, fd: -1
03-21 20:46:37.320   625  2778 W libperfmgr: Failed to write to node: /proc/sys/kernel/sched_boost with value: 0, fd: -1
03-21 20:46:37.729   844 25935 I resolv  : GetAddrInfoHandler::run: {102 102 102 983142 10399 0}
03-21 20:46:37.730   844 25936 I resolv  : res_nmkquery: (QUERY, IN, A)
03-21 20:46:37.741   844 25936 I resolv  : res_nsend: used send_dg 43 terrno: 0
03-21 20:46:37.741   844 25936 I resolv  : doQuery: rcode=0, ancount=1, return value=43
03-21 20:46:37.781 24797 24797 I ReactNativeJNI: Error occurred, shutting down websocket connection: WebSocket exception unexpected end of stream on http://localhost:8081/...
03-21 20:46:37.821   625  2778 W libperfmgr: Failed to write to node: /dev/stune/top-app/schedtune.boost with value: 10, fd: -1
03-21 20:46:37.821   625  2778 W libperfmgr: Failed to write to node: /proc/sys/kernel/sched_boost with value: 0, fd: -1
03-21 20:46:38.321   625  2778 W libperfmgr: Failed to write to node: /dev/stune/top-app/schedtune.boost with value: 10, fd: -1
03-21 20:46:38.321   625  2778 W libperfmgr: Failed to write to node: /proc/sys/kernel/sched_boost with value: 0, fd: -1
03-21 20:46:38.821   625  2778 W libperfmgr: Failed to write to node: /dev/stune/top-app/schedtune.boost with value: 10, fd: -1
03-21 20:46:38.821   625  2778 W libperfmgr: Failed to write to node: /proc/sys/kernel/sched_boost with value: 0, fd: -1
03-21 20:46:39.252   881  2016 I WifiHAL : feature_set=0x8488141a
03-21 20:46:39.252  1587  1927 I HalDevMgr: bestIfaceCreationProposal is null, requestIface=STA, existingIface=[name=wlan0 type=STA]
03-21 20:46:39.321   625  2778 W libperfmgr: Failed to write to node: /dev/stune/top-app/schedtune.boost with value: 10, fd: -1
03-21 20:46:39.322   625  2778 W libperfmgr: Failed to write to node: /proc/sys/kernel/sched_boost with value: 0, fd: -1
03-21 20:46:39.751   844 25937 I resolv  : GetAddrInfoHandler::run: {102 102 102 983142 10399 0}
03-21 20:46:39.752   844 25938 I resolv  : res_nmkquery: (QUERY, IN, A)
03-21 20:46:39.766   844 25938 I resolv  : res_nsend: used send_dg 43 terrno: 0
03-21 20:46:39.766   844 25938 I resolv  : doQuery: rcode=0, ancount=1, return value=43
03-21 20:46:39.790 24797 24797 I ReactNativeJNI: Error occurred, shutting down websocket connection: WebSocket exception unexpected end of stream on http://localhost:8081/...
03-21 20:46:39.822   625  2778 W libperfmgr: Failed to write to node: /dev/stune/top-app/schedtune.boost with value: 10, fd: -1
03-21 20:46:39.822   625  2778 W libperfmgr: Failed to write to node: /proc/sys/kernel/sched_boost with value: 0, fd: -1
03-21 20:46:40.322   625  2778 W libperfmgr: Failed to write to node: /dev/stune/top-app/schedtune.boost with value: 10, fd: -1
03-21 20:46:40.322   625  2778 W libperfmgr: Failed to write to node: /proc/sys/kernel/sched_boost with value: 0, fd: -1
03-21 20:46:40.822   625  2778 W libperfmgr: Failed to write to node: /dev/stune/top-app/schedtune.boost with value: 10, fd: -1
03-21 20:46:40.822   625  2778 W libperfmgr: Failed to write to node: /proc/sys/kernel/sched_boost with value: 0, fd: -1
03-21 20:46:41.323   625  2778 W libperfmgr: Failed to write to node: /dev/stune/top-app/schedtune.boost with value: 10, fd: -1
03-21 20:46:41.323   625  2778 W libperfmgr: Failed to write to node: /proc/sys/kernel/sched_boost with value: 0, fd: -1
03-21 20:46:41.604 25939 25939 W libbinder.BackendUnifiedServiceManager: Thread Pool max thread count is 0. Cannot cache binder as linkToDeath cannot be implemented. serviceName: deviceidle
03-21 20:46:41.623 25941 25941 W libbinder.BackendUnifiedServiceManager: Thread Pool max thread count is 0. Cannot cache binder as linkToDeath cannot be implemented. serviceName: battery
03-21 20:46:41.638 25943 25943 W libbinder.BackendUnifiedServiceManager: Thread Pool max thread count is 0. Cannot cache binder as linkToDeath cannot be implemented. serviceName: deviceidle
03-21 20:46:41.662 25946 25946 W libbinder.BackendUnifiedServiceManager: Thread Pool max thread count is 0. Cannot cache binder as linkToDeath cannot be implemented. serviceName: activity
03-21 20:46:41.716 25955 25955 W libbinder.BackendUnifiedServiceManager: Thread Pool max thread count is 0. Cannot cache binder as linkToDeath cannot be implemented. serviceName: battery
03-21 20:46:41.773   844 25964 I resolv  : GetAddrInfoHandler::run: {102 102 102 983142 10399 0}
03-21 20:46:41.774   844 25965 I resolv  : res_nmkquery: (QUERY, IN, A)
03-21 20:46:41.790   844 25965 I resolv  : res_nsend: used send_dg 43 terrno: 0
03-21 20:46:41.790   844 25965 I resolv  : doQuery: rcode=0, ancount=1, return value=43
03-21 20:46:41.797 24797 24797 I ReactNativeJNI: Error occurred, shutting down websocket connection: WebSocket exception unexpected end of stream on http://localhost:8081/...
03-21 20:46:41.823   625  2778 W libperfmgr: Failed to write to node: /dev/stune/top-app/schedtune.boost with value: 10, fd: -1
03-21 20:46:41.823   625  2778 W libperfmgr: Failed to write to node: /proc/sys/kernel/sched_boost with value: 0, fd: -1
03-21 20:46:42.266   881  2016 I WifiHAL : feature_set=0x8488141a
03-21 20:46:42.267  1587  1927 I HalDevMgr: bestIfaceCreationProposal is null, requestIface=STA, existingIface=[name=wlan0 type=STA]
03-21 20:46:42.323   625  2778 W libperfmgr: Failed to write to node: /dev/stune/top-app/schedtune.boost with value: 10, fd: -1
03-21 20:46:42.323   625  2778 W libperfmgr: Failed to write to node: /proc/sys/kernel/sched_boost with value: 0, fd: -1
03-21 20:46:42.823   625  2778 W libperfmgr: Failed to write to node: /dev/stune/top-app/schedtune.boost with value: 10, fd: -1
03-21 20:46:42.824   625  2778 W libperfmgr: Failed to write to node: /proc/sys/kernel/sched_boost with value: 0, fd: -1
03-21 20:46:43.324   625  2778 W libperfmgr: Failed to write to node: /dev/stune/top-app/schedtune.boost with value: 10, fd: -1
03-21 20:46:43.324   625  2778 W libperfmgr: Failed to write to node: /proc/sys/kernel/sched_boost with value: 0, fd: -1
03-21 20:46:43.805   844 25967 I resolv  : GetAddrInfoHandler::run: {102 102 102 983142 10399 0}
03-21 20:46:43.805   844 25968 I resolv  : GetAddrInfoHandler::run: {102 102 102 983142 10399 0}
03-21 20:46:43.806   844 25969 I resolv  : res_nmkquery: (QUERY, IN, A)
03-21 20:46:43.806   844 25970 I resolv  : res_nmkquery: (QUERY, IN, A)
03-21 20:46:43.806   844 25970 I resolv  : resolv_cache_lookup: Waiting for previous request
03-21 20:46:43.817   844 25969 I resolv  : res_nsend: used send_dg 43 terrno: 0
03-21 20:46:43.817   844 25969 I resolv  : doQuery: rcode=0, ancount=1, return value=43
03-21 20:46:43.822   844 25970 I resolv  : res_nsend: used send_dg 43 terrno: 0
03-21 20:46:43.822   844 25970 I resolv  : doQuery: rcode=0, ancount=1, return value=43
03-21 20:46:43.824   625  2778 W libperfmgr: Failed to write to node: /dev/stune/top-app/schedtune.boost with value: 10, fd: -1
03-21 20:46:43.824   625  2778 W libperfmgr: Failed to write to node: /proc/sys/kernel/sched_boost with value: 0, fd: -1
03-21 20:46:43.827 24797 24797 I ReactNativeJNI: Error occurred, shutting down websocket connection: WebSocket exception unexpected end of stream on http://localhost:8081/...
03-21 20:46:44.325   625  2778 W libperfmgr: Failed to write to node: /dev/stune/top-app/schedtune.boost with value: 10, fd: -1
03-21 20:46:44.325   625  2778 W libperfmgr: Failed to write to node: /proc/sys/kernel/sched_boost with value: 0, fd: -1
03-21 20:46:44.595  2458 24478 I AlarmManager: setExactAndAllowWhileIdle [name: GCM_HB_ALARM type: 2 triggerAtMillis: 14479540]
03-21 20:46:44.596  2458 24478 I AlarmManager: setExactAndAllowWhileIdle [name: GCM_HB_ALARM type: 2 triggerAtMillis: 14479541]
03-21 20:46:44.825   625  2778 W libperfmgr: Failed to write to node: /dev/stune/top-app/schedtune.boost with value: 10, fd: -1
03-21 20:46:44.825   625  2778 W libperfmgr: Failed to write to node: /proc/sys/kernel/sched_boost with value: 0, fd: -1
03-21 20:46:45.280   881  2016 I WifiHAL : feature_set=0x8488141a
03-21 20:46:45.281  1587  1927 I HalDevMgr: bestIfaceCreationProposal is null, requestIface=STA, existingIface=[name=wlan0 type=STA]
03-21 20:46:45.326   625  2778 W libperfmgr: Failed to write to node: /dev/stune/top-app/schedtune.boost with value: 10, fd: -1
03-21 20:46:45.326   625  2778 W libperfmgr: Failed to write to node: /proc/sys/kernel/sched_boost with value: 0, fd: -1
03-21 20:46:45.826   625  2778 W libperfmgr: Failed to write to node: /dev/stune/top-app/schedtune.boost with value: 10, fd: -1
03-21 20:46:45.826   625  2778 W libperfmgr: Failed to write to node: /proc/sys/kernel/sched_boost with value: 0, fd: -1
03-21 20:46:45.833   844 25972 I resolv  : GetAddrInfoHandler::run: {102 102 102 983142 10399 0}
03-21 20:46:45.835   844 25973 I resolv  : res_nmkquery: (QUERY, IN, A)
03-21 20:46:45.835   844 25974 I resolv  : GetAddrInfoHandler::run: {102 102 102 983142 10399 0}
03-21 20:46:45.836   844 25975 I resolv  : res_nmkquery: (QUERY, IN, A)
03-21 20:46:45.836   844 25975 I resolv  : resolv_cache_lookup: Waiting for previous request
03-21 20:46:45.843   844 25973 I resolv  : res_nsend: used send_dg 43 terrno: 0
03-21 20:46:45.843   844 25973 I resolv  : doQuery: rcode=0, ancount=1, return value=43
03-21 20:46:45.850 24797 24797 I ReactNativeJNI: Error occurred, shutting down websocket connection: WebSocket exception unexpected end of stream on http://localhost:8081/...
03-21 20:46:45.850   844 25975 I resolv  : res_nsend: used send_dg 43 terrno: 0
03-21 20:46:45.851   844 25975 I resolv  : doQuery: rcode=0, ancount=1, return value=43
03-21 20:46:46.326   625  2778 W libperfmgr: Failed to write to node: /dev/stune/top-app/schedtune.boost with value: 10, fd: -1
03-21 20:46:46.326   625  2778 W libperfmgr: Failed to write to node: /proc/sys/kernel/sched_boost with value: 0, fd: -1
03-21 20:46:46.355   852  1094 I hwcomposer: [DRMDEV] (0) failed to waitNextVsync: -1  
03-21 20:46:46.365   852  1094 I hwcomposer: [DRMDEV] (0) failed to waitNextVsync: -1  
03-21 20:46:46.377   852  1094 I hwcomposer: [DRMDEV] (0) failed to waitNextVsync: -1  
03-21 20:46:46.377   852   992 I hwcomposer: [HWCDisplay] [Display_0 (type:1)] fps:0.195435,dur:10233.56,max:10118.45,min:115.11  
03-21 20:46:46.522   852  1054 I hwcomposer: [HWC] (0)fire a callback of refresh to SF[4]  
03-21 20:46:46.527   625  2778 W libperfmgr: Failed to write to node: /dev/stune/top-app/schedtune.boost with value: 10, fd: -1
03-21 20:46:46.527   625  2778 W libperfmgr: Failed to write to node: /proc/sys/kernel/sched_boost with value: 0, fd: -1
03-21 20:46:46.603   625  2778 W libperfmgr: Failed to write to node: /dev/stune/top-app/schedtune.boost with value: 10, fd: -1
03-21 20:46:46.603   625  2778 W libperfmgr: Failed to write to node: /proc/sys/kernel/sched_boost with value: 0, fd: -1
03-21 20:46:47.104   625  2778 W libperfmgr: Failed to write to node: /dev/stune/top-app/schedtune.boost with value: 10, fd: -1
03-21 20:46:47.104   625  2778 W libperfmgr: Failed to write to node: /proc/sys/kernel/sched_boost with value: 0, fd: -1
03-21 20:46:47.605   625  2778 W libperfmgr: Failed to write to node: /dev/stune/top-app/schedtune.boost with value: 10, fd: -1
03-21 20:46:47.605   625  2778 W libperfmgr: Failed to write to node: /proc/sys/kernel/sched_boost with value: 0, fd: -1
03-21 20:46:47.859   844 25976 I resolv  : GetAddrInfoHandler::run: {102 102 102 983142 10399 0}
03-21 20:46:47.860   844 25977 I resolv  : GetAddrInfoHandler::run: {102 102 102 983142 10399 0}
03-21 20:46:47.860   844 25978 I resolv  : res_nmkquery: (QUERY, IN, A)
03-21 20:46:47.860   844 25979 I resolv  : res_nmkquery: (QUERY, IN, A)
03-21 20:46:47.860   844 25979 I resolv  : resolv_cache_lookup: Waiting for previous request
03-21 20:46:47.871   844 25978 I resolv  : res_nsend: used send_dg 43 terrno: 0
03-21 20:46:47.871   844 25978 I resolv  : doQuery: rcode=0, ancount=1, return value=43
03-21 20:46:47.876   844 25979 I resolv  : res_nsend: used send_dg 43 terrno: 0
03-21 20:46:47.876   844 25979 I resolv  : doQuery: rcode=0, ancount=1, return value=43
03-21 20:46:47.877 24797 24797 I ReactNativeJNI: Error occurred, shutting down websocket connection: WebSocket exception unexpected end of stream on http://localhost:8081/...
03-21 20:46:47.934 25980 25980 W libbinder.BackendUnifiedServiceManager: Thread Pool max thread count is 0. Cannot cache binder as linkToDeath cannot be implemented. serviceName: deviceidle
03-21 20:46:47.951 25982 25982 W libbinder.BackendUnifiedServiceManager: Thread Pool max thread count is 0. Cannot cache binder as linkToDeath cannot be implemented. serviceName: battery
03-21 20:46:47.967 25984 25984 W libbinder.BackendUnifiedServiceManager: Thread Pool max thread count is 0. Cannot cache binder as linkToDeath cannot be implemented. serviceName: deviceidle
03-21 20:46:47.992 25987 25987 W libbinder.BackendUnifiedServiceManager: Thread Pool max thread count is 0. Cannot cache binder as linkToDeath cannot be implemented. serviceName: activity
03-21 20:46:48.039 25996 25996 W libbinder.BackendUnifiedServiceManager: Thread Pool max thread count is 0. Cannot cache binder as linkToDeath cannot be implemented. serviceName: battery
03-21 20:46:48.105   625  2778 W libperfmgr: Failed to write to node: /dev/stune/top-app/schedtune.boost with value: 10, fd: -1
03-21 20:46:48.105   625  2778 W libperfmgr: Failed to write to node: /proc/sys/kernel/sched_boost with value: 0, fd: -1
03-21 20:46:48.287   881  2016 I WifiHAL : feature_set=0x8488141a
03-21 20:46:48.288  1587  1927 I HalDevMgr: bestIfaceCreationProposal is null, requestIface=STA, existingIface=[name=wlan0 type=STA]
03-21 20:46:48.605   625  2778 W libperfmgr: Failed to write to node: /dev/stune/top-app/schedtune.boost with value: 10, fd: -1
03-21 20:46:48.605   625  2778 W libperfmgr: Failed to write to node: /proc/sys/kernel/sched_boost with value: 0, fd: -1
03-21 20:46:49.106   625  2778 W libperfmgr: Failed to write to node: /dev/stune/top-app/schedtune.boost with value: 10, fd: -1
03-21 20:46:49.106   625  2778 W libperfmgr: Failed to write to node: /proc/sys/kernel/sched_boost with value: 0, fd: -1
03-21 20:46:49.606   625  2778 W libperfmgr: Failed to write to node: /dev/stune/top-app/schedtune.boost with value: 10, fd: -1
03-21 20:46:49.606   625  2778 W libperfmgr: Failed to write to node: /proc/sys/kernel/sched_boost with value: 0, fd: -1
03-21 20:46:49.883   844 26005 I resolv  : GetAddrInfoHandler::run: {102 102 102 983142 10399 0}
03-21 20:46:49.883   844 26006 I resolv  : res_nmkquery: (QUERY, IN, A)
03-21 20:46:49.887   844 26006 I resolv  : res_nsend: used send_dg 43 terrno: 0
03-21 20:46:49.887   844 26006 I resolv  : doQuery: rcode=0, ancount=1, return value=43
03-21 20:46:49.893 24797 24797 I ReactNativeJNI: Error occurred, shutting down websocket connection: WebSocket exception unexpected end of stream on http://localhost:8081/...
03-21 20:46:50.106   625  2778 W libperfmgr: Failed to write to node: /dev/stune/top-app/schedtune.boost with value: 10, fd: -1
03-21 20:46:50.106   625  2778 W libperfmgr: Failed to write to node: /proc/sys/kernel/sched_boost with value: 0, fd: -1
03-21 20:46:50.606   625  2778 W libperfmgr: Failed to write to node: /dev/stune/top-app/schedtune.boost with value: 10, fd: -1
03-21 20:46:50.606   625  2778 W libperfmgr: Failed to write to node: /proc/sys/kernel/sched_boost with value: 0, fd: -1
03-21 20:46:51.107   625  2778 W libperfmgr: Failed to write to node: /dev/stune/top-app/schedtune.boost with value: 10, fd: -1
03-21 20:46:51.107   625  2778 W libperfmgr: Failed to write to node: /proc/sys/kernel/sched_boost with value: 0, fd: -1
03-21 20:46:51.294   881  2016 I WifiHAL : feature_set=0x8488141a
03-21 20:46:51.295  1587  1927 I HalDevMgr: bestIfaceCreationProposal is null, requestIface=STA, existingIface=[name=wlan0 type=STA]
03-21 20:46:51.478   844   878 I netd    : networkAddUidRangesParcel(NativeUidRangeConfig{netId: 105, uidRanges: [UidRangeParcel{start: 0, stop: 2147483647}], subPriority: 999}) <0.34ms>
03-21 20:46:51.478   844   878 I netd    : networkRemoveUidRangesParcel(NativeUidRangeConfig{netId: 105, uidRanges: [UidRangeParcel{start: 0, stop: 2147483647}], subPriority: 999}) <0.26ms>
03-21 20:46:51.607   625  2778 W libperfmgr: Failed to write to node: /dev/stune/top-app/schedtune.boost with value: 10, fd: -1
03-21 20:46:51.607   625  2778 W libperfmgr: Failed to write to node: /proc/sys/kernel/sched_boost with value: 0, fd: -1
03-21 20:46:51.900   844 26007 I resolv  : GetAddrInfoHandler::run: {102 102 102 983142 10399 0}
03-21 20:46:51.901   844 26008 I resolv  : res_nmkquery: (QUERY, IN, A)
03-21 20:46:51.901   844 26009 I resolv  : GetAddrInfoHandler::run: {102 102 102 983142 10399 0}
03-21 20:46:51.902   844 26010 I resolv  : res_nmkquery: (QUERY, IN, A)
03-21 20:46:51.902   844 26010 I resolv  : resolv_cache_lookup: Waiting for previous request
03-21 20:46:51.912   844 26008 I resolv  : res_nsend: used send_dg 43 terrno: 0
03-21 20:46:51.912   844 26008 I resolv  : doQuery: rcode=0, ancount=1, return value=43
03-21 20:46:51.921   844 26010 I resolv  : res_nsend: used send_dg 43 terrno: 0
03-21 20:46:51.921   844 26010 I resolv  : doQuery: rcode=0, ancount=1, return value=43
03-21 20:46:51.927 24797 24797 I ReactNativeJNI: Error occurred, shutting down websocket connection: WebSocket exception unexpected end of stream on http://localhost:8081/...
03-21 20:46:51.983  2458 24325 I NearbySharing: Network state changed: NetworkState(isRestricted=false, isOnline=true, isCongested=false, isMetered=false, isWifiConnected=true)
03-21 20:46:52.107   625  2778 W libperfmgr: Failed to write to node: /dev/stune/top-app/schedtune.boost with value: 10, fd: -1
03-21 20:46:52.107   625  2778 W libperfmgr: Failed to write to node: /proc/sys/kernel/sched_boost with value: 0, fd: -1
03-21 20:46:52.608   625  2778 W libperfmgr: Failed to write to node: /dev/stune/top-app/schedtune.boost with value: 10, fd: -1
03-21 20:46:52.608   625  2778 W libperfmgr: Failed to write to node: /proc/sys/kernel/sched_boost with value: 0, fd: -1
03-21 20:46:53.108   625  2778 W libperfmgr: Failed to write to node: /dev/stune/top-app/schedtune.boost with value: 10, fd: -1
03-21 20:46:53.108   625  2778 W libperfmgr: Failed to write to node: /proc/sys/kernel/sched_boost with value: 0, fd: -1
03-21 20:46:53.220   852  1094 I hwcomposer: [DRMDEV] (0) failed to waitNextVsync: -1  
03-21 20:46:53.221  1587  1708 I DisplayPowerController[0]: BrightnessEvent: brt=8.54597E-4(5.0%), nits=3.4861262, lux=-1.0, reason=manual [ dim ], strat=FallbackBrightnessStrategy, state=ON, stateReason=DEFAULT_POLICY, policy=DIM, flags=, initBrt=1.0, rcmdBrt=NaN, preBrt=NaN, preLux=0.0, wasShortTermModelActive=false, autoBrightness=false (default), unclampedBrt=1.0, hbmMax=1.0, hbmMode=sunlight, thrmMax=1.0, rbcStrength=50, powerFactor=1.0, physDisp=Built-in Screen(local:4627039422300187648), logicalId=0, slowChange=false, rampSpeed=0.70472443
03-21 20:46:53.221   852  1094 I hwcomposer: [DRMDEV] (0) failed to waitNextVsync: -1  
03-21 20:46:53.608   625  2778 W libperfmgr: Failed to write to node: /dev/stune/top-app/schedtune.boost with value: 10, fd: -1
03-21 20:46:53.608   625  2778 W libperfmgr: Failed to write to node: /proc/sys/kernel/sched_boost with value: 0, fd: -1
03-21 20:46:53.923   844 26011 I resolv  : GetAddrInfoHandler::run: {102 102 102 983142 10399 0}
03-21 20:46:53.924   844 26012 I resolv  : res_nmkquery: (QUERY, IN, A)
03-21 20:46:53.932   844 26013 I resolv  : GetAddrInfoHandler::run: {102 102 102 983142 10399 0}
03-21 20:46:53.932   844 26014 I resolv  : res_nmkquery: (QUERY, IN, A)
03-21 20:46:53.932   844 26014 I resolv  : resolv_cache_lookup: Waiting for previous request
03-21 20:46:53.935   844 26012 I resolv  : res_nsend: used send_dg 43 terrno: 0
03-21 20:46:53.935   844 26012 I resolv  : doQuery: rcode=0, ancount=1, return value=43
03-21 20:46:53.940   844 26014 I resolv  : res_nsend: used send_dg 43 terrno: 0
03-21 20:46:53.941   844 26014 I resolv  : doQuery: rcode=0, ancount=1, return value=43
03-21 20:46:53.946 24797 24797 I ReactNativeJNI: Error occurred, shutting down websocket connection: WebSocket exception unexpected end of stream on http://localhost:8081/...
03-21 20:46:54.108   625  2778 W libperfmgr: Failed to write to node: /dev/stune/top-app/schedtune.boost with value: 10, fd: -1
03-21 20:46:54.108   625  2778 W libperfmgr: Failed to write to node: /proc/sys/kernel/sched_boost with value: 0, fd: -1
03-21 20:46:54.258 26015 26015 W libbinder.BackendUnifiedServiceManager: Thread Pool max thread count is 0. Cannot cache binder as linkToDeath cannot be implemented. serviceName: deviceidle
03-21 20:46:54.276 26017 26017 W libbinder.BackendUnifiedServiceManager: Thread Pool max thread count is 0. Cannot cache binder as linkToDeath cannot be implemented. serviceName: battery
03-21 20:46:54.291 26019 26019 W libbinder.BackendUnifiedServiceManager: Thread Pool max thread count is 0. Cannot cache binder as linkToDeath cannot be implemented. serviceName: deviceidle
03-21 20:46:54.302   881  2016 I WifiHAL : feature_set=0x8488141a
03-21 20:46:54.302  1587  1927 I HalDevMgr: bestIfaceCreationProposal is null, requestIface=STA, existingIface=[name=wlan0 type=STA]
03-21 20:46:54.316 26022 26022 W libbinder.BackendUnifiedServiceManager: Thread Pool max thread count is 0. Cannot cache binder as linkToDeath cannot be implemented. serviceName: activity
03-21 20:46:54.367 26031 26031 W libbinder.BackendUnifiedServiceManager: Thread Pool max thread count is 0. Cannot cache binder as linkToDeath cannot be implemented. serviceName: battery
03-21 20:46:54.609   625  2778 W libperfmgr: Failed to write to node: /dev/stune/top-app/schedtune.boost with value: 10, fd: -1
03-21 20:46:54.609   625  2778 W libperfmgr: Failed to write to node: /proc/sys/kernel/sched_boost with value: 0, fd: -1
03-21 20:46:55.109   625  2778 W libperfmgr: Failed to write to node: /dev/stune/top-app/schedtune.boost with value: 10, fd: -1
03-21 20:46:55.109   625  2778 W libperfmgr: Failed to write to node: /proc/sys/kernel/sched_boost with value: 0, fd: -1
03-21 20:46:55.278   852  1094 I hwcomposer: [DRMDEV] (0) failed to waitNextVsync: -1  
03-21 20:46:55.278  1587  1708 I DisplayPowerController[0]: BrightnessEvent: brt=1.0(100.0%), nits=700.0, lux=-1.0, reason=manual, strat=FallbackBrightnessStrategy, state=ON, stateReason=DEFAULT_POLICY, policy=BRIGHT, flags=, initBrt=8.54597E-4, rcmdBrt=NaN, preBrt=NaN, preLux=0.0, wasShortTermModelActive=false, autoBrightness=false (default), unclampedBrt=1.0, hbmMax=1.0, hbmMode=sunlight, thrmMax=1.0, rbcStrength=50, powerFactor=1.0, physDisp=Built-in Screen(local:4627039422300187648), logicalId=0, slowChange=false, rampSpeed=0.70472443
03-21 20:46:55.287   852  1094 I hwcomposer: [DRMDEV] (0) failed to waitNextVsync: -1  
03-21 20:46:55.299   852  1094 I hwcomposer: [DRMDEV] (0) failed to waitNextVsync: -1  
03-21 20:46:55.310   852  1094 I hwcomposer: [DRMDEV] (0) failed to waitNextVsync: -1  
03-21 20:46:55.321   852  1094 I hwcomposer: [DRMDEV] (0) failed to waitNextVsync: -1  
03-21 20:46:55.328  1587  1680 W libprocessgroup: SetCgroup::ExecuteForProcess: failed to open /dev/stune/top-app/cgroup.procs: No such file or directory
03-21 20:46:55.332   844   878 I netd    : tetherGetStats() -> {[]} <1.23ms>
03-21 20:46:55.360   852   992 I hwcomposer: [HWCDisplay] [Display_0 (type:1)] fps:0.222644,dur:8982.96,max:8827.64,min:155.32  
03-21 20:46:55.387   914   988 E surfaceflinger: == MALI DEBUG ===eglp_winsys_populate_image_templates ==12288
03-21 20:46:55.400   914   988 E surfaceflinger: == MALI DEBUG ===eglp_winsys_populate_image_templates ==12288
03-21 20:46:55.422   914   988 E surfaceflinger: == MALI DEBUG ===eglp_winsys_populate_image_templates ==12288
03-21 20:46:55.478   914   988 E surfaceflinger: == MALI DEBUG ===eglp_winsys_populate_image_templates ==12288
03-21 20:46:55.533   877   924 E Situation: processEvent, handle:26, flush_action:0
03-21 20:46:55.562  2034  2110 E QuickAccessWalletKeyguardQuickAffordanceConfig: Wallet card retrieval error, message: "null"
03-21 20:46:55.563  2034  2110 E QuickAccessWalletKeyguardQuickAffordanceConfig: Wallet card retrieval error, message: "null"
03-21 20:46:55.564  2034  2110 E QuickAccessWalletKeyguardQuickAffordanceConfig: Wallet card retrieval error, message: "null"
03-21 20:46:55.609   625  2778 W libperfmgr: Failed to write to node: /dev/stune/top-app/schedtune.boost with value: 10, fd: -1
03-21 20:46:55.609   625  2778 W libperfmgr: Failed to write to node: /proc/sys/kernel/sched_boost with value: 0, fd: -1
03-21 20:46:55.909  1587  1680 W libprocessgroup: SetCgroup::ExecuteForProcess: failed to open /dev/stune/top-app/cgroup.procs: No such file or directory
03-21 20:46:55.928   625  2778 W libperfmgr: Failed to write to node: /dev/stune/top-app/schedtune.boost with value: 50, fd: -1
03-21 20:46:55.929   625  2778 W libperfmgr: Failed to write to node: /proc/sys/kernel/sched_boost with value: 2, fd: -1
03-21 20:46:55.930  2034  2034 E NotifRow: Magnetic state changed from IDLE to IDLE on a null swiped listener, or the logging key of the listener is null
03-21 20:46:55.936  1151  1151 W android.hardwar: type=1400 audit(0.0:1418): avc:  denied  { read } for  name="u:object_r:system_prop:s0" dev="tmpfs" ino=9216 scontext=u:r:hal_fingerprint_default:s0 tcontext=u:object_r:system_prop:s0 tclass=file permissive=0
03-21 20:46:55.939  1151  1333 E [GF_HAL][gf_hal_milan]: [hal_milan_invoke_command] err=GF_SUCCESS, errno=0. reset g_hal_over_current_count to 0!
03-21 20:46:55.939  1151  1333 I [GF_HAL][gf_hal_milan]: [irq_pre_process] irq_type=[GF_IRQ_FINGER_DOWN_MASK], irq_type=0x0002
03-21 20:46:55.940  1151  1333 W libc    : Access denied finding property "sys.fp.miui.token"
03-21 20:46:55.940  1587  1910 I ImeTracker: com.rnat:3fe88815: onRequestHide at ORIGIN_SERVER reason HIDE_SAME_WINDOW_FOCUSED_WITHOUT_EDITOR fromUser false
03-21 20:46:55.941 24797 24797 I ImeTracker: com.rnat:3fe88815: onCancelled at PHASE_CLIENT_ALREADY_HIDDEN
03-21 20:46:55.942  3073  3073 I GoogleInputMethodService: GoogleInputMethodService.onFinishInput():2114 
03-21 20:46:55.942  3073  3073 I Module  : DeviceLockedStatusModuleProvider$Module.updateDeviceLockedStatus():103 repeatCheckTimes = 0, locked = false
03-21 20:46:55.943  3073  3073 I GoogleInputMethodService: GoogleInputMethodService.onStartInput():1385 onStartInput(EditorInfo{EditorInfo{packageName=com.rnat, inputType=0, inputTypeString=NULL, enableLearning=false, autoCorrection=false, autoComplete=false, imeOptions=0, privateImeOptions=null, actionName=UNSPECIFIED, actionLabel=null, initialSelStart=-1, initialSelEnd=-1, initialCapsMode=0, label=null, fieldId=0, fieldName=null, extras=null, hintText=null, hintLocales=[]}}, false)
03-21 20:46:55.943  3073  3073 I AndroidIME: LatinIMEBase.updateInputViewCoverNavigation():314 Update input view padding, extendsTouchBelowSpace=true, bottom inset=126
03-21 20:46:55.944  3073  3073 I Module  : DeviceLockedStatusModuleProvider$Module.updateDeviceLockedStatus():103 repeatCheckTimes = 1, locked = false
03-21 20:46:55.945  1587  8904 W PackageConfigPersister: App-specific configuration not found for packageName: com.rnat and userId: 0
03-21 20:46:55.951   844 26042 I resolv  : GetAddrInfoHandler::run: {102 102 102 983142 10399 0}
03-21 20:46:55.951   844 26043 I resolv  : res_nmkquery: (QUERY, IN, A)
03-21 20:46:55.953   844 26044 I resolv  : GetAddrInfoHandler::run: {102 102 102 983142 10399 0}
03-21 20:46:55.953   844 26045 I resolv  : res_nmkquery: (QUERY, IN, A)
03-21 20:46:55.953   844 26045 I resolv  : resolv_cache_lookup: Waiting for previous request
03-21 20:46:55.959   844 26043 I resolv  : res_nsend: used send_dg 43 terrno: 0
03-21 20:46:55.959   844 26043 I resolv  : doQuery: rcode=0, ancount=1, return value=43
03-21 20:46:55.964   844 26045 I resolv  : res_nsend: used send_dg 43 terrno: 0
03-21 20:46:55.964   844 26045 I resolv  : doQuery: rcode=0, ancount=1, return value=43
03-21 20:46:55.971 24797 24797 I ReactNativeJNI: Error occurred, shutting down websocket connection: WebSocket exception unexpected end of stream on http://localhost:8081/...
03-21 20:46:56.042   852  1054 I hwcomposer: [HWC] (0)fire a callback of refresh to SF[4]  
03-21 20:46:56.047   625  2778 W libperfmgr: Failed to write to node: /dev/stune/top-app/schedtune.boost with value: 50, fd: -1
03-21 20:46:56.047   625  2778 W libperfmgr: Failed to write to node: /proc/sys/kernel/sched_boost with value: 2, fd: -1
03-21 20:46:56.123   625  2778 W libperfmgr: Failed to write to node: /dev/stune/top-app/schedtune.boost with value: 50, fd: -1
03-21 20:46:56.123   625  2778 W libperfmgr: Failed to write to node: /proc/sys/kernel/sched_boost with value: 2, fd: -1
03-21 20:46:56.178   625  2778 W libperfmgr: Failed to write to node: /dev/stune/top-app/schedtune.boost with value: 10, fd: -1
03-21 20:46:56.178   625  2778 W libperfmgr: Failed to write to node: /proc/sys/kernel/sched_boost with value: 0, fd: -1
03-21 20:46:56.326  1151  1333 E [GF_HAL][gf_hal_milan]: [hal_milan_invoke_command] err=GF_SUCCESS, errno=0. reset g_hal_over_current_count to 0!
03-21 20:46:56.326  1151  1333 I [GF_HAL][gf_hal_milan]: [irq_pre_process] irq_type=[GF_IRQ_FINGER_UP_MASK], irq_type=0x0004
03-21 20:46:56.326  1151  1333 W libc    : Access denied finding property "sys.fp.miui.token"
03-21 20:46:56.324  1151  1151 W android.hardwar: type=1400 audit(0.0:1419): avc:  denied  { read } for  name="u:object_r:system_prop:s0" dev="tmpfs" ino=9216 scontext=u:r:hal_fingerprint_default:s0 tcontext=u:object_r:system_prop:s0 tclass=file permissive=0
03-21 20:46:56.429   625  2778 W libperfmgr: Failed to write to node: /dev/stune/top-app/schedtune.boost with value: 50, fd: -1
03-21 20:46:56.429   625  2778 W libperfmgr: Failed to write to node: /proc/sys/kernel/sched_boost with value: 2, fd: -1
03-21 20:46:56.429  2437  2437 I RotationButtonController: onRotationProposal(rotation=1)
03-21 20:46:56.433  1151  1333 E [GF_HAL][gf_hal_milan]: [hal_milan_invoke_command] err=GF_SUCCESS, errno=0. reset g_hal_over_current_count to 0!
03-21 20:46:56.433  1151  1333 I [GF_HAL][gf_hal_milan]: [irq_pre_process] irq_type=[GF_IRQ_FINGER_DOWN_MASK], irq_type=0x0002
03-21 20:46:56.433  1151  1333 W libc    : Access denied finding property "sys.fp.miui.token"
03-21 20:46:56.428  1151  1151 W android.hardwar: type=1400 audit(0.0:1420): avc:  denied  { read } for  name="u:object_r:system_prop:s0" dev="tmpfs" ino=9216 scontext=u:r:hal_fingerprint_default:s0 tcontext=u:object_r:system_prop:s0 tclass=file permissive=0
03-21 20:46:56.446   914   988 E surfaceflinger: == MALI DEBUG ===eglp_winsys_populate_image_templates ==12288
03-21 20:46:56.448   852   992 I hwcomposer: [HWCDisplay] [Display_0 (type:1)] fps:40.428097,dur:1088.35,max:398.98,min:10.78  
03-21 20:46:56.452   914   988 E surfaceflinger: == MALI DEBUG ===eglp_winsys_populate_image_templates ==12288
03-21 20:46:56.468   914   988 E surfaceflinger: == MALI DEBUG ===eglp_winsys_populate_image_templates ==12288
03-21 20:46:56.477   914   988 E surfaceflinger: == MALI DEBUG ===eglp_winsys_populate_image_templates ==12288
03-21 20:46:56.579   625  2778 W libperfmgr: Failed to write to node: /dev/stune/top-app/schedtune.boost with value: 10, fd: -1
03-21 20:46:56.579   625  2778 W libperfmgr: Failed to write to node: /proc/sys/kernel/sched_boost with value: 0, fd: -1
03-21 20:46:56.661  1151  1333 E [GF_HAL][gf_hal_milan]: [hal_milan_invoke_command] err=GF_SUCCESS, errno=0. reset g_hal_over_current_count to 0!
03-21 20:46:56.661  1151  1333 I [GF_HAL][gf_hal_milan]: [irq_pre_process] irq_type=[GF_IRQ_FINGER_UP_MASK], irq_type=0x0004
03-21 20:46:56.661  1151  1333 W libc    : Access denied finding property "sys.fp.miui.token"
03-21 20:46:56.656  1151  1151 W android.hardwar: type=1400 audit(0.0:1421): avc:  denied  { read } for  name="u:object_r:system_prop:s0" dev="tmpfs" ino=9216 scontext=u:r:hal_fingerprint_default:s0 tcontext=u:object_r:system_prop:s0 tclass=file permissive=0
03-21 20:46:56.931  1587  1680 W libprocessgroup: SetCgroup::ExecuteForProcess: failed to open /dev/stune/top-app/cgroup.procs: No such file or directory
03-21 20:46:56.982   914   988 E surfaceflinger: == MALI DEBUG ===eglp_winsys_populate_image_templates ==12288
03-21 20:46:56.988   625  2778 W libperfmgr: Failed to write to node: /dev/stune/top-app/schedtune.boost with value: 50, fd: -1
03-21 20:46:56.988   625  2778 W libperfmgr: Failed to write to node: /proc/sys/kernel/sched_boost with value: 2, fd: -1
03-21 20:46:56.996   914   988 E surfaceflinger: == MALI DEBUG ===eglp_winsys_populate_image_templates ==12288
03-21 20:46:57.009   914   988 E surfaceflinger: == MALI DEBUG ===eglp_winsys_populate_image_templates ==12288
03-21 20:46:57.056   914   988 E surfaceflinger: == MALI DEBUG ===eglp_winsys_populate_image_templates ==12288
03-21 20:46:57.125  2034  2110 E QuickAccessWalletKeyguardQuickAffordanceConfig: Wallet card retrieval error, message: "null"
03-21 20:46:57.126  2034  2110 E QuickAccessWalletKeyguardQuickAffordanceConfig: Wallet card retrieval error, message: "null"
03-21 20:46:57.126  2034  2110 E QuickAccessWalletKeyguardQuickAffordanceConfig: Wallet card retrieval error, message: "null"
03-21 20:46:57.239   625  2778 W libperfmgr: Failed to write to node: /dev/stune/top-app/schedtune.boost with value: 10, fd: -1
03-21 20:46:57.239   625  2778 W libperfmgr: Failed to write to node: /proc/sys/kernel/sched_boost with value: 0, fd: -1
03-21 20:46:57.317   881  2016 I WifiHAL : feature_set=0x8488141a
03-21 20:46:57.318  1587  1927 I HalDevMgr: bestIfaceCreationProposal is null, requestIface=STA, existingIface=[name=wlan0 type=STA]
03-21 20:46:57.459   852   992 I hwcomposer: [HWCDisplay] [Display_0 (type:1)] fps:90.021828,dur:1010.87,max:11.29,min:10.85  
03-21 20:46:57.739   625  2778 W libperfmgr: Failed to write to node: /dev/stune/top-app/schedtune.boost with value: 10, fd: -1
03-21 20:46:57.739   625  2778 W libperfmgr: Failed to write to node: /proc/sys/kernel/sched_boost with value: 0, fd: -1
03-21 20:46:57.973   844 26049 I resolv  : GetAddrInfoHandler::run: {102 102 102 983142 10399 0}
03-21 20:46:57.974   844 26050 I resolv  : res_nmkquery: (QUERY, IN, A)
03-21 20:46:57.978   844 26051 I resolv  : GetAddrInfoHandler::run: {102 102 102 983142 10399 0}
03-21 20:46:57.978   844 26052 I resolv  : res_nmkquery: (QUERY, IN, A)
03-21 20:46:57.978   844 26052 I resolv  : resolv_cache_lookup: Waiting for previous request
03-21 20:46:57.985   844 26050 I resolv  : res_nsend: used send_dg 43 terrno: 0
03-21 20:46:57.985   844 26050 I resolv  : doQuery: rcode=0, ancount=1, return value=43
03-21 20:46:57.989   844 26052 I resolv  : res_nsend: used send_dg 43 terrno: 0
03-21 20:46:57.989   844 26052 I resolv  : doQuery: rcode=0, ancount=1, return value=43
03-21 20:46:57.989   625  2778 W libperfmgr: Failed to write to node: /dev/stune/top-app/schedtune.boost with value: 50, fd: -1
03-21 20:46:57.989   625  2778 W libperfmgr: Failed to write to node: /proc/sys/kernel/sched_boost with value: 2, fd: -1
03-21 20:46:57.994 24797 24797 I ReactNativeJNI: Error occurred, shutting down websocket connection: WebSocket exception unexpected end of stream on http://localhost:8081/...
03-21 20:46:58.167  1587  1680 W libprocessgroup: SetCgroup::ExecuteForProcess: failed to open /dev/stune/top-app/cgroup.procs: No such file or directory
03-21 20:46:58.172  2034  2034 E NotifRow: Magnetic state changed from IDLE to IDLE on a null swiped listener, or the logging key of the listener is null
03-21 20:46:58.187   844   878 I netd    : tetherGetStats() -> {[]} <1.03ms>
03-21 20:46:58.194  1587  1910 I ImeTracker: com.rnat:c5b47c62: onRequestHide at ORIGIN_SERVER reason HIDE_SAME_WINDOW_FOCUSED_WITHOUT_EDITOR fromUser false
03-21 20:46:58.195 24797 24797 I ImeTracker: com.rnat:c5b47c62: onCancelled at PHASE_CLIENT_ALREADY_HIDDEN
03-21 20:46:58.195  3073  3073 I GoogleInputMethodService: GoogleInputMethodService.onFinishInput():2114 
03-21 20:46:58.196  3073  3073 I Module  : DeviceLockedStatusModuleProvider$Module.updateDeviceLockedStatus():103 repeatCheckTimes = 0, locked = false
03-21 20:46:58.196  3073  3073 I GoogleInputMethodService: GoogleInputMethodService.onStartInput():1385 onStartInput(EditorInfo{EditorInfo{packageName=com.rnat, inputType=0, inputTypeString=NULL, enableLearning=false, autoCorrection=false, autoComplete=false, imeOptions=0, privateImeOptions=null, actionName=UNSPECIFIED, actionLabel=null, initialSelStart=-1, initialSelEnd=-1, initialCapsMode=0, label=null, fieldId=0, fieldName=null, extras=null, hintText=null, hintLocales=[]}}, false)
03-21 20:46:58.196  3073  3073 I AndroidIME: LatinIMEBase.updateInputViewCoverNavigation():314 Update input view padding, extendsTouchBelowSpace=true, bottom inset=126
03-21 20:46:58.196  3073  3073 I Module  : DeviceLockedStatusModuleProvider$Module.updateDeviceLockedStatus():103 repeatCheckTimes = 1, locked = false
03-21 20:46:58.197  1587  3034 W PackageConfigPersister: App-specific configuration not found for packageName: com.rnat and userId: 0
03-21 20:46:58.240   625  2778 W libperfmgr: Failed to write to node: /dev/stune/top-app/schedtune.boost with value: 10, fd: -1
03-21 20:46:58.240   625  2778 W libperfmgr: Failed to write to node: /proc/sys/kernel/sched_boost with value: 0, fd: -1
03-21 20:46:58.470   852   992 I hwcomposer: [HWCDisplay] [Display_0 (type:1)] fps:89.033379,dur:1010.86,max:22.18,min:10.94  
03-21 20:46:58.740   625  2778 W libperfmgr: Failed to write to node: /dev/stune/top-app/schedtune.boost with value: 10, fd: -1
03-21 20:46:58.740   625  2778 W libperfmgr: Failed to write to node: /proc/sys/kernel/sched_boost with value: 0, fd: -1
03-21 20:46:59.240   625  2778 W libperfmgr: Failed to write to node: /dev/stune/top-app/schedtune.boost with value: 10, fd: -1
03-21 20:46:59.240   625  2778 W libperfmgr: Failed to write to node: /proc/sys/kernel/sched_boost with value: 0, fd: -1
03-21 20:46:59.480   852   992 I hwcomposer: [HWCDisplay] [Display_0 (type:1)] fps:90.028267,dur:1010.79,max:11.23,min:10.97  
03-21 20:46:59.740   625  2778 W libperfmgr: Failed to write to node: /dev/stune/top-app/schedtune.boost with value: 10, fd: -1
03-21 20:46:59.740   625  2778 W libperfmgr: Failed to write to node: /proc/sys/kernel/sched_boost with value: 0, fd: -1
03-21 20:46:59.997   844 26053 I resolv  : GetAddrInfoHandler::run: {102 102 102 983142 10399 0}
03-21 20:46:59.999   844 26054 I resolv  : res_nmkquery: (QUERY, IN, A)
03-21 20:47:00.001   844 26055 I resolv  : GetAddrInfoHandler::run: {102 102 102 983142 10399 0}
03-21 20:47:00.002   844 26056 I resolv  : res_nmkquery: (QUERY, IN, A)
03-21 20:47:00.002   844 26056 I resolv  : resolv_cache_lookup: Waiting for previous request
03-21 20:47:00.011   844 26054 I resolv  : res_nsend: used send_dg 43 terrno: 0
03-21 20:47:00.011   844 26054 I resolv  : doQuery: rcode=0, ancount=1, return value=43
03-21 20:47:00.016   844 26056 I resolv  : res_nsend: used send_dg 43 terrno: 0
03-21 20:47:00.016   844 26056 I resolv  : doQuery: rcode=0, ancount=1, return value=43
03-21 20:47:00.022 24797 24797 I ReactNativeJNI: Error occurred, shutting down websocket connection: WebSocket exception unexpected end of stream on http://localhost:8081/...
03-21 20:47:00.241   625  2778 W libperfmgr: Failed to write to node: /dev/stune/top-app/schedtune.boost with value: 10, fd: -1
03-21 20:47:00.241   625  2778 W libperfmgr: Failed to write to node: /proc/sys/kernel/sched_boost with value: 0, fd: -1
03-21 20:47:00.327   881  2016 I WifiHAL : feature_set=0x8488141a
03-21 20:47:00.328  1587  1927 I HalDevMgr: bestIfaceCreationProposal is null, requestIface=STA, existingIface=[name=wlan0 type=STA]
03-21 20:47:00.491   852   992 I hwcomposer: [HWCDisplay] [Display_0 (type:1)] fps:89.040306,dur:1010.78,max:22.26,min:10.98  
03-21 20:47:00.583 26057 26057 W libbinder.BackendUnifiedServiceManager: Thread Pool max thread count is 0. Cannot cache binder as linkToDeath cannot be implemented. serviceName: deviceidle
03-21 20:47:00.600 26059 26059 W libbinder.BackendUnifiedServiceManager: Thread Pool max thread count is 0. Cannot cache binder as linkToDeath cannot be implemented. serviceName: battery
03-21 20:47:00.627 26061 26061 W libbinder.BackendUnifiedServiceManager: Thread Pool max thread count is 0. Cannot cache binder as linkToDeath cannot be implemented. serviceName: deviceidle
03-21 20:47:00.658 26064 26064 W libbinder.BackendUnifiedServiceManager: Thread Pool max thread count is 0. Cannot cache binder as linkToDeath cannot be implemented. serviceName: activity
03-21 20:47:00.710 26073 26073 W libbinder.BackendUnifiedServiceManager: Thread Pool max thread count is 0. Cannot cache binder as linkToDeath cannot be implemented. serviceName: battery
03-21 20:47:00.741   625  2778 W libperfmgr: Failed to write to node: /dev/stune/top-app/schedtune.boost with value: 10, fd: -1
03-21 20:47:00.741   625  2778 W libperfmgr: Failed to write to node: /proc/sys/kernel/sched_boost with value: 0, fd: -1
03-21 20:47:00.886   852  1054 I hwcomposer: [HWC] (0)fire a callback of refresh to SF[4]  
03-21 20:47:00.900   625  2778 W libperfmgr: Failed to write to node: /dev/stune/top-app/schedtune.boost with value: 10, fd: -1
03-21 20:47:00.900   625  2778 W libperfmgr: Failed to write to node: /proc/sys/kernel/sched_boost with value: 0, fd: -1
03-21 20:47:00.967   625  2778 W libperfmgr: Failed to write to node: /dev/stune/top-app/schedtune.boost with value: 10, fd: -1
03-21 20:47:00.968   625  2778 W libperfmgr: Failed to write to node: /proc/sys/kernel/sched_boost with value: 0, fd: -1
03-21 20:47:01.468   625  2778 W libperfmgr: Failed to write to node: /dev/stune/top-app/schedtune.boost with value: 10, fd: -1
03-21 20:47:01.468   625  2778 W libperfmgr: Failed to write to node: /proc/sys/kernel/sched_boost with value: 0, fd: -1
03-21 20:47:01.502   852   992 I hwcomposer: [HWCDisplay] [Display_0 (type:1)] fps:33.634216,dur:1010.88,max:575.72,min:10.98  
03-21 20:47:01.598   852  1054 I hwcomposer: [HWC] (0)fire a callback of refresh to SF[4]  
03-21 20:47:01.611   625  2778 W libperfmgr: Failed to write to node: /dev/stune/top-app/schedtune.boost with value: 10, fd: -1
03-21 20:47:01.611   625  2778 W libperfmgr: Failed to write to node: /proc/sys/kernel/sched_boost with value: 0, fd: -1
03-21 20:47:01.679   625  2778 W libperfmgr: Failed to write to node: /dev/stune/top-app/schedtune.boost with value: 10, fd: -1
03-21 20:47:01.679   625  2778 W libperfmgr: Failed to write to node: /proc/sys/kernel/sched_boost with value: 0, fd: -1
03-21 20:47:02.021   844 26085 I resolv  : GetAddrInfoHandler::run: {102 102 102 983142 10399 0}
03-21 20:47:02.022   844 26086 I resolv  : res_nmkquery: (QUERY, IN, A)
03-21 20:47:02.026   844 26087 I resolv  : GetAddrInfoHandler::run: {102 102 102 983142 10399 0}
03-21 20:47:02.026   844 26088 I resolv  : res_nmkquery: (QUERY, IN, A)
03-21 20:47:02.026   844 26088 I resolv  : resolv_cache_lookup: Waiting for previous request
03-21 20:47:02.035   844 26086 I resolv  : res_nsend: used send_dg 43 terrno: 0
03-21 20:47:02.035   844 26086 I resolv  : doQuery: rcode=0, ancount=1, return value=43
03-21 20:47:02.045   844 26088 I resolv  : res_nsend: used send_dg 43 terrno: 0
03-21 20:47:02.045   844 26088 I resolv  : doQuery: rcode=0, ancount=1, return value=43
03-21 20:47:02.051 24797 24797 I ReactNativeJNI: Error occurred, shutting down websocket connection: WebSocket exception unexpected end of stream on http://localhost:8081/...
03-21 20:47:02.180   625  2778 W libperfmgr: Failed to write to node: /dev/stune/top-app/schedtune.boost with value: 10, fd: -1
03-21 20:47:02.180   625  2778 W libperfmgr: Failed to write to node: /proc/sys/kernel/sched_boost with value: 0, fd: -1
03-21 20:47:02.681   625  2778 W libperfmgr: Failed to write to node: /dev/stune/top-app/schedtune.boost with value: 10, fd: -1
03-21 20:47:02.681   625  2778 W libperfmgr: Failed to write to node: /proc/sys/kernel/sched_boost with value: 0, fd: -1
03-21 20:47:03.181   625  2778 W libperfmgr: Failed to write to node: /dev/stune/top-app/schedtune.boost with value: 10, fd: -1
03-21 20:47:03.181   625  2778 W libperfmgr: Failed to write to node: /proc/sys/kernel/sched_boost with value: 0, fd: -1
03-21 20:47:03.294   852  1094 I hwcomposer: [DRMDEV] (0) failed to waitNextVsync: -1  
03-21 20:47:03.299   852  1094 I hwcomposer: [DRMDEV] (0) failed to waitNextVsync: -1  
03-21 20:47:03.310   852  1094 I hwcomposer: [DRMDEV] (0) failed to waitNextVsync: -1  
03-21 20:47:03.321   852   992 I hwcomposer: [HWCDisplay] [Display_0 (type:1)] fps:2.749206,dur:1818.71,max:1704.51,min:11.08  
03-21 20:47:03.322   852  1094 I hwcomposer: [DRMDEV] (0) failed to waitNextVsync: -1  
03-21 20:47:03.341   844   878 I netd    : networkAddUidRangesParcel(NativeUidRangeConfig{netId: 102, uidRanges: [UidRangeParcel{start: 0, stop: 2147483647}], subPriority: 998}) <1.40ms>
03-21 20:47:03.341   881  2016 I WifiHAL : feature_set=0x8488141a
03-21 20:47:03.342  1587  1927 I HalDevMgr: bestIfaceCreationProposal is null, requestIface=STA, existingIface=[name=wlan0 type=STA]
03-21 20:47:03.342   844   878 I netd    : networkRemoveUidRangesParcel(NativeUidRangeConfig{netId: 102, uidRanges: [UidRangeParcel{start: 0, stop: 2147483647}], subPriority: 998}) <1.23ms>
03-21 20:47:03.368  2458 19816 I NullBinder: NullBinder for android.net.action.RECOMMEND_NETWORKS triggering remote TransactionTooLargeException due to Service without Chimera impl, calling uid: 1000, calling pid: 0
03-21 20:47:03.368  2458 19816 W libbinder.Binder: Large reply transaction of 1056768 bytes, interface descriptor , code 1, flags 17
03-21 20:47:03.462   852  1054 I hwcomposer: [HWC] (0)fire a callback of refresh to SF[4]  
03-21 20:47:03.466   625  2778 W libperfmgr: Failed to write to node: /dev/stune/top-app/schedtune.boost with value: 10, fd: -1
03-21 20:47:03.466   625  2778 W libperfmgr: Failed to write to node: /proc/sys/kernel/sched_boost with value: 0, fd: -1
03-21 20:47:03.543   625  2778 W libperfmgr: Failed to write to node: /dev/stune/top-app/schedtune.boost with value: 10, fd: -1
03-21 20:47:03.543   625  2778 W libperfmgr: Failed to write to node: /proc/sys/kernel/sched_boost with value: 0, fd: -1
03-21 20:47:03.856  2458 24325 I NearbySharing: Network state changed: NetworkState(isRestricted=false, isOnline=true, isCongested=false, isMetered=false, isWifiConnected=true)
03-21 20:47:04.044   625  2778 W libperfmgr: Failed to write to node: /dev/stune/top-app/schedtune.boost with value: 10, fd: -1
03-21 20:47:04.044   625  2778 W libperfmgr: Failed to write to node: /proc/sys/kernel/sched_boost with value: 0, fd: -1
03-21 20:47:04.056   844 26089 I resolv  : GetAddrInfoHandler::run: {102 102 102 983142 10399 0}
03-21 20:47:04.057   844 26090 I resolv  : res_nmkquery: (QUERY, IN, A)
03-21 20:47:04.067   844 26090 I resolv  : res_nsend: used send_dg 43 terrno: 0
03-21 20:47:04.067   844 26090 I resolv  : doQuery: rcode=0, ancount=1, return value=43
03-21 20:47:04.073 24797 24797 I ReactNativeJNI: Error occurred, shutting down websocket connection: WebSocket exception unexpected end of stream on http://localhost:8081/...
03-21 20:47:04.253 24797 24797 W unknown:ReactRootView: Unable to dispatch touch to JS as the catalyst instance has not been attached
03-21 20:47:04.253 24797 24797 W unknown:ReactRootView: Unable to dispatch touch to JS as the catalyst instance has not been attached
03-21 20:47:04.253 24797 24797 W unknown:ReactRootView: Unable to dispatch touch to JS as the catalyst instance has not been attached
03-21 20:47:04.253 24797 24797 W unknown:ReactRootView: Unable to dispatch touch to JS as the catalyst instance has not been attached
03-21 20:47:04.256   852  1094 I hwcomposer: [DRMDEV] (0) failed to waitNextVsync: -1  
03-21 20:47:04.260  1587  7856 I InputDispatcher: Channel [Gesture Monitor] edge-swipe is stealing input gesture for device 4 from [42d868c com.rnat/com.rnat.MainActivity, [Gesture Monitor] swipe-up]
03-21 20:47:04.261 24797 24797 W unknown:ReactRootView: Unable to dispatch touch to JS as the catalyst instance has not been attached
03-21 20:47:04.261 24797 24797 W unknown:ReactRootView: Unable to dispatch touch to JS as the catalyst instance has not been attached
03-21 20:47:04.265   852  1094 I hwcomposer: [DRMDEV] (0) failed to waitNextVsync: -1  
03-21 20:47:04.276   852  1094 I hwcomposer: [DRMDEV] (0) failed to waitNextVsync: -1  
03-21 20:47:04.291   914   988 E surfaceflinger: == MALI DEBUG ===eglp_winsys_populate_image_templates ==12288
03-21 20:47:04.296   914   988 E surfaceflinger: == MALI DEBUG ===eglp_winsys_populate_image_templates ==12288
03-21 20:47:04.312   914   988 E surfaceflinger: == MALI DEBUG ===eglp_winsys_populate_image_templates ==12288
03-21 20:47:04.319   914   988 E surfaceflinger: == MALI DEBUG ===eglp_winsys_populate_image_templates ==12288
03-21 20:47:04.323   852   992 I hwcomposer: [HWCDisplay] [Display_0 (type:1)] fps:6.982208,dur:1002.55,max:807.62,min:8.40  
03-21 20:47:04.544   625  2778 W libperfmgr: Failed to write to node: /dev/stune/top-app/schedtune.boost with value: 10, fd: -1
03-21 20:47:04.544   625  2778 W libperfmgr: Failed to write to node: /proc/sys/kernel/sched_boost with value: 0, fd: -1
03-21 20:47:04.586   852  1054 I hwcomposer: [HWC] (0)fire a callback of refresh to SF[4]  
03-21 20:47:04.600   625  2778 W libperfmgr: Failed to write to node: /dev/stune/top-app/schedtune.boost with value: 10, fd: -1
03-21 20:47:04.600   625  2778 W libperfmgr: Failed to write to node: /proc/sys/kernel/sched_boost with value: 0, fd: -1
03-21 20:47:04.633   625  2778 W libperfmgr: Failed to write to node: /dev/stune/top-app/schedtune.boost with value: 10, fd: -1
03-21 20:47:04.634   625  2778 W libperfmgr: Failed to write to node: /proc/sys/kernel/sched_boost with value: 0, fd: -1
03-21 20:47:04.760   625  2778 W libperfmgr: Failed to write to node: /dev/stune/top-app/schedtune.boost with value: 50, fd: -1
03-21 20:47:04.760   625  2778 W libperfmgr: Failed to write to node: /proc/sys/kernel/sched_boost with value: 2, fd: -1
03-21 20:47:04.762  3073  3073 I StylusModule: StylusModule.onUpdateToolType():774 Update tool type = 0
03-21 20:47:04.765 24797 24797 W unknown:ReactInstanceManager: Instance detached from instance manager
03-21 20:47:04.772   877   877 I Accelerometer: batch: handle:0, flag:0,samplingPeriodNs:80000000 maxBatchReportLatencyNs:2000000000
03-21 20:47:04.787  1587  1680 W libprocessgroup: SetCgroup::ExecuteForProcess: failed to open /dev/stune/top-app/cgroup.procs: No such file or directory
03-21 20:47:04.788  1587  1680 W libprocessgroup: SetCgroup::ExecuteForProcess: failed to open /dev/stune/background/cgroup.procs: No such file or directory
03-21 20:47:04.791   844   878 I netd    : tetherGetStats() -> {[]} <1.16ms>
03-21 20:47:04.792  1587  1866 E AlarmManager: Attempt to decrement existing alarm count 0 by 1 for uid 1000
03-21 20:47:04.801  1587  1673 I ActivityManager: Start proc 26092:com.google.android.googlequicksearchbox:googleapp/u0a289 for service {com.google.android.googlequicksearchbox/com.google.android.apps.gsa.nowoverlayservice.DrawerOverlayService}
03-21 20:47:04.811 26092 26092 I Zygote  : Process 26092 created for com.google.android.googlequicksearchbox:googleapp
03-21 20:47:04.811 26092 26092 I chbox:googleapp: Using CollectorTypeCMC GC.
03-21 20:47:04.813  1587  1673 I ActivityManager: Start proc 26094:com.soundcloud.android/u0a391 for service {com.soundcloud.android/com.google.android.datatransport.runtime.scheduling.jobscheduling.JobInfoSchedulerService}
03-21 20:47:04.813   914   988 E surfaceflinger: == MALI DEBUG ===eglp_winsys_populate_image_templates ==12288
03-21 20:47:04.820   914   988 E surfaceflinger: == MALI DEBUG ===eglp_winsys_populate_image_templates ==12288
03-21 20:47:04.826  1587  1673 I ActivityManager: Start proc 26102:by.bank.bsb.mobile/u0a387 for service {by.bank.bsb.mobile/androidx.work.impl.background.systemjob.SystemJobService}
03-21 20:47:04.829   914   988 E surfaceflinger: == MALI DEBUG ===eglp_winsys_populate_image_templates ==12288
03-21 20:47:04.829 26094 26094 I Zygote  : Process 26094 created for com.soundcloud.android
03-21 20:47:04.830 26094 26094 I ndcloud.android: Using CollectorTypeCMC GC.
03-21 20:47:04.839  1587  1910 I ImeTracker: com.android.launcher3:bfdf2e96: onRequestHide at ORIGIN_SERVER reason HIDE_UNSPECIFIED_WINDOW fromUser false
03-21 20:47:04.840  2437  2437 I ImeTracker: com.android.launcher3:bfdf2e96: onCancelled at PHASE_CLIENT_ALREADY_HIDDEN
03-21 20:47:04.843  3073  3073 I GoogleInputMethodService: GoogleInputMethodService.onFinishInput():2114 
03-21 20:47:04.844  3073  3073 I Module  : DeviceLockedStatusModuleProvider$Module.updateDeviceLockedStatus():103 repeatCheckTimes = 0, locked = false
03-21 20:47:04.845  3073  3073 I GoogleInputMethodService: GoogleInputMethodService.onStartInput():1385 onStartInput(EditorInfo{EditorInfo{packageName=com.android.launcher3, inputType=0, inputTypeString=NULL, enableLearning=false, autoCorrection=false, autoComplete=false, imeOptions=0, privateImeOptions=null, actionName=UNSPECIFIED, actionLabel=null, initialSelStart=-1, initialSelEnd=-1, initialCapsMode=0, label=null, fieldId=0, fieldName=null, extras=null, hintText=null, hintLocales=[]}}, false)
03-21 20:47:04.845  3073  3073 I AndroidIME: LatinIMEBase.updateInputViewCoverNavigation():314 Update input view padding, extendsTouchBelowSpace=true, bottom inset=126
03-21 20:47:04.845  1587  7856 I ImeTracker: system_server:9781969f: onRequestHide at ORIGIN_SERVER reason IME_REQUESTED_CHANGED_LISTENER fromUser false
03-21 20:47:04.847   914   988 E surfaceflinger: == MALI DEBUG ===eglp_winsys_populate_image_templates ==12288
03-21 20:47:04.849  3073  3073 I Module  : DeviceLockedStatusModuleProvider$Module.updateDeviceLockedStatus():103 repeatCheckTimes = 1, locked = false
03-21 20:47:04.850  1587  7856 W PackageConfigPersister: App-specific configuration not found for packageName: com.android.launcher3 and userId: 0
03-21 20:47:04.852 26102 26102 I Zygote  : Process 26102 created for by.bank.bsb.mobile
03-21 20:47:04.852 26102 26102 I bank.bsb.mobile: Using CollectorTypeCMC GC.
03-21 20:47:04.853  1587  1655 I ImeTracker: system_server:9781969f: onCancelled at PHASE_SERVER_SHOULD_HIDE
03-21 20:47:04.856   914   988 E surfaceflinger: == MALI DEBUG ===eglp_winsys_populate_image_templates ==12288
03-21 20:47:04.857   625  2778 W libperfmgr: Failed to write to node: /dev/stune/top-app/schedtune.boost with value: 50, fd: -1
03-21 20:47:04.857   625  2778 W libperfmgr: Failed to write to node: /proc/sys/kernel/sched_boost with value: 2, fd: -1
03-21 20:47:04.869 26092 26092 W chbox:googleapp: Failed to find entry 'classes.dex': Entry not found
03-21 20:47:04.870 26092 26092 W chbox:googleapp: Failed to find entry 'classes.dex': Entry not found
03-21 20:47:04.872 26092 26092 W chbox:googleapp: Failed to find entry 'classes.dex': Entry not found
03-21 20:47:04.884  1151  1333 E [GF_HAL][gf_hal_milan]: [hal_milan_invoke_command] err=GF_SUCCESS, errno=0. reset g_hal_over_current_count to 0!
03-21 20:47:04.884  1151  1333 I [GF_HAL][gf_hal_milan]: [irq_pre_process] irq_type=[GF_IRQ_FINGER_DOWN_MASK], irq_type=0x0002
03-21 20:47:04.880  1151  1151 W android.hardwar: type=1400 audit(0.0:1422): avc:  denied  { read } for  name="u:object_r:system_prop:s0" dev="tmpfs" ino=9216 scontext=u:r:hal_fingerprint_default:s0 tcontext=u:object_r:system_prop:s0 tclass=file permissive=0
03-21 20:47:04.885  1151  1333 W libc    : Access denied finding property "sys.fp.miui.token"
03-21 20:47:04.889 26094 26094 W ndcloud.android: Failed to find entry 'classes.dex': Entry not found
03-21 20:47:04.891 26102 26102 W bank.bsb.mobile: Failed to find entry 'classes.dex': Entry not found
03-21 20:47:04.893 26102 26102 W bank.bsb.mobile: Failed to find entry 'classes.dex': Entry not found
03-21 20:47:04.921   625  2778 W libperfmgr: Failed to write to node: /dev/stune/top-app/schedtune.boost with value: 50, fd: -1
03-21 20:47:04.921   625  2778 W libperfmgr: Failed to write to node: /proc/sys/kernel/sched_boost with value: 2, fd: -1
03-21 20:47:05.009 26094 26135 W ndcloud.android: ClassLoaderContext classpath size mismatch. expected=1, found=0 (DLC[];PCL[base.apk*2024251999]{PCL[/system/framework/org.apache.http.legacy.jar*1771602530]#PCL[/system/framework/com.android.location.provider.jar*3231839591]#PCL[/system/framework/com.android.media.remotedisplay.jar*3676824317]#PCL[/system_ext/framework/com.android.extensions.appfunctions.jar*2154005669]#PCL[/system_ext/framework/androidx.window.extensions.jar*403568865]#PCL[/system_ext/framework/androidx.window.sidecar.jar*74221689]} | DLC[];PCL[])
03-21 20:47:05.010   625  2778 W libperfmgr: Failed to write to node: /dev/stune/top-app/schedtune.boost with value: 10, fd: -1
03-21 20:47:05.010   625  2778 W libperfmgr: Failed to write to node: /proc/sys/kernel/sched_boost with value: 0, fd: -1
03-21 20:47:05.024 26094 26154 E ashmem  : Pinning is deprecated since Android Q. Please use trim or other methods.
03-21 20:47:05.027 26094 26135 W System  : ClassLoader referenced unknown path: 
03-21 20:47:05.028 26102 26151 E ashmem  : Pinning is deprecated since Android Q. Please use trim or other methods.
03-21 20:47:05.030  1587  1999 W ImageReader_JNI: Unable to acquire a buffer item, very likely client tried to acquire more than maxImages buffers
03-21 20:47:05.031 26102 26136 W bank.bsb.mobile: ClassLoaderContext classpath size mismatch. expected=1, found=0 (DLC[];PCL[base.apk*2024251999]{PCL[/system/framework/org.apache.http.legacy.jar*1771602530]#PCL[/system/framework/com.android.location.provider.jar*3231839591]#PCL[/system/framework/com.android.media.remotedisplay.jar*3676824317]#PCL[/system_ext/framework/com.android.extensions.appfunctions.jar*2154005669]#PCL[/system_ext/framework/androidx.window.extensions.jar*403568865]#PCL[/system_ext/framework/androidx.window.sidecar.jar*74221689]} | DLC[];PCL[])
03-21 20:47:05.067 26094 26135 W ndcloud.android: ClassLoaderContext classpath element checksum mismatch. expected=2024251999, found=222707210 (DLC[];PCL[base.apk*2024251999]{PCL[/system/framework/org.apache.http.legacy.jar*1771602530]#PCL[/system/framework/com.android.location.provider.jar*3231839591]#PCL[/system/framework/com.android.media.remotedisplay.jar*3676824317]#PCL[/system_ext/framework/com.android.extensions.appfunctions.jar*2154005669]#PCL[/system_ext/framework/androidx.window.extensions.jar*403568865]#PCL[/system_ext/framework/androidx.window.sidecar.jar*74221689]} | DLC[];PCL[/data/app/~~RUDlDZAwOCW91rKXCQhAQQ==/com.soundcloud.android-568Bks5t_XYHt9YkBgSWWw==/base.apk*222707210]{PCL[/system/framework/org.apache.http.legacy.jar*1771602530]#PCL[/system_ext/framework/androidx.window.extensions.jar*403568865]#PCL[/system_ext/framework/androidx.window.sidecar.jar*74221689]})
03-21 20:47:05.080 26092 26092 I ehcv    : SslGuard completed installation.
03-21 20:47:05.094   844 26177 I resolv  : GetAddrInfoHandler::run: {102 262246 102 983142 10387 0}
03-21 20:47:05.094   844 26177 I resolv  : GetAddrInfoHandler::run: network access blocked
03-21 20:47:05.100   844 26180 I resolv  : GetAddrInfoHandler::run: {102 262246 102 983142 10387 0}
03-21 20:47:05.100   844 26180 I resolv  : GetAddrInfoHandler::run: network access blocked
03-21 20:47:05.113 26102 26136 W System  : ClassLoader referenced unknown path: 
03-21 20:47:05.116 26092 26175 E ashmem  : Pinning is deprecated since Android Q. Please use trim or other methods.
03-21 20:47:05.141 26092 26092 I cudi    : Initializing GMS Compliance Client Library...
03-21 20:47:05.142 26092 26092 I cudi    : Checking for device compliance...
03-21 20:47:05.143 26092 26092 I cudi    : Completed library init.
03-21 20:47:05.147 26102 26136 W bank.bsb.mobile: ClassLoaderContext classpath element checksum mismatch. expected=2024251999, found=3431252607 (DLC[];PCL[base.apk*2024251999]{PCL[/system/framework/org.apache.http.legacy.jar*1771602530]#PCL[/system/framework/com.android.location.provider.jar*3231839591]#PCL[/system/framework/com.android.media.remotedisplay.jar*3676824317]#PCL[/system_ext/framework/com.android.extensions.appfunctions.jar*2154005669]#PCL[/system_ext/framework/androidx.window.extensions.jar*403568865]#PCL[/system_ext/framework/androidx.window.sidecar.jar*74221689]} | DLC[];PCL[/data/app/~~MreP8IIRCkCrDp44IUujaQ==/by.bank.bsb.mobile-ko1n93XFLESTOHXULcUdoQ==/base.apk*3431252607]{PCL[/system/framework/org.apache.http.legacy.jar*1771602530]#PCL[/system_ext/framework/androidx.window.extensions.jar*403568865]#PCL[/system_ext/framework/androidx.window.sidecar.jar*74221689]})
03-21 20:47:05.147  1587  1680 W libprocessgroup: SetCgroup::ExecuteForProcess: failed to open /dev/stune/top-app/cgroup.procs: No such file or directory
03-21 20:47:05.149  2458 24325 I PhenotypeResourceReader: unable to find any Phenotype resource metadata for com.soundcloud.android
03-21 20:47:05.153 26092 26092 I fdqc    : (REDACTED) Scoped context discovery schemas: %s.
03-21 20:47:05.154   852  1054 I hwcomposer: [HWC] (0)fire a callback of refresh to SF[4]  
03-21 20:47:05.164   625  2778 W libperfmgr: Failed to write to node: /dev/stune/top-app/schedtune.boost with value: 10, fd: -1
03-21 20:47:05.164   625  2778 W libperfmgr: Failed to write to node: /proc/sys/kernel/sched_boost with value: 0, fd: -1
03-21 20:47:05.173 26092 26092 I bswk    : (REDACTED) Dismissing old window %s
03-21 20:47:05.178 26092 26092 I bswk    : (REDACTED) Created new binder managed window %s
03-21 20:47:05.178 26092 26092 I bswk    : (REDACTED) WindowRefsActive: %d, TouchableWindowRefsActive: %b
03-21 20:47:05.178 26092 26092 I bsws    : (REDACTED) MinusoneConfigDbg windowAttached config=%s
03-21 20:47:05.178 26092 26092 I bsws    : (REDACTED) windowAttached start logFlowId=%s, configuration=%s, acetoneState=%s, overlayWindow=%s, fragmentHost=%s, binderManagedWindow=%s, params=%s
03-21 20:47:05.181 26092 26092 I bsws    : (REDACTED) onDestroy: isRecreating: %s
03-21 20:47:05.182 26092 26092 I bsws    : onStart
03-21 20:47:05.182 26092 26092 I bsws    : onResume
03-21 20:47:05.183 26094 26184 E ndcloud.android: No package ID 6a found for resource ID 0x6a0b0013.
03-21 20:47:05.184 26094 26184 I FA      : App measurement initialized, version: 158000
03-21 20:47:05.184 26094 26184 I FA      : To enable debug logging run: adb shell setprop log.tag.FA VERBOSE
03-21 20:47:05.184 26094 26184 I FA      : To enable faster debug mode event logging run:
03-21 20:47:05.184 26094 26184 I FA      :   adb shell setprop debug.firebase.analytics.app com.soundcloud.android
03-21 20:47:05.187 26092 26162 I cudi    : (REDACTED) Device Compliance Fetch time taken = %sms
03-21 20:47:05.187 26092 26162 I cudi    : Device is compliant!
03-21 20:47:05.187 26092 26162 I cudi    : Invoking "compliant" action...
03-21 20:47:05.209  2458 24325 I PhenotypeResourceReader: unable to find any Phenotype resource metadata for by.bank.bsb.mobile
03-21 20:47:05.235   625  2778 W libperfmgr: Failed to write to node: /dev/stune/top-app/schedtune.boost with value: 10, fd: -1
03-21 20:47:05.235   625  2778 W libperfmgr: Failed to write to node: /proc/sys/kernel/sched_boost with value: 0, fd: -1
03-21 20:47:05.241 26102 26195 E bank.bsb.mobile: No package ID 6a found for resource ID 0x6a0b0013.
03-21 20:47:05.242 26102 26195 I FA      : App measurement initialized, version: 158000
03-21 20:47:05.242 26102 26195 I FA      : To enable debug logging run: adb shell setprop log.tag.FA VERBOSE
03-21 20:47:05.242 26102 26195 I FA      : To enable faster debug mode event logging run:
03-21 20:47:05.242 26102 26195 I FA      :   adb shell setprop debug.firebase.analytics.app by.bank.bsb.mobile
03-21 20:47:05.252  1587  1587 W JobScheduler: Job didn't exist in JobStore: 6ab8146 #u0a387/223 by.bank.bsb.mobile/androidx.work.impl.background.systemjob.SystemJobService
03-21 20:47:05.256  1587  1680 W libprocessgroup: SetCgroup::ExecuteForProcess: failed to open /dev/stune/background/cgroup.procs: No such file or directory
03-21 20:47:05.261 26102 26199 W JobInfo : Requested important-while-foreground flag for job224 is ignored and takes no effect
03-21 20:47:05.271  1587  1680 W libprocessgroup: SetCgroup::ExecuteForProcess: failed to open /dev/stune/background/cgroup.procs: No such file or directory
03-21 20:47:05.286 23481 26208 I AdvertisingIdClient: shouldSendLog 13935010
03-21 20:47:05.286 23481 26208 I AdvertisingIdClient: GetInfoInternal elapse 10ms
03-21 20:47:05.348 26094 26094 W pool-28-thread-: type=1400 audit(0.0:1423): avc:  denied  { read } for  name="version" dev="proc" ino=4026532096 scontext=u:r:untrusted_app:s0:c135,c257,c512,c768 tcontext=u:object_r:proc_version:s0 tclass=file permissive=0 app=com.soundcloud.android
03-21 20:47:05.431   595   595 I beanpodkeymaster: Enter BeanpodKeymaster BeginOperation
03-21 20:47:05.432   595   595 I beanpodkeymaster: cmd:4 Received 24 byte response
03-21 20:47:05.432   595   595 I beanpodkeymaster: Exit BeanpodKeymaster BeginOperation
03-21 20:47:05.433   595   595 I beanpodkeymaster: Enter BeanpodKeymaster UpdateOperation
03-21 20:47:05.434 26094 26255 E ActivityThread: Failed to find provider info for androidx.car.app.connection
03-21 20:47:05.434   595   595 I beanpodkeymaster: cmd:8 Received 712 byte response
03-21 20:47:05.434   595   595 I beanpodkeymaster: Exit BeanpodKeymaster UpdateOperation
03-21 20:47:05.435   595   595 I beanpodkeymaster: Enter BeanpodKeymaster FinishOperation
03-21 20:47:05.435   595   595 I beanpodkeymaster: cmd:c Received 28 byte response
03-21 20:47:05.435   595   595 I beanpodkeymaster: Exit BeanpodKeymaster FinishOperation
03-21 20:47:05.473  1587  1846 W ProcessStats: Tracking association SourceState{442d8 com.google.android.gms/10300 BTop #16699} whose proc state 2 is better than process ProcessState{8be5d64 com.android.vending/10293 pkg=com.android.vending} proc state 14 (3 skipped)
03-21 20:47:05.475 26094 26094 I Choreographer: Skipped 31 frames!  The application may be doing too much work on its main thread.
03-21 20:47:05.476  1587  1866 W JobServiceContext: Sending onNetworkChanged for a job that isn't started. JobStatus{757eb88 #u0a391/-1338628574 com.soundcloud.android/com.google.android.datatransport.runtime.scheduling.jobscheduling.JobInfoSchedulerService u=0 s=10391 TIME=-34s743ms:none NET READY}
03-21 20:47:05.495   844 26274 I resolv  : GetAddrInfoHandler::run: {102 262246 102 983142 10387 0}
03-21 20:47:05.496   844 26275 I resolv  : res_nmkquery: (QUERY, IN, A)
03-21 20:47:05.496   844 26275 I resolv  : resolv_cache_lookup: FOUND IN CACHE entry=0xb400006fe9e67c10
03-21 20:47:05.496   844 26275 I resolv  : doQuery: rcode=0, ancount=1, return value=47
03-21 20:47:05.510   844 26280 I resolv  : GetAddrInfoHandler::run: {102 102 102 983142 10391 0}
03-21 20:47:05.511   844 26281 I resolv  : res_nmkquery: (QUERY, IN, A)
03-21 20:47:05.525   844 26281 I resolv  : res_nsend: used send_dg 96 terrno: 0
03-21 20:47:05.526   844 26281 I resolv  : doQuery: rcode=0, ancount=4, return value=96
03-21 20:47:05.542  1587  3519 W DisplayManagerService: Permission Denial: getWifiDisplayStatus() from pid=26094, uid=10391 requires android.permission.ACCESS_FINE_LOCATION
03-21 20:47:05.545 26094 26094 I MediaRouter: Skip setBluetoothA2dpOn(): types=8388615, isPlaybackActive()=false, BT route=null
03-21 20:47:05.545  1587  3519 W DisplayManagerService: Permission Denial: getWifiDisplayStatus() from pid=26094, uid=10391 requires android.permission.ACCESS_FINE_LOCATION
03-21 20:47:05.548  1587  3519 I MediaSessionStack: addSession to bottom of stack | record: com.soundcloud.android/MediaService::MediaSessionTag/17 (userId=0)
03-21 20:47:05.552  1587  1680 W libprocessgroup: SetCgroup::ExecuteForProcess: failed to open /dev/stune/background/cgroup.procs: No such file or directory
03-21 20:47:05.567 23481 26208 I AdvertisingIdClient: shouldSendLog 13935010
03-21 20:47:05.567 23481 26208 I AdvertisingIdClient: GetInfoInternal elapse 2ms
03-21 20:47:05.569  1151  1333 E [GF_HAL][gf_hal_milan]: [hal_milan_invoke_command] err=GF_SUCCESS, errno=0. reset g_hal_over_current_count to 0!
03-21 20:47:05.564  1151  1151 W android.hardwar: type=1400 audit(0.0:1424): avc:  denied  { read } for  name="u:object_r:system_prop:s0" dev="tmpfs" ino=9216 scontext=u:r:hal_fingerprint_default:s0 tcontext=u:object_r:system_prop:s0 tclass=file permissive=0
03-21 20:47:05.569  1151  1333 I [GF_HAL][gf_hal_milan]: [irq_pre_process] irq_type=[GF_IRQ_FINGER_UP_MASK], irq_type=0x0004
03-21 20:47:05.570  1151  1333 W libc    : Access denied finding property "sys.fp.miui.token"
03-21 20:47:05.575 23431 23457 I Finsky  : [89] com.soundcloud.android: Account determined from installer data - [zB5Rt6P6_oVJ7l8yD7k8SKlBHuUehpSUHOJ-wzQ95VI]
03-21 20:47:05.575 23431 23457 I Finsky  : [89] Billing preferred account via installer for com.soundcloud.android: [zB5Rt6P6_oVJ7l8yD7k8SKlBHuUehpSUHOJ-wzQ95VI]
03-21 20:47:05.578 23431 23457 I Finsky  : [89] com.soundcloud.android: Account determined from installer data - [zB5Rt6P6_oVJ7l8yD7k8SKlBHuUehpSUHOJ-wzQ95VI]
03-21 20:47:05.578 23431 23457 I Finsky  : [89] Billing preferred account via installer for com.soundcloud.android: [zB5Rt6P6_oVJ7l8yD7k8SKlBHuUehpSUHOJ-wzQ95VI]
03-21 20:47:05.599 26094 26094 W ndcloud.android: ClassLoaderContext classpath element checksum mismatch. expected=2024251999, found=222707210 (DLC[];PCL[base.apk*2024251999]{PCL[/system/framework/org.apache.http.legacy.jar*1771602530]#PCL[/system/framework/com.android.location.provider.jar*3231839591]#PCL[/system/framework/com.android.media.remotedisplay.jar*3676824317]#PCL[/system_ext/framework/com.android.extensions.appfunctions.jar*2154005669]#PCL[/system_ext/framework/androidx.window.extensions.jar*403568865]#PCL[/system_ext/framework/androidx.window.sidecar.jar*74221689]} | DLC[];PCL[/data/app/~~RUDlDZAwOCW91rKXCQhAQQ==/com.soundcloud.android-568Bks5t_XYHt9YkBgSWWw==/base.apk*222707210]{PCL[/system/framework/org.apache.http.legacy.jar*1771602530]#PCL[/system_ext/framework/androidx.window.extensions.jar*403568865]#PCL[/system_ext/framework/androidx.window.sidecar.jar*74221689]})
03-21 20:47:05.602   844 26292 I resolv  : GetAddrInfoHandler::run: {102 102 102 983142 10391 0}
03-21 20:47:05.603   844 26293 I resolv  : res_nmkquery: (QUERY, IN, A)
03-21 20:47:05.609   844 26296 I resolv  : GetAddrInfoHandler::run: {102 102 102 983142 10391 0}
03-21 20:47:05.610   844 26297 I resolv  : res_nmkquery: (QUERY, IN, A)
03-21 20:47:05.611   844 26298 I resolv  : GetAddrInfoHandler::run: {102 102 102 983142 10391 0}
03-21 20:47:05.612   844 26299 I resolv  : res_nmkquery: (QUERY, IN, A)
03-21 20:47:05.613 26094 26094 I CastDynamiteModuleImpl: sl created by ClassLoader dalvik.system.DelegateLastClassLoader[DexPathList[[zip file "/data/app/~~h76B8Uz5BYq3Lq0H86iSZw==/com.google.android.gms-NnBjLpuu3ouUSMd2DvnWEA==/split_DynamiteModulesC_installtime.apk"],nativeLibraryDirectories=[/data/app/~~h76B8Uz5BYq3Lq0H86iSZw==/com.google.android.gms-NnBjLpuu3ouUSMd2DvnWEA==/split_DynamiteModulesC_installtime.apk!/lib/arm64-v8a, /system/lib64, /system_ext/lib64]]].
03-21 20:47:05.616   844 26293 I resolv  : res_nsend: used send_dg 112 terrno: 0
03-21 20:47:05.616   844 26293 I resolv  : doQuery: rcode=0, ancount=4, return value=112
03-21 20:47:05.628   844 26297 I resolv  : res_nsend: used send_dg 68 terrno: 0
03-21 20:47:05.628   844 26299 I resolv  : res_nsend: used send_dg 68 terrno: 0
03-21 20:47:05.628   844 26297 I resolv  : doQuery: rcode=0, ancount=2, return value=68
03-21 20:47:05.628   844 26299 I resolv  : resolv_cache_add: ALREADY IN CACHE (0xb4000071a9e6a190) ? IGNORING ADD
03-21 20:47:05.628   844 26299 I resolv  : doQuery: rcode=0, ancount=2, return value=68
03-21 20:47:05.651  1587  1846 I MR2ServiceImpl: registerRouter2 | package: com.soundcloud.android, uid: 10391, pid: 26094, router id: 17, hasMediaRoutingControl: false
03-21 20:47:05.658  1587  1846 I MR2ServiceImpl: setDiscoveryRequestWithRouter2 | router: com.soundcloud.android(id: 17), discovery request: RouteDiscoveryRequest{ preferredFeatures={com.google.android.gms.cast.CATEGORY_CAST/B143C57E///ALLOW_IPV6}, activeScan=false }
03-21 20:47:05.658  1587  1972 I MR2ServiceImpl: Updating composite discovery preference | preference: RouteDiscoveryRequest{ preferredFeatures={}, activeScan=false }, active routers: []
03-21 20:47:05.706  1587  1846 I MR2ServiceImpl: setDiscoveryRequestWithRouter2 | router: com.soundcloud.android(id: 17), discovery request: RouteDiscoveryRequest{ preferredFeatures={com.google.android.gms.cast.CATEGORY_CAST/B143C57E///ALLOW_IPV6, android.media.route.feature.LIVE_AUDIO}, activeScan=false }
03-21 20:47:05.707 26094 26094 W MR2     : registerTransferCallback: Ignoring the same callback
03-21 20:47:05.707 26094 26094 W MR2     : registerControllerCallback: Ignoring the same callback
03-21 20:47:05.707  1587  1972 I MR2ServiceImpl: Updating composite discovery preference | preference: RouteDiscoveryRequest{ preferredFeatures={}, activeScan=false }, active routers: []
03-21 20:47:05.715  1151  1333 E [GF_HAL][gf_hal_milan]: [hal_milan_invoke_command] err=GF_SUCCESS, errno=0. reset g_hal_over_current_count to 0!
03-21 20:47:05.716  1151  1333 I [GF_HAL][gf_hal_milan]: [irq_pre_process] irq_type=[GF_IRQ_FINGER_DOWN_MASK], irq_type=0x0002
03-21 20:47:05.712  1151  1151 W android.hardwar: type=1400 audit(0.0:1425): avc:  denied  { read } for  name="u:object_r:system_prop:s0" dev="tmpfs" ino=9216 scontext=u:r:hal_fingerprint_default:s0 tcontext=u:object_r:system_prop:s0 tclass=file permissive=0
03-21 20:47:05.716  1151  1333 W libc    : Access denied finding property "sys.fp.miui.token"
03-21 20:47:05.735   625  2778 W libperfmgr: Failed to write to node: /dev/stune/top-app/schedtune.boost with value: 10, fd: -1
03-21 20:47:05.735   625  2778 W libperfmgr: Failed to write to node: /proc/sys/kernel/sched_boost with value: 0, fd: -1
03-21 20:47:05.756   844 26327 I resolv  : GetAddrInfoHandler::run: {102 102 102 983142 10391 0}
03-21 20:47:05.756   844 26328 I resolv  : res_nmkquery: (QUERY, IN, A)
03-21 20:47:05.779   844 26328 I resolv  : res_nsend: used send_dg 117 terrno: 0
03-21 20:47:05.779   844 26328 I resolv  : doQuery: rcode=0, ancount=3, return value=117
03-21 20:47:05.851   844 26334 I resolv  : GetAddrInfoHandler::run: {102 102 102 983142 10391 0}
03-21 20:47:05.851   844 26335 I resolv  : res_nmkquery: (QUERY, IN, A)
03-21 20:47:05.865   844 26335 I resolv  : res_nsend: used send_dg 150 terrno: 0
03-21 20:47:05.865   844 26335 I resolv  : doQuery: rcode=0, ancount=5, return value=150
03-21 20:47:06.083   844 26340 I resolv  : GetAddrInfoHandler::run: {102 102 102 983142 10399 0}
03-21 20:47:06.084   844 26341 I resolv  : res_nmkquery: (QUERY, IN, A)
03-21 20:47:06.090   844 26341 I resolv  : res_nsend: used send_dg 43 terrno: 0
03-21 20:47:06.090   844 26341 I resolv  : doQuery: rcode=0, ancount=1, return value=43
03-21 20:47:06.098 24797 24797 I ReactNativeJNI: Error occurred, shutting down websocket connection: WebSocket exception unexpected end of stream on http://localhost:8081/...
03-21 20:47:06.127   595   595 I beanpodkeymaster: Enter BeanpodKeymaster BeginOperation
03-21 20:47:06.128   595   595 I beanpodkeymaster: cmd:4 Received 24 byte response
03-21 20:47:06.128   595   595 I beanpodkeymaster: Exit BeanpodKeymaster BeginOperation
03-21 20:47:06.129   595   595 I beanpodkeymaster: Enter BeanpodKeymaster UpdateOperation
03-21 20:47:06.129   595   595 I beanpodkeymaster: cmd:8 Received 712 byte response
03-21 20:47:06.129   595   595 I beanpodkeymaster: Exit BeanpodKeymaster UpdateOperation
03-21 20:47:06.129   595   595 I beanpodkeymaster: Enter BeanpodKeymaster FinishOperation
03-21 20:47:06.130   595   595 I beanpodkeymaster: cmd:c Received 28 byte response
03-21 20:47:06.130   595   595 I beanpodkeymaster: Exit BeanpodKeymaster FinishOperation
03-21 20:47:06.152   877   924 E Situation: processEvent, handle:26, flush_action:0
03-21 20:47:06.153   625  2778 W libperfmgr: Failed to write to node: /dev/stune/top-app/schedtune.boost with value: 50, fd: -1
03-21 20:47:06.153   625  2778 W libperfmgr: Failed to write to node: /proc/sys/kernel/sched_boost with value: 2, fd: -1
03-21 20:47:06.253   625  2778 W libperfmgr: Failed to write to node: /dev/stune/top-app/schedtune.boost with value: 10, fd: -1
03-21 20:47:06.253   625  2778 W libperfmgr: Failed to write to node: /proc/sys/kernel/sched_boost with value: 0, fd: -1
03-21 20:47:06.351   844   878 I netd    : networkAddUidRangesParcel(NativeUidRangeConfig{netId: 102, uidRanges: [UidRangeParcel{start: 0, stop: 2147483647}], subPriority: 998}) <1.31ms>
03-21 20:47:06.351  2437  2437 I BaseDragLayer: NoButtonNavbarToOverviewTouchController
03-21 20:47:06.351   881  2016 I WifiHAL : feature_set=0x8488141a
03-21 20:47:06.352  1587  1927 I HalDevMgr: bestIfaceCreationProposal is null, requestIface=STA, existingIface=[name=wlan0 type=STA]
03-21 20:47:06.353   844   878 I netd    : networkRemoveUidRangesParcel(NativeUidRangeConfig{netId: 102, uidRanges: [UidRangeParcel{start: 0, stop: 2147483647}], subPriority: 998}) <1.44ms>
03-21 20:47:06.379  2458 19816 I NullBinder: NullBinder for android.net.action.RECOMMEND_NETWORKS triggering remote TransactionTooLargeException due to Service without Chimera impl, calling uid: 1000, calling pid: 0
03-21 20:47:06.379  2458 19816 W libbinder.Binder: Large reply transaction of 1056768 bytes, interface descriptor , code 1, flags 17
03-21 20:47:06.389   852   992 I hwcomposer: [HWCDisplay] [Display_0 (type:1)] fps:26.620001,dur:2066.12,max:1220.60,min:9.65  
03-21 20:47:06.400   625  2778 W libperfmgr: Failed to write to node: /dev/stune/top-app/schedtune.boost with value: 50, fd: -1
03-21 20:47:06.400   625  2778 W libperfmgr: Failed to write to node: /proc/sys/kernel/sched_boost with value: 2, fd: -1
03-21 20:47:06.434   852  1055 W hwcomposer: [DRMDEV] paramIsSame(), id 1064, w 1080/1080, h 2400/2400, pitch 1088/1088, format 0x1/0x2, secure 0/0  
03-21 20:47:06.477  2437  2437 E PagedView: validateNewPage: failed to find a page > mMinScrollX
03-21 20:47:06.477  2437  2437 I TasksRepository: removeTasks: [800, 797, 799]
03-21 20:47:06.627  3073  3073 I GoogleInputMethodService: GoogleInputMethodService.onFinishInput():2114 
03-21 20:47:06.627  3073  3073 I Module  : DeviceLockedStatusModuleProvider$Module.updateDeviceLockedStatus():103 repeatCheckTimes = 0, locked = false
03-21 20:47:06.627  3073  3073 I GoogleInputMethodService: GoogleInputMethodService.onStartInput():1385 onStartInput(EditorInfo{EditorInfo{packageName=com.android.launcher3, inputType=0, inputTypeString=NULL, enableLearning=false, autoCorrection=false, autoComplete=false, imeOptions=0, privateImeOptions=null, actionName=UNSPECIFIED, actionLabel=null, initialSelStart=-1, initialSelEnd=-1, initialCapsMode=0, label=null, fieldId=0, fieldName=null, extras=null, hintText=null, hintLocales=[]}}, false)
03-21 20:47:06.627  3073  3073 I AndroidIME: LatinIMEBase.updateInputViewCoverNavigation():314 Update input view padding, extendsTouchBelowSpace=true, bottom inset=126
03-21 20:47:06.628  3073  3073 I Module  : DeviceLockedStatusModuleProvider$Module.updateDeviceLockedStatus():103 repeatCheckTimes = 1, locked = false
03-21 20:47:06.629  1587  3519 W PackageConfigPersister: App-specific configuration not found for packageName: com.android.launcher3 and userId: 0
03-21 20:47:06.650   625  2778 W libperfmgr: Failed to write to node: /dev/stune/top-app/schedtune.boost with value: 10, fd: -1
03-21 20:47:06.650   625  2778 W libperfmgr: Failed to write to node: /proc/sys/kernel/sched_boost with value: 0, fd: -1
03-21 20:47:06.654   625  2778 W libperfmgr: Failed to write to node: /dev/stune/top-app/schedtune.boost with value: 50, fd: -1
03-21 20:47:06.654   625  2778 W libperfmgr: Failed to write to node: /proc/sys/kernel/sched_boost with value: 2, fd: -1
03-21 20:47:06.868  2458 24325 I NearbySharing: Network state changed: NetworkState(isRestricted=false, isOnline=true, isCongested=false, isMetered=false, isWifiConnected=true)
03-21 20:47:06.904   625  2778 W libperfmgr: Failed to write to node: /dev/stune/top-app/schedtune.boost with value: 10, fd: -1
03-21 20:47:06.904   625  2778 W libperfmgr: Failed to write to node: /proc/sys/kernel/sched_boost with value: 0, fd: -1
03-21 20:47:06.927 26342 26342 W libbinder.BackendUnifiedServiceManager: Thread Pool max thread count is 0. Cannot cache binder as linkToDeath cannot be implemented. serviceName: deviceidle
03-21 20:47:06.945 26344 26344 W libbinder.BackendUnifiedServiceManager: Thread Pool max thread count is 0. Cannot cache binder as linkToDeath cannot be implemented. serviceName: battery
03-21 20:47:06.972 26346 26346 W libbinder.BackendUnifiedServiceManager: Thread Pool max thread count is 0. Cannot cache binder as linkToDeath cannot be implemented. serviceName: deviceidle
03-21 20:47:07.009 26349 26349 W libbinder.BackendUnifiedServiceManager: Thread Pool max thread count is 0. Cannot cache binder as linkToDeath cannot be implemented. serviceName: activity
03-21 20:47:07.063 26358 26358 W libbinder.BackendUnifiedServiceManager: Thread Pool max thread count is 0. Cannot cache binder as linkToDeath cannot be implemented. serviceName: battery
03-21 20:47:07.174   852  1054 I hwcomposer: [HWC] (0)fire a callback of refresh to SF[4]  
03-21 20:47:07.187   625  2778 W libperfmgr: Failed to write to node: /dev/stune/top-app/schedtune.boost with value: 10, fd: -1
03-21 20:47:07.187   625  2778 W libperfmgr: Failed to write to node: /proc/sys/kernel/sched_boost with value: 0, fd: -1
03-21 20:47:07.255   625  2778 W libperfmgr: Failed to write to node: /dev/stune/top-app/schedtune.boost with value: 10, fd: -1
03-21 20:47:07.255   625  2778 W libperfmgr: Failed to write to node: /proc/sys/kernel/sched_boost with value: 0, fd: -1
03-21 20:47:07.269   625  2778 W libperfmgr: Failed to write to node: /dev/stune/top-app/schedtune.boost with value: 50, fd: -1
03-21 20:47:07.269   625  2778 W libperfmgr: Failed to write to node: /proc/sys/kernel/sched_boost with value: 1, fd: -1
03-21 20:47:07.273  1587  8904 I ActivityTaskManager: START u0 {act=android.intent.action.MAIN cat=[android.intent.category.LAUNCHER] flg=0x10200000 xflg=0x4 cmp=com.rnat/.MainActivity bnds=[64,1707][302,2022]} with LAUNCH_SINGLE_TASK from uid 10326 (com.android.launcher3) (sr=214633613) (BAL_ALLOW_VISIBLE_WINDOW) result code=0
03-21 20:47:07.276  2437  2437 W SplitSelectStateCtor: Missing session instanceIds
03-21 20:47:07.277  1587  1680 W libprocessgroup: SetCgroup::ExecuteForProcess: failed to open /dev/stune/top-app/cgroup.procs: No such file or directory
03-21 20:47:07.277   625  2778 W libperfmgr: Failed to write to node: /dev/stune/top-app/schedtune.boost with value: 50, fd: -1
03-21 20:47:07.277   625  2778 W libperfmgr: Failed to write to node: /proc/sys/kernel/sched_boost with value: 2, fd: -1
03-21 20:47:07.281   844   878 I netd    : tetherGetStats() -> {[]} <0.48ms>
03-21 20:47:07.291  2034  2098 E ndroid.systemui: mali-debug: still pending callback,wait...
03-21 20:47:07.292  1587  1680 W libprocessgroup: SetCgroup::ExecuteForProcess: failed to open /dev/stune/top-app/cgroup.procs: No such file or directory
03-21 20:47:07.294  1587  1653 W AppWarnings: Showing PageSizeMismatchDialog for package com.rnat
03-21 20:47:07.314   914   988 E surfaceflinger: == MALI DEBUG ===eglp_winsys_populate_image_templates ==12288
03-21 20:47:07.319 24797 26371 W unknown:ReactNative: The packager does not seem to be running as we got an IOException requesting its status: unexpected end of stream on http://localhost:8081/...
03-21 20:47:07.336   877   877 I Accelerometer: batch: handle:0, flag:0,samplingPeriodNs:66667000 maxBatchReportLatencyNs:0
03-21 20:47:07.337   877   877 I Accelerometer: flush, flushCnt:1
03-21 20:47:07.339   877   924 I Accelerometer: flush complete, flushCnt:0
03-21 20:47:07.350 24797 26374 W unknown:ReconnectingWebSocket: Couldn't connect to "ws://localhost:8081/message?device=23030RAC7Y%20-%2016%20-%20API%2036&app=com.rnat&clientid=BridgeDevSupportManager", will silently retry
03-21 20:47:07.352   914   988 E surfaceflinger: == MALI DEBUG ===eglp_winsys_populate_image_templates ==12288
--------- beginning of crash
03-21 20:47:07.354 24797 24797 F libc    : /__w/react-native/react-native/packages/react-native/ReactCommon/jsinspector-modern/HostTarget.cpp:186: InstanceTarget &facebook::react::jsinspector_modern::HostTarget::registerInstance(InstanceTargetDelegate &): assertion "!currentInstance_ && "Only one instance allowed"" failed
03-21 20:47:07.354 24797 24797 F libc    : Fatal signal 6 (SIGABRT), code -1 (SI_QUEUE) in tid 24797 (com.rnat), pid 24797 (com.rnat)
03-21 20:47:07.354   914   988 E surfaceflinger: == MALI DEBUG ===eglp_winsys_populate_image_templates ==12288
03-21 20:47:07.355   625  2778 W libperfmgr: Failed to write to node: /dev/stune/top-app/schedtune.boost with value: 50, fd: -1
03-21 20:47:07.356   625  2778 W libperfmgr: Failed to write to node: /proc/sys/kernel/sched_boost with value: 2, fd: -1
03-21 20:47:07.358   914   988 E surfaceflinger: == MALI DEBUG ===eglp_winsys_populate_image_templates ==12288
03-21 20:47:07.361  1587  1652 I ActivityTaskManager: Displayed com.rnat/.MainActivity for user 0: +99ms
03-21 20:47:07.364   914   988 E surfaceflinger: == MALI DEBUG ===eglp_winsys_populate_image_templates ==12288
03-21 20:47:07.373   914   988 E surfaceflinger: == MALI DEBUG ===eglp_winsys_populate_image_templates ==12288
03-21 20:47:07.375   914   988 E surfaceflinger: == MALI DEBUG ===eglp_winsys_populate_image_templates ==12288
03-21 20:47:07.377 26092 26092 I bsws    : onPause
03-21 20:47:07.383   914   988 E surfaceflinger: == MALI DEBUG ===eglp_winsys_populate_image_templates ==12288
03-21 20:47:07.388   625  2778 W libperfmgr: Failed to write to node: /dev/stune/top-app/schedtune.boost with value: 50, fd: -1
03-21 20:47:07.388   625  2778 W libperfmgr: Failed to write to node: /proc/sys/kernel/sched_boost with value: 2, fd: -1
03-21 20:47:07.389   852   992 I hwcomposer: [HWCDisplay] [Display_0 (type:1)] fps:77.994545,dur:1000.07,max:86.28,min:10.85  
03-21 20:47:07.395   914   988 E surfaceflinger: == MALI DEBUG ===eglp_winsys_populate_image_templates ==12288
03-21 20:47:07.409 26381 26381 I crash_dump64: obtaining output fd from tombstoned, type: kDebuggerdTombstoneProto
03-21 20:47:07.409   636   636 I tombstoned: received crash request for pid 24797
03-21 20:47:07.410 26381 26381 I crash_dump64: performing dump of process 24797 (target tid = 24797)
03-21 20:47:07.528   625  2778 W libperfmgr: Failed to write to node: /dev/stune/top-app/schedtune.boost with value: 10, fd: -1
03-21 20:47:07.528   625  2778 W libperfmgr: Failed to write to node: /proc/sys/kernel/sched_boost with value: 0, fd: -1
03-21 20:47:07.563   625  2778 W libperfmgr: Failed to write to node: /dev/stune/top-app/schedtune.boost with value: 50, fd: -1
03-21 20:47:07.563   625  2778 W libperfmgr: Failed to write to node: /proc/sys/kernel/sched_boost with value: 2, fd: -1
03-21 20:47:07.611   625  2778 W libperfmgr: Failed to write to node: /dev/stune/top-app/schedtune.boost with value: 50, fd: -1
03-21 20:47:07.611   625  2778 W libperfmgr: Failed to write to node: /proc/sys/kernel/sched_boost with value: 2, fd: -1
03-21 20:47:07.623  2437  2437 I AutofillManager: onInvisibleForAutofill(): expiringResponse
03-21 20:47:07.709  2437  2437 I droid.launcher3: Explicit concurrent mark compact GC freed 3558KB AllocSpace bytes, 4(208KB) LOS objects, 50% free, 12MB/24MB, paused 490us,1.186ms total 85.689ms
03-21 20:47:07.710  1587  1680 W libprocessgroup: SetCgroup::ExecuteForProcess: failed to open /dev/stune/background/cgroup.procs: No such file or directory
03-21 20:47:07.711 26092 26092 I bsws    : onStop
03-21 20:47:07.712  1587  1680 W libprocessgroup: SetCgroup::ExecuteForProcess: failed to open /dev/stune/background/cgroup.procs: No such file or directory
03-21 20:47:07.713   625  2778 W libperfmgr: Failed to write to node: /dev/stune/top-app/schedtune.boost with value: 10, fd: -1
03-21 20:47:07.713   625  2778 W libperfmgr: Failed to write to node: /proc/sys/kernel/sched_boost with value: 0, fd: -1
03-21 20:47:07.714  1587  1680 W libprocessgroup: SetCgroup::ExecuteForProcess: failed to open /dev/stune/background/cgroup.procs: No such file or directory
03-21 20:47:07.714  2437  2446 W System  : A resource failed to call release. 
03-21 20:47:07.714  2437  2446 W System  : A resource failed to call release. 
03-21 20:47:07.714  2437  2446 W System  : A resource failed to call release. 
03-21 20:47:07.756 26381 26381 F DEBUG   : *** *** *** *** *** *** *** *** *** *** *** *** *** *** *** ***
03-21 20:47:07.756 26381 26381 F DEBUG   : Infinity-X Version: '3.8'
03-21 20:47:07.756 26381 26381 F DEBUG   : Build fingerprint: 'Redmi/sea_global/sea:14/UP1A.230905.011/V816.0.16.0.UHZMIXM:user/release-keys'
03-21 20:47:07.756 26381 26381 F DEBUG   : Kernel Release: '4.19.325-kraken+'
03-21 20:47:07.756 26381 26381 F DEBUG   : Revision: '0'
03-21 20:47:07.756 26381 26381 F DEBUG   : ABI: 'arm64'
03-21 20:47:07.756 26381 26381 F DEBUG   : Timestamp: 2026-03-21 20:47:07.421942615+0300
03-21 20:47:07.756 26381 26381 F DEBUG   : Process uptime: 235s
03-21 20:47:07.756 26381 26381 F DEBUG   : Executable: /system/bin/app_process64
03-21 20:47:07.756 26381 26381 F DEBUG   : Cmdline: com.rnat
03-21 20:47:07.756 26381 26381 F DEBUG   : pid: 24797, tid: 24797, name: com.rnat  >>> com.rnat <<<
03-21 20:47:07.756 26381 26381 F DEBUG   : uid: 10399
03-21 20:47:07.756 26381 26381 F DEBUG   : esr: 0000000092000006 (Data Abort Exception 0x24)
03-21 20:47:07.756 26381 26381 F DEBUG   : signal 6 (SIGABRT), code -1 (SI_QUEUE), fault addr --------
03-21 20:47:07.756 26381 26381 F DEBUG   : Abort message: '/__w/react-native/react-native/packages/react-native/ReactCommon/jsinspector-modern/HostTarget.cpp:186: InstanceTarget &facebook::react::jsinspector_modern::HostTarget::registerInstance(InstanceTargetDelegate &): assertion "!currentInstance_ && "Only one instance allowed"" failed'
03-21 20:47:07.756 26381 26381 F DEBUG   :     x0  0000000000000000  x1  00000000000060dd  x2  0000000000000006  x3  0000007fd4bc5590
03-21 20:47:07.756 26381 26381 F DEBUG   :     x4  6f2e64756873606d  x5  6f2e64756873606d  x6  6f2e64756873606d  x7  7f7f7f7f7f7f7f7f
03-21 20:47:07.756 26381 26381 F DEBUG   :     x8  00000000000000f0  x9  b62156d0fac203bc  x10 000000ff00000020  x11 000000003b9ac9ff
03-21 20:47:07.756 26381 26381 F DEBUG   :     x12 0000002b01448997  x13 000000004cec4ec5  x14 0000000000000000  x15 0000002b014352e8
03-21 20:47:07.756 26381 26381 F DEBUG   :     x16 000000775f57e120  x17 000000775f566e40  x18 00000077609f0000  x19 00000000000060dd
03-21 20:47:07.756 26381 26381 F DEBUG   :     x20 00000000000060dd  x21 00000000ffffffff  x22 0000000002343480  x23 00000000020e7378
03-21 20:47:07.756 26381 26381 F DEBUG   :     x24 0000000002007b38  x25 0000000002007b38  x26 0000000002001180  x27 0000000000000000
03-21 20:47:07.756 26381 26381 F DEBUG   :     x28 0000007fd4bc5aa0  x29 0000007fd4bc5610
03-21 20:47:07.756 26381 26381 F DEBUG   :     lr  000000775f502a18  sp  0000007fd4bc5590  pc  000000775f502a3c  pst 0000000000001000
03-21 20:47:07.756 26381 26381 F DEBUG   :     esr 0000000092000006
03-21 20:47:07.756 26381 26381 F DEBUG   : 55 total frames
03-21 20:47:07.756 26381 26381 F DEBUG   : backtrace:
03-21 20:47:07.756 26381 26381 F DEBUG   :       #00 pc 0000000000073a3c  /apex/com.android.runtime/lib64/bionic/libc.so (abort+156) (BuildId: f66876adad7cb83d47d5c0b28c8a8ba0)
03-21 20:47:07.756 26381 26381 F DEBUG   :       #01 pc 0000000000074304  /apex/com.android.runtime/lib64/bionic/libc.so (__assert2+36) (BuildId: f66876adad7cb83d47d5c0b28c8a8ba0)
03-21 20:47:07.756 26381 26381 F DEBUG   :       #02 pc 0000000000c8921c  /data/app/~~vxDmN-GaJGcAOwNajJfyIA==/com.rnat-e4vCWPr-T3jrWvYyyU6CqQ==/base.apk!libreactnative.so (offset 0x11d8000) (facebook::react::jsinspector_modern::HostTarget::registerInstance(facebook::react::jsinspector_modern::InstanceTargetDelegate&)+116) (BuildId: 9dc2410d35ded036)
03-21 20:47:07.756 26381 26381 F DEBUG   :       #03 pc 0000000000e0880c  /data/app/~~vxDmN-GaJGcAOwNajJfyIA==/com.rnat-e4vCWPr-T3jrWvYyyU6CqQ==/base.apk!libreactnative.so (offset 0x11d8000) (BuildId: 9dc2410d35ded036)
03-21 20:47:07.756 26381 26381 F DEBUG   :       #04 pc 0000000000e087bc  /data/app/~~vxDmN-GaJGcAOwNajJfyIA==/com.rnat-e4vCWPr-T3jrWvYyyU6CqQ==/base.apk!libreactnative.so (offset 0x11d8000) (BuildId: 9dc2410d35ded036)
03-21 20:47:07.756 26381 26381 F DEBUG   :       #05 pc 0000000000e0876c  /data/app/~~vxDmN-GaJGcAOwNajJfyIA==/com.rnat-e4vCWPr-T3jrWvYyyU6CqQ==/base.apk!libreactnative.so (offset 0x11d8000) (BuildId: 9dc2410d35ded036)
03-21 20:47:07.756 26381 26381 F DEBUG   :       #06 pc 0000000000e08740  /data/app/~~vxDmN-GaJGcAOwNajJfyIA==/com.rnat-e4vCWPr-T3jrWvYyyU6CqQ==/base.apk!libreactnative.so (offset 0x11d8000) (BuildId: 9dc2410d35ded036)
03-21 20:47:07.756 26381 26381 F DEBUG   :       #07 pc 0000000000e07948  /data/app/~~vxDmN-GaJGcAOwNajJfyIA==/com.rnat-e4vCWPr-T3jrWvYyyU6CqQ==/base.apk!libreactnative.so (offset 0x11d8000) (BuildId: 9dc2410d35ded036)
03-21 20:47:07.756 26381 26381 F DEBUG   :       #08 pc 0000000000b02398  /data/app/~~vxDmN-GaJGcAOwNajJfyIA==/com.rnat-e4vCWPr-T3jrWvYyyU6CqQ==/base.apk!libreactnative.so (offset 0x11d8000) (BuildId: 9dc2410d35ded036)
03-21 20:47:07.756 26381 26381 F DEBUG   :       #09 pc 0000000000b022fc  /data/app/~~vxDmN-GaJGcAOwNajJfyIA==/com.rnat-e4vCWPr-T3jrWvYyyU6CqQ==/base.apk!libreactnative.so (offset 0x11d8000) (BuildId: 9dc2410d35ded036)
03-21 20:47:07.756 26381 26381 F DEBUG   :       #10 pc 0000000000b0215c  /data/app/~~vxDmN-GaJGcAOwNajJfyIA==/com.rnat-e4vCWPr-T3jrWvYyyU6CqQ==/base.apk!libreactnative.so (offset 0x11d8000) (auto std::__ndk1::function<void (std::__ndk1::function<void (facebook::react::jsinspector_modern::HostTarget&)>&&)> facebook::react::jsinspector_modern::makeScopedExecutor<facebook::react::jsinspector_modern::HostTarget>(std::__ndk1::shared_ptr<facebook::react::jsinspector_modern::HostTarget>, std::__ndk1::function<void (std::__ndk1::function<void ()>&&)>)::'lambda'(facebook::react::jsinspector_modern::HostTarget&&)::operator()<std::__ndk1::function<void (facebook::react::jsinspector_modern::HostTarget&)>>(facebook::react::jsinspector_modern::HostTarget&&) const::'lambda'()::operator()() const+108) (BuildId: 9dc2410d35ded036)
03-21 20:47:07.756 26381 26381 F DEBUG   :       #11 pc 0000000000b020e0  /data/app/~~vxDmN-GaJGcAOwNajJfyIA==/com.rnat-e4vCWPr-T3jrWvYyyU6CqQ==/base.apk!libreactnative.so (offset 0x11d8000) (BuildId: 9dc2410d35ded036)
03-21 20:47:07.756 26381 26381 F DEBUG   :       #12 pc 0000000000b02098  /data/app/~~vxDmN-GaJGcAOwNajJfyIA==/com.rnat-e4vCWPr-T3jrWvYyyU6CqQ==/base.apk!libreactnative.so (offset 0x11d8000) (void std::__ndk1::__invoke_void_return_wrapper<void, true>::__call[abi:ne180000]<auto std::__ndk1::function<void (std::__ndk1::function<void (facebook::react::jsinspector_modern::HostTarget&)>&&)> facebook::react::jsinspector_modern::makeScopedExecutor<facebook::react::jsinspector_modern::HostTarget>(std::__ndk1::shared_ptr<facebook::react::jsinspector_modern::HostTarget>, std::__ndk1::function<void (std::__ndk1::function<void ()>&&)>)::'lambda'(facebook::react::jsinspector_modern::HostTarget&&)::operator()<std::__ndk1::function<void (facebook::react::jsinspector_modern::HostTarget&)>>(facebook::react::jsinspector_modern::HostTarget&&) const::'lambda'()&>(auto std::__ndk1::function<void (std::__ndk1::function<void (facebook::react::jsinspector_modern::HostTarget&)>&&)> facebook::react::jsinspector_modern::makeScopedExecutor<facebook::react::jsinspector_modern::HostTarget>(std::__ndk1::shared_ptr<facebook::react::jsinspector_modern::HostTarget>, std::__ndk1::function<void (std::__ndk1::function<void ()>&&)>)::'lambda'(facebook::react::jsinspector_modern::HostTarget&&)::operator()<std::__ndk1::function<void (facebook::react::jsinspector_modern::HostTarget&)>>(facebook::react::jsinspector_modern::HostTarget&&) const::'lambda'()&)+20) (BuildId: 9dc2410d35ded036)
03-21 20:47:07.756 26381 26381 F DEBUG   :       #13 pc 0000000000b02074  /data/app/~~vxDmN-GaJGcAOwNajJfyIA==/com.rnat-e4vCWPr-T3jrWvYyyU6CqQ==/base.apk!libreactnative.so (offset 0x11d8000) (BuildId: 9dc2410d35ded036)
03-21 20:47:07.756 26381 26381 F DEBUG   :       #14 pc 0000000000b00ff4  /data/app/~~vxDmN-GaJGcAOwNajJfyIA==/com.rnat-e4vCWPr-T3jrWvYyyU6CqQ==/base.apk!libreactnative.so (offset 0x11d8000) (BuildId: 9dc2410d35ded036)
03-21 20:47:07.756 26381 26381 F DEBUG   :       #15 pc 0000000000017dd0  /data/app/~~vxDmN-GaJGcAOwNajJfyIA==/com.rnat-e4vCWPr-T3jrWvYyyU6CqQ==/base.apk!libfbjni.so (offset 0xbd0000) (facebook::jni::detail::MethodWrapper<void (facebook::jni::JNativeRunnable::*)(), &facebook::jni::JNativeRunnable::run(), facebook::jni::JNativeRunnable, void>::dispatch(facebook::jni::alias_ref<facebook::jni::detail::JTypeFor<facebook::jni::HybridClass<facebook::jni::JNativeRunnable, facebook::jni::JRunnable>::JavaPart, facebook::jni::JRunnable, void>::_javaobject*>)+72) (BuildId: e438f6554af1d86b210a05412e96c4251e570157)
03-21 20:47:07.756 26381 26381 F DEBUG   :       #16 pc 0000000000017d10  /data/app/~~vxDmN-GaJGcAOwNajJfyIA==/com.rnat-e4vCWPr-T3jrWvYyyU6CqQ==/base.apk!libfbjni.so (offset 0xbd0000) (facebook::jni::detail::FunctionWrapper<void (*)(facebook::jni::alias_ref<facebook::jni::detail::JTypeFor<facebook::jni::HybridClass<facebook::jni::JNativeRunnable, facebook::jni::JRunnable>::JavaPart, facebook::jni::JRunnable, void>::_javaobject*>), facebook::jni::detail::JTypeFor<facebook::jni::HybridClass<facebook::jni::JNativeRunnable, facebook::jni::JRunnable>::JavaPart, facebook::jni::JRunnable, void>::_javaobject*, void>::call(_JNIEnv*, _jobject*, void (*)(facebook::jni::alias_ref<facebook::jni::detail::JTypeFor<facebook::jni::HybridClass<facebook::jni::JNativeRunnable, facebook::jni::JRunnable>::JavaPart, facebook::jni::JRunnable, void>::_javaobject*>))+60) (BuildId: e438f6554af1d86b210a05412e96c4251e570157)
03-21 20:47:07.756 26381 26381 F DEBUG   :       #17 pc 00000000002e6900  /apex/com.android.art/lib64/libart.so (art_quick_generic_jni_trampoline+144) (BuildId: b503bd046e0df84a24b8cfe52077dd8f)
03-21 20:47:07.756 26381 26381 F DEBUG   :       #18 pc 000000000219b99c  /memfd:jit-cache (deleted) (offset 0x2000000) (android.os.Handler.handleCallback+124)
03-21 20:47:07.756 26381 26381 F DEBUG   :       #19 pc 00000000020706c0  /memfd:jit-cache (deleted) (offset 0x2000000) (android.os.Handler.dispatchMessage+128)
03-21 20:47:07.756 26381 26381 F DEBUG   :       #20 pc 0000000002070590  /memfd:jit-cache (deleted) (offset 0x2000000) (android.os.Looper.dispatchMessage+128)
03-21 20:47:07.756 26381 26381 F DEBUG   :       #21 pc 000000000206ebb0  /memfd:jit-cache (deleted) (offset 0x2000000) (android.os.Looper.loopOnce+1568)
03-21 20:47:07.756 26381 26381 F DEBUG   :       #22 pc 00000000002cf860  /apex/com.android.art/lib64/libart.so (art_quick_invoke_static_stub+640) (BuildId: b503bd046e0df84a24b8cfe52077dd8f)
03-21 20:47:07.756 26381 26381 F DEBUG   :       #23 pc 000000000058229c  /apex/com.android.art/lib64/libart.so (bool art::interpreter::DoCall<false>(art::ArtMethod*, art::Thread*, art::ShadowFrame&, art::Instruction const*, unsigned short, bool, art::JValue*)+1980) (BuildId: b503bd046e0df84a24b8cfe52077dd8f)
03-21 20:47:07.756 26381 26381 F DEBUG   :       #24 pc 00000000004dc498  /apex/com.android.art/lib64/libart.so (void art::interpreter::ExecuteSwitchImplCpp<false>(art::interpreter::SwitchImplContext*)+536) (BuildId: b503bd046e0df84a24b8cfe52077dd8f)
03-21 20:47:07.756 26381 26381 F DEBUG   :       #25 pc 00000000003c2048  /apex/com.android.art/lib64/libart.so (ExecuteSwitchImplAsm+8) (BuildId: b503bd046e0df84a24b8cfe52077dd8f)
03-21 20:47:07.756 26381 26381 F DEBUG   :       #26 pc 0000000000281da0  /system/framework/framework.jar (offset 0x108a000) (android.os.Looper.loop+0)
03-21 20:47:07.756 26381 26381 F DEBUG   :       #27 pc 00000000003c2c30  /apex/com.android.art/lib64/libart.so (art::interpreter::ArtInterpreterToInterpreterBridge(art::Thread*, art::CodeItemDataAccessor const&, art::ShadowFrame*, art::JValue*)+448) (BuildId: b503bd046e0df84a24b8cfe52077dd8f)
03-21 20:47:07.756 26381 26381 F DEBUG   :       #28 pc 000000000058295c  /apex/com.android.art/lib64/libart.so (bool art::interpreter::DoCall<false>(art::ArtMethod*, art::Thread*, art::ShadowFrame&, art::Instruction const*, unsigned short, bool, art::JValue*)+3708) (BuildId: b503bd046e0df84a24b8cfe52077dd8f)
03-21 20:47:07.756 26381 26381 F DEBUG   :       #29 pc 00000000004dc498  /apex/com.android.art/lib64/libart.so (void art::interpreter::ExecuteSwitchImplCpp<false>(art::interpreter::SwitchImplContext*)+536) (BuildId: b503bd046e0df84a24b8cfe52077dd8f)
03-21 20:47:07.756 26381 26381 F DEBUG   :       #30 pc 00000000003c2048  /apex/com.android.art/lib64/libart.so (ExecuteSwitchImplAsm+8) (BuildId: b503bd046e0df84a24b8cfe52077dd8f)
03-21 20:47:07.756 26381 26381 F DEBUG   :       #31 pc 00000000001cf2cc  /system/framework/framework.jar (offset 0x6000) (android.app.ActivityThread.main+0)
03-21 20:47:07.756 26381 26381 F DEBUG   :       #32 pc 00000000003c1c9c  /apex/com.android.art/lib64/libart.so (art::interpreter::Execute(art::Thread*, art::CodeItemDataAccessor const&, art::ShadowFrame&, art::JValue, bool, bool) (.__uniq.112435418011751916792819755956732575238.llvm.17972473474999280421)+364) (BuildId: b503bd046e0df84a24b8cfe52077dd8f)
03-21 20:47:07.756 26381 26381 F DEBUG   :       #33 pc 00000000003c13c8  /apex/com.android.art/lib64/libart.so (artQuickToInterpreterBridge+1016) (BuildId: b503bd046e0df84a24b8cfe52077dd8f)
03-21 20:47:07.756 26381 26381 F DEBUG   :       #34 pc 00000000002e6a38  /apex/com.android.art/lib64/libart.so (art_quick_to_interpreter_bridge+88) (BuildId: b503bd046e0df84a24b8cfe52077dd8f)
03-21 20:47:07.756 26381 26381 F DEBUG   :       #35 pc 00000000002cf860  /apex/com.android.art/lib64/libart.so (art_quick_invoke_static_stub+640) (BuildId: b503bd046e0df84a24b8cfe52077dd8f)
03-21 20:47:07.756 26381 26381 F DEBUG   :       #36 pc 00000000002c5994  /apex/com.android.art/lib64/libart.so (_jobject* art::InvokeMethod<(art::PointerSize)8>(art::ScopedObjectAccessAlreadyRunnable const&, _jobject*, _jobject*, _jobject*, unsigned long)+548) (BuildId: b503bd046e0df84a24b8cfe52077dd8f)
03-21 20:47:07.756 26381 26381 F DEBUG   :       #37 pc 000000000059fa60  /apex/com.android.art/lib64/libart.so (art::Method_invoke(_JNIEnv*, _jobject*, _jobject*, _jobjectArray*) (.__uniq.165753521025965369065708152063621506277)+32) (BuildId: b503bd046e0df84a24b8cfe52077dd8f)
03-21 20:47:07.756 26381 26381 F DEBUG   :       #38 pc 00000000002e6900  /apex/com.android.art/lib64/libart.so (art_quick_generic_jni_trampoline+144) (BuildId: b503bd046e0df84a24b8cfe52077dd8f)
03-21 20:47:07.756 26381 26381 F DEBUG   :       #39 pc 00000000002cf594  /apex/com.android.art/lib64/libart.so (art_quick_invoke_stub+612) (BuildId: b503bd046e0df84a24b8cfe52077dd8f)
03-21 20:47:07.756 26381 26381 F DEBUG   :       #40 pc 0000000000582568  /apex/com.android.art/lib64/libart.so (bool art::interpreter::DoCall<false>(art::ArtMethod*, art::Thread*, art::ShadowFrame&, art::Instruction const*, unsigned short, bool, art::JValue*)+2696) (BuildId: b503bd046e0df84a24b8cfe52077dd8f)
03-21 20:47:07.756 26381 26381 F DEBUG   :       #41 pc 00000000004dc8ec  /apex/com.android.art/lib64/libart.so (void art::interpreter::ExecuteSwitchImplCpp<false>(art::interpreter::SwitchImplContext*)+1644) (BuildId: b503bd046e0df84a24b8cfe52077dd8f)
03-21 20:47:07.756 26381 26381 F DEBUG   :       #42 pc 00000000003c2048  /apex/com.android.art/lib64/libart.so (ExecuteSwitchImplAsm+8) (BuildId: b503bd046e0df84a24b8cfe52077dd8f)
03-21 20:47:07.756 26381 26381 F DEBUG   :       #43 pc 0000000000313ab8  /system/framework/framework.jar (offset 0x2113000) (com.android.internal.os.RuntimeInit$MethodAndArgsCaller.run+0)
03-21 20:47:07.756 26381 26381 F DEBUG   :       #44 pc 00000000003c1c9c  /apex/com.android.art/lib64/libart.so (art::interpreter::Execute(art::Thread*, art::CodeItemDataAccessor const&, art::ShadowFrame&, art::JValue, bool, bool) (.__uniq.112435418011751916792819755956732575238.llvm.17972473474999280421)+364) (BuildId: b503bd046e0df84a24b8cfe52077dd8f)
03-21 20:47:07.756 26381 26381 F DEBUG   :       #45 pc 00000000003c13c8  /apex/com.android.art/lib64/libart.so (artQuickToInterpreterBridge+1016) (BuildId: b503bd046e0df84a24b8cfe52077dd8f)
03-21 20:47:07.756 26381 26381 F DEBUG   :       #46 pc 00000000002e6a38  /apex/com.android.art/lib64/libart.so (art_quick_to_interpreter_bridge+88) (BuildId: b503bd046e0df84a24b8cfe52077dd8f)
03-21 20:47:07.756 26381 26381 F DEBUG   :       #47 pc 00000000007f8790  /system/framework/arm64/boot-framework.oat (com.android.internal.os.ZygoteInit.main+3392) (BuildId: 786b1870caec25d34f0c948e96e5dcd0ab43b9f2)
03-21 20:47:07.756 26381 26381 F DEBUG   :       #48 pc 00000000002cf860  /apex/com.android.art/lib64/libart.so (art_quick_invoke_static_stub+640) (BuildId: b503bd046e0df84a24b8cfe52077dd8f)
03-21 20:47:07.756 26381 26381 F DEBUG   :       #49 pc 00000000002ce504  /apex/com.android.art/lib64/libart.so (art::JValue art::InvokeWithVarArgs<_jmethodID*>(art::ScopedObjectAccessAlreadyRunnable const&, _jobject*, _jmethodID*, std::__va_list)+868) (BuildId: b503bd046e0df84a24b8cfe52077dd8f)
03-21 20:47:07.756 26381 26381 F DEBUG   :       #50 pc 0000000000612098  /apex/com.android.art/lib64/libart.so (art::JNI<true>::CallStaticVoidMethodV(_JNIEnv*, _jclass*, _jmethodID*, std::__va_list)+168) (BuildId: b503bd046e0df84a24b8cfe52077dd8f)
03-21 20:47:07.756 26381 26381 F DEBUG   :       #51 pc 000000000010cc08  /system/lib64/libandroid_runtime.so (_JNIEnv::CallStaticVoidMethod(_jclass*, _jmethodID*, ...)+104) (BuildId: 6771c695af669daf80660eb85b28c6ee)
03-21 20:47:07.756 26381 26381 F DEBUG   :       #52 pc 0000000000136058  /system/lib64/libandroid_runtime.so (android::AndroidRuntime::start(char const*, android::Vector<android::String8> const&, bool)+920) (BuildId: 6771c695af669daf80660eb85b28c6ee)
03-21 20:47:07.756 26381 26381 F DEBUG   :       #53 pc 00000000000025d8  /system/bin/app_process64 (main+1272) (BuildId: 3f32e9f1b23110f2ce6d06a2e8a80af8)
03-21 20:47:07.756 26381 26381 F DEBUG   :       #54 pc 0000000000066ee8  /apex/com.android.runtime/lib64/bionic/libc.so (__libc_init+120) (BuildId: f66876adad7cb83d47d5c0b28c8a8ba0)
03-21 20:47:07.783   636   636 E tombstoned: Tombstone written to: tombstone_02
03-21 20:47:07.786  1587  1871 I BootReceiver: Filtering tombstone file: tombstone_02.pb
03-21 20:47:07.786  1587 26386 I DropBoxManagerService: add tag=data_app_native_crash isTagEnabled=true flags=0x2
03-21 20:47:07.787  1587 26385 W ActivityTaskManager:   Force finishing activity com.rnat/.MainActivity
03-21 20:47:07.787  1587 26385 W TransitionChain: Combining AR.finish-force-crash into #252(CLOSE|R|0x10) from finishTopCrash
03-21 20:47:07.797  1587  1871 I BootReceiver: Generated tombstone file: tombstone_02.pb2517612244052383046.pb.tmp
03-21 20:47:07.798  1587  1871 I BootReceiver: Adding tombstone tombstone_02.pb2517612244052383046.pb.tmp to dropbox
03-21 20:47:07.802  1587  1871 I DropBoxManagerService: add tag=SYSTEM_TOMBSTONE_PROTO_WITH_HEADERS isTagEnabled=true flags=0x4
03-21 20:47:07.806   852  1054 I hwcomposer: [HWC] (0)fire a callback of refresh to SF[4]  
03-21 20:47:07.809   625  2778 W libperfmgr: Failed to write to node: /dev/stune/top-app/schedtune.boost with value: 10, fd: -1
03-21 20:47:07.809   625  2778 W libperfmgr: Failed to write to node: /proc/sys/kernel/sched_boost with value: 0, fd: -1
03-21 20:47:07.819   625  2778 W libperfmgr: Failed to write to node: /dev/stune/top-app/schedtune.boost with value: 10, fd: -1
03-21 20:47:07.819   625  2778 W libperfmgr: Failed to write to node: /proc/sys/kernel/sched_boost with value: 0, fd: -1
03-21 20:47:07.821  1587  1871 I BootReceiver: Adding text tombstone version of tombstone_02.pb2517612244052383046.pb.tmp to dropbox
03-21 20:47:07.838   845   845 I Zygote  : Process 24797 exited due to signal 6 (Aborted)
03-21 20:47:07.851  1213  1213 I adbd    : Remote process closed the socket (on MSG_PEEK)
03-21 20:47:07.851   877   877 I Accelerometer: batch: handle:0, flag:0,samplingPeriodNs:80000000 maxBatchReportLatencyNs:2000000000
03-21 20:47:07.852  1587  3614 I WindowManager: WIN DEATH: Window{e07c320 u0 com.rnat/com.rnat.MainActivity}
03-21 20:47:07.852  1587  8672 I ActivityManager: Process com.rnat (pid 24797) has died: fg  TOP 
03-21 20:47:07.853  1587  1674 I libprocessgroup: Removed cgroup /sys/fs/cgroup/apps/uid_10399/pid_24797
03-21 20:47:07.856  1587  8672 W TransitionChain: Combining appDied into #252(CLOSE|R|0x10) from finishTopCrash
03-21 20:47:07.864  1587  1655 W ActivityManager: setHasOverlayUi called on unknown pid: 24797
03-21 20:47:07.866  1587  1680 W libprocessgroup: SetCgroup::ExecuteForProcess: failed to open /dev/stune/top-app/cgroup.procs: No such file or directory
03-21 20:47:07.869 26092 26092 I bsws    : onStart
03-21 20:47:07.870 26092 26092 I bsws    : onResume
03-21 20:47:07.870  1587  1680 W libprocessgroup: SetCgroup::ExecuteForProcess: failed to open /dev/stune/top-app/cgroup.procs: No such file or directory
03-21 20:47:07.874   852  1054 I hwcomposer: [HWC] (0)fire a callback of refresh to SF[4]  
03-21 20:47:07.887   625  2778 W libperfmgr: Failed to write to node: /dev/stune/top-app/schedtune.boost with value: 10, fd: -1
03-21 20:47:07.887   625  2778 W libperfmgr: Failed to write to node: /proc/sys/kernel/sched_boost with value: 0, fd: -1
03-21 20:47:07.896   914   988 E surfaceflinger: == MALI DEBUG ===eglp_winsys_populate_image_templates ==12288
03-21 20:47:07.899   625  2778 W libperfmgr: Failed to write to node: /dev/stune/top-app/schedtune.boost with value: 10, fd: -1
03-21 20:47:07.899   625  2778 W libperfmgr: Failed to write to node: /proc/sys/kernel/sched_boost with value: 0, fd: -1
03-21 20:47:07.909   914   988 E surfaceflinger: == MALI DEBUG ===eglp_winsys_populate_image_templates ==12288
03-21 20:47:07.913   914   988 E surfaceflinger: == MALI DEBUG ===eglp_winsys_populate_image_templates ==12288
03-21 20:47:07.925   914   988 E surfaceflinger: == MALI DEBUG ===eglp_winsys_populate_image_templates ==12288
03-21 20:47:07.930   914   988 E surfaceflinger: == MALI DEBUG ===eglp_winsys_populate_image_templates ==12288
03-21 20:47:07.933   625  2778 W libperfmgr: Failed to write to node: /dev/stune/top-app/schedtune.boost with value: 10, fd: -1
03-21 20:47:07.933   625  2778 W libperfmgr: Failed to write to node: /proc/sys/kernel/sched_boost with value: 0, fd: -1
03-21 20:47:07.935  1587  1871 I BootReceiver: Copying /data/tombstones/tombstone_02.pb2517612244052383046.pb.tmp1779338895984188027.pb.txt.tmp to DropBox (SYSTEM_TOMBSTONE)
03-21 20:47:07.935  1587  1871 I DropBoxManagerService: add tag=SYSTEM_TOMBSTONE isTagEnabled=true flags=0x6
03-21 20:47:08.012   625  2778 W libperfmgr: Failed to write to node: /dev/stune/top-app/schedtune.boost with value: 10, fd: -1
03-21 20:47:08.013   625  2778 W libperfmgr: Failed to write to node: /proc/sys/kernel/sched_boost with value: 0, fd: -1
03-21 20:47:08.080  1587  7863 W ActivityManager: pid 1587 system sent binder code 7 with flags 1 and got error -32
03-21 20:47:08.081  1587  7863 W WindowManager: Exception thrown during dispatchAppVisibility Window{e07c320 u0 com.rnat/com.rnat.MainActivity EXITING}
03-21 20:47:08.081  1587  7863 W WindowManager: android.os.DeadObjectException
03-21 20:47:08.081  1587  7863 W WindowManager: 	at android.os.BinderProxy.transactNative(Native Method)
03-21 20:47:08.081  1587  7863 W WindowManager: 	at android.os.BinderProxy.transact(BinderProxy.java:599)
03-21 20:47:08.081  1587  7863 W WindowManager: 	at android.view.IWindow$Stub$Proxy.dispatchAppVisibility(IWindow.java:535)
03-21 20:47:08.081  1587  7863 W WindowManager: 	at com.android.server.wm.WindowState.sendAppVisibilityToClients(WindowState.java:3266)
03-21 20:47:08.081  1587  7863 W WindowManager: 	at com.android.server.wm.WindowContainer.sendAppVisibilityToClients(WindowContainer.java:1223)
03-21 20:47:08.081  1587  7863 W WindowManager: 	at com.android.server.wm.WindowToken.setClientVisible(WindowToken.java:394)
03-21 20:47:08.081  1587  7863 W WindowManager: 	at com.android.server.wm.ActivityRecord.commitVisibility(ActivityRecord.java:5626)
03-21 20:47:08.081  1587  7863 W WindowManager: 	at com.android.server.wm.Transition.finishTransition(Transition.java:1500)
03-21 20:47:08.081  1587  7863 W WindowManager: 	at com.android.server.wm.TransitionController.finishTransition(TransitionController.java:1096)
03-21 20:47:08.081  1587  7863 W WindowManager: 	at com.android.server.wm.WindowOrganizerController.finishTransition(WindowOrganizerController.java:518)
03-21 20:47:08.081  1587  7863 W WindowManager: 	at android.window.IWindowOrganizerController$Stub.onTransact(IWindowOrganizerController.java:270)
03-21 20:47:08.081  1587  7863 W WindowManager: 	at com.android.server.wm.WindowOrganizerController.onTransact(WindowOrganizerController.java:233)
03-21 20:47:08.081  1587  7863 W WindowManager: 	at android.os.Binder.execTransactInternal(Binder.java:1473)
03-21 20:47:08.081  1587  7863 W WindowManager: 	at android.os.Binder.execTransact(Binder.java:1418)
03-21 20:47:08.081  1587  7863 W Process : Unable to open /proc/24797/status
03-21 20:47:08.097  1587  1999 W ImageReader_JNI: Unable to acquire a buffer item, very likely client tried to acquire more than maxImages buffers
03-21 20:47:08.116  1587  7863 W WindowManager: takeTaskSnapshot: taskId=801 not found or not visible
03-21 20:47:08.119   914   914 E BpTransactionCompletedListener: Failed to transact (-32)
03-21 20:47:08.238   852  1054 I hwcomposer: [HWC] (0)fire a callback of refresh to SF[4]  
03-21 20:47:08.246   625  2778 W libperfmgr: Failed to write to node: /dev/stune/top-app/schedtune.boost with value: 10, fd: -1
03-21 20:47:08.246   625  2778 W libperfmgr: Failed to write to node: /proc/sys/kernel/sched_boost with value: 0, fd: -1
03-21 20:47:08.266   625  2778 W libperfmgr: Failed to write to node: /dev/stune/top-app/schedtune.boost with value: 10, fd: -1
03-21 20:47:08.266   625  2778 W libperfmgr: Failed to write to node: /proc/sys/kernel/sched_boost with value: 0, fd: -1
03-21 20:47:08.274   625  2778 W libperfmgr: Failed to write to node: /dev/stune/top-app/schedtune.boost with value: 50, fd: -1
03-21 20:47:08.274   625  2778 W libperfmgr: Failed to write to node: /proc/sys/kernel/sched_boost with value: 2, fd: -1
03-21 20:47:08.287  1587  1655 W ActivityTaskManager: Activity top resumed state loss timeout for ActivityRecord{114774198 u0 com.rnat/.MainActivity t-1 f}}
03-21 20:47:08.303  1587  1910 I ImeTracker: com.android.launcher3:9d6b4025: onRequestHide at ORIGIN_SERVER reason HIDE_SAME_WINDOW_FOCUSED_WITHOUT_EDITOR fromUser false
03-21 20:47:08.304  2437  2437 I ImeTracker: com.android.launcher3:9d6b4025: onCancelled at PHASE_CLIENT_ALREADY_HIDDEN
03-21 20:47:08.305  3073  3073 I GoogleInputMethodService: GoogleInputMethodService.onFinishInput():2114 
03-21 20:47:08.305  3073  3073 I Module  : DeviceLockedStatusModuleProvider$Module.updateDeviceLockedStatus():103 repeatCheckTimes = 0, locked = false
03-21 20:47:08.305  3073  3073 I GoogleInputMethodService: GoogleInputMethodService.onStartInput():1385 onStartInput(EditorInfo{EditorInfo{packageName=com.android.launcher3, inputType=0, inputTypeString=NULL, enableLearning=false, autoCorrection=false, autoComplete=false, imeOptions=0, privateImeOptions=null, actionName=UNSPECIFIED, actionLabel=null, initialSelStart=-1, initialSelEnd=-1, initialCapsMode=0, label=null, fieldId=0, fieldName=null, extras=null, hintText=null, hintLocales=[]}}, false)
03-21 20:47:08.306  3073  3073 I AndroidIME: LatinIMEBase.updateInputViewCoverNavigation():314 Update input view padding, extendsTouchBelowSpace=true, bottom inset=126
03-21 20:47:08.306  3073  3073 I Module  : DeviceLockedStatusModuleProvider$Module.updateDeviceLockedStatus():103 repeatCheckTimes = 1, locked = false
03-21 20:47:08.307  1587  3614 W PackageConfigPersister: App-specific configuration not found for packageName: com.android.launcher3 and userId: 0
03-21 20:47:08.348  2458 24325 E hevm    : Got more than one input Future failure. Logging failures after the first
03-21 20:47:08.348  2458 24325 E hevm    : java.io.IOException: Unable to create parent directories of /data/user/0/com.google.android.gms/files/mobstore_salt.pb.lock
03-21 20:47:08.348  2458 24325 E hevm    : 	at gzxb.c(:com.google.android.gms@261035035@26.10.35 (260400-885717106):41)
03-21 20:47:08.348  2458 24325 E hevm    : 	at ghmu.e(:com.google.android.gms@261035035@26.10.35 (260400-885717106):5)
03-21 20:47:08.348  2458 24325 E hevm    : 	at ghpn.a(:com.google.android.gms@261035035@26.10.35 (260400-885717106):198)
03-21 20:47:08.348  2458 24325 E hevm    : 	at ghma.d(:com.google.android.gms@261035035@26.10.35 (260400-885717106):5)
03-21 20:47:08.348  2458 24325 E hevm    : 	at ghrn.a(:com.google.android.gms@261035035@26.10.35 (260400-885717106):19)
03-21 20:47:08.348  2458 24325 E hevm    : 	at gwat.a(:com.google.android.gms@261035035@26.10.35 (260400-885717106):13)
03-21 20:47:08.348  2458 24325 E hevm    : 	at hexb.a(:com.google.android.gms@261035035@26.10.35 (260400-885717106):20)
03-21 20:47:08.348  2458 24325 E hevm    : 	at hezf.a(:com.google.android.gms@261035035@26.10.35 (260400-885717106):3)
03-21 20:47:08.348  2458 24325 E hevm    : 	at heyg.run(:com.google.android.gms@261035035@26.10.35 (260400-885717106):19)
03-21 20:47:08.348  2458 24325 E hevm    : 	at hezh.run(:com.google.android.gms@261035035@26.10.35 (260400-885717106):5)
03-21 20:47:08.348  2458 24325 E hevm    : 	at hexd.run(:com.google.android.gms@261035035@26.10.35 (260400-885717106):20)
03-21 20:47:08.348  2458 24325 E hevm    : 	at java.util.concurrent.ThreadPoolExecutor.runWorker(ThreadPoolExecutor.java:1154)
03-21 20:47:08.348  2458 24325 E hevm    : 	at java.util.concurrent.ThreadPoolExecutor$Worker.run(ThreadPoolExecutor.java:652)
03-21 20:47:08.348  2458 24325 E hevm    : 	at java.lang.Thread.run(Thread.java:1563)
03-21 20:47:08.349  2458 24325 E hevm    : Got more than one input Future failure. Logging failures after the first
03-21 20:47:08.349  2458 24325 E hevm    : java.io.IOException: Unable to create parent directories of /data/user/0/com.google.android.gms/files/mobstore_salt.pb.lock
03-21 20:47:08.349  2458 24325 E hevm    : 	at gzxb.c(:com.google.android.gms@261035035@26.10.35 (260400-885717106):41)
03-21 20:47:08.349  2458 24325 E hevm    : 	at ghmu.e(:com.google.android.gms@261035035@26.10.35 (260400-885717106):5)
03-21 20:47:08.349  2458 24325 E hevm    : 	at ghpn.a(:com.google.android.gms@261035035@26.10.35 (260400-885717106):198)
03-21 20:47:08.349  2458 24325 E hevm    : 	at ghma.d(:com.google.android.gms@261035035@26.10.35 (260400-885717106):5)
03-21 20:47:08.349  2458 24325 E hevm    : 	at ghrn.a(:com.google.android.gms@261035035@26.10.35 (260400-885717106):19)
03-21 20:47:08.349  2458 24325 E hevm    : 	at gwat.a(:com.google.android.gms@261035035@26.10.35 (260400-885717106):13)
03-21 20:47:08.349  2458 24325 E hevm    : 	at hexb.a(:com.google.android.gms@261035035@26.10.35 (260400-885717106):20)
03-21 20:47:08.349  2458 24325 E hevm    : 	at hezf.a(:com.google.android.gms@261035035@26.10.35 (260400-885717106):3)
03-21 20:47:08.349  2458 24325 E hevm    : 	at heyg.run(:com.google.android.gms@261035035@26.10.35 (260400-885717106):19)
03-21 20:47:08.349  2458 24325 E hevm    : 	at hezh.run(:com.google.android.gms@261035035@26.10.35 (260400-885717106):5)
03-21 20:47:08.349  2458 24325 E hevm    : 	at hexd.run(:com.google.android.gms@261035035@26.10.35 (260400-885717106):20)
03-21 20:47:08.349  2458 24325 E hevm    : 	at java.util.concurrent.ThreadPoolExecutor.runWorker(ThreadPoolExecutor.java:1154)
03-21 20:47:08.349  2458 24325 E hevm    : 	at java.util.concurrent.ThreadPoolExecutor$Worker.run(ThreadPoolExecutor.java:652)
03-21 20:47:08.349  2458 24325 E hevm    : 	at java.lang.Thread.run(Thread.java:1563)
03-21 20:47:08.349  2458 24325 E hevm    : Got more than one input Future failure. Logging failures after the first
03-21 20:47:08.349  2458 24325 E hevm    : java.io.IOException: Unable to create parent directories of /data/user/0/com.google.android.gms/files/mobstore_salt.pb.lock
03-21 20:47:08.349  2458 24325 E hevm    : 	at gzxb.c(:com.google.android.gms@261035035@26.10.35 (260400-885717106):41)
03-21 20:47:08.349  2458 24325 E hevm    : 	at ghmu.e(:com.google.android.gms@261035035@26.10.35 (260400-885717106):5)
03-21 20:47:08.349  2458 24325 E hevm    : 	at ghpn.a(:com.google.android.gms@261035035@26.10.35 (260400-885717106):198)
03-21 20:47:08.349  2458 24325 E hevm    : 	at ghma.d(:com.google.android.gms@261035035@26.10.35 (260400-885717106):5)
03-21 20:47:08.349  2458 24325 E hevm    : 	at ghrn.a(:com.google.android.gms@261035035@26.10.35 (260400-885717106):19)
03-21 20:47:08.349  2458 24325 E hevm    : 	at gwat.a(:com.google.android.gms@261035035@26.10.35 (260400-885717106):13)
03-21 20:47:08.349  2458 24325 E hevm    : 	at hexb.a(:com.google.android.gms@261035035@26.10.35 (260400-885717106):20)
03-21 20:47:08.349  2458 24325 E hevm    : 	at hezf.a(:com.google.android.gms@261035035@26.10.35 (260400-885717106):3)
03-21 20:47:08.349  2458 24325 E hevm    : 	at heyg.run(:com.google.android.gms@261035035@26.10.35 (260400-885717106):19)
03-21 20:47:08.349  2458 24325 E hevm    : 	at hezh.run(:com.google.android.gms@261035035@26.10.35 (260400-885717106):5)
03-21 20:47:08.349  2458 24325 E hevm    : 	at hexd.run(:com.google.android.gms@261035035@26.10.35 (260400-885717106):20)
03-21 20:47:08.349  2458 24325 E hevm    : 	at java.util.concurrent.ThreadPoolExecutor.runWorker(ThreadPoolExecutor.java:1154)
03-21 20:47:08.349  2458 24325 E hevm    : 	at java.util.concurrent.ThreadPoolExecutor$Worker.run(ThreadPoolExecutor.java:652)
03-21 20:47:08.349  2458 24325 E hevm    : 	at java.lang.Thread.run(Thread.java:1563)
03-21 20:47:08.414   852  1054 I hwcomposer: [HWC] (0)fire a callback of refresh to SF[4]  
03-21 20:47:08.419   625  2778 W libperfmgr: Failed to write to node: /dev/stune/top-app/schedtune.boost with value: 50, fd: -1
03-21 20:47:08.419   625  2778 W libperfmgr: Failed to write to node: /proc/sys/kernel/sched_boost with value: 2, fd: -1
03-21 20:47:08.422   852   992 I hwcomposer: [HWCDisplay] [Display_0 (type:1)] fps:66.820168,dur:1032.62,max:71.59,min:9.03  
03-21 20:47:08.435   625  2778 W libperfmgr: Failed to write to node: /dev/stune/top-app/schedtune.boost with value: 10, fd: -1
03-21 20:47:08.435   625  2778 W libperfmgr: Failed to write to node: /proc/sys/kernel/sched_boost with value: 0, fd: -1
03-21 20:47:08.495   625  2778 W libperfmgr: Failed to write to node: /dev/stune/top-app/schedtune.boost with value: 10, fd: -1
03-21 20:47:08.495   625  2778 W libperfmgr: Failed to write to node: /proc/sys/kernel/sched_boost with value: 0, fd: -1
03-21 20:47:08.995   625  2778 W libperfmgr: Failed to write to node: /dev/stune/top-app/schedtune.boost with value: 10, fd: -1
03-21 20:47:08.995   625  2778 W libperfmgr: Failed to write to node: /proc/sys/kernel/sched_boost with value: 0, fd: -1
03-21 20:47:09.042   625  2778 W libperfmgr: Failed to write to node: /dev/stune/top-app/schedtune.boost with value: 50, fd: -1
03-21 20:47:09.042   625  2778 W libperfmgr: Failed to write to node: /proc/sys/kernel/sched_boost with value: 1, fd: -1
03-21 20:47:09.046  1587  1680 W libprocessgroup: SetCgroup::ExecuteForProcess: failed to open /dev/stune/top-app/cgroup.procs: No such file or directory
03-21 20:47:09.047  1587  3614 I ActivityTaskManager: START u0 {act=android.intent.action.MAIN cat=[android.intent.category.LAUNCHER] flg=0x10200000 xflg=0x4 cmp=com.rnat/.MainActivity bnds=[64,1707][302,2022]} with LAUNCH_SINGLE_TASK from uid 10326 (com.android.launcher3) (sr=214633613) (BAL_ALLOW_VISIBLE_WINDOW) result code=0
03-21 20:47:09.050  2437  2437 W SplitSelectStateCtor: Missing session instanceIds
03-21 20:47:09.063  1587  1673 I ActivityManager: Start proc 26394:com.rnat/u0a399 for next-top-activity {com.rnat/com.rnat.MainActivity}
03-21 20:47:09.063   625  2778 W libperfmgr: Failed to write to node: /dev/stune/top-app/schedtune.boost with value: 50, fd: -1
03-21 20:47:09.063   625  2778 W libperfmgr: Failed to write to node: /proc/sys/kernel/sched_boost with value: 2, fd: -1
03-21 20:47:09.068   914   988 E surfaceflinger: == MALI DEBUG ===eglp_winsys_populate_image_templates ==12288
03-21 20:47:09.081 26394 26394 I Zygote  : Process 26394 created for com.rnat
03-21 20:47:09.081 26394 26394 I com.rnat: Late-enabling -Xcheck:jni
03-21 20:47:09.099 26394 26394 I com.rnat: Using CollectorTypeCMC GC.
03-21 20:47:09.103  1213  1255 I adbd    : jdwp connection from 26394
03-21 20:47:09.116  1587  1680 W libprocessgroup: SetCgroup::ExecuteForProcess: failed to open /dev/stune/top-app/cgroup.procs: No such file or directory
03-21 20:47:09.132   625  2778 W libperfmgr: Failed to write to node: /dev/stune/top-app/schedtune.boost with value: 50, fd: -1
03-21 20:47:09.132   625  2778 W libperfmgr: Failed to write to node: /proc/sys/kernel/sched_boost with value: 2, fd: -1
03-21 20:47:09.150 26092 26092 I bsws    : onPause
03-21 20:47:09.359   881  2016 I WifiHAL : feature_set=0x8488141a
03-21 20:47:09.361  1587  1927 I HalDevMgr: bestIfaceCreationProposal is null, requestIface=STA, existingIface=[name=wlan0 type=STA]
03-21 20:47:09.364   625  2778 W libperfmgr: Failed to write to node: /dev/stune/top-app/schedtune.boost with value: 50, fd: -1
03-21 20:47:09.364   625  2778 W libperfmgr: Failed to write to node: /proc/sys/kernel/sched_boost with value: 1, fd: -1
03-21 20:47:09.365   625  2778 W libperfmgr: Failed to write to node: /dev/stune/top-app/schedtune.boost with value: 50, fd: -1
03-21 20:47:09.365   625  2778 W libperfmgr: Failed to write to node: /proc/sys/kernel/sched_boost with value: 1, fd: -1
03-21 20:47:09.450   852  1054 I hwcomposer: [HWC] (0)fire a callback of refresh to SF[4]  
03-21 20:47:09.464   625  2778 W libperfmgr: Failed to write to node: /dev/stune/top-app/schedtune.boost with value: 50, fd: -1
03-21 20:47:09.464   625  2778 W libperfmgr: Failed to write to node: /proc/sys/kernel/sched_boost with value: 1, fd: -1
03-21 20:47:09.466   852   992 I hwcomposer: [HWCDisplay] [Display_0 (type:1)] fps:30.650375,dur:1044.03,max:632.97,min:10.97  
03-21 20:47:09.499 26394 26394 W SoLoader: Initializing SoLoader: 0
03-21 20:47:09.500 26394 26394 W SoLoader: Recording new base apk path: /data/app/~~vxDmN-GaJGcAOwNajJfyIA==/com.rnat-e4vCWPr-T3jrWvYyyU6CqQ==/base.apk
03-21 20:47:09.500 26394 26394 W SoLoader: Previously recorded 0 base apk paths.
03-21 20:47:09.501 26394 26394 I SoLoader: Preparing SO source: DirectorySoSource[root = /vendor/lib64 flags = 2]
03-21 20:47:09.501 26394 26394 I SoLoader: Preparing SO source: DirectorySoSource[root = /system/lib64 flags = 2]
03-21 20:47:09.501 26394 26394 I SoLoader: Preparing SO source: DirectApkSoSource[root = [/data/app/~~vxDmN-GaJGcAOwNajJfyIA==/com.rnat-e4vCWPr-T3jrWvYyyU6CqQ==/base.apk!/lib/arm64-v8a]]
03-21 20:47:09.531   625  2778 W libperfmgr: Failed to write to node: /dev/stune/top-app/schedtune.boost with value: 50, fd: -1
03-21 20:47:09.531   625  2778 W libperfmgr: Failed to write to node: /proc/sys/kernel/sched_boost with value: 1, fd: -1
03-21 20:47:09.569 26394 26394 I SoLoader: Preparing SO source: ApplicationSoSource[DirectorySoSource[root = /data/app/~~vxDmN-GaJGcAOwNajJfyIA==/com.rnat-e4vCWPr-T3jrWvYyyU6CqQ==/lib/arm64 flags = 0]]
03-21 20:47:09.569 26394 26394 I SoLoader: init finish: 4 SO sources prepared
03-21 20:47:09.569 26394 26394 W SoLoader: SoLoader initialized: 8
03-21 20:47:09.577 26394 26408 I DisplayManager: Choreographer implicitly registered for the refresh rate.
03-21 20:47:09.581 26394 26408 E QT      : [QT]file does not exist
03-21 20:47:09.584  1587  1653 W AppWarnings: Showing PageSizeMismatchDialog for package com.rnat
03-21 20:47:09.617 26394 26394 E ashmem  : Pinning is deprecated since Android Q. Please use trim or other methods.
03-21 20:47:09.621   914   988 E surfaceflinger: == MALI DEBUG ===eglp_winsys_populate_image_templates ==12288
03-21 20:47:09.627   914   988 E surfaceflinger: == MALI DEBUG ===eglp_winsys_populate_image_templates ==12288
03-21 20:47:09.629   625  2778 W libperfmgr: Failed to write to node: /dev/stune/top-app/schedtune.boost with value: 50, fd: -1
03-21 20:47:09.629   625  2778 W libperfmgr: Failed to write to node: /proc/sys/kernel/sched_boost with value: 2, fd: -1
03-21 20:47:09.631   914   988 E surfaceflinger: == MALI DEBUG ===eglp_winsys_populate_image_templates ==12288
03-21 20:47:09.639   914   988 E surfaceflinger: == MALI DEBUG ===eglp_winsys_populate_image_templates ==12288
03-21 20:47:09.720 26394 26394 W SoLoader: SoLoader already initialized
03-21 20:47:09.742 26394 26394 W SoLoader: SoLoader already initialized
03-21 20:47:09.788   877   877 I Accelerometer: batch: handle:0, flag:0,samplingPeriodNs:66667000 maxBatchReportLatencyNs:0
03-21 20:47:09.789   877   877 I Accelerometer: flush, flushCnt:1
03-21 20:47:09.791   877   924 I Accelerometer: flush complete, flushCnt:0
03-21 20:47:09.792   625  2778 W libperfmgr: Failed to write to node: /dev/stune/top-app/schedtune.boost with value: 50, fd: -1
03-21 20:47:09.792   625  2778 W libperfmgr: Failed to write to node: /proc/sys/kernel/sched_boost with value: 1, fd: -1
03-21 20:47:09.814   852  1054 I hwcomposer: [HWC] (0)fire a callback of refresh to SF[4]  
03-21 20:47:09.818   625  2778 W libperfmgr: Failed to write to node: /dev/stune/top-app/schedtune.boost with value: 50, fd: -1
03-21 20:47:09.818   625  2778 W libperfmgr: Failed to write to node: /proc/sys/kernel/sched_boost with value: 1, fd: -1
03-21 20:47:09.825   844 26433 I resolv  : GetAddrInfoHandler::run: {102 102 102 983142 10399 0}
03-21 20:47:09.826   844 26434 I resolv  : GetAddrInfoHandler::run: {102 102 102 983142 10399 0}
03-21 20:47:09.826   844 26435 I resolv  : res_nmkquery: (QUERY, IN, A)
03-21 20:47:09.827   844 26436 I resolv  : res_nmkquery: (QUERY, IN, A)
03-21 20:47:09.827   844 26436 I resolv  : resolv_cache_lookup: Waiting for previous request
03-21 20:47:09.827   844 26437 I resolv  : GetAddrInfoHandler::run: {102 102 102 983142 10399 0}
03-21 20:47:09.828   844 26438 I resolv  : res_nmkquery: (QUERY, IN, A)
03-21 20:47:09.828   844 26438 I resolv  : resolv_cache_lookup: Waiting for previous request
03-21 20:47:09.828 26394 26394 I com.rnat: hiddenapi: Accessing hidden method Landroid/view/ViewGroup;->makeOptionalFitsSystemWindows()V (runtime_flags=0, domain=platform, api=unsupported) from Landroidx/appcompat/widget/ViewUtils; (domain=app, TargetSdkVersion=35) using reflection: allowed
03-21 20:47:09.830   844 26435 I resolv  : res_nsend: used send_dg 43 terrno: 0
03-21 20:47:09.830   844 26435 I resolv  : doQuery: rcode=0, ancount=1, return value=43
03-21 20:47:09.834   844 26438 I resolv  : res_nsend: used send_dg 43 terrno: 0
03-21 20:47:09.834   844 26438 I resolv  : doQuery: rcode=0, ancount=1, return value=43
03-21 20:47:09.849 26394 26429 W unknown:ReactNative: The packager does not seem to be running as we got an IOException requesting its status: unexpected end of stream on http://localhost:8081/...
03-21 20:47:09.850 26394 26432 W unknown:ReconnectingWebSocket: Couldn't connect to "ws://localhost:8081/message?device=23030RAC7Y%20-%2016%20-%20API%2036&app=com.rnat&clientid=BridgeDevSupportManager", will silently retry
03-21 20:47:09.853 26394 26394 W HWUI    : Unknown dataspace 0
03-21 20:47:09.864   625  2778 W libperfmgr: Failed to write to node: /dev/stune/top-app/schedtune.boost with value: 50, fd: -1
03-21 20:47:09.864   625  2778 W libperfmgr: Failed to write to node: /proc/sys/kernel/sched_boost with value: 1, fd: -1
03-21 20:47:09.864   844 26436 I resolv  : res_nsend: used send_dg 43 terrno: 0
03-21 20:47:09.864   844 26436 I resolv  : doQuery: rcode=0, ancount=1, return value=43
03-21 20:47:09.868 26394 26394 W unknown:ReactNative: Packager connection already open, nooping.
03-21 20:47:09.880   914   987 E SurfaceFlinger: getSupportedContentTypes: getSupportedContentTypes failed for display 4627039422300187648: UNSUPPORTED (8)
03-21 20:47:09.892   914   988 E surfaceflinger: == MALI DEBUG ===eglp_winsys_populate_image_templates ==12288
03-21 20:47:09.895  1587  1652 I ActivityTaskManager: Displayed com.rnat/.MainActivity for user 0: +856ms
03-21 20:47:09.897   625  2778 W libperfmgr: Failed to write to node: /dev/stune/top-app/schedtune.boost with value: 10, fd: -1
03-21 20:47:09.897   625  2778 W libperfmgr: Failed to write to node: /proc/sys/kernel/sched_boost with value: 0, fd: -1
03-21 20:47:09.899  2437  2437 I AutofillManager: onInvisibleForAutofill(): expiringResponse
03-21 20:47:09.908   914   988 E surfaceflinger: == MALI DEBUG ===eglp_winsys_populate_image_templates ==12288
03-21 20:47:09.910 26394 26449 E unknown:ReactNative: Exception in native call
03-21 20:47:09.910 26394 26449 E unknown:ReactNative: java.lang.RuntimeException: Unable to load script. Make sure you're either running Metro (run 'npx react-native start') or that your bundle 'index.android.bundle' is packaged correctly for release.
03-21 20:47:09.910 26394 26449 E unknown:ReactNative: 	at com.facebook.react.bridge.CatalystInstanceImpl.jniLoadScriptFromAssets(Native Method)
03-21 20:47:09.910 26394 26449 E unknown:ReactNative: 	at com.facebook.react.bridge.CatalystInstanceImpl.loadScriptFromAssets(CatalystInstanceImpl.java:239)
03-21 20:47:09.910 26394 26449 E unknown:ReactNative: 	at com.facebook.react.bridge.JSBundleLoader$1.loadScript(JSBundleLoader.java:27)
03-21 20:47:09.910 26394 26449 E unknown:ReactNative: 	at com.facebook.react.bridge.CatalystInstanceImpl.runJSBundle(CatalystInstanceImpl.java:268)
03-21 20:47:09.910 26394 26449 E unknown:ReactNative: 	at com.facebook.react.ReactInstanceManager.createReactContext(ReactInstanceManager.java:1541)
03-21 20:47:09.910 26394 26449 E unknown:ReactNative: 	at com.facebook.react.ReactInstanceManager.lambda$runCreateReactContextOnNewThread$2(ReactInstanceManager.java:1236)
03-21 20:47:09.910 26394 26449 E unknown:ReactNative: 	at com.facebook.react.ReactInstanceManager.$r8$lambda$PrBhihCbbAFk4ZReAALGanVLCyc(Unknown Source:0)
03-21 20:47:09.910 26394 26449 E unknown:ReactNative: 	at com.facebook.react.ReactInstanceManager$$ExternalSyntheticLambda1.run(D8$$SyntheticClass:0)
03-21 20:47:09.910 26394 26449 E unknown:ReactNative: 	at java.lang.Thread.run(Thread.java:1563)
03-21 20:47:09.910   844   878 I netd    : tetherGetStats() -> {[]} <1.50ms>
03-21 20:47:09.912   852  1055 W hwcomposer: [DRMDEV] paramIsSame(), id 1071, w 1080/1080, h 2400/2400, pitch 1088/1088, format 0x2/0x1, secure 0/0  
03-21 20:47:09.916   914   988 E surfaceflinger: == MALI DEBUG ===eglp_winsys_populate_image_templates ==12288
03-21 20:47:09.927   914   988 E surfaceflinger: == MALI DEBUG ===eglp_winsys_populate_image_templates ==12288
03-21 20:47:09.965 26394 26394 I HWUI    : Using FreeType backend (prop=Auto)
03-21 20:47:10.054  2437  2437 I droid.launcher3: Explicit concurrent mark compact GC freed 3593KB AllocSpace bytes, 0(0B) LOS objects, 49% free, 12MB/24MB, paused 983us,2.670ms total 154.751ms
03-21 20:47:10.056  1587  1680 W libprocessgroup: SetCgroup::ExecuteForProcess: failed to open /dev/stune/background/cgroup.procs: No such file or directory
03-21 20:47:10.057 26092 26092 I bsws    : onStop
03-21 20:47:10.059  2437  2446 W System  : A resource failed to call release. 
03-21 20:47:10.059  2437  2446 W System  : A resource failed to call release. 
03-21 20:47:10.059  2437  2446 W System  : A resource failed to call release. 
03-21 20:47:10.095   625  2778 W libperfmgr: Failed to write to node: /dev/stune/top-app/schedtune.boost with value: 50, fd: -1
03-21 20:47:10.095   625  2778 W libperfmgr: Failed to write to node: /proc/sys/kernel/sched_boost with value: 2, fd: -1
03-21 20:47:10.099   914   988 E surfaceflinger: == MALI DEBUG ===eglp_winsys_populate_image_templates ==12288
03-21 20:47:10.103   914   988 E surfaceflinger: == MALI DEBUG ===eglp_winsys_populate_image_templates ==12288
03-21 20:47:10.245   625  2778 W libperfmgr: Failed to write to node: /dev/stune/top-app/schedtune.boost with value: 10, fd: -1
03-21 20:47:10.245   625  2778 W libperfmgr: Failed to write to node: /proc/sys/kernel/sched_boost with value: 0, fd: -1
03-21 20:47:10.270   852  1054 I hwcomposer: [HWC] (0)fire a callback of refresh to SF[4]  
03-21 20:47:10.275   625  2778 W libperfmgr: Failed to write to node: /dev/stune/top-app/schedtune.boost with value: 10, fd: -1
03-21 20:47:10.276   625  2778 W libperfmgr: Failed to write to node: /proc/sys/kernel/sched_boost with value: 0, fd: -1
03-21 20:47:10.351   625  2778 W libperfmgr: Failed to write to node: /dev/stune/top-app/schedtune.boost with value: 10, fd: -1
03-21 20:47:10.351   625  2778 W libperfmgr: Failed to write to node: /proc/sys/kernel/sched_boost with value: 0, fd: -1
03-21 20:47:10.355  2458 19816 I FontLog : (REDACTED) Received query %s, URI %s
03-21 20:47:10.355  2458 19816 I FontLog : (REDACTED) Query [%s] resolved to %s
03-21 20:47:10.356  2458 19816 I FontLog : (REDACTED) Fetch %s end status %s
03-21 20:47:10.358  2458 19816 I FontLog : (REDACTED) Pulling font file for id = %d, cache size = %d
03-21 20:47:10.363  2458 19816 I FontLog : (REDACTED) Pulling font file for id = %d, cache size = %d
03-21 20:47:10.418   625  2778 W libperfmgr: Failed to write to node: /dev/stune/top-app/schedtune.boost with value: 50, fd: -1
03-21 20:47:10.418   625  2778 W libperfmgr: Failed to write to node: /proc/sys/kernel/sched_boost with value: 2, fd: -1
03-21 20:47:10.438  1587  1910 I ImeTracker: com.rnat:f25b255d: onRequestHide at ORIGIN_SERVER reason HIDE_UNSPECIFIED_WINDOW fromUser false
03-21 20:47:10.440 26394 26394 I ImeTracker: com.rnat:f25b255d: onCancelled at PHASE_CLIENT_ALREADY_HIDDEN
03-21 20:47:10.443  3073  3073 I GoogleInputMethodService: GoogleInputMethodService.onFinishInput():2114 
03-21 20:47:10.443  3073  3073 I Module  : DeviceLockedStatusModuleProvider$Module.updateDeviceLockedStatus():103 repeatCheckTimes = 0, locked = false
03-21 20:47:10.444  3073  3073 I GoogleInputMethodService: GoogleInputMethodService.onStartInput():1385 onStartInput(EditorInfo{EditorInfo{packageName=com.rnat, inputType=0, inputTypeString=NULL, enableLearning=false, autoCorrection=false, autoComplete=false, imeOptions=0, privateImeOptions=null, actionName=UNSPECIFIED, actionLabel=null, initialSelStart=-1, initialSelEnd=-1, initialCapsMode=0, label=null, fieldId=0, fieldName=null, extras=null, hintText=null, hintLocales=[]}}, false)
03-21 20:47:10.444  3073  3073 I AndroidIME: LatinIMEBase.updateInputViewCoverNavigation():314 Update input view padding, extendsTouchBelowSpace=true, bottom inset=126
03-21 20:47:10.445  1587  8672 I ImeTracker: system_server:c829683f: onRequestHide at ORIGIN_SERVER reason IME_REQUESTED_CHANGED_LISTENER fromUser false
03-21 20:47:10.445  3073  3073 I Module  : DeviceLockedStatusModuleProvider$Module.updateDeviceLockedStatus():103 repeatCheckTimes = 1, locked = false
03-21 20:47:10.445  1587  1655 I ImeTracker: system_server:c829683f: onCancelled at PHASE_SERVER_SHOULD_HIDE
03-21 20:47:10.446  1587  7863 W PackageConfigPersister: App-specific configuration not found for packageName: com.rnat and userId: 0
03-21 20:47:10.452   914   988 E surfaceflinger: == MALI DEBUG ===eglp_winsys_populate_image_templates ==12288
03-21 20:47:10.477   852   992 I hwcomposer: [HWCDisplay] [Display_0 (type:1)] fps:55.400360,dur:1010.82,max:133.22,min:11.02  
03-21 20:47:10.558   852  1054 I hwcomposer: [HWC] (0)fire a callback of refresh to SF[4]  
03-21 20:47:10.562   625  2778 W libperfmgr: Failed to write to node: /dev/stune/top-app/schedtune.boost with value: 50, fd: -1
03-21 20:47:10.562   625  2778 W libperfmgr: Failed to write to node: /proc/sys/kernel/sched_boost with value: 2, fd: -1
03-21 20:47:10.578   625  2778 W libperfmgr: Failed to write to node: /dev/stune/top-app/schedtune.boost with value: 10, fd: -1
03-21 20:47:10.578   625  2778 W libperfmgr: Failed to write to node: /proc/sys/kernel/sched_boost with value: 0, fd: -1
03-21 20:47:10.634 26094 26108 W ndcloud.android: userfaultfd: MOVE ioctl seems unsupported: Connection timed out
03-21 20:47:10.639   625  2778 W libperfmgr: Failed to write to node: /dev/stune/top-app/schedtune.boost with value: 10, fd: -1
03-21 20:47:10.639   625  2778 W libperfmgr: Failed to write to node: /proc/sys/kernel/sched_boost with value: 0, fd: -1
03-21 20:47:10.678  2237  2237 E SatelliteController: registerForSatelliteModemStateChanged: mSatelliteSessionController is not initialized yet
03-21 20:47:10.680  2237  2237 E SatelliteController: registerForSatelliteModemStateChanged: mSatelliteSessionController is not initialized yet
03-21 20:47:10.683  2237  2378 E SatelliteController: notifyNtnEligibility: mSatellitePhone is null
03-21 20:47:10.688  1587  8909 W ContextImpl: Calling a method in the system process without a qualified user: android.app.ContextImpl.sendBroadcastMultiplePermissions:1358 android.content.Context.sendBroadcastMultiplePermissions:2796 com.android.server.TelephonyRegistry.broadcastServiceStateChanged:4172 com.android.server.TelephonyRegistry.notifyServiceStateForPhoneId:1848 com.android.internal.telephony.ITelephonyRegistry$Stub.onTransact:613 
03-21 20:47:10.690  1587  8909 W ContextImpl: Calling a method in the system process without a qualified user: android.app.ContextImpl.sendBroadcastMultiplePermissions:1391 com.android.server.TelephonyRegistry.broadcastServiceStateChanged:4177 com.android.server.TelephonyRegistry.notifyServiceStateForPhoneId:1848 com.android.internal.telephony.ITelephonyRegistry$Stub.onTransact:613 android.os.Binder.execTransactInternal:1473 
03-21 20:47:10.692  1587  8909 W ContextImpl: Calling a method in the system process without a qualified user: android.app.ContextImpl.sendBroadcastMultiplePermissions:1391 com.android.server.TelephonyRegistry.broadcastServiceStateChanged:4186 com.android.server.TelephonyRegistry.notifyServiceStateForPhoneId:1848 com.android.internal.telephony.ITelephonyRegistry$Stub.onTransact:613 android.os.Binder.execTransactInternal:1473 
03-21 20:47:10.694  1587  8909 W ContextImpl: Calling a method in the system process without a qualified user: android.app.ContextImpl.sendBroadcastMultiplePermissions:1391 com.android.server.TelephonyRegistry.broadcastServiceStateChanged:4192 com.android.server.TelephonyRegistry.notifyServiceStateForPhoneId:1848 com.android.internal.telephony.ITelephonyRegistry$Stub.onTransact:613 android.os.Binder.execTransactInternal:1473 
03-21 20:47:10.700  1587  1680 W libprocessgroup: SetCgroup::ExecuteForProcess: failed to open /dev/stune/background/cgroup.procs: No such file or directory
03-21 20:47:10.703  2237  2237 I Telephony: TelecomAccountRegistry$TelecomAccountTelephonyCallback: TelecomAccountRegistry: onServiceStateChanged: newState=0, mServiceState=0
03-21 20:47:10.703  2237  2237 W Telephony: registerMmTelCapabilityCallback: registration failed, no ImsService available. Exception: code: 1
03-21 20:47:10.704  2237  2237 I Telephony: isRttCurrentlySupported -- regular acct, hasVoiceAvailability: false
03-21 20:47:10.704  2237  2237 I Telephony:  isRttSupported: false
03-21 20:47:10.704  2237  2237 I Telephony:  alwaysAllowWhileRoaming: false
03-21 20:47:10.704  2237  2237 I Telephony:  isRoaming: false
03-21 20:47:10.704  2237  2237 I Telephony:  isOnWfc: false
03-21 20:47:10.714 25748 25752 W receiver.module: userfaultfd: MOVE ioctl seems unsupported: Connection timed out
03-21 20:47:10.721  1151 26319 E [GF_HAL][gf_hal_milan]: [hal_milan_invoke_command] err=GF_SUCCESS, errno=0. reset g_hal_over_current_count to 0!
03-21 20:47:10.770  1151  1333 E [GF_HAL][gf_hal_milan]: [hal_milan_invoke_command] err=GF_SUCCESS, errno=0. reset g_hal_over_current_count to 0!
03-21 20:47:10.770  1151  1333 I [GF_HAL][gf_hal_milan]: [irq_pre_process] irq_type=[GF_IRQ_IMAGE_MASK], irq_type=0x0080
03-21 20:47:10.768  1151  1151 W android.hardwar: type=1400 audit(0.0:1426): avc:  denied  { read } for  name="u:object_r:default_prop:s0" dev="tmpfs" ino=8926 scontext=u:r:hal_fingerprint_default:s0 tcontext=u:object_r:default_prop:s0 tclass=file permissive=0
03-21 20:47:10.768  1151  1151 W android.hardwar: type=1400 audit(0.0:1427): avc:  denied  { read } for  name="u:object_r:default_prop:s0" dev="tmpfs" ino=8926 scontext=u:r:hal_fingerprint_default:s0 tcontext=u:object_r:default_prop:s0 tclass=file permissive=0
03-21 20:47:10.770  1151  1333 W libc    : Access denied finding property "gf.debug.dump_data"
03-21 20:47:10.770  1151  1333 W libc    : Access denied finding property "gf.debug.dump_data"
03-21 20:47:10.774  1151  1333 E [GF_HAL][gf_hal_milan]: [hal_milan_invoke_command] err=GF_SUCCESS, errno=0. reset g_hal_over_current_count to 0!
03-21 20:47:10.774  1151  1333 I [GF_HAL][gf_hal_milan]: [irq_pre_process] irq_type=INVALID_IRQ_TYPE, irq_type=0x0000
03-21 20:47:10.774  1151  1333 I [GF_HAL][gf_hal_milan]: [irq_process] invalid irq type 0
03-21 20:47:11.139   625  2778 W libperfmgr: Failed to write to node: /dev/stune/top-app/schedtune.boost with value: 10, fd: -1
03-21 20:47:11.139   625  2778 W libperfmgr: Failed to write to node: /proc/sys/kernel/sched_boost with value: 0, fd: -1
03-21 20:47:11.515  1151  1333 E [GF_HAL][gf_hal_milan]: [hal_milan_invoke_command] err=GF_SUCCESS, errno=0. reset g_hal_over_current_count to 0!
03-21 20:47:11.515  1151  1333 I [GF_HAL][gf_hal_milan]: [irq_pre_process] irq_type=[GF_IRQ_FINGER_UP_MASK], irq_type=0x0004
03-21 20:47:11.516  1151  1333 W libc    : Access denied finding property "sys.fp.miui.token"
03-21 20:47:11.512  1151  1151 W android.hardwar: type=1400 audit(0.0:1428): avc:  denied  { read } for  name="u:object_r:system_prop:s0" dev="tmpfs" ino=9216 scontext=u:r:hal_fingerprint_default:s0 tcontext=u:object_r:system_prop:s0 tclass=file permissive=0
03-21 20:47:11.575   914   988 E surfaceflinger: == MALI DEBUG ===eglp_winsys_populate_image_templates ==12288
03-21 20:47:11.588   852   992 I hwcomposer: [HWCDisplay] [Display_0 (type:1)] fps:3.601423,dur:1110.67,max:1021.89,min:10.98  
03-21 20:47:11.639   625  2778 W libperfmgr: Failed to write to node: /dev/stune/top-app/schedtune.boost with value: 10, fd: -1
03-21 20:47:11.639   625  2778 W libperfmgr: Failed to write to node: /proc/sys/kernel/sched_boost with value: 0, fd: -1
03-21 20:47:11.662  1151  1333 E [GF_HAL][gf_hal_milan]: [hal_milan_invoke_command] err=GF_SUCCESS, errno=0. reset g_hal_over_current_count to 0!
03-21 20:47:11.662  1151  1333 I [GF_HAL][gf_hal_milan]: [irq_pre_process] irq_type=[GF_IRQ_FINGER_DOWN_MASK], irq_type=0x0002
03-21 20:47:11.662  1151  1333 W libc    : Access denied finding property "sys.fp.miui.token"
03-21 20:47:11.660  1151  1151 W android.hardwar: type=1400 audit(0.0:1429): avc:  denied  { read } for  name="u:object_r:system_prop:s0" dev="tmpfs" ino=9216 scontext=u:r:hal_fingerprint_default:s0 tcontext=u:object_r:system_prop:s0 tclass=file permissive=0
03-21 20:47:11.902   844 26463 I resolv  : GetAddrInfoHandler::run: {102 102 102 983142 10399 0}
03-21 20:47:11.902   844 26464 I resolv  : res_nmkquery: (QUERY, IN, A)
03-21 20:47:11.910   852  1054 I hwcomposer: [HWC] (0)fire a callback of refresh to SF[4]  
03-21 20:47:11.918   625  2778 W libperfmgr: Failed to write to node: /dev/stune/top-app/schedtune.boost with value: 10, fd: -1
03-21 20:47:11.918   625  2778 W libperfmgr: Failed to write to node: /proc/sys/kernel/sched_boost with value: 0, fd: -1
03-21 20:47:11.921   844 26464 I resolv  : res_nsend: used send_dg 43 terrno: 0
03-21 20:47:11.921   844 26464 I resolv  : doQuery: rcode=0, ancount=1, return value=43
03-21 20:47:11.927 26394 26394 I ReactNativeJNI: Error occurred, shutting down websocket connection: WebSocket exception unexpected end of stream on http://localhost:8081/...
03-21 20:47:11.991   625  2778 W libperfmgr: Failed to write to node: /dev/stune/top-app/schedtune.boost with value: 10, fd: -1
03-21 20:47:11.991   625  2778 W libperfmgr: Failed to write to node: /proc/sys/kernel/sched_boost with value: 0, fd: -1
03-21 20:47:12.372   881  2016 I WifiHAL : feature_set=0x8488141a
03-21 20:47:12.372  1587  1927 I HalDevMgr: bestIfaceCreationProposal is null, requestIface=STA, existingIface=[name=wlan0 type=STA]
03-21 20:47:12.491   625  2778 W libperfmgr: Failed to write to node: /dev/stune/top-app/schedtune.boost with value: 10, fd: -1
03-21 20:47:12.491   625  2778 W libperfmgr: Failed to write to node: /proc/sys/kernel/sched_boost with value: 0, fd: -1
03-21 20:47:12.643   852  1094 I hwcomposer: [DRMDEV] (0) failed to waitNextVsync: -1  
03-21 20:47:12.654   852  1094 I hwcomposer: [DRMDEV] (0) failed to waitNextVsync: -1  
03-21 20:47:12.655   852   992 I hwcomposer: [HWCDisplay] [Display_0 (type:1)] fps:23.431477,dur:1066.94,max:731.06,min:10.99  
03-21 20:47:12.739   914   988 E surfaceflinger: == MALI DEBUG ===eglp_winsys_populate_image_templates ==12288
03-21 20:47:12.752   625  2778 W libperfmgr: Failed to write to node: /dev/stune/top-app/schedtune.boost with value: 50, fd: -1
03-21 20:47:12.752   625  2778 W libperfmgr: Failed to write to node: /proc/sys/kernel/sched_boost with value: 2, fd: -1
03-21 20:47:12.753   914   988 E surfaceflinger: == MALI DEBUG ===eglp_winsys_populate_image_templates ==12288
03-21 20:47:12.759   914   988 E surfaceflinger: == MALI DEBUG ===eglp_winsys_populate_image_templates ==12288
03-21 20:47:12.792   914   988 E surfaceflinger: == MALI DEBUG ===eglp_winsys_populate_image_templates ==12288
03-21 20:47:12.902   852  1054 I hwcomposer: [HWC] (0)fire a callback of refresh to SF[4]  
03-21 20:47:12.907   625  2778 W libperfmgr: Failed to write to node: /dev/stune/top-app/schedtune.boost with value: 50, fd: -1
03-21 20:47:12.907   625  2778 W libperfmgr: Failed to write to node: /proc/sys/kernel/sched_boost with value: 2, fd: -1
03-21 20:47:12.911   625  2778 W libperfmgr: Failed to write to node: /dev/stune/top-app/schedtune.boost with value: 10, fd: -1
03-21 20:47:12.911   625  2778 W libperfmgr: Failed to write to node: /proc/sys/kernel/sched_boost with value: 0, fd: -1
03-21 20:47:12.983   625  2778 W libperfmgr: Failed to write to node: /dev/stune/top-app/schedtune.boost with value: 10, fd: -1
03-21 20:47:12.983   625  2778 W libperfmgr: Failed to write to node: /proc/sys/kernel/sched_boost with value: 0, fd: -1
03-21 20:47:13.297 26470 26470 W libbinder.BackendUnifiedServiceManager: Thread Pool max thread count is 0. Cannot cache binder as linkToDeath cannot be implemented. serviceName: deviceidle
03-21 20:47:13.315 26472 26472 W libbinder.BackendUnifiedServiceManager: Thread Pool max thread count is 0. Cannot cache binder as linkToDeath cannot be implemented. serviceName: battery
03-21 20:47:13.331 26474 26474 W libbinder.BackendUnifiedServiceManager: Thread Pool max thread count is 0. Cannot cache binder as linkToDeath cannot be implemented. serviceName: deviceidle
03-21 20:47:13.357 26477 26477 W libbinder.BackendUnifiedServiceManager: Thread Pool max thread count is 0. Cannot cache binder as linkToDeath cannot be implemented. serviceName: activity
03-21 20:47:13.407 26486 26486 W libbinder.BackendUnifiedServiceManager: Thread Pool max thread count is 0. Cannot cache binder as linkToDeath cannot be implemented. serviceName: battery
03-21 20:47:13.483   625  2778 W libperfmgr: Failed to write to node: /dev/stune/top-app/schedtune.boost with value: 10, fd: -1
03-21 20:47:13.483   625  2778 W libperfmgr: Failed to write to node: /proc/sys/kernel/sched_boost with value: 0, fd: -1
03-21 20:47:13.934   844 26495 I resolv  : GetAddrInfoHandler::run: {102 102 102 983142 10399 0}
03-21 20:47:13.934   844 26496 I resolv  : res_nmkquery: (QUERY, IN, A)
03-21 20:47:13.946   844 26496 I resolv  : res_nsend: used send_dg 43 terrno: 0
03-21 20:47:13.947   844 26496 I resolv  : doQuery: rcode=0, ancount=1, return value=43
03-21 20:47:13.962 26394 26394 I ReactNativeJNI: Error occurred, shutting down websocket connection: WebSocket exception unexpected end of stream on http://localhost:8081/...
03-21 20:47:13.983   625  2778 W libperfmgr: Failed to write to node: /dev/stune/top-app/schedtune.boost with value: 10, fd: -1
03-21 20:47:13.984   625  2778 W libperfmgr: Failed to write to node: /proc/sys/kernel/sched_boost with value: 0, fd: -1
03-21 20:47:14.219  2237  2237 E SatelliteController: registerForSatelliteModemStateChanged: mSatelliteSessionController is not initialized yet
03-21 20:47:14.225  2237  2237 E SatelliteController: registerForSatelliteModemStateChanged: mSatelliteSessionController is not initialized yet
03-21 20:47:14.229  2237  2378 E SatelliteController: notifyNtnEligibility: mSatellitePhone is null
03-21 20:47:14.239  1587  7863 W ContextImpl: Calling a method in the system process without a qualified user: android.app.ContextImpl.sendBroadcastMultiplePermissions:1358 android.content.Context.sendBroadcastMultiplePermissions:2796 com.android.server.TelephonyRegistry.broadcastServiceStateChanged:4172 com.android.server.TelephonyRegistry.notifyServiceStateForPhoneId:1848 com.android.internal.telephony.ITelephonyRegistry$Stub.onTransact:613 
03-21 20:47:14.244  1587  7863 W ContextImpl: Calling a method in the system process without a qualified user: android.app.ContextImpl.sendBroadcastMultiplePermissions:1391 com.android.server.TelephonyRegistry.broadcastServiceStateChanged:4177 com.android.server.TelephonyRegistry.notifyServiceStateForPhoneId:1848 com.android.internal.telephony.ITelephonyRegistry$Stub.onTransact:613 android.os.Binder.execTransactInternal:1473 
03-21 20:47:14.246  1587  7863 W ContextImpl: Calling a method in the system process without a qualified user: android.app.ContextImpl.sendBroadcastMultiplePermissions:1391 com.android.server.TelephonyRegistry.broadcastServiceStateChanged:4186 com.android.server.TelephonyRegistry.notifyServiceStateForPhoneId:1848 com.android.internal.telephony.ITelephonyRegistry$Stub.onTransact:613 android.os.Binder.execTransactInternal:1473 
03-21 20:47:14.247  1587  7863 W ContextImpl: Calling a method in the system process without a qualified user: android.app.ContextImpl.sendBroadcastMultiplePermissions:1391 com.android.server.TelephonyRegistry.broadcastServiceStateChanged:4192 com.android.server.TelephonyRegistry.notifyServiceStateForPhoneId:1848 com.android.internal.telephony.ITelephonyRegistry$Stub.onTransact:613 android.os.Binder.execTransactInternal:1473 
03-21 20:47:14.254  1587  1680 W libprocessgroup: SetCgroup::ExecuteForProcess: failed to open /dev/stune/background/cgroup.procs: No such file or directory
03-21 20:47:14.254   844   878 I netd    : tetherGetStats() -> {[]} <0.89ms>
03-21 20:47:14.257  2237  2237 I Telephony: TelecomAccountRegistry$TelecomAccountTelephonyCallback: TelecomAccountRegistry: onServiceStateChanged: newState=0, mServiceState=0
03-21 20:47:14.257  2237  2237 W Telephony: registerMmTelCapabilityCallback: registration failed, no ImsService available. Exception: code: 1
03-21 20:47:14.259  2237  2237 I Telephony: isRttCurrentlySupported -- regular acct, hasVoiceAvailability: false
03-21 20:47:14.259  2237  2237 I Telephony:  isRttSupported: false
03-21 20:47:14.259  2237  2237 I Telephony:  alwaysAllowWhileRoaming: false
03-21 20:47:14.259  2237  2237 I Telephony:  isRoaming: false
03-21 20:47:14.259  2237  2237 I Telephony:  isOnWfc: false
03-21 20:47:14.334   852  1094 I hwcomposer: [DRMDEV] (0) failed to waitNextVsync: -1  
03-21 20:47:14.343   852  1094 I hwcomposer: [DRMDEV] (0) failed to waitNextVsync: -1  
03-21 20:47:14.354   852  1094 I hwcomposer: [DRMDEV] (0) failed to waitNextVsync: -1  
03-21 20:47:14.365   852  1094 I hwcomposer: [DRMDEV] (0) failed to waitNextVsync: -1  
03-21 20:47:14.365   852   992 I hwcomposer: [HWCDisplay] [Display_0 (type:1)] fps:8.184088,dur:1710.64,max:1455.13,min:10.82  
03-21 20:47:14.484   625  2778 W libperfmgr: Failed to write to node: /dev/stune/top-app/schedtune.boost with value: 10, fd: -1
03-21 20:47:14.484   625  2778 W libperfmgr: Failed to write to node: /proc/sys/kernel/sched_boost with value: 0, fd: -1
03-21 20:47:14.694   852  1054 I hwcomposer: [HWC] (0)fire a callback of refresh to SF[4]  
03-21 20:47:14.707   625  2778 W libperfmgr: Failed to write to node: /dev/stune/top-app/schedtune.boost with value: 10, fd: -1
03-21 20:47:14.707   625  2778 W libperfmgr: Failed to write to node: /proc/sys/kernel/sched_boost with value: 0, fd: -1
03-21 20:47:14.775   625  2778 W libperfmgr: Failed to write to node: /dev/stune/top-app/schedtune.boost with value: 10, fd: -1
03-21 20:47:14.775   625  2778 W libperfmgr: Failed to write to node: /proc/sys/kernel/sched_boost with value: 0, fd: -1
03-21 20:47:15.184 26092 26098 W chbox:googleapp: userfaultfd: MOVE ioctl seems unsupported: Connection timed out
03-21 20:47:15.275   625  2778 W libperfmgr: Failed to write to node: /dev/stune/top-app/schedtune.boost with value: 10, fd: -1
03-21 20:47:15.275   625  2778 W libperfmgr: Failed to write to node: /proc/sys/kernel/sched_boost with value: 0, fd: -1
03-21 20:47:15.385   881  2016 I WifiHAL : feature_set=0x8488141a
03-21 20:47:15.386  1587  1927 I HalDevMgr: bestIfaceCreationProposal is null, requestIface=STA, existingIface=[name=wlan0 type=STA]
03-21 20:47:15.671   852  1094 I hwcomposer: [DRMDEV] (0) failed to waitNextVsync: -1  
03-21 20:47:15.677   852  1094 I hwcomposer: [DRMDEV] (0) failed to waitNextVsync: -1  
03-21 20:47:15.688   852  1094 I hwcomposer: [DRMDEV] (0) failed to waitNextVsync: -1  
03-21 20:47:15.699   852  1094 I hwcomposer: [DRMDEV] (0) failed to waitNextVsync: -1  
03-21 20:47:15.708  2237  2237 E SatelliteController: registerForSatelliteModemStateChanged: mSatelliteSessionController is not initialized yet
03-21 20:47:15.710   852  1094 I hwcomposer: [DRMDEV] (0) failed to waitNextVsync: -1  
03-21 20:47:15.713  2237  2237 E SatelliteController: registerForSatelliteModemStateChanged: mSatelliteSessionController is not initialized yet
03-21 20:47:15.718  2237  2378 E SatelliteController: notifyNtnEligibility: mSatellitePhone is null
03-21 20:47:15.721   852  1094 I hwcomposer: [DRMDEV] (0) failed to waitNextVsync: -1  
03-21 20:47:15.725  1587  8909 W ContextImpl: Calling a method in the system process without a qualified user: android.app.ContextImpl.sendBroadcastMultiplePermissions:1358 android.content.Context.sendBroadcastMultiplePermissions:2796 com.android.server.TelephonyRegistry.broadcastServiceStateChanged:4172 com.android.server.TelephonyRegistry.notifyServiceStateForPhoneId:1848 com.android.internal.telephony.ITelephonyRegistry$Stub.onTransact:613 
03-21 20:47:15.728  1587  8909 W ContextImpl: Calling a method in the system process without a qualified user: android.app.ContextImpl.sendBroadcastMultiplePermissions:1391 com.android.server.TelephonyRegistry.broadcastServiceStateChanged:4177 com.android.server.TelephonyRegistry.notifyServiceStateForPhoneId:1848 com.android.internal.telephony.ITelephonyRegistry$Stub.onTransact:613 android.os.Binder.execTransactInternal:1473 
03-21 20:47:15.732   852  1094 I hwcomposer: [DRMDEV] (0) failed to waitNextVsync: -1  
03-21 20:47:15.733  1587  8909 W ContextImpl: Calling a method in the system process without a qualified user: android.app.ContextImpl.sendBroadcastMultiplePermissions:1391 com.android.server.TelephonyRegistry.broadcastServiceStateChanged:4186 com.android.server.TelephonyRegistry.notifyServiceStateForPhoneId:1848 com.android.internal.telephony.ITelephonyRegistry$Stub.onTransact:613 android.os.Binder.execTransactInternal:1473 
03-21 20:47:15.735  1587  8909 W ContextImpl: Calling a method in the system process without a qualified user: android.app.ContextImpl.sendBroadcastMultiplePermissions:1391 com.android.server.TelephonyRegistry.broadcastServiceStateChanged:4192 com.android.server.TelephonyRegistry.notifyServiceStateForPhoneId:1848 com.android.internal.telephony.ITelephonyRegistry$Stub.onTransact:613 android.os.Binder.execTransactInternal:1473 
03-21 20:47:15.743  1587  1680 W libprocessgroup: SetCgroup::ExecuteForProcess: failed to open /dev/stune/background/cgroup.procs: No such file or directory
03-21 20:47:15.743   852   992 I hwcomposer: [HWCDisplay] [Display_0 (type:1)] fps:16.692831,dur:1377.84,max:1029.60,min:10.94  
03-21 20:47:15.748  2237  2237 I Telephony: TelecomAccountRegistry$TelecomAccountTelephonyCallback: TelecomAccountRegistry: onServiceStateChanged: newState=0, mServiceState=0
03-21 20:47:15.748  2237  2237 W Telephony: registerMmTelCapabilityCallback: registration failed, no ImsService available. Exception: code: 1
03-21 20:47:15.750   625  2778 W libperfmgr: Failed to write to node: /dev/stune/top-app/schedtune.boost with value: 50, fd: -1
03-21 20:47:15.750   625  2778 W libperfmgr: Failed to write to node: /proc/sys/kernel/sched_boost with value: 2, fd: -1
03-21 20:47:15.751  2237  2237 I Telephony: isRttCurrentlySupported -- regular acct, hasVoiceAvailability: false
03-21 20:47:15.751  2237  2237 I Telephony:  isRttSupported: false
03-21 20:47:15.751  2237  2237 I Telephony:  alwaysAllowWhileRoaming: false
03-21 20:47:15.751  2237  2237 I Telephony:  isRoaming: false
03-21 20:47:15.751  2237  2237 I Telephony:  isOnWfc: false
03-21 20:47:15.760 26394 26429 E unknown:ReactNative: Unable to download JS bundle
03-21 20:47:15.760 26394 26429 E unknown:ReactNative: com.facebook.react.common.DebugServerException: Could not connect to development server.
03-21 20:47:15.760 26394 26429 E unknown:ReactNative: 
03-21 20:47:15.760 26394 26429 E unknown:ReactNative: Try the following to fix the issue:
03-21 20:47:15.760 26394 26429 E unknown:ReactNative: \u2022 Ensure that Metro is running
03-21 20:47:15.760 26394 26429 E unknown:ReactNative: \u2022 Ensure that your device/emulator is connected to your machine and has USB debugging enabled - run 'adb devices' to see a list of connected devices
03-21 20:47:15.760 26394 26429 E unknown:ReactNative: \u2022 Ensure Airplane Mode is disabled
03-21 20:47:15.760 26394 26429 E unknown:ReactNative: \u2022 If you're on a physical device connected to the same machine, run 'adb reverse tcp:8081 tcp:8081 to forward requests from your device
03-21 20:47:15.760 26394 26429 E unknown:ReactNative: \u2022 If your device is on the same Wi-Fi network, set 'Debug server host & port for device' in 'Dev settings' to your machine's IP address and the port of the local dev server - e.g. 10.0.1.1:8081
03-21 20:47:15.760 26394 26429 E unknown:ReactNative: 
03-21 20:47:15.760 26394 26429 E unknown:ReactNative: URL: http://localhost:8081/index.bundle?platform=android&dev=true&lazy=true&minify=false&app=com.rnat&modulesOnly=false&runModule=true&excludeSource=true&sourcePaths=url-server
03-21 20:47:15.760 26394 26429 E unknown:ReactNative: 	at com.facebook.react.common.DebugServerException$Companion.makeGeneric(DebugServerException.kt:72)
03-21 20:47:15.760 26394 26429 E unknown:ReactNative: 	at com.facebook.react.common.DebugServerException.makeGeneric(Unknown Source:2)
03-21 20:47:15.760 26394 26429 E unknown:ReactNative: 	at com.facebook.react.devsupport.BundleDownloader$1.onFailure(BundleDownloader.java:126)
03-21 20:47:15.760 26394 26429 E unknown:ReactNative: 	at okhttp3.internal.connection.RealCall$AsyncCall.run(RealCall.kt:525)
03-21 20:47:15.760 26394 26429 E unknown:ReactNative: 	at java.util.concurrent.ThreadPoolExecutor.runWorker(ThreadPoolExecutor.java:1154)
03-21 20:47:15.760 26394 26429 E unknown:ReactNative: 	at java.util.concurrent.ThreadPoolExecutor$Worker.run(ThreadPoolExecutor.java:652)
03-21 20:47:15.760 26394 26429 E unknown:ReactNative: 	at java.lang.Thread.run(Thread.java:1563)
03-21 20:47:15.760 26394 26429 E unknown:ReactNative: Caused by: java.io.IOException: unexpected end of stream on http://localhost:8081/...
03-21 20:47:15.760 26394 26429 E unknown:ReactNative: 	at okhttp3.internal.http1.Http1ExchangeCodec.readResponseHeaders(Http1ExchangeCodec.kt:210)
03-21 20:47:15.760 26394 26429 E unknown:ReactNative: 	at okhttp3.internal.connection.Exchange.readResponseHeaders(Exchange.kt:110)
03-21 20:47:15.760 26394 26429 E unknown:ReactNative: 	at okhttp3.internal.http.CallServerInterceptor.intercept(CallServerInterceptor.kt:93)
03-21 20:47:15.760 26394 26429 E unknown:ReactNative: 	at okhttp3.internal.http.RealInterceptorChain.proceed(RealInterceptorChain.kt:109)
03-21 20:47:15.760 26394 26429 E unknown:ReactNative: 	at okhttp3.internal.connection.ConnectInterceptor.intercept(ConnectInterceptor.kt:34)
03-21 20:47:15.760 26394 26429 E unknown:ReactNative: 	at okhttp3.internal.http.RealInterceptorChain.proceed(RealInterceptorChain.kt:109)
03-21 20:47:15.760 26394 26429 E unknown:ReactNative: 	at okhttp3.internal.cache.CacheInterceptor.intercept(CacheInterceptor.kt:95)
03-21 20:47:15.760 26394 26429 E unknown:ReactNative: 	at okhttp3.internal.http.RealInterceptorChain.proceed(RealInterceptorChain.kt:109)
03-21 20:47:15.760 26394 26429 E unknown:ReactNative: 	at okhttp3.internal.http.BridgeInterceptor.intercept(BridgeInterceptor.kt:83)
03-21 20:47:15.760 26394 26429 E unknown:ReactNative: 	at okhttp3.internal.http.RealInterceptorChain.proceed(RealInterceptorChain.kt:109)
03-21 20:47:15.760 26394 26429 E unknown:ReactNative: 	at okhttp3.internal.http.RetryAndFollowUpInterceptor.intercept(RetryAndFollowUpInterceptor.kt:76)
03-21 20:47:15.760 26394 26429 E unknown:ReactNative: 	at okhttp3.internal.http.RealInterceptorChain.proceed(RealInterceptorChain.kt:109)
03-21 20:47:15.760 26394 26429 E unknown:ReactNative: 	at okhttp3.internal.connection.RealCall.getResponseWithInterceptorChain$okhttp(RealCall.kt:201)
03-21 20:47:15.760 26394 26429 E unknown:ReactNative: 	at okhttp3.internal.connection.RealCall$AsyncCall.run(RealCall.kt:517)
03-21 20:47:15.760 26394 26429 E unknown:ReactNative: 	... 3 more
03-21 20:47:15.760 26394 26429 E unknown:ReactNative: Caused by: java.io.EOFException: \n not found: limit=0 content=…
03-21 20:47:15.760 26394 26429 E unknown:ReactNative: 	at okio.RealBufferedSource.readUtf8LineStrict(RealBufferedSource.kt:335)
03-21 20:47:15.760 26394 26429 E unknown:ReactNative: 	at okhttp3.internal.http1.HeadersReader.readLine(HeadersReader.kt:29)
03-21 20:47:15.760 26394 26429 E unknown:ReactNative: 	at okhttp3.internal.http1.Http1ExchangeCodec.readResponseHeaders(Http1ExchangeCodec.kt:180)
03-21 20:47:15.760 26394 26429 E unknown:ReactNative: 	... 16 more
03-21 20:47:15.761 26394 26394 W InputEventReceiver: Attempted to finish an input event but the input event receiver has already been disposed.
03-21 20:47:15.776   852  1055 W hwcomposer: [DRMDEV] paramIsSame(), id 1075, w 1080/1080, h 2400/2400, pitch 1088/1088, format 0x2/0x1, secure 0/0  
03-21 20:47:15.776 26394 26394 E unknown:ReactNative: Exception in native call
03-21 20:47:15.776 26394 26394 E unknown:ReactNative: com.facebook.react.common.DebugServerException: Could not connect to development server.
03-21 20:47:15.776 26394 26394 E unknown:ReactNative: 
03-21 20:47:15.776 26394 26394 E unknown:ReactNative: Try the following to fix the issue:
03-21 20:47:15.776 26394 26394 E unknown:ReactNative: \u2022 Ensure that Metro is running
03-21 20:47:15.776 26394 26394 E unknown:ReactNative: \u2022 Ensure that your device/emulator is connected to your machine and has USB debugging enabled - run 'adb devices' to see a list of connected devices
03-21 20:47:15.776 26394 26394 E unknown:ReactNative: \u2022 Ensure Airplane Mode is disabled
03-21 20:47:15.776 26394 26394 E unknown:ReactNative: \u2022 If you're on a physical device connected to the same machine, run 'adb reverse tcp:8081 tcp:8081 to forward requests from your device
03-21 20:47:15.776 26394 26394 E unknown:ReactNative: \u2022 If your device is on the same Wi-Fi network, set 'Debug server host & port for device' in 'Dev settings' to your machine's IP address and the port of the local dev server - e.g. 10.0.1.1:8081
03-21 20:47:15.776 26394 26394 E unknown:ReactNative: 
03-21 20:47:15.776 26394 26394 E unknown:ReactNative: URL: http://localhost:8081/index.bundle?platform=android&dev=true&lazy=true&minify=false&app=com.rnat&modulesOnly=false&runModule=true&excludeSource=true&sourcePaths=url-server
03-21 20:47:15.776 26394 26394 E unknown:ReactNative: 	at com.facebook.react.common.DebugServerException$Companion.makeGeneric(DebugServerException.kt:72)
03-21 20:47:15.776 26394 26394 E unknown:ReactNative: 	at com.facebook.react.common.DebugServerException.makeGeneric(Unknown Source:2)
03-21 20:47:15.776 26394 26394 E unknown:ReactNative: 	at com.facebook.react.devsupport.BundleDownloader$1.onFailure(BundleDownloader.java:126)
03-21 20:47:15.776 26394 26394 E unknown:ReactNative: 	at okhttp3.internal.connection.RealCall$AsyncCall.run(RealCall.kt:525)
03-21 20:47:15.776 26394 26394 E unknown:ReactNative: 	at java.util.concurrent.ThreadPoolExecutor.runWorker(ThreadPoolExecutor.java:1154)
03-21 20:47:15.776 26394 26394 E unknown:ReactNative: 	at java.util.concurrent.ThreadPoolExecutor$Worker.run(ThreadPoolExecutor.java:652)
03-21 20:47:15.776 26394 26394 E unknown:ReactNative: 	at java.lang.Thread.run(Thread.java:1563)
03-21 20:47:15.776 26394 26394 E unknown:ReactNative: Caused by: java.io.IOException: unexpected end of stream on http://localhost:8081/...
03-21 20:47:15.776 26394 26394 E unknown:ReactNative: 	at okhttp3.internal.http1.Http1ExchangeCodec.readResponseHeaders(Http1ExchangeCodec.kt:210)
03-21 20:47:15.776 26394 26394 E unknown:ReactNative: 	at okhttp3.internal.connection.Exchange.readResponseHeaders(Exchange.kt:110)
03-21 20:47:15.776 26394 26394 E unknown:ReactNative: 	at okhttp3.internal.http.CallServerInterceptor.intercept(CallServerInterceptor.kt:93)
03-21 20:47:15.776 26394 26394 E unknown:ReactNative: 	at okhttp3.internal.http.RealInterceptorChain.proceed(RealInterceptorChain.kt:109)
03-21 20:47:15.776 26394 26394 E unknown:ReactNative: 	at okhttp3.internal.connection.ConnectInterceptor.intercept(ConnectInterceptor.kt:34)
03-21 20:47:15.776 26394 26394 E unknown:ReactNative: 	at okhttp3.internal.http.RealInterceptorChain.proceed(RealInterceptorChain.kt:109)
03-21 20:47:15.776 26394 26394 E unknown:ReactNative: 	at okhttp3.internal.cache.CacheInterceptor.intercept(CacheInterceptor.kt:95)
03-21 20:47:15.776 26394 26394 E unknown:ReactNative: 	at okhttp3.internal.http.RealInterceptorChain.proceed(RealInterceptorChain.kt:109)
03-21 20:47:15.776 26394 26394 E unknown:ReactNative: 	at okhttp3.internal.http.BridgeInterceptor.intercept(BridgeInterceptor.kt:83)
03-21 20:47:15.776 26394 26394 E unknown:ReactNative: 	at okhttp3.internal.http.RealInterceptorChain.proceed(RealInterceptorChain.kt:109)
03-21 20:47:15.776 26394 26394 E unknown:ReactNative: 	at okhttp3.internal.http.RetryAndFollowUpInterceptor.intercept(RetryAndFollowUpInterceptor.kt:76)
03-21 20:47:15.776 26394 26394 E unknown:ReactNative: 	at okhttp3.internal.http.RealInterceptorChain.proceed(RealInterceptorChain.kt:109)
03-21 20:47:15.776 26394 26394 E unknown:ReactNative: 	at okhttp3.internal.connection.RealCall.getResponseWithInterceptorChain$okhttp(RealCall.kt:201)
03-21 20:47:15.776 26394 26394 E unknown:ReactNative: 	at okhttp3.internal.connection.RealCall$AsyncCall.run(RealCall.kt:517)
03-21 20:47:15.776 26394 26394 E unknown:ReactNative: 	... 3 more
03-21 20:47:15.776 26394 26394 E unknown:ReactNative: Caused by: java.io.EOFException: \n not found: limit=0 content=…
03-21 20:47:15.776 26394 26394 E unknown:ReactNative: 	at okio.RealBufferedSource.readUtf8LineStrict(RealBufferedSource.kt:335)
03-21 20:47:15.776 26394 26394 E unknown:ReactNative: 	at okhttp3.internal.http1.HeadersReader.readLine(HeadersReader.kt:29)
03-21 20:47:15.776 26394 26394 E unknown:ReactNative: 	at okhttp3.internal.http1.Http1ExchangeCodec.readResponseHeaders(Http1ExchangeCodec.kt:180)
03-21 20:47:15.776 26394 26394 E unknown:ReactNative: 	... 16 more
03-21 20:47:15.802  1587  1910 I ImeTracker: com.rnat:7aa5b4e6: onRequestHide at ORIGIN_SERVER reason HIDE_UNSPECIFIED_WINDOW fromUser false
03-21 20:47:15.806  3073  3073 I GoogleInputMethodService: GoogleInputMethodService.onFinishInput():2114 
03-21 20:47:15.806  3073  3073 I Module  : DeviceLockedStatusModuleProvider$Module.updateDeviceLockedStatus():103 repeatCheckTimes = 0, locked = false
03-21 20:47:15.807  3073  3073 I GoogleInputMethodService: GoogleInputMethodService.onStartInput():1385 onStartInput(EditorInfo{EditorInfo{packageName=com.rnat, inputType=0, inputTypeString=NULL, enableLearning=false, autoCorrection=false, autoComplete=false, imeOptions=0, privateImeOptions=null, actionName=UNSPECIFIED, actionLabel=null, initialSelStart=-1, initialSelEnd=-1, initialCapsMode=0, label=null, fieldId=0, fieldName=null, extras=null, hintText=null, hintLocales=[]}}, false)
03-21 20:47:15.807  3073  3073 I AndroidIME: LatinIMEBase.updateInputViewCoverNavigation():314 Update input view padding, extendsTouchBelowSpace=true, bottom inset=126
03-21 20:47:15.808  3073  3073 I Module  : DeviceLockedStatusModuleProvider$Module.updateDeviceLockedStatus():103 repeatCheckTimes = 1, locked = false
03-21 20:47:15.809  1587  1657 I ImeTracker: system_server:6a9fda34: onRequestHide at ORIGIN_SERVER reason IME_REQUESTED_CHANGED_LISTENER fromUser false
03-21 20:47:15.809  1587  8909 W PackageConfigPersister: App-specific configuration not found for packageName: com.rnat and userId: 0
03-21 20:47:15.811  1587  8672 I ImeTracker: system_server:95f5991d: onRequestHide at ORIGIN_SERVER reason IME_REQUESTED_CHANGED_LISTENER fromUser false
03-21 20:47:15.812  1587  1655 I ImeTracker: system_server:6a9fda34: onCancelled at PHASE_SERVER_SHOULD_HIDE
03-21 20:47:15.812  1587  1655 I ImeTracker: system_server:95f5991d: onCancelled at PHASE_SERVER_SHOULD_HIDE
03-21 20:47:15.869 26394 26394 I ImeTracker: com.rnat:7aa5b4e6: onCancelled at PHASE_CLIENT_ALREADY_HIDDEN
03-21 20:47:15.869   914   988 E surfaceflinger: == MALI DEBUG ===eglp_winsys_populate_image_templates ==12288
03-21 20:47:15.875   914   988 E surfaceflinger: == MALI DEBUG ===eglp_winsys_populate_image_templates ==12288
03-21 20:47:15.911  1587  1910 I ImeTracker: com.rnat:c35478ae: onRequestHide at ORIGIN_SERVER reason HIDE_UNSPECIFIED_WINDOW fromUser false
03-21 20:47:15.912 26394 26394 I ImeTracker: com.rnat:c35478ae: onCancelled at PHASE_CLIENT_ALREADY_HIDDEN
03-21 20:47:15.912  3073  3073 I GoogleInputMethodService: GoogleInputMethodService.onFinishInput():2114 
03-21 20:47:15.912  3073  3073 I Module  : DeviceLockedStatusModuleProvider$Module.updateDeviceLockedStatus():103 repeatCheckTimes = 0, locked = false
03-21 20:47:15.913  3073  3073 I GoogleInputMethodService: GoogleInputMethodService.onStartInput():1385 onStartInput(EditorInfo{EditorInfo{packageName=com.rnat, inputType=0, inputTypeString=NULL, enableLearning=false, autoCorrection=false, autoComplete=false, imeOptions=0, privateImeOptions=null, actionName=UNSPECIFIED, actionLabel=null, initialSelStart=-1, initialSelEnd=-1, initialCapsMode=0, label=null, fieldId=0, fieldName=null, extras=null, hintText=null, hintLocales=[]}}, false)
03-21 20:47:15.913  3073  3073 I AndroidIME: LatinIMEBase.updateInputViewCoverNavigation():314 Update input view padding, extendsTouchBelowSpace=true, bottom inset=126
03-21 20:47:15.913  3073  3073 I Module  : DeviceLockedStatusModuleProvider$Module.updateDeviceLockedStatus():103 repeatCheckTimes = 1, locked = false
03-21 20:47:15.913  1587  8672 I ImeTracker: system_server:64fb3f4c: onRequestHide at ORIGIN_SERVER reason IME_REQUESTED_CHANGED_LISTENER fromUser false
03-21 20:47:15.914  1587  7863 W PackageConfigPersister: App-specific configuration not found for packageName: com.rnat and userId: 0
03-21 20:47:15.914  1587  1655 I ImeTracker: system_server:64fb3f4c: onCancelled at PHASE_SERVER_SHOULD_HIDE
03-21 20:47:15.927   914   988 E surfaceflinger: == MALI DEBUG ===eglp_winsys_populate_image_templates ==12288
03-21 20:47:15.953   852  1055 W hwcomposer: [DRMDEV] paramIsSame(), id 1079, w 1080/1080, h 2400/2400, pitch 1088/1088, format 0x1/0x2, secure 0/0  
03-21 20:47:15.969   844 26504 I resolv  : GetAddrInfoHandler::run: {102 102 102 983142 10399 0}
03-21 20:47:15.970   844 26505 I resolv  : res_nmkquery: (QUERY, IN, A)
03-21 20:47:15.980   844 26505 I resolv  : res_nsend: used send_dg 43 terrno: 0
03-21 20:47:15.980   844 26505 I resolv  : doQuery: rcode=0, ancount=1, return value=43
03-21 20:47:15.983 26394 26394 I ReactNativeJNI: Error occurred, shutting down websocket connection: WebSocket exception unexpected end of stream on http://localhost:8081/...
03-21 20:47:16.032   625  2778 W libperfmgr: Failed to write to node: /dev/stune/top-app/schedtune.boost with value: 10, fd: -1
03-21 20:47:16.032   625  2778 W libperfmgr: Failed to write to node: /proc/sys/kernel/sched_boost with value: 0, fd: -1
03-21 20:47:16.034   852  1054 I hwcomposer: [HWC] (0)fire a callback of refresh to SF[4]  
03-21 20:47:16.040   625  2778 W libperfmgr: Failed to write to node: /dev/stune/top-app/schedtune.boost with value: 10, fd: -1
03-21 20:47:16.040   625  2778 W libperfmgr: Failed to write to node: /proc/sys/kernel/sched_boost with value: 0, fd: -1
03-21 20:47:16.115   625  2778 W libperfmgr: Failed to write to node: /dev/stune/top-app/schedtune.boost with value: 10, fd: -1
03-21 20:47:16.115   625  2778 W libperfmgr: Failed to write to node: /proc/sys/kernel/sched_boost with value: 0, fd: -1
03-21 20:47:16.391   844   878 I netd    : tetherGetStats() -> {[]} <0.94ms>
03-21 20:47:16.615   625  2778 W libperfmgr: Failed to write to node: /dev/stune/top-app/schedtune.boost with value: 10, fd: -1
03-21 20:47:16.615   625  2778 W libperfmgr: Failed to write to node: /proc/sys/kernel/sched_boost with value: 0, fd: -1
03-21 20:47:16.630   594 26252 I keystore2: system/security/keystore2/watchdog/src/lib.rs:371 - Watchdog thread idle -> terminating. Have a great day.
03-21 20:47:16.669  1151 26462 E [GF_HAL][gf_hal_milan]: [hal_milan_invoke_command] err=GF_SUCCESS, errno=0. reset g_hal_over_current_count to 0!
03-21 20:47:16.716  1151  1151 W android.hardwar: type=1400 audit(0.0:1430): avc:  denied  { read } for  name="u:object_r:default_prop:s0" dev="tmpfs" ino=8926 scontext=u:r:hal_fingerprint_default:s0 tcontext=u:object_r:default_prop:s0 tclass=file permissive=0
03-21 20:47:16.716  1151  1151 W android.hardwar: type=1400 audit(0.0:1431): avc:  denied  { read } for  name="u:object_r:default_prop:s0" dev="tmpfs" ino=8926 scontext=u:r:hal_fingerprint_default:s0 tcontext=u:object_r:default_prop:s0 tclass=file permissive=0
03-21 20:47:16.719  1151  1333 E [GF_HAL][gf_hal_milan]: [hal_milan_invoke_command] err=GF_SUCCESS, errno=0. reset g_hal_over_current_count to 0!
03-21 20:47:16.719  1151  1333 I [GF_HAL][gf_hal_milan]: [irq_pre_process] irq_type=[GF_IRQ_IMAGE_MASK], irq_type=0x0080
03-21 20:47:16.719  1151  1333 W libc    : Access denied finding property "gf.debug.dump_data"
03-21 20:47:16.720  1151  1333 W libc    : Access denied finding property "gf.debug.dump_data"
03-21 20:47:16.724  1151  1333 E [GF_HAL][gf_hal_milan]: [hal_milan_invoke_command] err=GF_SUCCESS, errno=0. reset g_hal_over_current_count to 0!
03-21 20:47:16.724  1151  1333 I [GF_HAL][gf_hal_milan]: [irq_pre_process] irq_type=INVALID_IRQ_TYPE, irq_type=0x0000
03-21 20:47:16.724  1151  1333 I [GF_HAL][gf_hal_milan]: [irq_process] invalid irq type 0
03-21 20:47:16.759   852  1094 I hwcomposer: [DRMDEV] (0) failed to waitNextVsync: -1  
03-21 20:47:16.763   844   878 I netd    : networkAddUidRangesParcel(NativeUidRangeConfig{netId: 105, uidRanges: [UidRangeParcel{start: 0, stop: 2147483647}], subPriority: 999}) <0.35ms>
03-21 20:47:16.763   844   878 I netd    : networkRemoveUidRangesParcel(NativeUidRangeConfig{netId: 105, uidRanges: [UidRangeParcel{start: 0, stop: 2147483647}], subPriority: 999}) <0.21ms>
03-21 20:47:16.765   852  1094 I hwcomposer: [DRMDEV] (0) failed to waitNextVsync: -1  
03-21 20:47:16.776   852  1094 I hwcomposer: [DRMDEV] (0) failed to waitNextVsync: -1  
03-21 20:47:16.786   852   992 I hwcomposer: [HWCDisplay] [Display_0 (type:1)] fps:19.172260,dur:1043.17,max:740.72,min:10.31  
03-21 20:47:16.787   852  1094 I hwcomposer: [DRMDEV] (0) failed to waitNextVsync: -1  
03-21 20:47:16.878   852  1054 I hwcomposer: [HWC] (0)fire a callback of refresh to SF[4]  
03-21 20:47:16.882   625  2778 W libperfmgr: Failed to write to node: /dev/stune/top-app/schedtune.boost with value: 10, fd: -1
03-21 20:47:16.882   625  2778 W libperfmgr: Failed to write to node: /proc/sys/kernel/sched_boost with value: 0, fd: -1
03-21 20:47:16.959   625  2778 W libperfmgr: Failed to write to node: /dev/stune/top-app/schedtune.boost with value: 10, fd: -1
03-21 20:47:16.959   625  2778 W libperfmgr: Failed to write to node: /proc/sys/kernel/sched_boost with value: 0, fd: -1
03-21 20:47:17.269  2458 24325 I NearbySharing: Network state changed: NetworkState(isRestricted=false, isOnline=true, isCongested=false, isMetered=false, isWifiConnected=true)
03-21 20:47:17.416   914   988 E surfaceflinger: == MALI DEBUG ===eglp_winsys_populate_image_templates ==12288
03-21 20:47:17.460   625  2778 W libperfmgr: Failed to write to node: /dev/stune/top-app/schedtune.boost with value: 10, fd: -1
03-21 20:47:17.460   625  2778 W libperfmgr: Failed to write to node: /proc/sys/kernel/sched_boost with value: 0, fd: -1
03-21 20:47:17.746   852  1054 I hwcomposer: [HWC] (0)fire a callback of refresh to SF[4]  
03-21 20:47:17.750   625  2778 W libperfmgr: Failed to write to node: /dev/stune/top-app/schedtune.boost with value: 10, fd: -1
03-21 20:47:17.751   625  2778 W libperfmgr: Failed to write to node: /proc/sys/kernel/sched_boost with value: 0, fd: -1
03-21 20:47:17.827   625  2778 W libperfmgr: Failed to write to node: /dev/stune/top-app/schedtune.boost with value: 10, fd: -1
03-21 20:47:17.827   625  2778 W libperfmgr: Failed to write to node: /proc/sys/kernel/sched_boost with value: 0, fd: -1
03-21 20:47:17.943  1151  1333 E [GF_HAL][gf_hal_milan]: [hal_milan_invoke_command] err=GF_SUCCESS, errno=0. reset g_hal_over_current_count to 0!
03-21 20:47:17.944  1151  1333 I [GF_HAL][gf_hal_milan]: [irq_pre_process] irq_type=INVALID_IRQ_TYPE, irq_type=0x0000
03-21 20:47:17.944  1151  1333 I [GF_HAL][gf_hal_milan]: [irq_process] invalid irq type 0
03-21 20:47:17.990   844 26506 I resolv  : GetAddrInfoHandler::run: {102 102 102 983142 10399 0}
03-21 20:47:17.991   844 26507 I resolv  : res_nmkquery: (QUERY, IN, A)
03-21 20:47:17.993  1151  1333 E [GF_HAL][gf_hal_milan]: [hal_milan_invoke_command] err=GF_SUCCESS, errno=0. reset g_hal_over_current_count to 0!
03-21 20:47:17.993  1151  1333 I [GF_HAL][gf_hal_milan]: [irq_pre_process] irq_type=INVALID_IRQ_TYPE, irq_type=0x0000
03-21 20:47:17.993  1151  1333 I [GF_HAL][gf_hal_milan]: [irq_process] invalid irq type 0
03-21 20:47:18.005   844 26507 I resolv  : res_nsend: used send_dg 43 terrno: 0
03-21 20:47:18.005   844 26507 I resolv  : doQuery: rcode=0, ancount=1, return value=43
03-21 20:47:18.011 26394 26394 I ReactNativeJNI: Error occurred, shutting down websocket connection: WebSocket exception unexpected end of stream on http://localhost:8081/...
03-21 20:47:18.021  1151  1333 E [GF_HAL][gf_hal_milan]: [hal_milan_invoke_command] err=GF_SUCCESS, errno=0. reset g_hal_over_current_count to 0!
03-21 20:47:18.021  1151  1333 I [GF_HAL][gf_hal_milan]: [irq_pre_process] irq_type=INVALID_IRQ_TYPE, irq_type=0x0000
03-21 20:47:18.021  1151  1333 I [GF_HAL][gf_hal_milan]: [irq_process] invalid irq type 0
03-21 20:47:18.047  1151  1333 E [GF_HAL][gf_hal_milan]: [hal_milan_invoke_command] err=GF_SUCCESS, errno=0. reset g_hal_over_current_count to 0!
03-21 20:47:18.048  1151  1333 I [GF_HAL][gf_hal_milan]: [irq_pre_process] irq_type=INVALID_IRQ_TYPE, irq_type=0x0000
03-21 20:47:18.048  1151  1333 I [GF_HAL][gf_hal_milan]: [irq_process] invalid irq type 0
03-21 20:47:18.074  1151  1333 E [GF_HAL][gf_hal_milan]: [hal_milan_invoke_command] err=GF_SUCCESS, errno=0. reset g_hal_over_current_count to 0!
03-21 20:47:18.074  1151  1333 I [GF_HAL][gf_hal_milan]: [irq_pre_process] irq_type=INVALID_IRQ_TYPE, irq_type=0x0000
03-21 20:47:18.074  1151  1333 I [GF_HAL][gf_hal_milan]: [irq_process] invalid irq type 0
03-21 20:47:18.120  1151  1333 E [GF_HAL][gf_hal_milan]: [hal_milan_invoke_command] err=GF_SUCCESS, errno=0. reset g_hal_over_current_count to 0!
03-21 20:47:18.120  1151  1333 I [GF_HAL][gf_hal_milan]: [irq_pre_process] irq_type=INVALID_IRQ_TYPE, irq_type=0x0000
03-21 20:47:18.120  1151  1333 I [GF_HAL][gf_hal_milan]: [irq_process] invalid irq type 0
03-21 20:47:18.147  1151  1333 E [GF_HAL][gf_hal_milan]: [hal_milan_invoke_command] err=GF_SUCCESS, errno=0. reset g_hal_over_current_count to 0!
03-21 20:47:18.147  1151  1333 I [GF_HAL][gf_hal_milan]: [irq_pre_process] irq_type=INVALID_IRQ_TYPE, irq_type=0x0000
03-21 20:47:18.147  1151  1333 I [GF_HAL][gf_hal_milan]: [irq_process] invalid irq type 0
03-21 20:47:18.175  1151  1333 E [GF_HAL][gf_hal_milan]: [hal_milan_invoke_command] err=GF_SUCCESS, errno=0. reset g_hal_over_current_count to 0!
03-21 20:47:18.175  1151  1333 I [GF_HAL][gf_hal_milan]: [irq_pre_process] irq_type=INVALID_IRQ_TYPE, irq_type=0x0000
03-21 20:47:18.175  1151  1333 I [GF_HAL][gf_hal_milan]: [irq_process] invalid irq type 0
03-21 20:47:18.200  1151  1333 E [GF_HAL][gf_hal_milan]: [hal_milan_invoke_command] err=GF_SUCCESS, errno=0. reset g_hal_over_current_count to 0!
03-21 20:47:18.201  1151  1333 I [GF_HAL][gf_hal_milan]: [irq_pre_process] irq_type=INVALID_IRQ_TYPE, irq_type=0x0000
03-21 20:47:18.201  1151  1333 I [GF_HAL][gf_hal_milan]: [irq_process] invalid irq type 0
03-21 20:47:18.307  1151  1333 E [GF_HAL][gf_hal_milan]: [hal_milan_invoke_command] err=GF_SUCCESS, errno=0. reset g_hal_over_current_count to 0!
03-21 20:47:18.307  1151  1333 I [GF_HAL][gf_hal_milan]: [irq_pre_process] irq_type=INVALID_IRQ_TYPE, irq_type=0x0000
03-21 20:47:18.307  1151  1333 I [GF_HAL][gf_hal_milan]: [irq_process] invalid irq type 0
03-21 20:47:18.328   625  2778 W libperfmgr: Failed to write to node: /dev/stune/top-app/schedtune.boost with value: 10, fd: -1
03-21 20:47:18.328   625  2778 W libperfmgr: Failed to write to node: /proc/sys/kernel/sched_boost with value: 0, fd: -1
03-21 20:47:18.395  1151  1333 E [GF_HAL][gf_hal_milan]: [hal_milan_invoke_command] err=GF_SUCCESS, errno=0. reset g_hal_over_current_count to 0!
03-21 20:47:18.395  1151  1333 I [GF_HAL][gf_hal_milan]: [irq_pre_process] irq_type=INVALID_IRQ_TYPE, irq_type=0x0000
03-21 20:47:18.395  1151  1333 I [GF_HAL][gf_hal_milan]: [irq_process] invalid irq type 0
03-21 20:47:18.398   881  2016 I WifiHAL : feature_set=0x8488141a
03-21 20:47:18.399  1587  1927 I HalDevMgr: bestIfaceCreationProposal is null, requestIface=STA, existingIface=[name=wlan0 type=STA]
03-21 20:47:18.829   625  2778 W libperfmgr: Failed to write to node: /dev/stune/top-app/schedtune.boost with value: 10, fd: -1
03-21 20:47:18.829   625  2778 W libperfmgr: Failed to write to node: /proc/sys/kernel/sched_boost with value: 0, fd: -1
03-21 20:47:18.841  1151  1333 E [GF_HAL][gf_hal_milan]: [hal_milan_invoke_command] err=GF_SUCCESS, errno=0. reset g_hal_over_current_count to 0!
03-21 20:47:18.841  1151  1333 I [GF_HAL][gf_hal_milan]: [irq_pre_process] irq_type=INVALID_IRQ_TYPE, irq_type=0x0000
03-21 20:47:18.841  1151  1333 I [GF_HAL][gf_hal_milan]: [irq_process] invalid irq type 0
03-21 20:47:18.928  1151  1333 E [GF_HAL][gf_hal_milan]: [hal_milan_invoke_command] err=GF_SUCCESS, errno=0. reset g_hal_over_current_count to 0!
03-21 20:47:18.928  1151  1333 I [GF_HAL][gf_hal_milan]: [irq_pre_process] irq_type=INVALID_IRQ_TYPE, irq_type=0x0000
03-21 20:47:18.928  1151  1333 I [GF_HAL][gf_hal_milan]: [irq_process] invalid irq type 0
03-21 20:47:18.975  1151  1333 E [GF_HAL][gf_hal_milan]: [hal_milan_invoke_command] err=GF_SUCCESS, errno=0. reset g_hal_over_current_count to 0!
03-21 20:47:18.975  1151  1333 I [GF_HAL][gf_hal_milan]: [irq_pre_process] irq_type=INVALID_IRQ_TYPE, irq_type=0x0000
03-21 20:47:18.975  1151  1333 I [GF_HAL][gf_hal_milan]: [irq_process] invalid irq type 0
03-21 20:47:19.104   852  1094 I hwcomposer: [DRMDEV] (0) failed to waitNextVsync: -1  
03-21 20:47:19.110   852  1094 I hwcomposer: [DRMDEV] (0) failed to waitNextVsync: -1  
03-21 20:47:19.121   852  1094 I hwcomposer: [DRMDEV] (0) failed to waitNextVsync: -1  
03-21 20:47:19.132   852  1094 I hwcomposer: [DRMDEV] (0) failed to waitNextVsync: -1  
03-21 20:47:19.143   852   992 I hwcomposer: [HWCDisplay] [Display_0 (type:1)] fps:11.456510,dur:2356.74,max:1386.74,min:10.78  
03-21 20:47:19.143   852  1094 I hwcomposer: [DRMDEV] (0) failed to waitNextVsync: -1  
03-21 20:47:19.204   625  2778 W libperfmgr: Failed to write to node: /dev/stune/top-app/schedtune.boost with value: 50, fd: -1
03-21 20:47:19.204   625  2778 W libperfmgr: Failed to write to node: /proc/sys/kernel/sched_boost with value: 2, fd: -1
03-21 20:47:19.221  1587  1910 I ImeTracker: com.rnat:996bb53f: onRequestHide at ORIGIN_SERVER reason HIDE_UNSPECIFIED_WINDOW fromUser false
03-21 20:47:19.222 26394 26394 I ImeTracker: com.rnat:996bb53f: onCancelled at PHASE_CLIENT_ALREADY_HIDDEN
03-21 20:47:19.223  3073  3073 I GoogleInputMethodService: GoogleInputMethodService.onFinishInput():2114 
03-21 20:47:19.223  1587  7863 I ImeTracker: system_server:b2858742: onRequestHide at ORIGIN_SERVER reason IME_REQUESTED_CHANGED_LISTENER fromUser false
03-21 20:47:19.224  1587  1655 I ImeTracker: system_server:b2858742: onCancelled at PHASE_SERVER_SHOULD_HIDE
03-21 20:47:19.224  3073  3073 I Module  : DeviceLockedStatusModuleProvider$Module.updateDeviceLockedStatus():103 repeatCheckTimes = 0, locked = false
03-21 20:47:19.224  3073  3073 I GoogleInputMethodService: GoogleInputMethodService.onStartInput():1385 onStartInput(EditorInfo{EditorInfo{packageName=com.rnat, inputType=0, inputTypeString=NULL, enableLearning=false, autoCorrection=false, autoComplete=false, imeOptions=0, privateImeOptions=null, actionName=UNSPECIFIED, actionLabel=null, initialSelStart=-1, initialSelEnd=-1, initialCapsMode=0, label=null, fieldId=0, fieldName=null, extras=null, hintText=null, hintLocales=[]}}, false)
03-21 20:47:19.224  3073  3073 I AndroidIME: LatinIMEBase.updateInputViewCoverNavigation():314 Update input view padding, extendsTouchBelowSpace=true, bottom inset=126
03-21 20:47:19.224  3073  3073 I Module  : DeviceLockedStatusModuleProvider$Module.updateDeviceLockedStatus():103 repeatCheckTimes = 1, locked = false
03-21 20:47:19.225  1587  7863 W PackageConfigPersister: App-specific configuration not found for packageName: com.rnat and userId: 0
03-21 20:47:19.230   852  1055 W hwcomposer: [DRMDEV] paramIsSame(), id 1079, w 1080/1080, h 2400/2400, pitch 1088/1088, format 0x2/0x1, secure 0/0  
03-21 20:47:19.354   625  2778 W libperfmgr: Failed to write to node: /dev/stune/top-app/schedtune.boost with value: 10, fd: -1
03-21 20:47:19.354   625  2778 W libperfmgr: Failed to write to node: /proc/sys/kernel/sched_boost with value: 0, fd: -1
03-21 20:47:19.358   852  1054 I hwcomposer: [HWC] (0)fire a callback of refresh to SF[4]  
03-21 20:47:19.377   625  2778 W libperfmgr: Failed to write to node: /dev/stune/top-app/schedtune.boost with value: 10, fd: -1
03-21 20:47:19.377   625  2778 W libperfmgr: Failed to write to node: /proc/sys/kernel/sched_boost with value: 0, fd: -1
03-21 20:47:19.439   625  2778 W libperfmgr: Failed to write to node: /dev/stune/top-app/schedtune.boost with value: 10, fd: -1
03-21 20:47:19.439   625  2778 W libperfmgr: Failed to write to node: /proc/sys/kernel/sched_boost with value: 0, fd: -1
03-21 20:47:19.634 26508 26508 W libbinder.BackendUnifiedServiceManager: Thread Pool max thread count is 0. Cannot cache binder as linkToDeath cannot be implemented. serviceName: deviceidle
03-21 20:47:19.651 26510 26510 W libbinder.BackendUnifiedServiceManager: Thread Pool max thread count is 0. Cannot cache binder as linkToDeath cannot be implemented. serviceName: battery
03-21 20:47:19.668 26512 26512 W libbinder.BackendUnifiedServiceManager: Thread Pool max thread count is 0. Cannot cache binder as linkToDeath cannot be implemented. serviceName: deviceidle
03-21 20:47:19.692 26515 26515 W libbinder.BackendUnifiedServiceManager: Thread Pool max thread count is 0. Cannot cache binder as linkToDeath cannot be implemented. serviceName: activity
03-21 20:47:19.748 26524 26524 W libbinder.BackendUnifiedServiceManager: Thread Pool max thread count is 0. Cannot cache binder as linkToDeath cannot be implemented. serviceName: battery
03-21 20:47:19.901  1151  1333 E [GF_HAL][gf_hal_milan]: [hal_milan_invoke_command] err=GF_SUCCESS, errno=0. reset g_hal_over_current_count to 0!
03-21 20:47:19.901  1151  1333 I [GF_HAL][gf_hal_milan]: [irq_pre_process] irq_type=INVALID_IRQ_TYPE, irq_type=0x0000
03-21 20:47:19.901  1151  1333 I [GF_HAL][gf_hal_milan]: [irq_process] invalid irq type 0
03-21 20:47:19.928  1151  1333 E [GF_HAL][gf_hal_milan]: [hal_milan_invoke_command] err=GF_SUCCESS, errno=0. reset g_hal_over_current_count to 0!
03-21 20:47:19.928  1151  1333 I [GF_HAL][gf_hal_milan]: [irq_pre_process] irq_type=INVALID_IRQ_TYPE, irq_type=0x0000
03-21 20:47:19.928  1151  1333 I [GF_HAL][gf_hal_milan]: [irq_process] invalid irq type 0
03-21 20:47:19.939   625  2778 W libperfmgr: Failed to write to node: /dev/stune/top-app/schedtune.boost with value: 10, fd: -1
03-21 20:47:19.940   625  2778 W libperfmgr: Failed to write to node: /proc/sys/kernel/sched_boost with value: 0, fd: -1
03-21 20:47:19.953  1151  1333 E [GF_HAL][gf_hal_milan]: [hal_milan_invoke_command] err=GF_SUCCESS, errno=0. reset g_hal_over_current_count to 0!
03-21 20:47:19.953  1151  1333 I [GF_HAL][gf_hal_milan]: [irq_pre_process] irq_type=[GF_IRQ_FINGER_UP_MASK], irq_type=0x0004
03-21 20:47:19.953  1151  1333 W libc    : Access denied finding property "sys.fp.miui.token"
03-21 20:47:19.948  1151  1151 W android.hardwar: type=1400 audit(0.0:1432): avc:  denied  { read } for  name="u:object_r:system_prop:s0" dev="tmpfs" ino=9216 scontext=u:r:hal_fingerprint_default:s0 tcontext=u:object_r:system_prop:s0 tclass=file permissive=0
03-21 20:47:20.019   844 26533 I resolv  : GetAddrInfoHandler::run: {102 102 102 983142 10399 0}
03-21 20:47:20.020   844 26534 I resolv  : res_nmkquery: (QUERY, IN, A)
03-21 20:47:20.030   844 26534 I resolv  : res_nsend: used send_dg 43 terrno: 0
03-21 20:47:20.030   844 26534 I resolv  : doQuery: rcode=0, ancount=1, return value=43
03-21 20:47:20.036 26394 26394 I ReactNativeJNI: Error occurred, shutting down websocket connection: WebSocket exception unexpected end of stream on http://localhost:8081/...
03-21 20:47:20.426 26394 26394 W unknown:ReactRootView: Unable to dispatch touch to JS as the catalyst instance has not been attached
03-21 20:47:20.427 26394 26394 W unknown:ReactRootView: Unable to dispatch touch to JS as the catalyst instance has not been attached
03-21 20:47:20.427 26394 26394 W unknown:ReactRootView: Unable to dispatch touch to JS as the catalyst instance has not been attached
03-21 20:47:20.427 26394 26394 W unknown:ReactRootView: Unable to dispatch touch to JS as the catalyst instance has not been attached
03-21 20:47:20.432   852  1094 I hwcomposer: [DRMDEV] (0) failed to waitNextVsync: -1  
03-21 20:47:20.440   625  2778 W libperfmgr: Failed to write to node: /dev/stune/top-app/schedtune.boost with value: 10, fd: -1
03-21 20:47:20.440   625  2778 W libperfmgr: Failed to write to node: /proc/sys/kernel/sched_boost with value: 0, fd: -1
03-21 20:47:20.443 26394 26394 W unknown:ReactRootView: Unable to dispatch touch to JS as the catalyst instance has not been attached
03-21 20:47:20.443 26394 26394 W unknown:ReactRootView: Unable to dispatch touch to JS as the catalyst instance has not been attached
03-21 20:47:20.443   852  1094 I hwcomposer: [DRMDEV] (0) failed to waitNextVsync: -1  
03-21 20:47:20.454 26394 26394 W unknown:ReactRootView: Unable to dispatch touch to JS as the catalyst instance has not been attached
03-21 20:47:20.454 26394 26394 W unknown:ReactRootView: Unable to dispatch touch to JS as the catalyst instance has not been attached
03-21 20:47:20.454   852  1094 I hwcomposer: [DRMDEV] (0) failed to waitNextVsync: -1  
03-21 20:47:20.465   852  1094 I hwcomposer: [DRMDEV] (0) failed to waitNextVsync: -1  
03-21 20:47:20.476   852  1094 I hwcomposer: [DRMDEV] (0) failed to waitNextVsync: -1  
03-21 20:47:20.487   852  1094 I hwcomposer: [DRMDEV] (0) failed to waitNextVsync: -1  
03-21 20:47:20.499   852  1094 I hwcomposer: [DRMDEV] (0) failed to waitNextVsync: -1  
03-21 20:47:20.506 26394 26394 W unknown:ReactRootView: Unable to dispatch touch to JS as the catalyst instance has not been attached
03-21 20:47:20.506 26394 26394 W unknown:ReactRootView: Unable to dispatch touch to JS as the catalyst instance has not been attached
03-21 20:47:20.507 26394 26394 W unknown:ReactRootView: Unable to dispatch touch to JS as the catalyst instance has not been attached
03-21 20:47:20.507 26394 26394 W unknown:ReactRootView: Unable to dispatch touch to JS as the catalyst instance has not been attached
03-21 20:47:20.597   844   878 I netd    : networkAddUidRangesParcel(NativeUidRangeConfig{netId: 105, uidRanges: [UidRangeParcel{start: 0, stop: 2147483647}], subPriority: 999}) <0.33ms>
03-21 20:47:20.598   844   878 I netd    : networkRemoveUidRangesParcel(NativeUidRangeConfig{netId: 105, uidRanges: [UidRangeParcel{start: 0, stop: 2147483647}], subPriority: 999}) <0.21ms>
03-21 20:47:20.621   852   992 I hwcomposer: [HWCDisplay] [Display_0 (type:1)] fps:10.150352,dur:1477.78,max:1243.14,min:9.05  
03-21 20:47:20.682   852  1054 I hwcomposer: [HWC] (0)fire a callback of refresh to SF[4]  
03-21 20:47:20.697   625  2778 W libperfmgr: Failed to write to node: /dev/stune/top-app/schedtune.boost with value: 10, fd: -1
03-21 20:47:20.697   625  2778 W libperfmgr: Failed to write to node: /proc/sys/kernel/sched_boost with value: 0, fd: -1
03-21 20:47:20.763   625  2778 W libperfmgr: Failed to write to node: /dev/stune/top-app/schedtune.boost with value: 10, fd: -1
03-21 20:47:20.763   625  2778 W libperfmgr: Failed to write to node: /proc/sys/kernel/sched_boost with value: 0, fd: -1
03-21 20:47:21.102  2458 24325 I NearbySharing: Network state changed: NetworkState(isRestricted=false, isOnline=true, isCongested=false, isMetered=false, isWifiConnected=true)
03-21 20:47:21.263   625  2778 W libperfmgr: Failed to write to node: /dev/stune/top-app/schedtune.boost with value: 10, fd: -1
03-21 20:47:21.263   625  2778 W libperfmgr: Failed to write to node: /proc/sys/kernel/sched_boost with value: 0, fd: -1
03-21 20:47:21.411   881  2016 I WifiHAL : feature_set=0x8488141a
03-21 20:47:21.412  1587  1927 I HalDevMgr: bestIfaceCreationProposal is null, requestIface=STA, existingIface=[name=wlan0 type=STA]
03-21 20:47:21.730   579   579 I [mTEE]  :  come into the TZ_VFS_OPEN function
03-21 20:47:21.732   579   579 I [mTEE]  :  come into the TZ_VFS_OPEN function
03-21 20:47:21.733   579   579 I [mTEE]  :  come into the TZ_VFS_OPEN function
03-21 20:47:21.734   579   579 I [mTEE]  :  come into the TZ_VFS_OPEN function
03-21 20:47:21.739   579   579 I [mTEE]  :  come into the TZ_VFS_OPEN function
03-21 20:47:21.740   579   579 I [mTEE]  :  come into the TZ_VFS_OPEN function
03-21 20:47:21.751   579   579 I [mTEE]  :  come into the TZ_VFS_OPEN function
03-21 20:47:21.753   579   579 I [mTEE]  :  come into the TZ_VFS_OPEN function
03-21 20:47:21.754   579   579 I [mTEE]  :  come into the TZ_VFS_OPEN function
03-21 20:47:21.755   579   579 I [mTEE]  :  come into the TZ_VFS_OPEN function
03-21 20:47:21.760   579   579 I [mTEE]  :  come into the TZ_VFS_OPEN function
03-21 20:47:21.761   579   579 I [mTEE]  :  come into the TZ_VFS_OPEN function
03-21 20:47:21.764   625  2778 W libperfmgr: Failed to write to node: /dev/stune/top-app/schedtune.boost with value: 10, fd: -1
03-21 20:47:21.764   625  2778 W libperfmgr: Failed to write to node: /proc/sys/kernel/sched_boost with value: 0, fd: -1
03-21 20:47:21.782  1151  1333 E [GF_HAL][gf_hal_milan]: [hal_milan_invoke_command] err=GF_SUCCESS, errno=0. reset g_hal_over_current_count to 0!
03-21 20:47:21.782  1151  1333 I [GF_HAL][gf_hal_milan]: [irq_pre_process] irq_type=[GF_IRQ_FDT_REVERSE_MASK], irq_type=0x4000
03-21 20:47:21.782  1151  1333 I [GF_HAL][gf_hal_milan]: [irq_pre_process] received FDT irq, so reset dump_base_frame_flag
03-21 20:47:21.784  1151  1333 E [GF_HAL][gf_hal_milan]: [hal_milan_invoke_command] err=GF_SUCCESS, errno=0. reset g_hal_over_current_count to 0!
03-21 20:47:21.784  1151  1333 I [GF_HAL][gf_hal_milan]: [irq_pre_process] irq_type=INVALID_IRQ_TYPE, irq_type=0x0000
03-21 20:47:21.784  1151  1333 I [GF_HAL][gf_hal_milan]: [irq_process] invalid irq type 0
03-21 20:47:22.043   844 26535 I resolv  : GetAddrInfoHandler::run: {102 102 102 983142 10399 0}
03-21 20:47:22.044   844 26536 I resolv  : res_nmkquery: (QUERY, IN, A)
03-21 20:47:22.057   844 26536 I resolv  : res_nsend: used send_dg 43 terrno: 0
03-21 20:47:22.057   844 26536 I resolv  : doQuery: rcode=0, ancount=1, return value=43
03-21 20:47:22.067 26394 26394 I ReactNativeJNI: Error occurred, shutting down websocket connection: WebSocket exception unexpected end of stream on http://localhost:8081/...
03-21 20:47:22.264   625  2778 W libperfmgr: Failed to write to node: /dev/stune/top-app/schedtune.boost with value: 10, fd: -1
03-21 20:47:22.264   625  2778 W libperfmgr: Failed to write to node: /proc/sys/kernel/sched_boost with value: 0, fd: -1
03-21 20:47:22.765   625  2778 W libperfmgr: Failed to write to node: /dev/stune/top-app/schedtune.boost with value: 10, fd: -1
03-21 20:47:22.765   625  2778 W libperfmgr: Failed to write to node: /proc/sys/kernel/sched_boost with value: 0, fd: -1
03-21 20:47:23.073  2237  2237 E SatelliteController: registerForSatelliteModemStateChanged: mSatelliteSessionController is not initialized yet
03-21 20:47:23.075  2237  2237 E SatelliteController: registerForSatelliteModemStateChanged: mSatelliteSessionController is not initialized yet
03-21 20:47:23.078  2237  2378 E SatelliteController: notifyNtnEligibility: mSatellitePhone is null
03-21 20:47:23.089  1587  7863 W ContextImpl: Calling a method in the system process without a qualified user: android.app.ContextImpl.sendBroadcastMultiplePermissions:1358 android.content.Context.sendBroadcastMultiplePermissions:2796 com.android.server.TelephonyRegistry.broadcastServiceStateChanged:4172 com.android.server.TelephonyRegistry.notifyServiceStateForPhoneId:1848 com.android.internal.telephony.ITelephonyRegistry$Stub.onTransact:613 
03-21 20:47:23.092  1587  7863 W ContextImpl: Calling a method in the system process without a qualified user: android.app.ContextImpl.sendBroadcastMultiplePermissions:1391 com.android.server.TelephonyRegistry.broadcastServiceStateChanged:4177 com.android.server.TelephonyRegistry.notifyServiceStateForPhoneId:1848 com.android.internal.telephony.ITelephonyRegistry$Stub.onTransact:613 android.os.Binder.execTransactInternal:1473 
03-21 20:47:23.095  1587  7863 W ContextImpl: Calling a method in the system process without a qualified user: android.app.ContextImpl.sendBroadcastMultiplePermissions:1391 com.android.server.TelephonyRegistry.broadcastServiceStateChanged:4186 com.android.server.TelephonyRegistry.notifyServiceStateForPhoneId:1848 com.android.internal.telephony.ITelephonyRegistry$Stub.onTransact:613 android.os.Binder.execTransactInternal:1473 
03-21 20:47:23.096  1587  7863 W ContextImpl: Calling a method in the system process without a qualified user: android.app.ContextImpl.sendBroadcastMultiplePermissions:1391 com.android.server.TelephonyRegistry.broadcastServiceStateChanged:4192 com.android.server.TelephonyRegistry.notifyServiceStateForPhoneId:1848 com.android.internal.telephony.ITelephonyRegistry$Stub.onTransact:613 android.os.Binder.execTransactInternal:1473 
03-21 20:47:23.103  1587  1680 W libprocessgroup: SetCgroup::ExecuteForProcess: failed to open /dev/stune/background/cgroup.procs: No such file or directory
03-21 20:47:23.103   844   878 I netd    : tetherGetStats() -> {[]} <1.06ms>
03-21 20:47:23.104  2237  2237 I Telephony: TelecomAccountRegistry$TelecomAccountTelephonyCallback: TelecomAccountRegistry: onServiceStateChanged: newState=0, mServiceState=0
03-21 20:47:23.105  2237  2237 W Telephony: registerMmTelCapabilityCallback: registration failed, no ImsService available. Exception: code: 1
03-21 20:47:23.106  2237  2237 I Telephony: isRttCurrentlySupported -- regular acct, hasVoiceAvailability: false
03-21 20:47:23.106  2237  2237 I Telephony:  isRttSupported: false
03-21 20:47:23.106  2237  2237 I Telephony:  alwaysAllowWhileRoaming: false
03-21 20:47:23.106  2237  2237 I Telephony:  isRoaming: false
03-21 20:47:23.106  2237  2237 I Telephony:  isOnWfc: false
03-21 20:47:23.158   852  1094 I hwcomposer: [DRMDEV] (0) failed to waitNextVsync: -1  
03-21 20:47:23.165   852  1094 I hwcomposer: [DRMDEV] (0) failed to waitNextVsync: -1  
03-21 20:47:23.176   852  1094 I hwcomposer: [DRMDEV] (0) failed to waitNextVsync: -1  
03-21 20:47:23.185   852   992 I hwcomposer: [HWCDisplay] [Display_0 (type:1)] fps:0.780036,dur:2563.98,max:2482.84,min:81.14  
03-21 20:47:23.265   625  2778 W libperfmgr: Failed to write to node: /dev/stune/top-app/schedtune.boost with value: 10, fd: -1
03-21 20:47:23.265   625  2778 W libperfmgr: Failed to write to node: /proc/sys/kernel/sched_boost with value: 0, fd: -1
03-21 20:47:23.322   852  1054 I hwcomposer: [HWC] (0)fire a callback of refresh to SF[4]  
03-21 20:47:23.326   625  2778 W libperfmgr: Failed to write to node: /dev/stune/top-app/schedtune.boost with value: 10, fd: -1
03-21 20:47:23.326   625  2778 W libperfmgr: Failed to write to node: /proc/sys/kernel/sched_boost with value: 0, fd: -1
03-21 20:47:23.353  1587  1680 W libprocessgroup: SetCgroup::ExecuteForProcess: failed to open /dev/stune/background/cgroup.procs: No such file or directory
03-21 20:47:23.356 23431 23431 I Finsky  : [2] Memory trim requested to level 40
03-21 20:47:23.356 23431 23431 I Finsky  : [2] Flushing in-memory image cache
03-21 20:47:23.357  1587  1680 W libprocessgroup: SetCgroup::ExecuteForProcess: failed to open /dev/stune/background/cgroup.procs: No such file or directory
03-21 20:47:23.403   625  2778 W libperfmgr: Failed to write to node: /dev/stune/top-app/schedtune.boost with value: 10, fd: -1
03-21 20:47:23.403   625  2778 W libperfmgr: Failed to write to node: /proc/sys/kernel/sched_boost with value: 0, fd: -1
03-21 20:47:23.903   625  2778 W libperfmgr: Failed to write to node: /dev/stune/top-app/schedtune.boost with value: 10, fd: -1
03-21 20:47:23.903   625  2778 W libperfmgr: Failed to write to node: /proc/sys/kernel/sched_boost with value: 0, fd: -1
03-21 20:47:24.080   844 26537 I resolv  : GetAddrInfoHandler::run: {102 102 102 983142 10399 0}
03-21 20:47:24.081   844 26538 I resolv  : res_nmkquery: (QUERY, IN, A)
03-21 20:47:24.089   844 26538 I resolv  : res_nsend: used send_dg 43 terrno: 0
03-21 20:47:24.089   844 26538 I resolv  : doQuery: rcode=0, ancount=1, return value=43
03-21 20:47:24.095 26394 26394 I ReactNativeJNI: Error occurred, shutting down websocket connection: WebSocket exception unexpected end of stream on http://localhost:8081/...
03-21 20:47:24.404   625  2778 W libperfmgr: Failed to write to node: /dev/stune/top-app/schedtune.boost with value: 10, fd: -1
03-21 20:47:24.404   625  2778 W libperfmgr: Failed to write to node: /proc/sys/kernel/sched_boost with value: 0, fd: -1
03-21 20:47:24.424   881  2016 I WifiHAL : feature_set=0x8488141a
03-21 20:47:24.425  1587  1927 I HalDevMgr: bestIfaceCreationProposal is null, requestIface=STA, existingIface=[name=wlan0 type=STA]
03-21 20:47:24.904   625  2778 W libperfmgr: Failed to write to node: /dev/stune/top-app/schedtune.boost with value: 10, fd: -1
03-21 20:47:24.904   625  2778 W libperfmgr: Failed to write to node: /proc/sys/kernel/sched_boost with value: 0, fd: -1
03-21 20:47:25.404   625  2778 W libperfmgr: Failed to write to node: /dev/stune/top-app/schedtune.boost with value: 10, fd: -1
03-21 20:47:25.404   625  2778 W libperfmgr: Failed to write to node: /proc/sys/kernel/sched_boost with value: 0, fd: -1
03-21 20:47:25.904   625  2778 W libperfmgr: Failed to write to node: /dev/stune/top-app/schedtune.boost with value: 10, fd: -1
03-21 20:47:25.905   625  2778 W libperfmgr: Failed to write to node: /proc/sys/kernel/sched_boost with value: 0, fd: -1
03-21 20:47:25.966 26539 26539 W libbinder.BackendUnifiedServiceManager: Thread Pool max thread count is 0. Cannot cache binder as linkToDeath cannot be implemented. serviceName: deviceidle
03-21 20:47:25.983 26541 26541 W libbinder.BackendUnifiedServiceManager: Thread Pool max thread count is 0. Cannot cache binder as linkToDeath cannot be implemented. serviceName: battery
03-21 20:47:26.012 26543 26543 W libbinder.BackendUnifiedServiceManager: Thread Pool max thread count is 0. Cannot cache binder as linkToDeath cannot be implemented. serviceName: deviceidle
03-21 20:47:26.043 26546 26546 W libbinder.BackendUnifiedServiceManager: Thread Pool max thread count is 0. Cannot cache binder as linkToDeath cannot be implemented. serviceName: activity
03-21 20:47:26.093 26555 26555 W libbinder.BackendUnifiedServiceManager: Thread Pool max thread count is 0. Cannot cache binder as linkToDeath cannot be implemented. serviceName: battery
03-21 20:47:26.106   844 26558 I resolv  : GetAddrInfoHandler::run: {102 102 102 983142 10399 0}
03-21 20:47:26.107   844 26560 I resolv  : res_nmkquery: (QUERY, IN, A)
03-21 20:47:26.116   844 26560 I resolv  : res_nsend: used send_dg 43 terrno: 0
03-21 20:47:26.116   844 26560 I resolv  : doQuery: rcode=0, ancount=1, return value=43
03-21 20:47:26.121 26394 26394 I ReactNativeJNI: Error occurred, shutting down websocket connection: WebSocket exception unexpected end of stream on http://localhost:8081/...
03-21 20:47:26.405   625  2778 W libperfmgr: Failed to write to node: /dev/stune/top-app/schedtune.boost with value: 10, fd: -1
03-21 20:47:26.405   625  2778 W libperfmgr: Failed to write to node: /proc/sys/kernel/sched_boost with value: 0, fd: -1
03-21 20:47:26.597   852  1094 I hwcomposer: [DRMDEV] (0) failed to waitNextVsync: -1  
03-21 20:47:26.599   852  1094 I hwcomposer: [DRMDEV] (0) failed to waitNextVsync: -1  
03-21 20:47:26.610   852  1094 I hwcomposer: [DRMDEV] (0) failed to waitNextVsync: -1  
03-21 20:47:26.621   852  1094 I hwcomposer: [DRMDEV] (0) failed to waitNextVsync: -1  
03-21 20:47:26.632   852  1094 I hwcomposer: [DRMDEV] (0) failed to waitNextVsync: -1  
03-21 20:47:26.643   852  1094 I hwcomposer: [DRMDEV] (0) failed to waitNextVsync: -1  
03-21 20:47:26.654   852  1094 I hwcomposer: [DRMDEV] (0) failed to waitNextVsync: -1  
03-21 20:47:26.905   625  2778 W libperfmgr: Failed to write to node: /dev/stune/top-app/schedtune.boost with value: 10, fd: -1
03-21 20:47:26.905   625  2778 W libperfmgr: Failed to write to node: /proc/sys/kernel/sched_boost with value: 0, fd: -1
03-21 20:47:27.405   625  2778 W libperfmgr: Failed to write to node: /dev/stune/top-app/schedtune.boost with value: 10, fd: -1
03-21 20:47:27.405   625  2778 W libperfmgr: Failed to write to node: /proc/sys/kernel/sched_boost with value: 0, fd: -1
03-21 20:47:27.440   881  2016 I WifiHAL : feature_set=0x8488141a
03-21 20:47:27.441  1587  1927 I HalDevMgr: bestIfaceCreationProposal is null, requestIface=STA, existingIface=[name=wlan0 type=STA]
03-21 20:47:27.906   625  2778 W libperfmgr: Failed to write to node: /dev/stune/top-app/schedtune.boost with value: 10, fd: -1
03-21 20:47:27.906   625  2778 W libperfmgr: Failed to write to node: /proc/sys/kernel/sched_boost with value: 0, fd: -1
03-21 20:47:28.128   844 26566 I resolv  : GetAddrInfoHandler::run: {102 102 102 983142 10399 0}
03-21 20:47:28.129   844 26567 I resolv  : res_nmkquery: (QUERY, IN, A)
03-21 20:47:28.139   844 26567 I resolv  : res_nsend: used send_dg 43 terrno: 0
03-21 20:47:28.139   844 26567 I resolv  : doQuery: rcode=0, ancount=1, return value=43
03-21 20:47:28.144 26394 26394 I ReactNativeJNI: Error occurred, shutting down websocket connection: WebSocket exception unexpected end of stream on http://localhost:8081/...
03-21 20:47:28.406   625  2778 W libperfmgr: Failed to write to node: /dev/stune/top-app/schedtune.boost with value: 10, fd: -1
03-21 20:47:28.406   625  2778 W libperfmgr: Failed to write to node: /proc/sys/kernel/sched_boost with value: 0, fd: -1
03-21 20:47:28.906   625  2778 W libperfmgr: Failed to write to node: /dev/stune/top-app/schedtune.boost with value: 10, fd: -1
03-21 20:47:28.906   625  2778 W libperfmgr: Failed to write to node: /proc/sys/kernel/sched_boost with value: 0, fd: -1
03-21 20:47:29.406   625  2778 W libperfmgr: Failed to write to node: /dev/stune/top-app/schedtune.boost with value: 10, fd: -1
03-21 20:47:29.407   625  2778 W libperfmgr: Failed to write to node: /proc/sys/kernel/sched_boost with value: 0, fd: -1
03-21 20:47:29.557   852  1094 I hwcomposer: [DRMDEV] (0) failed to waitNextVsync: -1  
03-21 20:47:29.565   852  1094 I hwcomposer: [DRMDEV] (0) failed to waitNextVsync: -1  
03-21 20:47:29.576   852  1094 I hwcomposer: [DRMDEV] (0) failed to waitNextVsync: -1  
03-21 20:47:29.587   852  1094 I hwcomposer: [DRMDEV] (0) failed to waitNextVsync: -1  
03-21 20:47:29.587   852   992 I hwcomposer: [HWCDisplay] [Display_0 (type:1)] fps:0.312370,dur:6402.67,max:6255.73,min:146.94  
03-21 20:47:29.730   852  1054 I hwcomposer: [HWC] (0)fire a callback of refresh to SF[4]  
03-21 20:47:29.736   625  2778 W libperfmgr: Failed to write to node: /dev/stune/top-app/schedtune.boost with value: 10, fd: -1
03-21 20:47:29.736   625  2778 W libperfmgr: Failed to write to node: /proc/sys/kernel/sched_boost with value: 0, fd: -1
03-21 20:47:29.811   625  2778 W libperfmgr: Failed to write to node: /dev/stune/top-app/schedtune.boost with value: 10, fd: -1
03-21 20:47:29.811   625  2778 W libperfmgr: Failed to write to node: /proc/sys/kernel/sched_boost with value: 0, fd: -1
03-21 20:47:30.161   844 26568 I resolv  : GetAddrInfoHandler::run: {102 102 102 983142 10399 0}
03-21 20:47:30.162   844 26569 I resolv  : res_nmkquery: (QUERY, IN, A)
03-21 20:47:30.205   844 26569 I resolv  : res_nsend: used send_dg 43 terrno: 0
03-21 20:47:30.205   844 26569 I resolv  : doQuery: rcode=0, ancount=1, return value=43
03-21 20:47:30.211 26394 26394 I ReactNativeJNI: Error occurred, shutting down websocket connection: WebSocket exception unexpected end of stream on http://localhost:8081/...
03-21 20:47:30.312   625  2778 W libperfmgr: Failed to write to node: /dev/stune/top-app/schedtune.boost with value: 10, fd: -1
03-21 20:47:30.312   625  2778 W libperfmgr: Failed to write to node: /proc/sys/kernel/sched_boost with value: 0, fd: -1
03-21 20:47:30.451   881  2016 I WifiHAL : feature_set=0x8488141a
03-21 20:47:30.452  1587  1927 I HalDevMgr: bestIfaceCreationProposal is null, requestIface=STA, existingIface=[name=wlan0 type=STA]
03-21 20:47:30.812   625  2778 W libperfmgr: Failed to write to node: /dev/stune/top-app/schedtune.boost with value: 10, fd: -1
03-21 20:47:30.813   625  2778 W libperfmgr: Failed to write to node: /proc/sys/kernel/sched_boost with value: 0, fd: -1
03-21 20:47:31.313   625  2778 W libperfmgr: Failed to write to node: /dev/stune/top-app/schedtune.boost with value: 10, fd: -1
03-21 20:47:31.313   625  2778 W libperfmgr: Failed to write to node: /proc/sys/kernel/sched_boost with value: 0, fd: -1
03-21 20:47:31.814   625  2778 W libperfmgr: Failed to write to node: /dev/stune/top-app/schedtune.boost with value: 10, fd: -1
03-21 20:47:31.814   625  2778 W libperfmgr: Failed to write to node: /proc/sys/kernel/sched_boost with value: 0, fd: -1
03-21 20:47:32.218   844 26570 I resolv  : GetAddrInfoHandler::run: {102 102 102 983142 10399 0}
03-21 20:47:32.219   844 26571 I resolv  : res_nmkquery: (QUERY, IN, A)
03-21 20:47:32.226   844 26571 I resolv  : res_nsend: used send_dg 43 terrno: 0
03-21 20:47:32.227   844 26571 I resolv  : doQuery: rcode=0, ancount=1, return value=43
03-21 20:47:32.232 26394 26394 I ReactNativeJNI: Error occurred, shutting down websocket connection: WebSocket exception unexpected end of stream on http://localhost:8081/...
03-21 20:47:32.293 26572 26572 W libbinder.BackendUnifiedServiceManager: Thread Pool max thread count is 0. Cannot cache binder as linkToDeath cannot be implemented. serviceName: deviceidle
03-21 20:47:32.311 26574 26574 W libbinder.BackendUnifiedServiceManager: Thread Pool max thread count is 0. Cannot cache binder as linkToDeath cannot be implemented. serviceName: battery
03-21 20:47:32.314   625  2778 W libperfmgr: Failed to write to node: /dev/stune/top-app/schedtune.boost with value: 10, fd: -1
03-21 20:47:32.314   625  2778 W libperfmgr: Failed to write to node: /proc/sys/kernel/sched_boost with value: 0, fd: -1
03-21 20:47:32.327 26576 26576 W libbinder.BackendUnifiedServiceManager: Thread Pool max thread count is 0. Cannot cache binder as linkToDeath cannot be implemented. serviceName: deviceidle
03-21 20:47:32.351 26579 26579 W libbinder.BackendUnifiedServiceManager: Thread Pool max thread count is 0. Cannot cache binder as linkToDeath cannot be implemented. serviceName: activity
03-21 20:47:32.400 26588 26588 W libbinder.BackendUnifiedServiceManager: Thread Pool max thread count is 0. Cannot cache binder as linkToDeath cannot be implemented. serviceName: battery
03-21 20:47:32.814   625  2778 W libperfmgr: Failed to write to node: /dev/stune/top-app/schedtune.boost with value: 10, fd: -1
03-21 20:47:32.815   625  2778 W libperfmgr: Failed to write to node: /proc/sys/kernel/sched_boost with value: 0, fd: -1
03-21 20:47:33.315   625  2778 W libperfmgr: Failed to write to node: /dev/stune/top-app/schedtune.boost with value: 10, fd: -1
03-21 20:47:33.315   625  2778 W libperfmgr: Failed to write to node: /proc/sys/kernel/sched_boost with value: 0, fd: -1
03-21 20:47:33.464   881  2016 I WifiHAL : feature_set=0x8488141a
03-21 20:47:33.465  1587  1927 I HalDevMgr: bestIfaceCreationProposal is null, requestIface=STA, existingIface=[name=wlan0 type=STA]
03-21 20:47:33.815   625  2778 W libperfmgr: Failed to write to node: /dev/stune/top-app/schedtune.boost with value: 10, fd: -1
03-21 20:47:33.815   625  2778 W libperfmgr: Failed to write to node: /proc/sys/kernel/sched_boost with value: 0, fd: -1
03-21 20:47:34.239   844 26597 I resolv  : GetAddrInfoHandler::run: {102 102 102 983142 10399 0}
03-21 20:47:34.240   844 26598 I resolv  : res_nmkquery: (QUERY, IN, A)
03-21 20:47:34.246   844 26598 I resolv  : res_nsend: used send_dg 43 terrno: 0
03-21 20:47:34.246   844 26598 I resolv  : doQuery: rcode=0, ancount=1, return value=43
03-21 20:47:34.251 26394 26394 I ReactNativeJNI: Error occurred, shutting down websocket connection: WebSocket exception unexpected end of stream on http://localhost:8081/...
03-21 20:47:34.315   625  2778 W libperfmgr: Failed to write to node: /dev/stune/top-app/schedtune.boost with value: 10, fd: -1
03-21 20:47:34.315   625  2778 W libperfmgr: Failed to write to node: /proc/sys/kernel/sched_boost with value: 0, fd: -1
03-21 20:47:34.816   625  2778 W libperfmgr: Failed to write to node: /dev/stune/top-app/schedtune.boost with value: 10, fd: -1
03-21 20:47:34.816   625  2778 W libperfmgr: Failed to write to node: /proc/sys/kernel/sched_boost with value: 0, fd: -1
03-21 20:47:35.165 26092 26175 I emmv    : Validating WorkManager process
03-21 20:47:35.166 26092 26162 I emmv    : (REDACTED) Processes: %s, %s, %s, %s
03-21 20:47:35.316   625  2778 W libperfmgr: Failed to write to node: /dev/stune/top-app/schedtune.boost with value: 10, fd: -1
03-21 20:47:35.316   625  2778 W libperfmgr: Failed to write to node: /proc/sys/kernel/sched_boost with value: 0, fd: -1
03-21 20:47:35.816   625  2778 W libperfmgr: Failed to write to node: /dev/stune/top-app/schedtune.boost with value: 10, fd: -1
03-21 20:47:35.816   625  2778 W libperfmgr: Failed to write to node: /proc/sys/kernel/sched_boost with value: 0, fd: -1
03-21 20:47:36.258   844 26599 I resolv  : GetAddrInfoHandler::run: {102 102 102 983142 10399 0}
03-21 20:47:36.259   844 26600 I resolv  : res_nmkquery: (QUERY, IN, A)
03-21 20:47:36.269   844 26600 I resolv  : res_nsend: used send_dg 43 terrno: 0
03-21 20:47:36.269   844 26600 I resolv  : doQuery: rcode=0, ancount=1, return value=43
03-21 20:47:36.275 26394 26394 I ReactNativeJNI: Error occurred, shutting down websocket connection: WebSocket exception unexpected end of stream on http://localhost:8081/...
03-21 20:47:36.316   625  2778 W libperfmgr: Failed to write to node: /dev/stune/top-app/schedtune.boost with value: 10, fd: -1
03-21 20:47:36.316   625  2778 W libperfmgr: Failed to write to node: /proc/sys/kernel/sched_boost with value: 0, fd: -1
03-21 20:47:36.472   881  2016 I WifiHAL : feature_set=0x8488141a
03-21 20:47:36.473  1587  1927 I HalDevMgr: bestIfaceCreationProposal is null, requestIface=STA, existingIface=[name=wlan0 type=STA]
03-21 20:47:36.817   625  2778 W libperfmgr: Failed to write to node: /dev/stune/top-app/schedtune.boost with value: 10, fd: -1
03-21 20:47:36.817   625  2778 W libperfmgr: Failed to write to node: /proc/sys/kernel/sched_boost with value: 0, fd: -1
03-21 20:47:37.317   625  2778 W libperfmgr: Failed to write to node: /dev/stune/top-app/schedtune.boost with value: 10, fd: -1
03-21 20:47:37.317   625  2778 W libperfmgr: Failed to write to node: /proc/sys/kernel/sched_boost with value: 0, fd: -1
03-21 20:47:37.817   625  2778 W libperfmgr: Failed to write to node: /dev/stune/top-app/schedtune.boost with value: 10, fd: -1
03-21 20:47:37.817   625  2778 W libperfmgr: Failed to write to node: /proc/sys/kernel/sched_boost with value: 0, fd: -1
03-21 20:47:38.282   844 26601 I resolv  : GetAddrInfoHandler::run: {102 102 102 983142 10399 0}
03-21 20:47:38.283   844 26602 I resolv  : res_nmkquery: (QUERY, IN, A)
03-21 20:47:38.295   844 26602 I resolv  : res_nsend: used send_dg 43 terrno: 0
03-21 20:47:38.295   844 26602 I resolv  : doQuery: rcode=0, ancount=1, return value=43
03-21 20:47:38.317   625  2778 W libperfmgr: Failed to write to node: /dev/stune/top-app/schedtune.boost with value: 10, fd: -1
03-21 20:47:38.318   625  2778 W libperfmgr: Failed to write to node: /proc/sys/kernel/sched_boost with value: 0, fd: -1
03-21 20:47:38.621 26603 26603 W libbinder.BackendUnifiedServiceManager: Thread Pool max thread count is 0. Cannot cache binder as linkToDeath cannot be implemented. serviceName: deviceidle
03-21 20:47:38.649 26605 26605 W libbinder.BackendUnifiedServiceManager: Thread Pool max thread count is 0. Cannot cache binder as linkToDeath cannot be implemented. serviceName: battery
03-21 20:47:38.667 26607 26607 W libbinder.BackendUnifiedServiceManager: Thread Pool max thread count is 0. Cannot cache binder as linkToDeath cannot be implemented. serviceName: deviceidle
03-21 20:47:38.692 26610 26610 W libbinder.BackendUnifiedServiceManager: Thread Pool max thread count is 0. Cannot cache binder as linkToDeath cannot be implemented. serviceName: activity
03-21 20:47:38.740 26619 26619 W libbinder.BackendUnifiedServiceManager: Thread Pool max thread count is 0. Cannot cache binder as linkToDeath cannot be implemented. serviceName: battery
03-21 20:47:38.818   625  2778 W libperfmgr: Failed to write to node: /dev/stune/top-app/schedtune.boost with value: 10, fd: -1
03-21 20:47:38.818   625  2778 W libperfmgr: Failed to write to node: /proc/sys/kernel/sched_boost with value: 0, fd: -1
03-21 20:47:39.318   625  2778 W libperfmgr: Failed to write to node: /dev/stune/top-app/schedtune.boost with value: 10, fd: -1
03-21 20:47:39.318   625  2778 W libperfmgr: Failed to write to node: /proc/sys/kernel/sched_boost with value: 0, fd: -1
03-21 20:47:39.484   881  2016 I WifiHAL : feature_set=0x8488141a
03-21 20:47:39.485  1587  1927 I HalDevMgr: bestIfaceCreationProposal is null, requestIface=STA, existingIface=[name=wlan0 type=STA]
03-21 20:47:39.637  2237  2237 E SatelliteController: registerForSatelliteModemStateChanged: mSatelliteSessionController is not initialized yet
03-21 20:47:39.638  2237  2237 E SatelliteController: registerForSatelliteModemStateChanged: mSatelliteSessionController is not initialized yet
03-21 20:47:39.642  2237  2378 E SatelliteController: notifyNtnEligibility: mSatellitePhone is null
03-21 20:47:39.646  1587  7863 W ContextImpl: Calling a method in the system process without a qualified user: android.app.ContextImpl.sendBroadcastMultiplePermissions:1358 android.content.Context.sendBroadcastMultiplePermissions:2796 com.android.server.TelephonyRegistry.broadcastServiceStateChanged:4172 com.android.server.TelephonyRegistry.notifyServiceStateForPhoneId:1848 com.android.internal.telephony.ITelephonyRegistry$Stub.onTransact:613 
03-21 20:47:39.648  1587  7863 W ContextImpl: Calling a method in the system process without a qualified user: android.app.ContextImpl.sendBroadcastMultiplePermissions:1391 com.android.server.TelephonyRegistry.broadcastServiceStateChanged:4177 com.android.server.TelephonyRegistry.notifyServiceStateForPhoneId:1848 com.android.internal.telephony.ITelephonyRegistry$Stub.onTransact:613 android.os.Binder.execTransactInternal:1473 
03-21 20:47:39.651  1587  7863 W ContextImpl: Calling a method in the system process without a qualified user: android.app.ContextImpl.sendBroadcastMultiplePermissions:1391 com.android.server.TelephonyRegistry.broadcastServiceStateChanged:4186 com.android.server.TelephonyRegistry.notifyServiceStateForPhoneId:1848 com.android.internal.telephony.ITelephonyRegistry$Stub.onTransact:613 android.os.Binder.execTransactInternal:1473 
03-21 20:47:39.652  1587  7863 W ContextImpl: Calling a method in the system process without a qualified user: android.app.ContextImpl.sendBroadcastMultiplePermissions:1391 com.android.server.TelephonyRegistry.broadcastServiceStateChanged:4192 com.android.server.TelephonyRegistry.notifyServiceStateForPhoneId:1848 com.android.internal.telephony.ITelephonyRegistry$Stub.onTransact:613 android.os.Binder.execTransactInternal:1473 
03-21 20:47:39.661  1587  1680 W libprocessgroup: SetCgroup::ExecuteForProcess: failed to open /dev/stune/background/cgroup.procs: No such file or directory
03-21 20:47:39.662   844   878 I netd    : tetherGetStats() -> {[]} <1.10ms>
03-21 20:47:39.667  2237  2237 I Telephony: TelecomAccountRegistry$TelecomAccountTelephonyCallback: TelecomAccountRegistry: onServiceStateChanged: newState=0, mServiceState=0
03-21 20:47:39.667  2237  2237 W Telephony: registerMmTelCapabilityCallback: registration failed, no ImsService available. Exception: code: 1
03-21 20:47:39.669  2237  2237 I Telephony: isRttCurrentlySupported -- regular acct, hasVoiceAvailability: false
03-21 20:47:39.669  2237  2237 I Telephony:  isRttSupported: false
03-21 20:47:39.669  2237  2237 I Telephony:  alwaysAllowWhileRoaming: false
03-21 20:47:39.669  2237  2237 I Telephony:  isRoaming: false
03-21 20:47:39.669  2237  2237 I Telephony:  isOnWfc: false
03-21 20:47:39.818   625  2778 W libperfmgr: Failed to write to node: /dev/stune/top-app/schedtune.boost with value: 10, fd: -1
03-21 20:47:39.819   625  2778 W libperfmgr: Failed to write to node: /proc/sys/kernel/sched_boost with value: 0, fd: -1
03-21 20:47:40.319   625  2778 W libperfmgr: Failed to write to node: /dev/stune/top-app/schedtune.boost with value: 10, fd: -1
03-21 20:47:40.319   625  2778 W libperfmgr: Failed to write to node: /proc/sys/kernel/sched_boost with value: 0, fd: -1
03-21 20:47:40.819   625  2778 W libperfmgr: Failed to write to node: /dev/stune/top-app/schedtune.boost with value: 10, fd: -1
03-21 20:47:40.819   625  2778 W libperfmgr: Failed to write to node: /proc/sys/kernel/sched_boost with value: 0, fd: -1
03-21 20:47:41.319   625  2778 W libperfmgr: Failed to write to node: /dev/stune/top-app/schedtune.boost with value: 10, fd: -1
03-21 20:47:41.319   625  2778 W libperfmgr: Failed to write to node: /proc/sys/kernel/sched_boost with value: 0, fd: -1
03-21 20:47:41.820   625  2778 W libperfmgr: Failed to write to node: /dev/stune/top-app/schedtune.boost with value: 10, fd: -1
03-21 20:47:41.820   625  2778 W libperfmgr: Failed to write to node: /proc/sys/kernel/sched_boost with value: 0, fd: -1
03-21 20:47:42.320   625  2778 W libperfmgr: Failed to write to node: /dev/stune/top-app/schedtune.boost with value: 10, fd: -1
03-21 20:47:42.320   625  2778 W libperfmgr: Failed to write to node: /proc/sys/kernel/sched_boost with value: 0, fd: -1
03-21 20:47:42.496   881  2016 I WifiHAL : feature_set=0x8488141a
03-21 20:47:42.497  1587  1927 I HalDevMgr: bestIfaceCreationProposal is null, requestIface=STA, existingIface=[name=wlan0 type=STA]
03-21 20:47:42.820   625  2778 W libperfmgr: Failed to write to node: /dev/stune/top-app/schedtune.boost with value: 10, fd: -1
03-21 20:47:42.820   625  2778 W libperfmgr: Failed to write to node: /proc/sys/kernel/sched_boost with value: 0, fd: -1
03-21 20:47:43.320   625  2778 W libperfmgr: Failed to write to node: /dev/stune/top-app/schedtune.boost with value: 10, fd: -1
03-21 20:47:43.320   625  2778 W libperfmgr: Failed to write to node: /proc/sys/kernel/sched_boost with value: 0, fd: -1
03-21 20:47:43.821   625  2778 W libperfmgr: Failed to write to node: /dev/stune/top-app/schedtune.boost with value: 10, fd: -1
03-21 20:47:43.821   625  2778 W libperfmgr: Failed to write to node: /proc/sys/kernel/sched_boost with value: 0, fd: -1
03-21 20:47:43.855  1587  8909 W ActivityTaskManager: callingPackage for (uid=2000, pid=26630) has no WPC
03-21 20:47:43.861  1587  8909 I ActivityTaskManager: START u0 {flg=0x10000000 xflg=0x5 cmp=com.rnat/.MainActivity} with LAUNCH_SINGLE_TASK from uid 2000 (com.android.shell) (BAL_ALLOW_PERMISSION) result code=3
03-21 20:47:43.861   852  1094 I hwcomposer: [DRMDEV] (0) failed to waitNextVsync: -1  
03-21 20:47:43.864   877   877 I Accelerometer: batch: handle:0, flag:0,samplingPeriodNs:80000000 maxBatchReportLatencyNs:2000000000
03-21 20:47:43.865   852  1094 I hwcomposer: [DRMDEV] (0) failed to waitNextVsync: -1  
03-21 20:47:43.866 26394 26394 W unknown:ReactInstanceManager: Instance detached from instance manager
03-21 20:47:43.868   877   877 I Accelerometer: batch: handle:0, flag:0,samplingPeriodNs:66667000 maxBatchReportLatencyNs:0
03-21 20:47:43.869   877   877 I Accelerometer: flush, flushCnt:1
03-21 20:47:43.870   877   924 I Accelerometer: flush complete, flushCnt:0
03-21 20:47:43.876   852  1094 I hwcomposer: [DRMDEV] (0) failed to waitNextVsync: -1  
03-21 20:47:43.882   844 26634 I resolv  : GetAddrInfoHandler::run: {102 102 102 983142 10399 0}
03-21 20:47:43.883   844 26635 I resolv  : res_nmkquery: (QUERY, IN, A)
03-21 20:47:43.885   914   988 E surfaceflinger: == MALI DEBUG ===eglp_winsys_populate_image_templates ==12288
03-21 20:47:43.887   852  1094 I hwcomposer: [DRMDEV] (0) failed to waitNextVsync: -1  
03-21 20:47:43.892   844 26635 I resolv  : res_nsend: used send_dg 43 terrno: 0
03-21 20:47:43.892   844 26635 I resolv  : doQuery: rcode=0, ancount=1, return value=43
03-21 20:47:43.899   852  1094 I hwcomposer: [DRMDEV] (0) failed to waitNextVsync: -1  
03-21 20:47:43.899   852   992 I hwcomposer: [HWCDisplay] [Display_0 (type:1)] fps:0.139751,dur:14311.17,max:14157.76,min:153.41  
03-21 20:47:44.038   852  1054 I hwcomposer: [HWC] (0)fire a callback of refresh to SF[4]  
03-21 20:47:44.042   625  2778 W libperfmgr: Failed to write to node: /dev/stune/top-app/schedtune.boost with value: 10, fd: -1
03-21 20:47:44.042   625  2778 W libperfmgr: Failed to write to node: /proc/sys/kernel/sched_boost with value: 0, fd: -1
03-21 20:47:44.119   625  2778 W libperfmgr: Failed to write to node: /dev/stune/top-app/schedtune.boost with value: 10, fd: -1
03-21 20:47:44.119   625  2778 W libperfmgr: Failed to write to node: /proc/sys/kernel/sched_boost with value: 0, fd: -1
03-21 20:47:44.426  1587  1708 I DisplayPowerController[0]: BrightnessEvent: brt=8.54597E-4(5.0%), nits=3.4861262, lux=-1.0, reason=manual [ dim ], strat=FallbackBrightnessStrategy, state=ON, stateReason=DEFAULT_POLICY, policy=DIM, flags=, initBrt=1.0, rcmdBrt=NaN, preBrt=NaN, preLux=0.0, wasShortTermModelActive=false, autoBrightness=false (default), unclampedBrt=1.0, hbmMax=1.0, hbmMode=sunlight, thrmMax=1.0, rbcStrength=50, powerFactor=1.0, physDisp=Built-in Screen(local:4627039422300187648), logicalId=0, slowChange=false, rampSpeed=0.70472443
03-21 20:47:44.619   625  2778 W libperfmgr: Failed to write to node: /dev/stune/top-app/schedtune.boost with value: 10, fd: -1
03-21 20:47:44.619   625  2778 W libperfmgr: Failed to write to node: /proc/sys/kernel/sched_boost with value: 0, fd: -1
03-21 20:47:44.953 26636 26636 W libbinder.BackendUnifiedServiceManager: Thread Pool max thread count is 0. Cannot cache binder as linkToDeath cannot be implemented. serviceName: deviceidle
03-21 20:47:44.971 26638 26638 W libbinder.BackendUnifiedServiceManager: Thread Pool max thread count is 0. Cannot cache binder as linkToDeath cannot be implemented. serviceName: battery
03-21 20:47:44.986 26640 26640 W libbinder.BackendUnifiedServiceManager: Thread Pool max thread count is 0. Cannot cache binder as linkToDeath cannot be implemented. serviceName: deviceidle
03-21 20:47:45.016 26643 26643 W libbinder.BackendUnifiedServiceManager: Thread Pool max thread count is 0. Cannot cache binder as linkToDeath cannot be implemented. serviceName: activity
03-21 20:47:45.080 26652 26652 W libbinder.BackendUnifiedServiceManager: Thread Pool max thread count is 0. Cannot cache binder as linkToDeath cannot be implemented. serviceName: battery
03-21 20:47:45.120   625  2778 W libperfmgr: Failed to write to node: /dev/stune/top-app/schedtune.boost with value: 10, fd: -1
03-21 20:47:45.120   625  2778 W libperfmgr: Failed to write to node: /proc/sys/kernel/sched_boost with value: 0, fd: -1
03-21 20:47:45.268  1151  1333 E [GF_HAL][gf_hal_milan]: [hal_milan_invoke_command] err=GF_SUCCESS, errno=0. reset g_hal_over_current_count to 0!
03-21 20:47:45.268  1151  1333 I [GF_HAL][gf_hal_milan]: [irq_pre_process] irq_type=[GF_IRQ_FINGER_DOWN_MASK], irq_type=0x0002
03-21 20:47:45.269  1151  1333 W libc    : Access denied finding property "sys.fp.miui.token"
03-21 20:47:45.264  1151  1151 W android.hardwar: type=1400 audit(0.0:1433): avc:  denied  { read } for  name="u:object_r:system_prop:s0" dev="tmpfs" ino=9216 scontext=u:r:hal_fingerprint_default:s0 tcontext=u:object_r:system_prop:s0 tclass=file permissive=0
03-21 20:47:45.505   881  2016 I WifiHAL : feature_set=0x8488141a
03-21 20:47:45.506  1587  1927 I HalDevMgr: bestIfaceCreationProposal is null, requestIface=STA, existingIface=[name=wlan0 type=STA]
03-21 20:47:45.620   625  2778 W libperfmgr: Failed to write to node: /dev/stune/top-app/schedtune.boost with value: 10, fd: -1
03-21 20:47:45.620   625  2778 W libperfmgr: Failed to write to node: /proc/sys/kernel/sched_boost with value: 0, fd: -1
03-21 20:47:45.785 26394 26400 W com.rnat: userfaultfd: MOVE ioctl seems unsupported: Connection timed out
03-21 20:47:45.795  1151  1333 E [GF_HAL][gf_hal_milan]: [hal_milan_invoke_command] err=GF_SUCCESS, errno=0. reset g_hal_over_current_count to 0!
03-21 20:47:45.795  1151  1333 I [GF_HAL][gf_hal_milan]: [irq_pre_process] irq_type=[GF_IRQ_FINGER_UP_MASK], irq_type=0x0004
03-21 20:47:45.795  1151  1333 W libc    : Access denied finding property "sys.fp.miui.token"
03-21 20:47:45.792  1151  1151 W android.hardwar: type=1400 audit(0.0:1434): avc:  denied  { read } for  name="u:object_r:system_prop:s0" dev="tmpfs" ino=9216 scontext=u:r:hal_fingerprint_default:s0 tcontext=u:object_r:system_prop:s0 tclass=file permissive=0
03-21 20:47:46.066 26394 26394 W unknown:ReactRootView: Unable to dispatch touch to JS as the catalyst instance has not been attached
03-21 20:47:46.067 26394 26394 W unknown:ReactRootView: Unable to dispatch touch to JS as the catalyst instance has not been attached
03-21 20:47:46.067 26394 26394 W unknown:ReactRootView: Unable to dispatch touch to JS as the catalyst instance has not been attached
03-21 20:47:46.067 26394 26394 W unknown:ReactRootView: Unable to dispatch touch to JS as the catalyst instance has not been attached
03-21 20:47:46.068   852  1094 I hwcomposer: [DRMDEV] (0) failed to waitNextVsync: -1  
03-21 20:47:46.068  1587  1708 I DisplayPowerController[0]: BrightnessEvent: brt=1.0(100.0%), nits=700.0, lux=-1.0, reason=manual, strat=FallbackBrightnessStrategy, state=ON, stateReason=DEFAULT_POLICY, policy=BRIGHT, flags=, initBrt=8.54597E-4, rcmdBrt=NaN, preBrt=NaN, preLux=0.0, wasShortTermModelActive=false, autoBrightness=false (default), unclampedBrt=1.0, hbmMax=1.0, hbmMode=sunlight, thrmMax=1.0, rbcStrength=50, powerFactor=1.0, physDisp=Built-in Screen(local:4627039422300187648), logicalId=0, slowChange=false, rampSpeed=0.70472443
03-21 20:47:46.076   852  1094 I hwcomposer: [DRMDEV] (0) failed to waitNextVsync: -1  
03-21 20:47:46.087   852  1094 I hwcomposer: [DRMDEV] (0) failed to waitNextVsync: -1  
03-21 20:47:46.099   852  1094 I hwcomposer: [DRMDEV] (0) failed to waitNextVsync: -1  
03-21 20:47:46.110   852  1094 I hwcomposer: [DRMDEV] (0) failed to waitNextVsync: -1  
03-21 20:47:46.120   625  2778 W libperfmgr: Failed to write to node: /dev/stune/top-app/schedtune.boost with value: 10, fd: -1
03-21 20:47:46.120   625  2778 W libperfmgr: Failed to write to node: /proc/sys/kernel/sched_boost with value: 0, fd: -1
03-21 20:47:46.145 26394 26394 W unknown:ReactRootView: Unable to dispatch touch to JS as the catalyst instance has not been attached
03-21 20:47:46.145 26394 26394 W unknown:ReactRootView: Unable to dispatch touch to JS as the catalyst instance has not been attached
03-21 20:47:46.156 26394 26394 W unknown:ReactRootView: Unable to dispatch touch to JS as the catalyst instance has not been attached
03-21 20:47:46.156 26394 26394 W unknown:ReactRootView: Unable to dispatch touch to JS as the catalyst instance has not been attached
03-21 20:47:46.167 26394 26394 W unknown:ReactRootView: Unable to dispatch touch to JS as the catalyst instance has not been attached
03-21 20:47:46.167 26394 26394 W unknown:ReactRootView: Unable to dispatch touch to JS as the catalyst instance has not been attached
03-21 20:47:46.178 26394 26394 W unknown:ReactRootView: Unable to dispatch touch to JS as the catalyst instance has not been attached
03-21 20:47:46.178 26394 26394 W unknown:ReactRootView: Unable to dispatch touch to JS as the catalyst instance has not been attached
03-21 20:47:46.189 26394 26394 W unknown:ReactRootView: Unable to dispatch touch to JS as the catalyst instance has not been attached
03-21 20:47:46.190 26394 26394 W unknown:ReactRootView: Unable to dispatch touch to JS as the catalyst instance has not been attached
03-21 20:47:46.201 26394 26394 W unknown:ReactRootView: Unable to dispatch touch to JS as the catalyst instance has not been attached
03-21 20:47:46.201 26394 26394 W unknown:ReactRootView: Unable to dispatch touch to JS as the catalyst instance has not been attached
03-21 20:47:46.212 26394 26394 W unknown:ReactRootView: Unable to dispatch touch to JS as the catalyst instance has not been attached
03-21 20:47:46.212 26394 26394 W unknown:ReactRootView: Unable to dispatch touch to JS as the catalyst instance has not been attached
03-21 20:47:46.223 26394 26394 W unknown:ReactRootView: Unable to dispatch touch to JS as the catalyst instance has not been attached
03-21 20:47:46.223 26394 26394 W unknown:ReactRootView: Unable to dispatch touch to JS as the catalyst instance has not been attached
03-21 20:47:46.234 26394 26394 W unknown:ReactRootView: Unable to dispatch touch to JS as the catalyst instance has not been attached
03-21 20:47:46.234 26394 26394 W unknown:ReactRootView: Unable to dispatch touch to JS as the catalyst instance has not been attached
03-21 20:47:46.245 26394 26394 W unknown:ReactRootView: Unable to dispatch touch to JS as the catalyst instance has not been attached
03-21 20:47:46.245 26394 26394 W unknown:ReactRootView: Unable to dispatch touch to JS as the catalyst instance has not been attached
03-21 20:47:46.312 26394 26394 W unknown:ReactRootView: Unable to dispatch touch to JS as the catalyst instance has not been attached
03-21 20:47:46.312 26394 26394 W unknown:ReactRootView: Unable to dispatch touch to JS as the catalyst instance has not been attached
03-21 20:47:46.323 26394 26394 W unknown:ReactRootView: Unable to dispatch touch to JS as the catalyst instance has not been attached
03-21 20:47:46.323 26394 26394 W unknown:ReactRootView: Unable to dispatch touch to JS as the catalyst instance has not been attached
03-21 20:47:46.334 26394 26394 W unknown:ReactRootView: Unable to dispatch touch to JS as the catalyst instance has not been attached
03-21 20:47:46.334 26394 26394 W unknown:ReactRootView: Unable to dispatch touch to JS as the catalyst instance has not been attached
03-21 20:47:46.338 26394 26394 W unknown:ReactRootView: Unable to dispatch touch to JS as the catalyst instance has not been attached
03-21 20:47:46.338 26394 26394 W unknown:ReactRootView: Unable to dispatch touch to JS as the catalyst instance has not been attached
03-21 20:47:46.339 26394 26394 W unknown:ReactRootView: Unable to dispatch touch to JS as the catalyst instance has not been attached
03-21 20:47:46.339 26394 26394 W unknown:ReactRootView: Unable to dispatch touch to JS as the catalyst instance has not been attached
03-21 20:47:46.339   625  2778 W libperfmgr: Failed to write to node: /dev/stune/top-app/schedtune.boost with value: 50, fd: -1
03-21 20:47:46.339   625  2778 W libperfmgr: Failed to write to node: /proc/sys/kernel/sched_boost with value: 2, fd: -1
03-21 20:47:46.589   625  2778 W libperfmgr: Failed to write to node: /dev/stune/top-app/schedtune.boost with value: 10, fd: -1
03-21 20:47:46.590   625  2778 W libperfmgr: Failed to write to node: /proc/sys/kernel/sched_boost with value: 0, fd: -1
03-21 20:47:47.090   625  2778 W libperfmgr: Failed to write to node: /dev/stune/top-app/schedtune.boost with value: 10, fd: -1
03-21 20:47:47.090   625  2778 W libperfmgr: Failed to write to node: /proc/sys/kernel/sched_boost with value: 0, fd: -1
03-21 20:47:47.317 26394 26394 W unknown:ReactRootView: Unable to dispatch touch to JS as the catalyst instance has not been attached
03-21 20:47:47.317 26394 26394 W unknown:ReactRootView: Unable to dispatch touch to JS as the catalyst instance has not been attached
03-21 20:47:47.317 26394 26394 W unknown:ReactRootView: Unable to dispatch touch to JS as the catalyst instance has not been attached
03-21 20:47:47.317 26394 26394 W unknown:ReactRootView: Unable to dispatch touch to JS as the catalyst instance has not been attached
03-21 20:47:47.334 26394 26394 W unknown:ReactRootView: Unable to dispatch touch to JS as the catalyst instance has not been attached
03-21 20:47:47.334 26394 26394 W unknown:ReactRootView: Unable to dispatch touch to JS as the catalyst instance has not been attached
03-21 20:47:47.389 26394 26394 W unknown:ReactRootView: Unable to dispatch touch to JS as the catalyst instance has not been attached
03-21 20:47:47.389 26394 26394 W unknown:ReactRootView: Unable to dispatch touch to JS as the catalyst instance has not been attached
03-21 20:47:47.396 26394 26394 W unknown:ReactRootView: Unable to dispatch touch to JS as the catalyst instance has not been attached
03-21 20:47:47.396 26394 26394 W unknown:ReactRootView: Unable to dispatch touch to JS as the catalyst instance has not been attached
03-21 20:47:47.397 26394 26394 W unknown:ReactRootView: Unable to dispatch touch to JS as the catalyst instance has not been attached
03-21 20:47:47.397 26394 26394 W unknown:ReactRootView: Unable to dispatch touch to JS as the catalyst instance has not been attached
03-21 20:47:47.558  1151  1333 E [GF_HAL][gf_hal_milan]: [hal_milan_invoke_command] err=GF_SUCCESS, errno=0. reset g_hal_over_current_count to 0!
03-21 20:47:47.558  1151  1333 I [GF_HAL][gf_hal_milan]: [irq_pre_process] irq_type=[GF_IRQ_FINGER_DOWN_MASK], irq_type=0x0002
03-21 20:47:47.558  1151  1333 W libc    : Access denied finding property "sys.fp.miui.token"
03-21 20:47:47.552  1151  1151 W android.hardwar: type=1400 audit(0.0:1435): avc:  denied  { read } for  name="u:object_r:system_prop:s0" dev="tmpfs" ino=9216 scontext=u:r:hal_fingerprint_default:s0 tcontext=u:object_r:system_prop:s0 tclass=file permissive=0
03-21 20:47:47.590   625  2778 W libperfmgr: Failed to write to node: /dev/stune/top-app/schedtune.boost with value: 10, fd: -1
03-21 20:47:47.590   625  2778 W libperfmgr: Failed to write to node: /proc/sys/kernel/sched_boost with value: 0, fd: -1
03-21 20:47:47.763  1151  1333 E [GF_HAL][gf_hal_milan]: [hal_milan_invoke_command] err=GF_SUCCESS, errno=0. reset g_hal_over_current_count to 0!
03-21 20:47:47.764  1151  1333 I [GF_HAL][gf_hal_milan]: [irq_pre_process] irq_type=[GF_IRQ_FINGER_UP_MASK], irq_type=0x0004
03-21 20:47:47.764  1151  1333 W libc    : Access denied finding property "sys.fp.miui.token"
03-21 20:47:47.760  1151  1151 W android.hardwar: type=1400 audit(0.0:1436): avc:  denied  { read } for  name="u:object_r:system_prop:s0" dev="tmpfs" ino=9216 scontext=u:r:hal_fingerprint_default:s0 tcontext=u:object_r:system_prop:s0 tclass=file permissive=0
03-21 20:47:47.800  1151  1333 E [GF_HAL][gf_hal_milan]: [hal_milan_invoke_command] err=GF_SUCCESS, errno=0. reset g_hal_over_current_count to 0!
03-21 20:47:47.800  1151  1333 I [GF_HAL][gf_hal_milan]: [irq_pre_process] irq_type=[GF_IRQ_FDT_REVERSE_MASK], irq_type=0x4000
03-21 20:47:47.800  1151  1333 I [GF_HAL][gf_hal_milan]: [irq_pre_process] received FDT irq, so reset dump_base_frame_flag
03-21 20:47:47.991 26394 26394 W unknown:ReactRootView: Unable to dispatch touch to JS as the catalyst instance has not been attached
03-21 20:47:47.991 26394 26394 W unknown:ReactRootView: Unable to dispatch touch to JS as the catalyst instance has not been attached
03-21 20:47:47.992 26394 26394 W unknown:ReactRootView: Unable to dispatch touch to JS as the catalyst instance has not been attached
03-21 20:47:47.992 26394 26394 W unknown:ReactRootView: Unable to dispatch touch to JS as the catalyst instance has not been attached
03-21 20:47:48.011 26394 26394 W unknown:ReactRootView: Unable to dispatch touch to JS as the catalyst instance has not been attached
03-21 20:47:48.011 26394 26394 W unknown:ReactRootView: Unable to dispatch touch to JS as the catalyst instance has not been attached
03-21 20:47:48.022 26394 26394 W unknown:ReactRootView: Unable to dispatch touch to JS as the catalyst instance has not been attached
03-21 20:47:48.022  2437  2437 E PagedView: validateNewPage: failed to find a page > mMinScrollX
03-21 20:47:48.022 26394 26394 W unknown:ReactRootView: Unable to dispatch touch to JS as the catalyst instance has not been attached
03-21 20:47:48.023  2437  2437 E PagedView: validateNewPage: failed to find a page > mMinScrollX
03-21 20:47:48.030   625  2778 W libperfmgr: Failed to write to node: /dev/stune/top-app/schedtune.boost with value: 50, fd: -1
03-21 20:47:48.030   625  2778 W libperfmgr: Failed to write to node: /proc/sys/kernel/sched_boost with value: 1, fd: -1
03-21 20:47:48.030  1587  1680 W libprocessgroup: SetCgroup::ExecuteForProcess: failed to open /dev/stune/top-app/cgroup.procs: No such file or directory
03-21 20:47:48.032   844   878 I netd    : tetherGetStats() -> {[]} <0.55ms>
03-21 20:47:48.034 26394 26394 W unknown:ReactRootView: Unable to dispatch touch to JS as the catalyst instance has not been attached
03-21 20:47:48.034 26394 26394 W unknown:ReactRootView: Unable to dispatch touch to JS as the catalyst instance has not been attached
03-21 20:47:48.043  2437  2437 I TasksRepository: requestTaskData: 799
03-21 20:47:48.043  2437  2437 I TasksRepository: requestTaskData: 797
03-21 20:47:48.044  1587  8672 I InputDispatcher: Channel [Gesture Monitor] swipe-up is stealing input gesture for device 4 from [1dead0c com.rnat/com.rnat.MainActivity, [Gesture Monitor] edge-swipe]
03-21 20:47:48.044 26394 26394 W unknown:ReactRootView: Unable to dispatch touch to JS as the catalyst instance has not been attached
03-21 20:47:48.044 26394 26394 W unknown:ReactRootView: Unable to dispatch touch to JS as the catalyst instance has not been attached
03-21 20:47:48.045  2437  2437 I TasksRepository: requestTaskData: 802
03-21 20:47:48.054   852   992 I hwcomposer: [HWCDisplay] [Display_0 (type:1)] fps:0.481290,dur:4155.50,max:4007.02,min:148.48  
03-21 20:47:48.064   914   988 E surfaceflinger: == MALI DEBUG ===eglp_winsys_populate_image_templates ==12288
03-21 20:47:48.069   914   988 E surfaceflinger: == MALI DEBUG ===eglp_winsys_populate_image_templates ==12288
03-21 20:47:48.072   914   988 E surfaceflinger: == MALI DEBUG ===eglp_winsys_populate_image_templates ==12288
03-21 20:47:48.082   914   988 E surfaceflinger: == MALI DEBUG ===eglp_winsys_populate_image_templates ==12288
03-21 20:47:48.120   625  2778 W libperfmgr: Failed to write to node: /dev/stune/top-app/schedtune.boost with value: 50, fd: -1
03-21 20:47:48.120   625  2778 W libperfmgr: Failed to write to node: /proc/sys/kernel/sched_boost with value: 1, fd: -1
03-21 20:47:48.169  2437  2525 E droid.launcher3: == MALI DEBUG ===eglp_winsys_populate_image_templates ==12288
03-21 20:47:48.514   881  2016 I WifiHAL : feature_set=0x8488141a
03-21 20:47:48.515  1587  1927 I HalDevMgr: bestIfaceCreationProposal is null, requestIface=STA, existingIface=[name=wlan0 type=STA]
03-21 20:47:48.571   914   988 E surfaceflinger: == MALI DEBUG ===eglp_winsys_populate_image_templates ==12288
03-21 20:47:48.585  1587  1680 W libprocessgroup: SetCgroup::ExecuteForProcess: failed to open /dev/stune/top-app/cgroup.procs: No such file or directory
03-21 20:47:48.587 26092 26092 I bsws    : onStart
03-21 20:47:48.587 26092 26092 I bsws    : onResume
03-21 20:47:48.594   625  2778 W libperfmgr: Failed to write to node: /dev/stune/top-app/schedtune.boost with value: 50, fd: -1
03-21 20:47:48.594   625  2778 W libperfmgr: Failed to write to node: /proc/sys/kernel/sched_boost with value: 2, fd: -1
03-21 20:47:48.622  2437  2437 I BaseDragLayer: Not implemented, class name is com.android.launcher3.uioverrides.touchcontrollers.TaskViewDismissTouchController
03-21 20:47:48.718   625  2778 W libperfmgr: Failed to write to node: /dev/stune/top-app/schedtune.boost with value: 50, fd: -1
03-21 20:47:48.718   625  2778 W libperfmgr: Failed to write to node: /proc/sys/kernel/sched_boost with value: 2, fd: -1
03-21 20:47:48.839  1587  8672 E TransitionChain: Trying to collect into a finished transition
03-21 20:47:48.841   625  2778 W libperfmgr: Failed to write to node: /dev/stune/top-app/schedtune.boost with value: 50, fd: -1
03-21 20:47:48.841   625  2778 W libperfmgr: Failed to write to node: /proc/sys/kernel/sched_boost with value: 2, fd: -1
03-21 20:47:48.843  1587  8672 E TransitionChain: Can't collect into a chain with no transition
03-21 20:47:48.843  1587  8672 E TransitionChain: Can't collect into a chain with no transition
03-21 20:47:48.844  1587  1680 W libprocessgroup: SetCgroup::ExecuteForProcess: failed to open /dev/stune/background/cgroup.procs: No such file or directory
03-21 20:47:48.845  2437  2437 I TasksRepository: removeTasks: [802]
03-21 20:47:48.845  2437  2437 I TasksRepository: requestTaskData: 798
03-21 20:47:48.847   877   877 I Accelerometer: batch: handle:0, flag:0,samplingPeriodNs:80000000 maxBatchReportLatencyNs:2000000000
03-21 20:47:48.848  1587  1999 W ImageReader_JNI: Unable to acquire a buffer item, very likely client tried to acquire more than maxImages buffers
03-21 20:47:48.871  1587  8909 I ImeTracker: system_server:f37817f: onRequestHide at ORIGIN_SERVER reason IME_REQUESTED_CHANGED_LISTENER fromUser false
03-21 20:47:48.871  1587  1655 I ImeTracker: system_server:f37817f: onCancelled at PHASE_SERVER_SHOULD_HIDE
03-21 20:47:48.874  1587  1910 I ImeTracker: com.android.launcher3:4dfe902d: onRequestHide at ORIGIN_SERVER reason HIDE_UNSPECIFIED_WINDOW fromUser false
03-21 20:47:48.875  2437  2437 I ImeTracker: com.android.launcher3:4dfe902d: onCancelled at PHASE_CLIENT_ALREADY_HIDDEN
03-21 20:47:48.876  1587  1655 I ActivityManager: Killing 26394:com.rnat/u0a399 (adj 905): remove task
03-21 20:47:48.879  3073  3073 I GoogleInputMethodService: GoogleInputMethodService.onFinishInput():2114 
03-21 20:47:48.881  3073  3073 I Module  : DeviceLockedStatusModuleProvider$Module.updateDeviceLockedStatus():103 repeatCheckTimes = 0, locked = false
03-21 20:47:48.882  3073  3073 I GoogleInputMethodService: GoogleInputMethodService.onStartInput():1385 onStartInput(EditorInfo{EditorInfo{packageName=com.android.launcher3, inputType=0, inputTypeString=NULL, enableLearning=false, autoCorrection=false, autoComplete=false, imeOptions=0, privateImeOptions=null, actionName=UNSPECIFIED, actionLabel=null, initialSelStart=-1, initialSelEnd=-1, initialCapsMode=0, label=null, fieldId=0, fieldName=null, extras=null, hintText=null, hintLocales=[]}}, false)
03-21 20:47:48.882  1587  7863 I ImeTracker: system_server:e557b7c: onRequestHide at ORIGIN_SERVER reason IME_REQUESTED_CHANGED_LISTENER fromUser false
03-21 20:47:48.882  3073  3073 I AndroidIME: LatinIMEBase.updateInputViewCoverNavigation():314 Update input view padding, extendsTouchBelowSpace=true, bottom inset=126
03-21 20:47:48.883  3073  3073 I Module  : DeviceLockedStatusModuleProvider$Module.updateDeviceLockedStatus():103 repeatCheckTimes = 1, locked = false
03-21 20:47:48.883  1587  1655 I ImeTracker: system_server:e557b7c: onCancelled at PHASE_SERVER_SHOULD_HIDE
03-21 20:47:48.884  1587  7863 W PackageConfigPersister: App-specific configuration not found for packageName: com.android.launcher3 and userId: 0
03-21 20:47:48.887   625  2778 W libperfmgr: Failed to write to node: /dev/stune/top-app/schedtune.boost with value: 10, fd: -1
03-21 20:47:48.887   625  2778 W libperfmgr: Failed to write to node: /proc/sys/kernel/sched_boost with value: 0, fd: -1
03-21 20:47:48.925  1587  1674 I libprocessgroup: Removed cgroup /sys/fs/cgroup/apps/uid_10399/pid_26394
03-21 20:47:48.925   845   845 I Zygote  : Process 26394 exited due to signal 9 (Killed)
03-21 20:47:48.940  1213  1213 I adbd    : Remote process closed the socket (on MSG_PEEK)
03-21 20:47:48.941  1587  1655 W ActivityManager: setHasOverlayUi called on unknown pid: 26394
03-21 20:47:49.009  1587  7868 E system_server: == MALI DEBUG ===eglp_winsys_populate_image_templates ==12288
03-21 20:47:49.014   852  1054 I hwcomposer: [HWC] (0)fire a callback of refresh to SF[4]  
03-21 20:47:49.019   625  2778 W libperfmgr: Failed to write to node: /dev/stune/top-app/schedtune.boost with value: 10, fd: -1
03-21 20:47:49.020   625  2778 W libperfmgr: Failed to write to node: /proc/sys/kernel/sched_boost with value: 0, fd: -1
03-21 20:47:49.030   625  2778 W libperfmgr: Failed to write to node: /dev/stune/top-app/schedtune.boost with value: 10, fd: -1
03-21 20:47:49.030   625  2778 W libperfmgr: Failed to write to node: /proc/sys/kernel/sched_boost with value: 0, fd: -1
03-21 20:47:49.065   852   992 I hwcomposer: [HWCDisplay] [Display_0 (type:1)] fps:84.100334,dur:1010.70,max:70.52,min:7.21  
03-21 20:47:49.163  2437  2437 I TasksRepository: removeTasks: [797, 798, 799]
03-21 20:47:49.248  2437  2437 I BaseDragLayer: NoButtonNavbarToOverviewTouchController
03-21 20:47:49.250   852  1054 I hwcomposer: [HWC] (0)fire a callback of refresh to SF[4]  
03-21 20:47:49.264   625  2778 W libperfmgr: Failed to write to node: /dev/stune/top-app/schedtune.boost with value: 10, fd: -1
03-21 20:47:49.264   625  2778 W libperfmgr: Failed to write to node: /proc/sys/kernel/sched_boost with value: 0, fd: -1
03-21 20:47:49.276   625  2778 W libperfmgr: Failed to write to node: /dev/stune/top-app/schedtune.boost with value: 10, fd: -1
03-21 20:47:49.278   625  2778 W libperfmgr: Failed to write to node: /proc/sys/kernel/sched_boost with value: 0, fd: -1
03-21 20:47:49.280   625  2778 W libperfmgr: Failed to write to node: /dev/stune/top-app/schedtune.boost with value: 50, fd: -1
03-21 20:47:49.280   625  2778 W libperfmgr: Failed to write to node: /proc/sys/kernel/sched_boost with value: 2, fd: -1
03-21 20:47:49.309   852  1055 W hwcomposer: [DRMDEV] paramIsSame(), id 1081, w 1080/1080, h 2400/2400, pitch 1088/1088, format 0x1/0x2, secure 0/0  
03-21 20:47:49.492  3073  3073 I GoogleInputMethodService: GoogleInputMethodService.onFinishInput():2114 
03-21 20:47:49.493  3073  3073 I Module  : DeviceLockedStatusModuleProvider$Module.updateDeviceLockedStatus():103 repeatCheckTimes = 0, locked = false
03-21 20:47:49.493  3073  3073 I GoogleInputMethodService: GoogleInputMethodService.onStartInput():1385 onStartInput(EditorInfo{EditorInfo{packageName=com.android.launcher3, inputType=0, inputTypeString=NULL, enableLearning=false, autoCorrection=false, autoComplete=false, imeOptions=0, privateImeOptions=null, actionName=UNSPECIFIED, actionLabel=null, initialSelStart=-1, initialSelEnd=-1, initialCapsMode=0, label=null, fieldId=0, fieldName=null, extras=null, hintText=null, hintLocales=[]}}, false)
03-21 20:47:49.493  3073  3073 I AndroidIME: LatinIMEBase.updateInputViewCoverNavigation():314 Update input view padding, extendsTouchBelowSpace=true, bottom inset=126
03-21 20:47:49.494  3073  3073 I Module  : DeviceLockedStatusModuleProvider$Module.updateDeviceLockedStatus():103 repeatCheckTimes = 1, locked = false
03-21 20:47:49.495  1587  7863 W PackageConfigPersister: App-specific configuration not found for packageName: com.android.launcher3 and userId: 0
03-21 20:47:49.757   625  2778 W libperfmgr: Failed to write to node: /dev/stune/top-app/schedtune.boost with value: 10, fd: -1
03-21 20:47:49.757   625  2778 W libperfmgr: Failed to write to node: /proc/sys/kernel/sched_boost with value: 0, fd: -1
03-21 20:47:50.038   852  1054 I hwcomposer: [HWC] (0)fire a callback of refresh to SF[4]  
03-21 20:47:50.052   625  2778 W libperfmgr: Failed to write to node: /dev/stune/top-app/schedtune.boost with value: 10, fd: -1
03-21 20:47:50.052   625  2778 W libperfmgr: Failed to write to node: /proc/sys/kernel/sched_boost with value: 0, fd: -1
03-21 20:47:50.119   625  2778 W libperfmgr: Failed to write to node: /dev/stune/top-app/schedtune.boost with value: 10, fd: -1
03-21 20:47:50.119   625  2778 W libperfmgr: Failed to write to node: /proc/sys/kernel/sched_boost with value: 0, fd: -1
03-21 20:47:50.168   625  2778 W libperfmgr: Failed to write to node: /dev/stune/top-app/schedtune.boost with value: 50, fd: -1
03-21 20:47:50.168   625  2778 W libperfmgr: Failed to write to node: /proc/sys/kernel/sched_boost with value: 1, fd: -1
03-21 20:47:50.172  1587  1680 W libprocessgroup: SetCgroup::ExecuteForProcess: failed to open /dev/stune/top-app/cgroup.procs: No such file or directory
03-21 20:47:50.172  1587  7863 I ActivityTaskManager: START u0 {act=android.intent.action.MAIN cat=[android.intent.category.LAUNCHER] flg=0x10200000 xflg=0x4 cmp=com.rnat/.MainActivity bnds=[64,1707][302,2022]} with LAUNCH_SINGLE_TASK from uid 10326 (com.android.launcher3) (sr=214633613) (BAL_ALLOW_VISIBLE_WINDOW) result code=0
03-21 20:47:50.175   852   992 I hwcomposer: [HWCDisplay] [Display_0 (type:1)] fps:70.225037,dur:1110.71,max:118.50,min:5.96  
03-21 20:47:50.178   844   878 I netd    : tetherGetStats() -> {[]} <2.91ms>
03-21 20:47:50.179  2437  2437 W SplitSelectStateCtor: Missing session instanceIds
03-21 20:47:50.189  1587  1673 I ActivityManager: Start proc 26664:com.rnat/u0a399 for next-top-activity {com.rnat/com.rnat.MainActivity}
03-21 20:47:50.189   625  2778 W libperfmgr: Failed to write to node: /dev/stune/top-app/schedtune.boost with value: 50, fd: -1
03-21 20:47:50.189   625  2778 W libperfmgr: Failed to write to node: /proc/sys/kernel/sched_boost with value: 2, fd: -1
03-21 20:47:50.193   914   988 E surfaceflinger: == MALI DEBUG ===eglp_winsys_populate_image_templates ==12288
03-21 20:47:50.198 26664 26664 I Zygote  : Process 26664 created for com.rnat
03-21 20:47:50.199 26664 26664 I com.rnat: Late-enabling -Xcheck:jni
03-21 20:47:50.217 26664 26664 I com.rnat: Using CollectorTypeCMC GC.
03-21 20:47:50.221  1213  1255 I adbd    : jdwp connection from 26664
03-21 20:47:50.234  1587  1680 W libprocessgroup: SetCgroup::ExecuteForProcess: failed to open /dev/stune/top-app/cgroup.procs: No such file or directory
03-21 20:47:50.263   625  2778 W libperfmgr: Failed to write to node: /dev/stune/top-app/schedtune.boost with value: 50, fd: -1
03-21 20:47:50.263   625  2778 W libperfmgr: Failed to write to node: /proc/sys/kernel/sched_boost with value: 2, fd: -1
03-21 20:47:50.279 26092 26092 I bsws    : onPause
03-21 20:47:50.474   625  2778 W libperfmgr: Failed to write to node: /dev/stune/top-app/schedtune.boost with value: 50, fd: -1
03-21 20:47:50.474   625  2778 W libperfmgr: Failed to write to node: /proc/sys/kernel/sched_boost with value: 2, fd: -1
03-21 20:47:50.483   625  2778 W libperfmgr: Failed to write to node: /dev/stune/top-app/schedtune.boost with value: 50, fd: -1
03-21 20:47:50.483   625  2778 W libperfmgr: Failed to write to node: /proc/sys/kernel/sched_boost with value: 1, fd: -1
03-21 20:47:50.570   852  1054 I hwcomposer: [HWC] (0)fire a callback of refresh to SF[4]  
03-21 20:47:50.583   625  2778 W libperfmgr: Failed to write to node: /dev/stune/top-app/schedtune.boost with value: 50, fd: -1
03-21 20:47:50.583   625  2778 W libperfmgr: Failed to write to node: /proc/sys/kernel/sched_boost with value: 1, fd: -1
03-21 20:47:50.623 26664 26664 W SoLoader: Initializing SoLoader: 0
03-21 20:47:50.624 26664 26664 W SoLoader: Recording new base apk path: /data/app/~~vxDmN-GaJGcAOwNajJfyIA==/com.rnat-e4vCWPr-T3jrWvYyyU6CqQ==/base.apk
03-21 20:47:50.624 26664 26664 W SoLoader: Previously recorded 0 base apk paths.
03-21 20:47:50.625 26664 26664 I SoLoader: Preparing SO source: DirectorySoSource[root = /vendor/lib64 flags = 2]
03-21 20:47:50.626 26664 26664 I SoLoader: Preparing SO source: DirectorySoSource[root = /system/lib64 flags = 2]
03-21 20:47:50.626 26664 26664 I SoLoader: Preparing SO source: DirectApkSoSource[root = [/data/app/~~vxDmN-GaJGcAOwNajJfyIA==/com.rnat-e4vCWPr-T3jrWvYyyU6CqQ==/base.apk!/lib/arm64-v8a]]
03-21 20:47:50.651   625  2778 W libperfmgr: Failed to write to node: /dev/stune/top-app/schedtune.boost with value: 50, fd: -1
03-21 20:47:50.651   625  2778 W libperfmgr: Failed to write to node: /proc/sys/kernel/sched_boost with value: 1, fd: -1
03-21 20:47:50.689 26664 26664 I SoLoader: Preparing SO source: ApplicationSoSource[DirectorySoSource[root = /data/app/~~vxDmN-GaJGcAOwNajJfyIA==/com.rnat-e4vCWPr-T3jrWvYyyU6CqQ==/lib/arm64 flags = 0]]
03-21 20:47:50.689 26664 26664 I SoLoader: init finish: 4 SO sources prepared
03-21 20:47:50.689 26664 26664 W SoLoader: SoLoader initialized: 8
03-21 20:47:50.697 26664 26679 I DisplayManager: Choreographer implicitly registered for the refresh rate.
03-21 20:47:50.700  1587  1653 W AppWarnings: Showing PageSizeMismatchDialog for package com.rnat
03-21 20:47:50.701 26664 26679 E QT      : [QT]file does not exist
03-21 20:47:50.733 26664 26664 E ashmem  : Pinning is deprecated since Android Q. Please use trim or other methods.
03-21 20:47:50.740   914   988 E surfaceflinger: == MALI DEBUG ===eglp_winsys_populate_image_templates ==12288
03-21 20:47:50.746   914   988 E surfaceflinger: == MALI DEBUG ===eglp_winsys_populate_image_templates ==12288
03-21 20:47:50.749   625  2778 W libperfmgr: Failed to write to node: /dev/stune/top-app/schedtune.boost with value: 50, fd: -1
03-21 20:47:50.749   625  2778 W libperfmgr: Failed to write to node: /proc/sys/kernel/sched_boost with value: 2, fd: -1
03-21 20:47:50.749   914   988 E surfaceflinger: == MALI DEBUG ===eglp_winsys_populate_image_templates ==12288
03-21 20:47:50.759   914   988 E surfaceflinger: == MALI DEBUG ===eglp_winsys_populate_image_templates ==12288
03-21 20:47:50.835 26664 26664 W SoLoader: SoLoader already initialized
03-21 20:47:50.856 26664 26664 W SoLoader: SoLoader already initialized
03-21 20:47:50.902   877   877 I Accelerometer: batch: handle:0, flag:0,samplingPeriodNs:66667000 maxBatchReportLatencyNs:0
03-21 20:47:50.903   877   877 I Accelerometer: flush, flushCnt:1
03-21 20:47:50.905   877   924 I Accelerometer: flush complete, flushCnt:0
03-21 20:47:50.910   625  2778 W libperfmgr: Failed to write to node: /dev/stune/top-app/schedtune.boost with value: 50, fd: -1
03-21 20:47:50.910   625  2778 W libperfmgr: Failed to write to node: /proc/sys/kernel/sched_boost with value: 1, fd: -1
03-21 20:47:50.934   852  1054 I hwcomposer: [HWC] (0)fire a callback of refresh to SF[4]  
03-21 20:47:50.937   844 26704 I resolv  : GetAddrInfoHandler::run: {102 102 102 983142 10399 0}
03-21 20:47:50.937   844 26705 I resolv  : res_nmkquery: (QUERY, IN, A)
03-21 20:47:50.938   844 26706 I resolv  : GetAddrInfoHandler::run: {102 102 102 983142 10399 0}
03-21 20:47:50.938   844 26707 I resolv  : GetAddrInfoHandler::run: {102 102 102 983142 10399 0}
03-21 20:47:50.938   844 26708 I resolv  : res_nmkquery: (QUERY, IN, A)
03-21 20:47:50.938   844 26708 I resolv  : resolv_cache_lookup: Waiting for previous request
03-21 20:47:50.938   844 26709 I resolv  : res_nmkquery: (QUERY, IN, A)
03-21 20:47:50.938   844 26709 I resolv  : resolv_cache_lookup: Waiting for previous request
03-21 20:47:50.939   625  2778 W libperfmgr: Failed to write to node: /dev/stune/top-app/schedtune.boost with value: 50, fd: -1
03-21 20:47:50.939   625  2778 W libperfmgr: Failed to write to node: /proc/sys/kernel/sched_boost with value: 1, fd: -1
03-21 20:47:50.942 26664 26664 I com.rnat: hiddenapi: Accessing hidden method Landroid/view/ViewGroup;->makeOptionalFitsSystemWindows()V (runtime_flags=0, domain=platform, api=unsupported) from Landroidx/appcompat/widget/ViewUtils; (domain=app, TargetSdkVersion=35) using reflection: allowed
03-21 20:47:50.949   844 26705 I resolv  : res_nsend: used send_dg 43 terrno: 0
03-21 20:47:50.949   844 26705 I resolv  : doQuery: rcode=0, ancount=1, return value=43
03-21 20:47:50.954   844 26708 I resolv  : res_nsend: used send_dg 43 terrno: 0
03-21 20:47:50.954   844 26708 I resolv  : doQuery: rcode=0, ancount=1, return value=43
03-21 20:47:50.958   844 26709 I resolv  : res_nsend: used send_dg 43 terrno: 0
03-21 20:47:50.958   844 26709 I resolv  : doQuery: rcode=0, ancount=1, return value=43
03-21 20:47:50.967 26664 26664 W HWUI    : Unknown dataspace 0
03-21 20:47:50.980 26664 26664 W unknown:ReactNative: Packager connection already open, nooping.
03-21 20:47:50.984   625  2778 W libperfmgr: Failed to write to node: /dev/stune/top-app/schedtune.boost with value: 50, fd: -1
03-21 20:47:50.984   625  2778 W libperfmgr: Failed to write to node: /proc/sys/kernel/sched_boost with value: 1, fd: -1
03-21 20:47:50.992   914   987 E SurfaceFlinger: getSupportedContentTypes: getSupportedContentTypes failed for display 4627039422300187648: UNSUPPORTED (8)
03-21 20:47:51.004   914   988 E surfaceflinger: == MALI DEBUG ===eglp_winsys_populate_image_templates ==12288
03-21 20:47:51.009  1587  1652 I ActivityTaskManager: Displayed com.rnat/.MainActivity for user 0: +849ms
03-21 20:47:51.016   914   988 E surfaceflinger: == MALI DEBUG ===eglp_winsys_populate_image_templates ==12288
03-21 20:47:51.025   914   988 E surfaceflinger: == MALI DEBUG ===eglp_winsys_populate_image_templates ==12288
03-21 20:47:51.026 26664 26664 I HWUI    : Using FreeType backend (prop=Auto)
03-21 20:47:51.033   852  1055 W hwcomposer: [DRMDEV] paramIsSame(), id 1084, w 1080/1080, h 2400/2400, pitch 1088/1088, format 0x2/0x1, secure 0/0  
03-21 20:47:51.037   914   988 E surfaceflinger: == MALI DEBUG ===eglp_winsys_populate_image_templates ==12288
03-21 20:47:51.050   914   988 E surfaceflinger: == MALI DEBUG ===eglp_winsys_populate_image_templates ==12288
03-21 20:47:51.057   914   988 E surfaceflinger: == MALI DEBUG ===eglp_winsys_populate_image_templates ==12288
03-21 20:47:51.067   625  2778 W libperfmgr: Failed to write to node: /dev/stune/top-app/schedtune.boost with value: 10, fd: -1
03-21 20:47:51.067   625  2778 W libperfmgr: Failed to write to node: /proc/sys/kernel/sched_boost with value: 0, fd: -1
03-21 20:47:51.068   914   988 E surfaceflinger: == MALI DEBUG ===eglp_winsys_populate_image_templates ==12288
03-21 20:47:51.070  2437  2437 I AutofillManager: onInvisibleForAutofill(): expiringResponse
03-21 20:47:51.075   625  2778 W libperfmgr: Failed to write to node: /dev/stune/top-app/schedtune.boost with value: 10, fd: -1
03-21 20:47:51.075   625  2778 W libperfmgr: Failed to write to node: /proc/sys/kernel/sched_boost with value: 0, fd: -1
03-21 20:47:51.142  2437  2437 I droid.launcher3: Explicit concurrent mark compact GC freed 5352KB AllocSpace bytes, 4(208KB) LOS objects, 49% free, 12MB/24MB, paused 486us,1.270ms total 71.413ms
03-21 20:47:51.144  1587  1680 W libprocessgroup: SetCgroup::ExecuteForProcess: failed to open /dev/stune/background/cgroup.procs: No such file or directory
03-21 20:47:51.145 26092 26092 I bsws    : onStop
03-21 20:47:51.150  2437  2446 W System  : A resource failed to call release. 
03-21 20:47:51.150  2437  2446 W System  : A resource failed to call release. 
03-21 20:47:51.150  2437  2446 W System  : A resource failed to call release. 
03-21 20:47:51.150  2437  2446 W System  : A resource failed to call release. 
03-21 20:47:51.150  2437  2446 W System  : A resource failed to call HardwareBuffer.close. 
03-21 20:47:51.177   852   992 I hwcomposer: [HWCDisplay] [Display_0 (type:1)] fps:64.868523,dur:1002.03,max:133.22,min:10.04  
03-21 20:47:51.216   625  2778 W libperfmgr: Failed to write to node: /dev/stune/top-app/schedtune.boost with value: 50, fd: -1
03-21 20:47:51.217   625  2778 W libperfmgr: Failed to write to node: /proc/sys/kernel/sched_boost with value: 2, fd: -1
03-21 20:47:51.308   625  2778 W libperfmgr: Failed to write to node: /dev/stune/top-app/schedtune.boost with value: 50, fd: -1
03-21 20:47:51.308   625  2778 W libperfmgr: Failed to write to node: /proc/sys/kernel/sched_boost with value: 2, fd: -1
03-21 20:47:51.314 26725 26725 W libbinder.BackendUnifiedServiceManager: Thread Pool max thread count is 0. Cannot cache binder as linkToDeath cannot be implemented. serviceName: deviceidle
03-21 20:47:51.345 26727 26727 W libbinder.BackendUnifiedServiceManager: Thread Pool max thread count is 0. Cannot cache binder as linkToDeath cannot be implemented. serviceName: battery
03-21 20:47:51.367   625  2778 W libperfmgr: Failed to write to node: /dev/stune/top-app/schedtune.boost with value: 10, fd: -1
03-21 20:47:51.367   625  2778 W libperfmgr: Failed to write to node: /proc/sys/kernel/sched_boost with value: 0, fd: -1
03-21 20:47:51.375 26729 26729 W libbinder.BackendUnifiedServiceManager: Thread Pool max thread count is 0. Cannot cache binder as linkToDeath cannot be implemented. serviceName: deviceidle
03-21 20:47:51.386   852  1054 I hwcomposer: [HWC] (0)fire a callback of refresh to SF[4]  
03-21 20:47:51.395   625  2778 W libperfmgr: Failed to write to node: /dev/stune/top-app/schedtune.boost with value: 10, fd: -1
03-21 20:47:51.395   625  2778 W libperfmgr: Failed to write to node: /proc/sys/kernel/sched_boost with value: 0, fd: -1
03-21 20:47:51.407   625  2778 W libperfmgr: Failed to write to node: /dev/stune/top-app/schedtune.boost with value: 10, fd: -1
03-21 20:47:51.407   625  2778 W libperfmgr: Failed to write to node: /proc/sys/kernel/sched_boost with value: 0, fd: -1
03-21 20:47:51.407 26732 26732 W libbinder.BackendUnifiedServiceManager: Thread Pool max thread count is 0. Cannot cache binder as linkToDeath cannot be implemented. serviceName: activity
03-21 20:47:51.408  2034  2044 W System  : A resource failed to call release. 
03-21 20:47:51.408  2034  2044 W System  : A resource failed to call release. 
03-21 20:47:51.409  2034  2044 W System  : A resource failed to call release. 
03-21 20:47:51.409  2034  2044 W System  : A resource failed to call release. 
03-21 20:47:51.409  2034  2044 W System  : A resource failed to call release. 
03-21 20:47:51.411  2034  2044 W System  : A resource failed to call release. 
03-21 20:47:51.411  2034  2044 W System  : A resource failed to call release. 
03-21 20:47:51.411  2034  2044 W System  : A resource failed to call release. 
03-21 20:47:51.411  2034  2044 W System  : A resource failed to call release. 
03-21 20:47:51.411  2034  2044 W System  : A resource failed to call release. 
03-21 20:47:51.411  2034  2044 W System  : A resource failed to call release. 
03-21 20:47:51.411  2034  2044 W System  : A resource failed to call release. 
03-21 20:47:51.412  2034  2044 W System  : A resource failed to call release. 
03-21 20:47:51.412  2034  2044 W System  : A resource failed to call release. 
03-21 20:47:51.412  2034  2044 W System  : A resource failed to call release. 
03-21 20:47:51.412  2034  2044 W System  : A resource failed to call release. 
03-21 20:47:51.412  2034  2044 W System  : A resource failed to call release. 
03-21 20:47:51.412  2034  2044 W System  : A resource failed to call release. 
03-21 20:47:51.412  2034  2044 W System  : A resource failed to call release. 
03-21 20:47:51.412  2034  2044 W System  : A resource failed to call release. 
03-21 20:47:51.412  2034  2044 W System  : A resource failed to call release. 
03-21 20:47:51.412  2034  2044 W System  : A resource failed to call release. 
03-21 20:47:51.413  2034  2044 W System  : A resource failed to call release. 
03-21 20:47:51.413  2034  2044 W System  : A resource failed to call release. 
03-21 20:47:51.413  2034  2044 W System  : A resource failed to call release. 
03-21 20:47:51.427   914   988 E surfaceflinger: == MALI DEBUG ===eglp_winsys_populate_image_templates ==12288
03-21 20:47:51.468 26741 26741 W libbinder.BackendUnifiedServiceManager: Thread Pool max thread count is 0. Cannot cache binder as linkToDeath cannot be implemented. serviceName: battery
03-21 20:47:51.477  2458 19816 I FontLog : (REDACTED) Received query %s, URI %s
03-21 20:47:51.477  2458 19816 I FontLog : (REDACTED) Query [%s] resolved to %s
03-21 20:47:51.478  2458 19816 I FontLog : (REDACTED) Fetch %s end status %s
03-21 20:47:51.481  2458 19816 I FontLog : (REDACTED) Pulling font file for id = %d, cache size = %d
03-21 20:47:51.486  2458 19816 I FontLog : (REDACTED) Pulling font file for id = %d, cache size = %d
03-21 20:47:51.525   881  2016 I WifiHAL : feature_set=0x8488141a
03-21 20:47:51.525  1587  1927 I HalDevMgr: bestIfaceCreationProposal is null, requestIface=STA, existingIface=[name=wlan0 type=STA]
03-21 20:47:51.782   852  1054 I hwcomposer: [HWC] (0)fire a callback of refresh to SF[4]  
03-21 20:47:51.796   625  2778 W libperfmgr: Failed to write to node: /dev/stune/top-app/schedtune.boost with value: 10, fd: -1
03-21 20:47:51.796   625  2778 W libperfmgr: Failed to write to node: /proc/sys/kernel/sched_boost with value: 0, fd: -1
03-21 20:47:51.864   625  2778 W libperfmgr: Failed to write to node: /dev/stune/top-app/schedtune.boost with value: 10, fd: -1
03-21 20:47:51.864   625  2778 W libperfmgr: Failed to write to node: /proc/sys/kernel/sched_boost with value: 0, fd: -1
03-21 20:47:52.090   852  1054 I hwcomposer: [HWC] (0)fire a callback of refresh to SF[4]  
03-21 20:47:52.096   625  2778 W libperfmgr: Failed to write to node: /dev/stune/top-app/schedtune.boost with value: 10, fd: -1
03-21 20:47:52.096   625  2778 W libperfmgr: Failed to write to node: /proc/sys/kernel/sched_boost with value: 0, fd: -1
03-21 20:47:52.130   625  2778 W libperfmgr: Failed to write to node: /dev/stune/top-app/schedtune.boost with value: 10, fd: -1
03-21 20:47:52.130   625  2778 W libperfmgr: Failed to write to node: /proc/sys/kernel/sched_boost with value: 0, fd: -1
03-21 20:47:52.190   852  1054 I hwcomposer: [HWC] (0)fire a callback of refresh to SF[4]  
03-21 20:47:52.196   625  2778 W libperfmgr: Failed to write to node: /dev/stune/top-app/schedtune.boost with value: 10, fd: -1
03-21 20:47:52.196   625  2778 W libperfmgr: Failed to write to node: /proc/sys/kernel/sched_boost with value: 0, fd: -1
03-21 20:47:52.201   852   992 I hwcomposer: [HWCDisplay] [Display_0 (type:1)] fps:46.898136,dur:1023.49,max:95.56,min:9.60  
03-21 20:47:52.271   625  2778 W libperfmgr: Failed to write to node: /dev/stune/top-app/schedtune.boost with value: 10, fd: -1
03-21 20:47:52.271   625  2778 W libperfmgr: Failed to write to node: /proc/sys/kernel/sched_boost with value: 0, fd: -1
03-21 20:47:52.437   844   878 I netd    : tetherGetStats() -> {[]} <1.61ms>
03-21 20:47:52.443   844   878 I netd    : bandwidthSetGlobalAlert(2097152) <0.65ms>
03-21 20:47:52.452   844   878 I netd    : bandwidthRemoveInterfaceQuota(ccmni1) <2.04ms>
03-21 20:47:52.454   844   878 I netd    : bandwidthSetInterfaceQuota(ccmni1, 9223372036854775807) <1.37ms>
03-21 20:47:52.658   852  1054 I hwcomposer: [HWC] (0)fire a callback of refresh to SF[4]  
03-21 20:47:52.662   625  2778 W libperfmgr: Failed to write to node: /dev/stune/top-app/schedtune.boost with value: 10, fd: -1
03-21 20:47:52.662   625  2778 W libperfmgr: Failed to write to node: /proc/sys/kernel/sched_boost with value: 0, fd: -1
03-21 20:47:52.676   625  2778 W libperfmgr: Failed to write to node: /dev/stune/top-app/schedtune.boost with value: 10, fd: -1
03-21 20:47:52.677   625  2778 W libperfmgr: Failed to write to node: /proc/sys/kernel/sched_boost with value: 0, fd: -1
03-21 20:47:52.698 26664 26664 W unknown:ReactNative: Packager connection already open, nooping.
03-21 20:47:52.702  1587  2769 E system_server: mali-debug: still pending callback,wait...
03-21 20:47:52.716   625  2778 W libperfmgr: Failed to write to node: /dev/stune/top-app/schedtune.boost with value: 50, fd: -1
03-21 20:47:52.716   625  2778 W libperfmgr: Failed to write to node: /proc/sys/kernel/sched_boost with value: 2, fd: -1
03-21 20:47:52.735  1587  1910 I ImeTracker: com.rnat:f6974cde: onRequestHide at ORIGIN_SERVER reason HIDE_UNSPECIFIED_WINDOW fromUser false
03-21 20:47:52.737 26664 26664 I ImeTracker: com.rnat:f6974cde: onCancelled at PHASE_CLIENT_ALREADY_HIDDEN
03-21 20:47:52.740  3073  3073 I GoogleInputMethodService: GoogleInputMethodService.onFinishInput():2114 
03-21 20:47:52.743  3073  3073 I Module  : DeviceLockedStatusModuleProvider$Module.updateDeviceLockedStatus():103 repeatCheckTimes = 0, locked = false
03-21 20:47:52.743  1587  8923 I ImeTracker: system_server:860ce3fa: onRequestHide at ORIGIN_SERVER reason IME_REQUESTED_CHANGED_LISTENER fromUser false
03-21 20:47:52.743  1587  1655 I ImeTracker: system_server:860ce3fa: onCancelled at PHASE_SERVER_SHOULD_HIDE
03-21 20:47:52.743  3073  3073 I GoogleInputMethodService: GoogleInputMethodService.onStartInput():1385 onStartInput(EditorInfo{EditorInfo{packageName=com.rnat, inputType=0, inputTypeString=NULL, enableLearning=false, autoCorrection=false, autoComplete=false, imeOptions=0, privateImeOptions=null, actionName=UNSPECIFIED, actionLabel=null, initialSelStart=-1, initialSelEnd=-1, initialCapsMode=0, label=null, fieldId=0, fieldName=null, extras=null, hintText=null, hintLocales=[]}}, false)
03-21 20:47:52.743  3073  3073 I AndroidIME: LatinIMEBase.updateInputViewCoverNavigation():314 Update input view padding, extendsTouchBelowSpace=true, bottom inset=126
03-21 20:47:52.744  3073  3073 I Module  : DeviceLockedStatusModuleProvider$Module.updateDeviceLockedStatus():103 repeatCheckTimes = 1, locked = false
03-21 20:47:52.745  1587  7863 W PackageConfigPersister: App-specific configuration not found for packageName: com.rnat and userId: 0
03-21 20:47:52.760  2237  2237 E SatelliteController: registerForSatelliteModemStateChanged: mSatelliteSessionController is not initialized yet
03-21 20:47:52.762  2237  2237 E SatelliteController: registerForSatelliteModemStateChanged: mSatelliteSessionController is not initialized yet
03-21 20:47:52.766  2237  2378 E SatelliteController: notifyNtnEligibility: mSatellitePhone is null
03-21 20:47:52.771  1587  8923 W ContextImpl: Calling a method in the system process without a qualified user: android.app.ContextImpl.sendBroadcastMultiplePermissions:1358 android.content.Context.sendBroadcastMultiplePermissions:2796 com.android.server.TelephonyRegistry.broadcastServiceStateChanged:4172 com.android.server.TelephonyRegistry.notifyServiceStateForPhoneId:1848 com.android.internal.telephony.ITelephonyRegistry$Stub.onTransact:613 
03-21 20:47:52.774  1587  8923 W ContextImpl: Calling a method in the system process without a qualified user: android.app.ContextImpl.sendBroadcastMultiplePermissions:1391 com.android.server.TelephonyRegistry.broadcastServiceStateChanged:4177 com.android.server.TelephonyRegistry.notifyServiceStateForPhoneId:1848 com.android.internal.telephony.ITelephonyRegistry$Stub.onTransact:613 android.os.Binder.execTransactInternal:1473 
03-21 20:47:52.778  1587  8923 W ContextImpl: Calling a method in the system process without a qualified user: android.app.ContextImpl.sendBroadcastMultiplePermissions:1391 com.android.server.TelephonyRegistry.broadcastServiceStateChanged:4186 com.android.server.TelephonyRegistry.notifyServiceStateForPhoneId:1848 com.android.internal.telephony.ITelephonyRegistry$Stub.onTransact:613 android.os.Binder.execTransactInternal:1473 
03-21 20:47:52.779 26664 26753 W unknown:ViewManagerPropertyUpdater: Could not find generated setter for class com.facebook.react.views.debuggingoverlay.DebuggingOverlayManager
03-21 20:47:52.779  1587  8923 W ContextImpl: Calling a method in the system process without a qualified user: android.app.ContextImpl.sendBroadcastMultiplePermissions:1391 com.android.server.TelephonyRegistry.broadcastServiceStateChanged:4192 com.android.server.TelephonyRegistry.notifyServiceStateForPhoneId:1848 com.android.internal.telephony.ITelephonyRegistry$Stub.onTransact:613 android.os.Binder.execTransactInternal:1473 
03-21 20:47:52.786   844   878 I netd    : tetherGetStats() -> {[]} <1.40ms>
03-21 20:47:52.788  1587  1680 W libprocessgroup: SetCgroup::ExecuteForProcess: failed to open /dev/stune/background/cgroup.procs: No such file or directory
03-21 20:47:52.790  2237  2237 I Telephony: TelecomAccountRegistry$TelecomAccountTelephonyCallback: TelecomAccountRegistry: onServiceStateChanged: newState=0, mServiceState=0
03-21 20:47:52.790  2237  2237 W Telephony: registerMmTelCapabilityCallback: registration failed, no ImsService available. Exception: code: 1
03-21 20:47:52.791 26664 26753 W unknown:ViewManagerPropertyUpdater: Could not find generated setter for class com.facebook.react.uimanager.LayoutShadowNode
03-21 20:47:52.792  2237  2237 I Telephony: isRttCurrentlySupported -- regular acct, hasVoiceAvailability: false
03-21 20:47:52.792  2237  2237 I Telephony:  isRttSupported: false
03-21 20:47:52.792  2237  2237 I Telephony:  alwaysAllowWhileRoaming: false
03-21 20:47:52.792  2237  2237 I Telephony:  isRoaming: false
03-21 20:47:52.792  2237  2237 I Telephony:  isOnWfc: false
03-21 20:47:52.799 26664 26753 W unknown:ViewManagerPropertyUpdater: Could not find generated setter for class com.facebook.react.views.drawer.ReactDrawerLayoutManager
03-21 20:47:52.800 26664 26753 W unknown:ViewManagerPropertyUpdater: Could not find generated setter for class com.facebook.react.views.scroll.ReactHorizontalScrollViewManager
03-21 20:47:52.802 26664 26753 W unknown:ViewManagerPropertyUpdater: Could not find generated setter for class com.facebook.react.views.scroll.ReactHorizontalScrollContainerViewManager
03-21 20:47:52.803 26664 26753 W unknown:ViewManagerPropertyUpdater: Could not find generated setter for class com.facebook.react.views.progressbar.ReactProgressBarViewManager
03-21 20:47:52.804 26664 26753 W unknown:ViewManagerPropertyUpdater: Could not find generated setter for class com.facebook.react.views.progressbar.ProgressBarShadowNode
03-21 20:47:52.805 26664 26753 W unknown:ViewManagerPropertyUpdater: Could not find generated setter for class com.facebook.react.views.scroll.ReactScrollViewManager
03-21 20:47:52.807 26664 26753 W unknown:ViewManagerPropertyUpdater: Could not find generated setter for class com.facebook.react.views.switchview.ReactSwitchManager
03-21 20:47:52.808 26664 26753 W unknown:ViewManagerPropertyUpdater: Could not find generated setter for class com.facebook.react.views.switchview.ReactSwitchShadowNode
03-21 20:47:52.808 26664 26753 W unknown:ViewManagerPropertyUpdater: Could not find generated setter for class com.facebook.react.views.safeareaview.ReactSafeAreaViewManager
03-21 20:47:52.809 26664 26753 W unknown:ViewManagerPropertyUpdater: Could not find generated setter for class com.facebook.react.views.safeareaview.ReactSafeAreaViewShadowNode
03-21 20:47:52.809 26664 26753 W unknown:ViewManagerPropertyUpdater: Could not find generated setter for class com.facebook.react.views.swiperefresh.SwipeRefreshLayoutManager
03-21 20:47:52.810 26664 26753 W unknown:ViewManagerPropertyUpdater: Could not find generated setter for class com.facebook.react.views.text.frescosupport.FrescoBasedReactTextInlineImageViewManager
03-21 20:47:52.810 26664 26753 W unknown:ViewManagerPropertyUpdater: Could not find generated setter for class com.facebook.react.views.text.frescosupport.FrescoBasedReactTextInlineImageShadowNode
03-21 20:47:52.811 26664 26753 W unknown:ViewManagerPropertyUpdater: Could not find generated setter for class com.facebook.react.views.image.ReactImageManager
03-21 20:47:52.813 26664 26753 W unknown:ViewManagerPropertyUpdater: Could not find generated setter for class com.facebook.react.views.modal.ReactModalHostManager
03-21 20:47:52.813 26664 26753 W unknown:ViewManagerPropertyUpdater: Could not find generated setter for class com.facebook.react.views.text.ReactRawTextManager
03-21 20:47:52.814 26664 26753 W unknown:ViewManagerPropertyUpdater: Could not find generated setter for class com.facebook.react.views.text.ReactRawTextShadowNode
03-21 20:47:52.814 26664 26753 W unknown:ViewManagerPropertyUpdater: Could not find generated setter for class com.facebook.react.views.textinput.ReactTextInputManager
03-21 20:47:52.816 26664 26753 W unknown:ViewManagerPropertyUpdater: Could not find generated setter for class com.facebook.react.views.textinput.ReactTextInputShadowNode
03-21 20:47:52.818 26664 26753 W unknown:ViewManagerPropertyUpdater: Could not find generated setter for class com.facebook.react.views.text.ReactTextViewManager
03-21 20:47:52.819 26664 26753 W unknown:ViewManagerPropertyUpdater: Could not find generated setter for class com.facebook.react.views.text.ReactTextShadowNode
03-21 20:47:52.819 26664 26753 W unknown:ViewManagerPropertyUpdater: Could not find generated setter for class com.facebook.react.views.view.ReactViewManager
03-21 20:47:52.820 26664 26753 W unknown:ViewManagerPropertyUpdater: Could not find generated setter for class com.facebook.react.views.text.ReactVirtualTextViewManager
03-21 20:47:52.820 26664 26753 W unknown:ViewManagerPropertyUpdater: Could not find generated setter for class com.facebook.react.views.text.ReactVirtualTextShadowNode
03-21 20:47:52.820 26664 26753 W unknown:ViewManagerPropertyUpdater: Could not find generated setter for class com.facebook.react.views.unimplementedview.ReactUnimplementedViewManager
03-21 20:47:52.821 26664 26753 W unknown:ViewManagerPropertyUpdater: Could not find generated setter for class com.reactnativecommunity.slider.ReactSliderManager
03-21 20:47:52.822 26664 26753 W unknown:ViewManagerPropertyUpdater: Could not find generated setter for class com.reactnativecommunity.slider.ReactSliderManager$ReactSliderShadowNode
03-21 20:47:52.823 26664 26753 W unknown:ViewManagerPropertyUpdater: Could not find generated setter for class com.swmansion.gesturehandler.react.RNGestureHandlerRootViewManager
03-21 20:47:52.823 26664 26753 W unknown:ViewManagerPropertyUpdater: Could not find generated setter for class com.swmansion.gesturehandler.react.RNGestureHandlerButtonViewManager
03-21 20:47:52.824 26664 26753 W unknown:ViewManagerPropertyUpdater: Could not find generated setter for class com.BV.LinearGradient.LinearGradientManager
03-21 20:47:52.825 26664 26753 W unknown:ViewManagerPropertyUpdater: Could not find generated setter for class com.th3rdwave.safeareacontext.SafeAreaProviderManager
03-21 20:47:52.825 26664 26753 W unknown:ViewManagerPropertyUpdater: Could not find generated setter for class com.th3rdwave.safeareacontext.SafeAreaViewManager
03-21 20:47:52.826 26664 26753 W unknown:ViewManagerPropertyUpdater: Could not find generated setter for class com.th3rdwave.safeareacontext.SafeAreaViewShadowNode
03-21 20:47:52.826 26664 26753 W unknown:ViewManagerPropertyUpdater: Could not find generated setter for class com.swmansion.rnscreens.ScreenContainerViewManager
03-21 20:47:52.827 26664 26753 W unknown:ViewManagerPropertyUpdater: Could not find generated setter for class com.swmansion.rnscreens.ScreenViewManager
03-21 20:47:52.829 26664 26753 W unknown:ViewManagerPropertyUpdater: Could not find generated setter for class com.swmansion.rnscreens.ModalScreenViewManager
03-21 20:47:52.829 26664 26753 W unknown:ViewManagerPropertyUpdater: Could not find generated setter for class com.swmansion.rnscreens.ScreenStackViewManager
03-21 20:47:52.830 26664 26753 W unknown:ViewManagerPropertyUpdater: Could not find generated setter for class com.swmansion.rnscreens.ScreenStackHeaderConfigViewManager
03-21 20:47:52.831 26664 26753 W unknown:ViewManagerPropertyUpdater: Could not find generated setter for class com.swmansion.rnscreens.ScreenStackHeaderSubviewManager
03-21 20:47:52.831 26664 26753 W unknown:ViewManagerPropertyUpdater: Could not find generated setter for class com.swmansion.rnscreens.SearchBarManager
03-21 20:47:52.832 26664 26753 W unknown:ViewManagerPropertyUpdater: Could not find generated setter for class com.swmansion.rnscreens.ScreenFooterManager
03-21 20:47:52.833 26664 26753 W unknown:ViewManagerPropertyUpdater: Could not find generated setter for class com.swmansion.rnscreens.ScreenContentWrapperManager
03-21 20:47:52.833 26664 26753 W unknown:ViewManagerPropertyUpdater: Could not find generated setter for class com.swmansion.rnscreens.gamma.tabs.TabsHostViewManager
03-21 20:47:52.835 26664 26753 W unknown:ViewManagerPropertyUpdater: Could not find generated setter for class com.swmansion.rnscreens.gamma.tabs.TabsScreenViewManager
03-21 20:47:52.836 26664 26753 W unknown:ViewManagerPropertyUpdater: Could not find generated setter for class com.swmansion.rnscreens.safearea.SafeAreaViewManager
03-21 20:47:52.836 26664 26753 W unknown:ViewManagerPropertyUpdater: Could not find generated setter for class com.swmansion.rnscreens.safearea.paper.SafeAreaViewShadowNode
03-21 20:47:52.837 26664 26753 W unknown:ViewManagerPropertyUpdater: Could not find generated setter for class com.swmansion.rnscreens.gamma.stack.host.StackHostViewManager
03-21 20:47:52.838 26664 26753 W unknown:ViewManagerPropertyUpdater: Could not find generated setter for class com.swmansion.rnscreens.gamma.stack.screen.StackScreenViewManager
03-21 20:47:52.838 26664 26753 W unknown:ViewManagerPropertyUpdater: Could not find generated setter for class com.horcrux.svg.RenderableViewManager$DefsViewManager
03-21 20:47:52.839 26664 26753 W unknown:ViewManagerPropertyUpdater: Could not find generated setter for class com.horcrux.svg.VirtualViewManager$RenderableShadowNode
03-21 20:47:52.840 26664 26753 W unknown:ViewManagerPropertyUpdater: Could not find generated setter for class com.horcrux.svg.RenderableViewManager$FeMergeManager
03-21 20:47:52.841 26664 26753 W unknown:ViewManagerPropertyUpdater: Could not find generated setter for class com.horcrux.svg.RenderableViewManager$LinearGradientManager
03-21 20:47:52.842 26664 26753 W unknown:ViewManagerPropertyUpdater: Could not find generated setter for class com.horcrux.svg.RenderableViewManager$FeGaussianBlurManager
03-21 20:47:52.843 26664 26753 W unknown:ViewManagerPropertyUpdater: Could not find generated setter for class com.horcrux.svg.RenderableViewManager$FeColorMatrixManager
03-21 20:47:52.844 26664 26753 W unknown:ViewManagerPropertyUpdater: Could not find generated setter for class com.horcrux.svg.RenderableViewManager$ClipPathViewManager
03-21 20:47:52.845 26664 26753 W unknown:ViewManagerPropertyUpdater: Could not find generated setter for class com.horcrux.svg.RenderableViewManager$SymbolManager
03-21 20:47:52.847 26664 26753 W unknown:ViewManagerPropertyUpdater: Could not find generated setter for class com.horcrux.svg.RenderableViewManager$PatternManager
03-21 20:47:52.849 26664 26753 W unknown:ViewManagerPropertyUpdater: Could not find generated setter for class com.horcrux.svg.RenderableViewManager$FeBlendManager
03-21 20:47:52.850 26664 26753 W unknown:ViewManagerPropertyUpdater: Could not find generated setter for class com.horcrux.svg.SvgViewManager
03-21 20:47:52.851 26664 26753 W unknown:ViewManagerPropertyUpdater: Could not find generated setter for class com.horcrux.svg.RenderableViewManager$UseViewManager
03-21 20:47:52.853 26664 26753 W unknown:ViewManagerPropertyUpdater: Could not find generated setter for class com.horcrux.svg.RenderableViewManager$CircleViewManager
03-21 20:47:52.854 26664 26753 W unknown:ViewManagerPropertyUpdater: Could not find generated setter for class com.horcrux.svg.RenderableViewManager$TSpanViewManager
03-21 20:47:52.856 26664 26753 W unknown:ViewManagerPropertyUpdater: Could not find generated setter for class com.horcrux.svg.RenderableViewManager$FilterManager
03-21 20:47:52.857 26664 26753 W unknown:ViewManagerPropertyUpdater: Could not find generated setter for class com.horcrux.svg.RenderableViewManager$MarkerManager
03-21 20:47:52.858   852  1054 I hwcomposer: [HWC] (0)fire a callback of refresh to SF[4]  
03-21 20:47:52.859 26664 26753 W unknown:ViewManagerPropertyUpdater: Could not find generated setter for class com.horcrux.svg.RenderableViewManager$ForeignObjectManager
03-21 20:47:52.860 26664 26753 W unknown:ViewManagerPropertyUpdater: Could not find generated setter for class com.horcrux.svg.RenderableViewManager$EllipseViewManager
03-21 20:47:52.860   625  2778 W libperfmgr: Failed to write to node: /dev/stune/top-app/schedtune.boost with value: 50, fd: -1
03-21 20:47:52.860   625  2778 W libperfmgr: Failed to write to node: /proc/sys/kernel/sched_boost with value: 2, fd: -1
03-21 20:47:52.861 26664 26753 W unknown:ViewManagerPropertyUpdater: Could not find generated setter for class com.horcrux.svg.RenderableViewManager$LineViewManager
03-21 20:47:52.863 26664 26753 W unknown:ViewManagerPropertyUpdater: Could not find generated setter for class com.horcrux.svg.RenderableViewManager$FeFloodManager
03-21 20:47:52.864 26664 26753 W unknown:ViewManagerPropertyUpdater: Could not find generated setter for class com.horcrux.svg.RenderableViewManager$GroupViewManager
03-21 20:47:52.865 26664 26753 W unknown:ViewManagerPropertyUpdater: Could not find generated setter for class com.horcrux.svg.RenderableViewManager$TextViewManager
03-21 20:47:52.866 26664 26753 W unknown:ViewManagerPropertyUpdater: Could not find generated setter for class com.horcrux.svg.RenderableViewManager$ImageViewManager
03-21 20:47:52.868 26664 26753 W unknown:ViewManagerPropertyUpdater: Could not find generated setter for class com.horcrux.svg.RenderableViewManager$FeCompositeManager
03-21 20:47:52.869 26664 26753 W unknown:ViewManagerPropertyUpdater: Could not find generated setter for class com.horcrux.svg.RenderableViewManager$RadialGradientManager
03-21 20:47:52.870 26664 26753 W unknown:ViewManagerPropertyUpdater: Could not find generated setter for class com.horcrux.svg.RenderableViewManager$MaskManager
03-21 20:47:52.874 26664 26753 W unknown:ViewManagerPropertyUpdater: Could not find generated setter for class com.horcrux.svg.RenderableViewManager$RectViewManager
03-21 20:47:52.876 26664 26753 W unknown:ViewManagerPropertyUpdater: Could not find generated setter for class com.horcrux.svg.RenderableViewManager$TextPathViewManager
03-21 20:47:52.876   625  2778 W libperfmgr: Failed to write to node: /dev/stune/top-app/schedtune.boost with value: 10, fd: -1
03-21 20:47:52.876   625  2778 W libperfmgr: Failed to write to node: /proc/sys/kernel/sched_boost with value: 0, fd: -1
03-21 20:47:52.878 26664 26753 W unknown:ViewManagerPropertyUpdater: Could not find generated setter for class com.horcrux.svg.RenderableViewManager$FeOffsetManager
03-21 20:47:52.878 26664 26753 W unknown:ViewManagerPropertyUpdater: Could not find generated setter for class com.horcrux.svg.RenderableViewManager$PathViewManager
03-21 20:47:52.880 26664 26753 W unknown:ViewManagerPropertyUpdater: Could not find generated setter for class com.brentvatne.exoplayer.ReactExoplayerViewManager
03-21 20:47:52.886 26664 26753 I com.rnat: hiddenapi: Accessing hidden field Ljava/lang/reflect/Field;->accessFlags:I (runtime_flags=0, domain=core-platform, api=unsupported) from Lcom/swmansion/reanimated/layoutReanimation/ReanimatedNativeHierarchyManager; (domain=app, TargetSdkVersion=35) using reflection: allowed
03-21 20:47:52.919   844   878 I netd    : networkAddUidRangesParcel(NativeUidRangeConfig{netId: 105, uidRanges: [UidRangeParcel{start: 0, stop: 2147483647}], subPriority: 999}) <0.55ms>
03-21 20:47:52.920   844   878 I netd    : networkRemoveUidRangesParcel(NativeUidRangeConfig{netId: 105, uidRanges: [UidRangeParcel{start: 0, stop: 2147483647}], subPriority: 999}) <0.41ms>
03-21 20:47:52.940   625  2778 W libperfmgr: Failed to write to node: /dev/stune/top-app/schedtune.boost with value: 10, fd: -1
03-21 20:47:52.940   625  2778 W libperfmgr: Failed to write to node: /proc/sys/kernel/sched_boost with value: 0, fd: -1
03-21 20:47:53.002   852  1054 I hwcomposer: [HWC] (0)fire a callback of refresh to SF[4]  
03-21 20:47:53.006   625  2778 W libperfmgr: Failed to write to node: /dev/stune/top-app/schedtune.boost with value: 10, fd: -1
03-21 20:47:53.006   625  2778 W libperfmgr: Failed to write to node: /proc/sys/kernel/sched_boost with value: 0, fd: -1
03-21 20:47:53.083   625  2778 W libperfmgr: Failed to write to node: /dev/stune/top-app/schedtune.boost with value: 10, fd: -1
03-21 20:47:53.083   625  2778 W libperfmgr: Failed to write to node: /proc/sys/kernel/sched_boost with value: 0, fd: -1
03-21 20:47:53.225 26664 26753 I WebViewFactory: Loading com.google.android.webview version 145.0.7632.162 (code 763216203)
03-21 20:47:53.257 26664 26753 I cr_WVCFactoryProvider: version=145.0.7632.162 (763216203) minSdkVersion=29 multiprocess=true packageId=2 splits=<none>
03-21 20:47:53.268 26664 26759 I chromium: [0321/204753.267947:INFO:android_webview/browser/variations/variations_seed_loader.cc:67] Failed to open file for reading.: No such file or directory (2)
03-21 20:47:53.268 26664 26759 I chromium: [0321/204753.268669:INFO:android_webview/browser/variations/variations_seed_loader.cc:67] Failed to open file for reading.: No such file or directory (2)
03-21 20:47:53.273 26664 26753 I cr_LibraryLoader: Successfully loaded native library
03-21 20:47:53.274 26664 26753 I cr_CachingUmaRecorder: Flushed 18 samples from 18 histograms, 0 samples were dropped.
03-21 20:47:53.303   844 26763 I resolv  : GetAddrInfoHandler::run: {102 102 102 983142 10399 0}
03-21 20:47:53.304   844 26764 I resolv  : res_nmkquery: (QUERY, IN, A)
03-21 20:47:53.316   844 26764 I resolv  : res_nsend: used send_dg 43 terrno: 0
03-21 20:47:53.316   844 26764 I resolv  : doQuery: rcode=0, ancount=1, return value=43
03-21 20:47:53.425  2458 24325 I NearbySharing: Network state changed: NetworkState(isRestricted=false, isOnline=true, isCongested=false, isMetered=false, isWifiConnected=true)
03-21 20:47:53.584   625  2778 W libperfmgr: Failed to write to node: /dev/stune/top-app/schedtune.boost with value: 10, fd: -1
03-21 20:47:53.584   625  2778 W libperfmgr: Failed to write to node: /proc/sys/kernel/sched_boost with value: 0, fd: -1
03-21 20:47:54.084   625  2778 W libperfmgr: Failed to write to node: /dev/stune/top-app/schedtune.boost with value: 10, fd: -1
03-21 20:47:54.084   625  2778 W libperfmgr: Failed to write to node: /proc/sys/kernel/sched_boost with value: 0, fd: -1
03-21 20:47:54.341 26664 26752 I ReactNativeJS: Running "rnat" with {"rootTag":11}
03-21 20:47:54.538   881  2016 I WifiHAL : feature_set=0x8488141a
03-21 20:47:54.540  1587  1927 I HalDevMgr: bestIfaceCreationProposal is null, requestIface=STA, existingIface=[name=wlan0 type=STA]
03-21 20:47:54.585   625  2778 W libperfmgr: Failed to write to node: /dev/stune/top-app/schedtune.boost with value: 10, fd: -1
03-21 20:47:54.585   625  2778 W libperfmgr: Failed to write to node: /proc/sys/kernel/sched_boost with value: 0, fd: -1
03-21 20:47:54.993 26664 26753 W unknown:ViewManagerPropertyUpdater: Could not find generated setter for class com.swmansion.rnscreens.ScreenStackHeaderConfigShadowNode
03-21 20:47:54.998 26664 26753 W unknown:ReactNative: Attempt to set local data for view with unknown tag: -1
03-21 20:47:55.002 26664 26753 W unknown:ReactNative: Attempt to set local data for view with unknown tag: -1
03-21 20:47:55.002 26664 26753 W unknown:ReactNative: Attempt to set local data for view with unknown tag: -1
03-21 20:47:55.012 26664 26753 W unknown:ViewManagerPropertyUpdater: Could not find generated setter for class com.swmansion.rnscreens.ScreensShadowNode
03-21 20:47:55.038 26664 26753 W unknown:ReactNative: Attempt to set local data for view with unknown tag: -1
03-21 20:47:55.038 26664 26753 W unknown:ReactNative: Attempt to set local data for view with unknown tag: -1
03-21 20:47:55.038 26664 26753 W unknown:ReactNative: Attempt to set local data for view with unknown tag: -1
03-21 20:47:55.084 26664 26664 W [RNScreens]: topInsetEnabled prop is not available on Android
03-21 20:47:55.085   625  2778 W libperfmgr: Failed to write to node: /dev/stune/top-app/schedtune.boost with value: 10, fd: -1
03-21 20:47:55.085   625  2778 W libperfmgr: Failed to write to node: /proc/sys/kernel/sched_boost with value: 0, fd: -1
03-21 20:47:55.233   914   988 E surfaceflinger: == MALI DEBUG ===eglp_winsys_populate_image_templates ==12288
03-21 20:47:55.241   852   992 I hwcomposer: [HWCDisplay] [Display_0 (type:1)] fps:12.830871,dur:3039.54,max:2229.60,min:9.30  
03-21 20:47:55.286 26664 26664 I ReactNative: [GESTURE HANDLER] Initialize gesture handler for root view com.facebook.react.ReactRootView{1b79254 V.E...... ......ID 0,0-1080,2400 #b}
03-21 20:47:55.314   852  1054 I hwcomposer: [HWC] (0)fire a callback of refresh to SF[4]  
03-21 20:47:55.326   625  2778 W libperfmgr: Failed to write to node: /dev/stune/top-app/schedtune.boost with value: 10, fd: -1
03-21 20:47:55.326   625  2778 W libperfmgr: Failed to write to node: /proc/sys/kernel/sched_boost with value: 0, fd: -1
03-21 20:47:55.395   625  2778 W libperfmgr: Failed to write to node: /dev/stune/top-app/schedtune.boost with value: 10, fd: -1
03-21 20:47:55.395   625  2778 W libperfmgr: Failed to write to node: /proc/sys/kernel/sched_boost with value: 0, fd: -1
03-21 20:47:55.477   914   988 E surfaceflinger: == MALI DEBUG ===eglp_winsys_populate_image_templates ==12288
03-21 20:47:55.481   914   988 E surfaceflinger: == MALI DEBUG ===eglp_winsys_populate_image_templates ==12288
03-21 20:47:55.578   852  1054 I hwcomposer: [HWC] (0)fire a callback of refresh to SF[4]  
03-21 20:47:55.583   625  2778 W libperfmgr: Failed to write to node: /dev/stune/top-app/schedtune.boost with value: 10, fd: -1
03-21 20:47:55.583   625  2778 W libperfmgr: Failed to write to node: /proc/sys/kernel/sched_boost with value: 0, fd: -1
03-21 20:47:55.659   625  2778 W libperfmgr: Failed to write to node: /dev/stune/top-app/schedtune.boost with value: 10, fd: -1
03-21 20:47:55.660   625  2778 W libperfmgr: Failed to write to node: /proc/sys/kernel/sched_boost with value: 0, fd: -1
03-21 20:47:56.160   625  2778 W libperfmgr: Failed to write to node: /dev/stune/top-app/schedtune.boost with value: 10, fd: -1
03-21 20:47:56.160   625  2778 W libperfmgr: Failed to write to node: /proc/sys/kernel/sched_boost with value: 0, fd: -1
03-21 20:47:56.661   625  2778 W libperfmgr: Failed to write to node: /dev/stune/top-app/schedtune.boost with value: 10, fd: -1
03-21 20:47:56.661   625  2778 W libperfmgr: Failed to write to node: /proc/sys/kernel/sched_boost with value: 0, fd: -1
03-21 20:47:56.763   844   878 I netd    : networkAddUidRangesParcel(NativeUidRangeConfig{netId: 105, uidRanges: [UidRangeParcel{start: 0, stop: 2147483647}], subPriority: 999}) <0.31ms>
03-21 20:47:56.763   844   878 I netd    : networkRemoveUidRangesParcel(NativeUidRangeConfig{netId: 105, uidRanges: [UidRangeParcel{start: 0, stop: 2147483647}], subPriority: 999}) <0.22ms>
03-21 20:47:56.785   852   992 I hwcomposer: [HWCDisplay] [Display_0 (type:1)] fps:5.179749,dur:1544.48,max:1196.32,min:11.09  
03-21 20:47:56.846   852  1054 I hwcomposer: [HWC] (0)fire a callback of refresh to SF[4]  
03-21 20:47:56.861   625  2778 W libperfmgr: Failed to write to node: /dev/stune/top-app/schedtune.boost with value: 10, fd: -1
03-21 20:47:56.861   625  2778 W libperfmgr: Failed to write to node: /proc/sys/kernel/sched_boost with value: 0, fd: -1
03-21 20:47:56.920  2237  2237 E SatelliteController: registerForSatelliteModemStateChanged: mSatelliteSessionController is not initialized yet
03-21 20:47:56.925  2237  2237 E SatelliteController: registerForSatelliteModemStateChanged: mSatelliteSessionController is not initialized yet
03-21 20:47:56.928   625  2778 W libperfmgr: Failed to write to node: /dev/stune/top-app/schedtune.boost with value: 10, fd: -1
03-21 20:47:56.928   625  2778 W libperfmgr: Failed to write to node: /proc/sys/kernel/sched_boost with value: 0, fd: -1
03-21 20:47:56.930  2237  2378 E SatelliteController: notifyNtnEligibility: mSatellitePhone is null
03-21 20:47:56.941  1587  7863 W ContextImpl: Calling a method in the system process without a qualified user: android.app.ContextImpl.sendBroadcastMultiplePermissions:1358 android.content.Context.sendBroadcastMultiplePermissions:2796 com.android.server.TelephonyRegistry.broadcastServiceStateChanged:4172 com.android.server.TelephonyRegistry.notifyServiceStateForPhoneId:1848 com.android.internal.telephony.ITelephonyRegistry$Stub.onTransact:613 
03-21 20:47:56.944  1587  7863 W ContextImpl: Calling a method in the system process without a qualified user: android.app.ContextImpl.sendBroadcastMultiplePermissions:1391 com.android.server.TelephonyRegistry.broadcastServiceStateChanged:4177 com.android.server.TelephonyRegistry.notifyServiceStateForPhoneId:1848 com.android.internal.telephony.ITelephonyRegistry$Stub.onTransact:613 android.os.Binder.execTransactInternal:1473 
03-21 20:47:56.949  1587  7863 W ContextImpl: Calling a method in the system process without a qualified user: android.app.ContextImpl.sendBroadcastMultiplePermissions:1391 com.android.server.TelephonyRegistry.broadcastServiceStateChanged:4186 com.android.server.TelephonyRegistry.notifyServiceStateForPhoneId:1848 com.android.internal.telephony.ITelephonyRegistry$Stub.onTransact:613 android.os.Binder.execTransactInternal:1473 
03-21 20:47:56.952  1587  7863 W ContextImpl: Calling a method in the system process without a qualified user: android.app.ContextImpl.sendBroadcastMultiplePermissions:1391 com.android.server.TelephonyRegistry.broadcastServiceStateChanged:4192 com.android.server.TelephonyRegistry.notifyServiceStateForPhoneId:1848 com.android.internal.telephony.ITelephonyRegistry$Stub.onTransact:613 android.os.Binder.execTransactInternal:1473 
03-21 20:47:56.960   844   878 I netd    : tetherGetStats() -> {[]} <0.99ms>
03-21 20:47:56.961  1587  1680 W libprocessgroup: SetCgroup::ExecuteForProcess: failed to open /dev/stune/background/cgroup.procs: No such file or directory
03-21 20:47:56.963  2237  2237 I Telephony: TelecomAccountRegistry$TelecomAccountTelephonyCallback: TelecomAccountRegistry: onServiceStateChanged: newState=0, mServiceState=0
03-21 20:47:56.963  2237  2237 W Telephony: registerMmTelCapabilityCallback: registration failed, no ImsService available. Exception: code: 1
03-21 20:47:56.965  2237  2237 I Telephony: isRttCurrentlySupported -- regular acct, hasVoiceAvailability: false
03-21 20:47:56.965  2237  2237 I Telephony:  isRttSupported: false
03-21 20:47:56.965  2237  2237 I Telephony:  alwaysAllowWhileRoaming: false
03-21 20:47:56.965  2237  2237 I Telephony:  isRoaming: false
03-21 20:47:56.965  2237  2237 I Telephony:  isOnWfc: false
03-21 20:47:57.268  2458 24325 I NearbySharing: Network state changed: NetworkState(isRestricted=false, isOnline=true, isCongested=false, isMetered=false, isWifiConnected=true)
03-21 20:47:57.428   625  2778 W libperfmgr: Failed to write to node: /dev/stune/top-app/schedtune.boost with value: 10, fd: -1
03-21 20:47:57.429   625  2778 W libperfmgr: Failed to write to node: /proc/sys/kernel/sched_boost with value: 0, fd: -1
03-21 20:47:57.547   881  2016 I WifiHAL : feature_set=0x8488141a
03-21 20:47:57.548  1587  1927 I HalDevMgr: bestIfaceCreationProposal is null, requestIface=STA, existingIface=[name=wlan0 type=STA]
03-21 20:47:57.697 26770 26770 W libbinder.BackendUnifiedServiceManager: Thread Pool max thread count is 0. Cannot cache binder as linkToDeath cannot be implemented. serviceName: deviceidle
03-21 20:47:57.715 26772 26772 W libbinder.BackendUnifiedServiceManager: Thread Pool max thread count is 0. Cannot cache binder as linkToDeath cannot be implemented. serviceName: battery
03-21 20:47:57.731 26774 26774 W libbinder.BackendUnifiedServiceManager: Thread Pool max thread count is 0. Cannot cache binder as linkToDeath cannot be implemented. serviceName: deviceidle
03-21 20:47:57.758 26777 26777 W libbinder.BackendUnifiedServiceManager: Thread Pool max thread count is 0. Cannot cache binder as linkToDeath cannot be implemented. serviceName: activity
03-21 20:47:57.798   852  1054 I hwcomposer: [HWC] (0)fire a callback of refresh to SF[4]  
03-21 20:47:57.804   625  2778 W libperfmgr: Failed to write to node: /dev/stune/top-app/schedtune.boost with value: 10, fd: -1
03-21 20:47:57.804   625  2778 W libperfmgr: Failed to write to node: /proc/sys/kernel/sched_boost with value: 0, fd: -1
03-21 20:47:57.807   852   992 I hwcomposer: [HWCDisplay] [Display_0 (type:1)] fps:2.934038,dur:1022.48,max:874.02,min:67.27  
03-21 20:47:57.822 26786 26786 W libbinder.BackendUnifiedServiceManager: Thread Pool max thread count is 0. Cannot cache binder as linkToDeath cannot be implemented. serviceName: battery
03-21 20:47:57.879   625  2778 W libperfmgr: Failed to write to node: /dev/stune/top-app/schedtune.boost with value: 10, fd: -1
03-21 20:47:57.879   625  2778 W libperfmgr: Failed to write to node: /proc/sys/kernel/sched_boost with value: 0, fd: -1
03-21 20:47:58.379   625  2778 W libperfmgr: Failed to write to node: /dev/stune/top-app/schedtune.boost with value: 10, fd: -1
03-21 20:47:58.379   625  2778 W libperfmgr: Failed to write to node: /proc/sys/kernel/sched_boost with value: 0, fd: -1
03-21 20:47:58.880   625  2778 W libperfmgr: Failed to write to node: /dev/stune/top-app/schedtune.boost with value: 10, fd: -1
03-21 20:47:58.880   625  2778 W libperfmgr: Failed to write to node: /proc/sys/kernel/sched_boost with value: 0, fd: -1
03-21 20:47:59.029   852   992 I hwcomposer: [HWCDisplay] [Display_0 (type:1)] fps:0.818877,dur:1221.18,max:1221.18,min:1221.18  
03-21 20:47:59.090   852  1054 I hwcomposer: [HWC] (0)fire a callback of refresh to SF[4]  
03-21 20:47:59.105   625  2778 W libperfmgr: Failed to write to node: /dev/stune/top-app/schedtune.boost with value: 10, fd: -1
03-21 20:47:59.105   625  2778 W libperfmgr: Failed to write to node: /proc/sys/kernel/sched_boost with value: 0, fd: -1
03-21 20:47:59.171   625  2778 W libperfmgr: Failed to write to node: /dev/stune/top-app/schedtune.boost with value: 10, fd: -1
03-21 20:47:59.171   625  2778 W libperfmgr: Failed to write to node: /proc/sys/kernel/sched_boost with value: 0, fd: -1
03-21 20:47:59.672   625  2778 W libperfmgr: Failed to write to node: /dev/stune/top-app/schedtune.boost with value: 10, fd: -1
03-21 20:47:59.672   625  2778 W libperfmgr: Failed to write to node: /proc/sys/kernel/sched_boost with value: 0, fd: -1
03-21 20:48:00.062   852   992 I hwcomposer: [HWCDisplay] [Display_0 (type:1)] fps:1.936181,dur:1032.96,max:952.09,min:80.87  
03-21 20:48:00.122   852  1054 I hwcomposer: [HWC] (0)fire a callback of refresh to SF[4]  
03-21 20:48:00.127   625  2778 W libperfmgr: Failed to write to node: /dev/stune/top-app/schedtune.boost with value: 10, fd: -1
03-21 20:48:00.127   625  2778 W libperfmgr: Failed to write to node: /proc/sys/kernel/sched_boost with value: 0, fd: -1
03-21 20:48:00.203   625  2778 W libperfmgr: Failed to write to node: /dev/stune/top-app/schedtune.boost with value: 10, fd: -1
03-21 20:48:00.203   625  2778 W libperfmgr: Failed to write to node: /proc/sys/kernel/sched_boost with value: 0, fd: -1
03-21 20:48:00.560   881  2016 I WifiHAL : feature_set=0x8488141a
03-21 20:48:00.561  1587  1927 I HalDevMgr: bestIfaceCreationProposal is null, requestIface=STA, existingIface=[name=wlan0 type=STA]
03-21 20:48:00.704   625  2778 W libperfmgr: Failed to write to node: /dev/stune/top-app/schedtune.boost with value: 10, fd: -1
03-21 20:48:00.704   625  2778 W libperfmgr: Failed to write to node: /proc/sys/kernel/sched_boost with value: 0, fd: -1
03-21 20:48:01.156 26664 26670 W com.rnat: userfaultfd: MOVE ioctl seems unsupported: Connection timed out
03-21 20:48:01.204   625  2778 W libperfmgr: Failed to write to node: /dev/stune/top-app/schedtune.boost with value: 10, fd: -1
03-21 20:48:01.204   625  2778 W libperfmgr: Failed to write to node: /proc/sys/kernel/sched_boost with value: 0, fd: -1
03-21 20:48:01.705   625  2778 W libperfmgr: Failed to write to node: /dev/stune/top-app/schedtune.boost with value: 10, fd: -1
03-21 20:48:01.705   625  2778 W libperfmgr: Failed to write to node: /proc/sys/kernel/sched_boost with value: 0, fd: -1
03-21 20:48:02.206   625  2778 W libperfmgr: Failed to write to node: /dev/stune/top-app/schedtune.boost with value: 10, fd: -1
03-21 20:48:02.206   625  2778 W libperfmgr: Failed to write to node: /proc/sys/kernel/sched_boost with value: 0, fd: -1
03-21 20:48:02.706   625  2778 W libperfmgr: Failed to write to node: /dev/stune/top-app/schedtune.boost with value: 10, fd: -1
03-21 20:48:02.706   625  2778 W libperfmgr: Failed to write to node: /proc/sys/kernel/sched_boost with value: 0, fd: -1
03-21 20:48:03.207   625  2778 W libperfmgr: Failed to write to node: /dev/stune/top-app/schedtune.boost with value: 10, fd: -1
03-21 20:48:03.207   625  2778 W libperfmgr: Failed to write to node: /proc/sys/kernel/sched_boost with value: 0, fd: -1
03-21 20:48:03.317   852   992 I hwcomposer: [HWCDisplay] [Display_0 (type:1)] fps:0.614405,dur:3255.18,max:3185.67,min:69.52  
03-21 20:48:03.378   852  1054 I hwcomposer: [HWC] (0)fire a callback of refresh to SF[4]  
03-21 20:48:03.393   625  2778 W libperfmgr: Failed to write to node: /dev/stune/top-app/schedtune.boost with value: 10, fd: -1
03-21 20:48:03.393   625  2778 W libperfmgr: Failed to write to node: /proc/sys/kernel/sched_boost with value: 0, fd: -1
03-21 20:48:03.459   625  2778 W libperfmgr: Failed to write to node: /dev/stune/top-app/schedtune.boost with value: 10, fd: -1
03-21 20:48:03.460   625  2778 W libperfmgr: Failed to write to node: /proc/sys/kernel/sched_boost with value: 0, fd: -1
03-21 20:48:03.571   881  2016 I WifiHAL : feature_set=0x8488141a
03-21 20:48:03.572  1587  1927 I HalDevMgr: bestIfaceCreationProposal is null, requestIface=STA, existingIface=[name=wlan0 type=STA]
03-21 20:48:03.960   625  2778 W libperfmgr: Failed to write to node: /dev/stune/top-app/schedtune.boost with value: 10, fd: -1
03-21 20:48:03.960   625  2778 W libperfmgr: Failed to write to node: /proc/sys/kernel/sched_boost with value: 0, fd: -1
03-21 20:48:04.047 26795 26795 W libbinder.BackendUnifiedServiceManager: Thread Pool max thread count is 0. Cannot cache binder as linkToDeath cannot be implemented. serviceName: deviceidle
03-21 20:48:04.076 26797 26797 W libbinder.BackendUnifiedServiceManager: Thread Pool max thread count is 0. Cannot cache binder as linkToDeath cannot be implemented. serviceName: battery
03-21 20:48:04.092 26799 26799 W libbinder.BackendUnifiedServiceManager: Thread Pool max thread count is 0. Cannot cache binder as linkToDeath cannot be implemented. serviceName: deviceidle
03-21 20:48:04.122 26802 26802 W libbinder.BackendUnifiedServiceManager: Thread Pool max thread count is 0. Cannot cache binder as linkToDeath cannot be implemented. serviceName: activity
03-21 20:48:04.185 26811 26811 W libbinder.BackendUnifiedServiceManager: Thread Pool max thread count is 0. Cannot cache binder as linkToDeath cannot be implemented. serviceName: battery
03-21 20:48:04.461   625  2778 W libperfmgr: Failed to write to node: /dev/stune/top-app/schedtune.boost with value: 10, fd: -1
03-21 20:48:04.461   625  2778 W libperfmgr: Failed to write to node: /proc/sys/kernel/sched_boost with value: 0, fd: -1
03-21 20:48:04.961   625  2778 W libperfmgr: Failed to write to node: /dev/stune/top-app/schedtune.boost with value: 10, fd: -1
03-21 20:48:04.961   625  2778 W libperfmgr: Failed to write to node: /proc/sys/kernel/sched_boost with value: 0, fd: -1
03-21 20:48:05.462   625  2778 W libperfmgr: Failed to write to node: /dev/stune/top-app/schedtune.boost with value: 10, fd: -1
03-21 20:48:05.462   625  2778 W libperfmgr: Failed to write to node: /proc/sys/kernel/sched_boost with value: 0, fd: -1
03-21 20:48:05.963   625  2778 W libperfmgr: Failed to write to node: /dev/stune/top-app/schedtune.boost with value: 10, fd: -1
03-21 20:48:05.963   625  2778 W libperfmgr: Failed to write to node: /proc/sys/kernel/sched_boost with value: 0, fd: -1
03-21 20:48:06.463   625  2778 W libperfmgr: Failed to write to node: /dev/stune/top-app/schedtune.boost with value: 10, fd: -1
03-21 20:48:06.463   625  2778 W libperfmgr: Failed to write to node: /proc/sys/kernel/sched_boost with value: 0, fd: -1
03-21 20:48:06.536  2237  2237 E SatelliteController: registerForSatelliteModemStateChanged: mSatelliteSessionController is not initialized yet
03-21 20:48:06.538  2237  2237 E SatelliteController: registerForSatelliteModemStateChanged: mSatelliteSessionController is not initialized yet
03-21 20:48:06.541  2237  2378 E SatelliteController: notifyNtnEligibility: mSatellitePhone is null
03-21 20:48:06.552  1587  8923 W ContextImpl: Calling a method in the system process without a qualified user: android.app.ContextImpl.sendBroadcastMultiplePermissions:1358 android.content.Context.sendBroadcastMultiplePermissions:2796 com.android.server.TelephonyRegistry.broadcastServiceStateChanged:4172 com.android.server.TelephonyRegistry.notifyServiceStateForPhoneId:1848 com.android.internal.telephony.ITelephonyRegistry$Stub.onTransact:613 
03-21 20:48:06.554  1587  8923 W ContextImpl: Calling a method in the system process without a qualified user: android.app.ContextImpl.sendBroadcastMultiplePermissions:1391 com.android.server.TelephonyRegistry.broadcastServiceStateChanged:4177 com.android.server.TelephonyRegistry.notifyServiceStateForPhoneId:1848 com.android.internal.telephony.ITelephonyRegistry$Stub.onTransact:613 android.os.Binder.execTransactInternal:1473 
03-21 20:48:06.559  1587  8923 W ContextImpl: Calling a method in the system process without a qualified user: android.app.ContextImpl.sendBroadcastMultiplePermissions:1391 com.android.server.TelephonyRegistry.broadcastServiceStateChanged:4186 com.android.server.TelephonyRegistry.notifyServiceStateForPhoneId:1848 com.android.internal.telephony.ITelephonyRegistry$Stub.onTransact:613 android.os.Binder.execTransactInternal:1473 
03-21 20:48:06.562  1587  8923 W ContextImpl: Calling a method in the system process without a qualified user: android.app.ContextImpl.sendBroadcastMultiplePermissions:1391 com.android.server.TelephonyRegistry.broadcastServiceStateChanged:4192 com.android.server.TelephonyRegistry.notifyServiceStateForPhoneId:1848 com.android.internal.telephony.ITelephonyRegistry$Stub.onTransact:613 android.os.Binder.execTransactInternal:1473 
03-21 20:48:06.570   844   878 I netd    : tetherGetStats() -> {[]} <1.39ms>
03-21 20:48:06.570  1587  1680 W libprocessgroup: SetCgroup::ExecuteForProcess: failed to open /dev/stune/background/cgroup.procs: No such file or directory
03-21 20:48:06.575  2237  2237 I Telephony: TelecomAccountRegistry$TelecomAccountTelephonyCallback: TelecomAccountRegistry: onServiceStateChanged: newState=0, mServiceState=0
03-21 20:48:06.575  2237  2237 W Telephony: registerMmTelCapabilityCallback: registration failed, no ImsService available. Exception: code: 1
03-21 20:48:06.577  2237  2237 I Telephony: isRttCurrentlySupported -- regular acct, hasVoiceAvailability: false
03-21 20:48:06.577  2237  2237 I Telephony:  isRttSupported: false
03-21 20:48:06.577  2237  2237 I Telephony:  alwaysAllowWhileRoaming: false
03-21 20:48:06.577  2237  2237 I Telephony:  isRoaming: false
03-21 20:48:06.577  2237  2237 I Telephony:  isOnWfc: false
03-21 20:48:06.582   881  2016 I WifiHAL : feature_set=0x8488141a
03-21 20:48:06.583  1587  1927 I HalDevMgr: bestIfaceCreationProposal is null, requestIface=STA, existingIface=[name=wlan0 type=STA]
03-21 20:48:06.964   625  2778 W libperfmgr: Failed to write to node: /dev/stune/top-app/schedtune.boost with value: 10, fd: -1
03-21 20:48:06.964   625  2778 W libperfmgr: Failed to write to node: /proc/sys/kernel/sched_boost with value: 0, fd: -1
03-21 20:48:07.001   844   878 I netd    : networkAddUidRangesParcel(NativeUidRangeConfig{netId: 105, uidRanges: [UidRangeParcel{start: 0, stop: 2147483647}], subPriority: 999}) <0.85ms>
03-21 20:48:07.002   844   878 I netd    : networkRemoveUidRangesParcel(NativeUidRangeConfig{netId: 105, uidRanges: [UidRangeParcel{start: 0, stop: 2147483647}], subPriority: 999}) <0.26ms>
03-21 20:48:07.027   852   992 I hwcomposer: [HWCDisplay] [Display_0 (type:1)] fps:0.539071,dur:3710.09,max:3628.98,min:81.11  
03-21 20:48:07.086   852  1054 I hwcomposer: [HWC] (0)fire a callback of refresh to SF[4]  
03-21 20:48:07.092   625  2778 W libperfmgr: Failed to write to node: /dev/stune/top-app/schedtune.boost with value: 10, fd: -1
03-21 20:48:07.092   625  2778 W libperfmgr: Failed to write to node: /proc/sys/kernel/sched_boost with value: 0, fd: -1
03-21 20:48:07.167   625  2778 W libperfmgr: Failed to write to node: /dev/stune/top-app/schedtune.boost with value: 10, fd: -1
03-21 20:48:07.168   625  2778 W libperfmgr: Failed to write to node: /proc/sys/kernel/sched_boost with value: 0, fd: -1
03-21 20:48:07.509  2458 24325 I NearbySharing: Network state changed: NetworkState(isRestricted=false, isOnline=true, isCongested=false, isMetered=false, isWifiConnected=true)
03-21 20:48:07.668   625  2778 W libperfmgr: Failed to write to node: /dev/stune/top-app/schedtune.boost with value: 10, fd: -1
03-21 20:48:07.668   625  2778 W libperfmgr: Failed to write to node: /proc/sys/kernel/sched_boost with value: 0, fd: -1
03-21 20:48:08.169   625  2778 W libperfmgr: Failed to write to node: /dev/stune/top-app/schedtune.boost with value: 10, fd: -1
03-21 20:48:08.169   625  2778 W libperfmgr: Failed to write to node: /proc/sys/kernel/sched_boost with value: 0, fd: -1
03-21 20:48:08.669   625  2778 W libperfmgr: Failed to write to node: /dev/stune/top-app/schedtune.boost with value: 10, fd: -1
03-21 20:48:08.669   625  2778 W libperfmgr: Failed to write to node: /proc/sys/kernel/sched_boost with value: 0, fd: -1
03-21 20:48:09.170   625  2778 W libperfmgr: Failed to write to node: /dev/stune/top-app/schedtune.boost with value: 10, fd: -1
03-21 20:48:09.170   625  2778 W libperfmgr: Failed to write to node: /proc/sys/kernel/sched_boost with value: 0, fd: -1
03-21 20:48:09.596   881  2016 I WifiHAL : feature_set=0x8488141a
03-21 20:48:09.597  1587  1927 I HalDevMgr: bestIfaceCreationProposal is null, requestIface=STA, existingIface=[name=wlan0 type=STA]
03-21 20:48:09.671   625  2778 W libperfmgr: Failed to write to node: /dev/stune/top-app/schedtune.boost with value: 10, fd: -1
03-21 20:48:09.671   625  2778 W libperfmgr: Failed to write to node: /proc/sys/kernel/sched_boost with value: 0, fd: -1
