--------- beginning of main
03-21 20:52:06.520   625  2778 W libperfmgr: Failed to write to node: /dev/stune/top-app/schedtune.boost with value: 10, fd: -1
03-21 20:52:06.520   625  2778 W libperfmgr: Failed to write to node: /proc/sys/kernel/sched_boost with value: 0, fd: -1
03-21 20:52:07.020   625  2778 W libperfmgr: Failed to write to node: /dev/stune/top-app/schedtune.boost with value: 10, fd: -1
03-21 20:52:07.020   625  2778 W libperfmgr: Failed to write to node: /proc/sys/kernel/sched_boost with value: 0, fd: -1
03-21 20:52:07.520   625  2778 W libperfmgr: Failed to write to node: /dev/stune/top-app/schedtune.boost with value: 10, fd: -1
03-21 20:52:07.520   625  2778 W libperfmgr: Failed to write to node: /proc/sys/kernel/sched_boost with value: 0, fd: -1
03-21 20:52:08.021   625  2778 W libperfmgr: Failed to write to node: /dev/stune/top-app/schedtune.boost with value: 10, fd: -1
03-21 20:52:08.021   625  2778 W libperfmgr: Failed to write to node: /proc/sys/kernel/sched_boost with value: 0, fd: -1
03-21 20:52:08.521   625  2778 W libperfmgr: Failed to write to node: /dev/stune/top-app/schedtune.boost with value: 10, fd: -1
03-21 20:52:08.521   625  2778 W libperfmgr: Failed to write to node: /proc/sys/kernel/sched_boost with value: 0, fd: -1
03-21 20:52:09.021   625  2778 W libperfmgr: Failed to write to node: /dev/stune/top-app/schedtune.boost with value: 10, fd: -1
03-21 20:52:09.021   625  2778 W libperfmgr: Failed to write to node: /proc/sys/kernel/sched_boost with value: 0, fd: -1
03-21 20:52:09.521   625  2778 W libperfmgr: Failed to write to node: /dev/stune/top-app/schedtune.boost with value: 10, fd: -1
03-21 20:52:09.522   625  2778 W libperfmgr: Failed to write to node: /proc/sys/kernel/sched_boost with value: 0, fd: -1
03-21 20:52:10.022   625  2778 W libperfmgr: Failed to write to node: /dev/stune/top-app/schedtune.boost with value: 10, fd: -1
03-21 20:52:10.022   625  2778 W libperfmgr: Failed to write to node: /proc/sys/kernel/sched_boost with value: 0, fd: -1
03-21 20:52:10.142 27698 27698 W libbinder.BackendUnifiedServiceManager: Thread Pool max thread count is 0. Cannot cache binder as linkToDeath cannot be implemented. serviceName: deviceidle
03-21 20:52:10.224 27700 27700 W libbinder.BackendUnifiedServiceManager: Thread Pool max thread count is 0. Cannot cache binder as linkToDeath cannot be implemented. serviceName: battery
03-21 20:52:10.307 27702 27702 W libbinder.BackendUnifiedServiceManager: Thread Pool max thread count is 0. Cannot cache binder as linkToDeath cannot be implemented. serviceName: deviceidle
03-21 20:52:10.522   625  2778 W libperfmgr: Failed to write to node: /dev/stune/top-app/schedtune.boost with value: 10, fd: -1
03-21 20:52:10.522   625  2778 W libperfmgr: Failed to write to node: /proc/sys/kernel/sched_boost with value: 0, fd: -1
03-21 20:52:11.022   625  2778 W libperfmgr: Failed to write to node: /dev/stune/top-app/schedtune.boost with value: 10, fd: -1
03-21 20:52:11.022   625  2778 W libperfmgr: Failed to write to node: /proc/sys/kernel/sched_boost with value: 0, fd: -1
03-21 20:52:11.523   625  2778 W libperfmgr: Failed to write to node: /dev/stune/top-app/schedtune.boost with value: 10, fd: -1
03-21 20:52:11.523   625  2778 W libperfmgr: Failed to write to node: /proc/sys/kernel/sched_boost with value: 0, fd: -1
03-21 20:52:12.023   625  2778 W libperfmgr: Failed to write to node: /dev/stune/top-app/schedtune.boost with value: 10, fd: -1
03-21 20:52:12.023   625  2778 W libperfmgr: Failed to write to node: /proc/sys/kernel/sched_boost with value: 0, fd: -1
03-21 20:52:12.523   625  2778 W libperfmgr: Failed to write to node: /dev/stune/top-app/schedtune.boost with value: 10, fd: -1
03-21 20:52:12.523   625  2778 W libperfmgr: Failed to write to node: /proc/sys/kernel/sched_boost with value: 0, fd: -1
03-21 20:52:13.023   625  2778 W libperfmgr: Failed to write to node: /dev/stune/top-app/schedtune.boost with value: 10, fd: -1
03-21 20:52:13.023   625  2778 W libperfmgr: Failed to write to node: /proc/sys/kernel/sched_boost with value: 0, fd: -1
03-21 20:52:13.524   625  2778 W libperfmgr: Failed to write to node: /dev/stune/top-app/schedtune.boost with value: 10, fd: -1
03-21 20:52:13.524   625  2778 W libperfmgr: Failed to write to node: /proc/sys/kernel/sched_boost with value: 0, fd: -1
03-21 20:52:14.024   625  2778 W libperfmgr: Failed to write to node: /dev/stune/top-app/schedtune.boost with value: 10, fd: -1
03-21 20:52:14.024   625  2778 W libperfmgr: Failed to write to node: /proc/sys/kernel/sched_boost with value: 0, fd: -1
03-21 20:52:14.524   625  2778 W libperfmgr: Failed to write to node: /dev/stune/top-app/schedtune.boost with value: 10, fd: -1
03-21 20:52:14.524   625  2778 W libperfmgr: Failed to write to node: /proc/sys/kernel/sched_boost with value: 0, fd: -1
03-21 20:52:15.024   625  2778 W libperfmgr: Failed to write to node: /dev/stune/top-app/schedtune.boost with value: 10, fd: -1
03-21 20:52:15.025   625  2778 W libperfmgr: Failed to write to node: /proc/sys/kernel/sched_boost with value: 0, fd: -1
03-21 20:52:15.525   625  2778 W libperfmgr: Failed to write to node: /dev/stune/top-app/schedtune.boost with value: 10, fd: -1
03-21 20:52:15.525   625  2778 W libperfmgr: Failed to write to node: /proc/sys/kernel/sched_boost with value: 0, fd: -1
03-21 20:52:16.025   625  2778 W libperfmgr: Failed to write to node: /dev/stune/top-app/schedtune.boost with value: 10, fd: -1
03-21 20:52:16.025   625  2778 W libperfmgr: Failed to write to node: /proc/sys/kernel/sched_boost with value: 0, fd: -1
03-21 20:52:16.080  2458 27689 I AlarmManager: setExactAndAllowWhileIdle [name: GCM_HB_ALARM type: 2 triggerAtMillis: 14871025]
03-21 20:52:16.100  2458 27689 I AlarmManager: setExactAndAllowWhileIdle [name: GCM_HB_ALARM type: 2 triggerAtMillis: 14871046]
03-21 20:52:16.100  2458 27704 I AlarmManager: setExactAndAllowWhileIdle [name: FcmRetry type: 2 triggerAtMillis: 14631044]
03-21 20:52:16.114   844   878 I netd    : tetherGetStats() -> {[]} <2.08ms>
--------- beginning of system
03-21 20:52:16.146  1587  1673 I ActivityManager: Start proc 27709:com.instagram.android/u0a390 for broadcast {com.instagram.android/com.google.firebase.iid.FirebaseInstanceIdReceiver}
03-21 20:52:16.207 27709 27709 I Zygote  : Process 27709 created for com.instagram.android
03-21 20:52:16.209 27709 27709 I stagram.android: Using CollectorTypeCMC GC.
03-21 20:52:16.399 27721 27721 W libbinder.BackendUnifiedServiceManager: Thread Pool max thread count is 0. Cannot cache binder as linkToDeath cannot be implemented. serviceName: deviceidle
03-21 20:52:16.443 27709 27709 W CrashLoopRemedyLog: unable to delete remedy log, instaCrash: false
03-21 20:52:16.444 27709 27709 W CrashLoopRemedyLog: unable to delete remedy log, instaCrash: true
03-21 20:52:16.492 27723 27723 W libbinder.BackendUnifiedServiceManager: Thread Pool max thread count is 0. Cannot cache binder as linkToDeath cannot be implemented. serviceName: battery
03-21 20:52:16.496 27709 27709 W lacrima : LacrimaConfigBuilder.setUserIdActorId not called, using 0
03-21 20:52:16.496 27709 27709 W lacrima : LacrimaConfigBuilder.setUserIdActingAccountId not called, using 0
03-21 20:52:16.525   625  2778 W libperfmgr: Failed to write to node: /dev/stune/top-app/schedtune.boost with value: 10, fd: -1
03-21 20:52:16.526   625  2778 W libperfmgr: Failed to write to node: /proc/sys/kernel/sched_boost with value: 0, fd: -1
03-21 20:52:16.545 27709 27728 E ashmem  : Pinning is deprecated since Android Q. Please use trim or other methods.
03-21 20:52:16.546 27709 27709 W lacrima : Start JavaAppDeathCrashDetector... X.0bf
03-21 20:52:16.544 27709 27709 W Lacrima_single_: type=1400 audit(0.0:1454): avc:  denied  { read } for  name="sdcard" dev="tmpfs" ino=99 scontext=u:r:untrusted_app_32:s0:c134,c257,c512,c768 tcontext=u:object_r:mnt_sdcard_file:s0 tclass=lnk_file permissive=0 app=com.instagram.android
03-21 20:52:16.548 27709 27709 W Lacrima_single_: type=1400 audit(0.0:1455): avc:  denied  { read } for  name="sdcard" dev="tmpfs" ino=99 scontext=u:r:untrusted_app_32:s0:c134,c257,c512,c768 tcontext=u:object_r:mnt_sdcard_file:s0 tclass=lnk_file permissive=0 app=com.instagram.android
03-21 20:52:16.553 27709 27709 W lacrima : Sending pending reports
03-21 20:52:16.566 27709 27709 W SoLoader: Initializing SoLoader: 2
03-21 20:52:16.566 27709 27709 W SoLoader: context.getApplicationContext returned null, holding reference to original context.ApplicationSoSource fallbacks to: /data/app/~~AQJuHT9CO4Ejisb0ujjQ0A==/com.instagram.android-2AvLbAJ7s7XRxIBd4Cn64Q==/lib/arm64
03-21 20:52:16.567 27709 27709 W SoLoader: Recording new base apk path: /data/app/~~AQJuHT9CO4Ejisb0ujjQ0A==/com.instagram.android-2AvLbAJ7s7XRxIBd4Cn64Q==/base.apk
03-21 20:52:16.567 27709 27709 W SoLoader: Previously recorded 0 base apk paths.
03-21 20:52:16.581 27709 27709 W SoLoader: SoLoader initialized: 2
03-21 20:52:16.581 27727 27727 W libbinder.BackendUnifiedServiceManager: Thread Pool max thread count is 0. Cannot cache binder as linkToDeath cannot be implemented. serviceName: deviceidle
03-21 20:52:16.592 27709 27709 W FbSoLoader: Initialized FBSoLoader
03-21 20:52:16.598 27709 27734 W Fixie   : Initialize IG_EARLY_NATIVE on thread: Lacrima_startup_1:1774115536461-8957059f-b75a-d732-2f05-ad49678f3e7f
03-21 20:52:16.598 27709 27734 W Fixie   : Initialize NoSyncFixer
03-21 20:52:16.632 27709 27734 I stagram.android: Thread[19,tid=27734,Native,Thread*=0xb4000075fd25d1b0,peer=0x23a0678,"Lacrima_startup_1:1774115536461-8957059f-b75a-d732-2f05-ad49678f3e7f"] recursive attempt to load library "/data/app/~~AQJuHT9CO4Ejisb0ujjQ0A==/com.instagram.android-2AvLbAJ7s7XRxIBd4Cn64Q==/lib/arm64/libfb.so"
03-21 20:52:16.644 27709 27709 W Lacrima_startup: type=1400 audit(0.0:1456): avc:  granted  { execute } for  path="/data/data/com.instagram.android/lib-compressed/libredexsharedmerged.so" dev="dm-41" ino=46429 scontext=u:r:untrusted_app_32:s0:c134,c257,c512,c768 tcontext=u:object_r:app_data_file:s0:c134,c257,c512,c768 tclass=file app=com.instagram.android
03-21 20:52:16.652 27709 27709 W Lacrima_startup: type=1400 audit(0.0:1457): avc:  granted  { execute } for  path="/data/data/com.instagram.android/lib-compressed/libdextricksmerged.so" dev="dm-41" ino=54481 scontext=u:r:untrusted_app_32:s0:c134,c257,c512,c768 tcontext=u:object_r:app_data_file:s0:c134,c257,c512,c768 tclass=file app=com.instagram.android
03-21 20:52:16.672 27709 27709 W Lacrima_startup: type=1400 audit(0.0:1458): avc:  granted  { execute } for  path="/data/data/com.instagram.android/lib-compressed/libloommerged_2.so" dev="dm-41" ino=46584 scontext=u:r:untrusted_app_32:s0:c134,c257,c512,c768 tcontext=u:object_r:app_data_file:s0:c134,c257,c512,c768 tclass=file app=com.instagram.android
03-21 20:52:16.688 27709 27709 W Lacrima_startup: type=1400 audit(0.0:1459): avc:  granted  { execute } for  path="/data/data/com.instagram.android/lib-compressed/libloommerged.so" dev="dm-41" ino=52298 scontext=u:r:untrusted_app_32:s0:c134,c257,c512,c768 tcontext=u:object_r:app_data_file:s0:c134,c257,c512,c768 tclass=file app=com.instagram.android
03-21 20:52:16.696 27709 27709 W Lacrima_startup: type=1400 audit(0.0:1460): avc:  granted  { execute } for  path="/data/data/com.instagram.android/lib-compressed/libpthread_interceptor.so" dev="dm-41" ino=46552 scontext=u:r:untrusted_app_32:s0:c134,c257,c512,c768 tcontext=u:object_r:app_data_file:s0:c134,c257,c512,c768 tclass=file app=com.instagram.android
03-21 20:52:16.704 27709 27709 W Lacrima_startup: type=1400 audit(0.0:1461): avc:  granted  { execute } for  path="/data/data/com.instagram.android/lib-compressed/libappstatelogger2.so" dev="dm-41" ino=49339 scontext=u:r:untrusted_app_32:s0:c134,c257,c512,c768 tcontext=u:object_r:app_data_file:s0:c134,c257,c512,c768 tclass=file app=com.instagram.android
03-21 20:52:16.763   844 27739 I resolv  : GetAddrInfoHandler::run: {102 102 102 983142 10390 0}
03-21 20:52:16.763   844 27739 I resolv  : GetAddrInfoHandler::run: network access blocked
03-21 20:52:16.764 27709 27738 E Indr    : Error while calling fetchUsers: Unable to resolve host "thedise.me": No address associated with hostname
03-21 20:52:16.769 27709 27734 W lacrima : The minidump file is empty!
03-21 20:52:16.778 27709 27734 W lacrima : Start AnrAppDeathDetector... X.0b5
03-21 20:52:16.881 27709 27709 W lacrima : LacrimaInitializer.init
03-21 20:52:16.882 27709 27709 W lacrima : Cannot find registered detector
03-21 20:52:16.883 27709 27709 W lacrima : Cannot find registered detector
03-21 20:52:16.883 27709 27709 W lacrima : Cannot find registered detector
03-21 20:52:16.884 27709 27709 W lacrima : Cannot find registered detector
03-21 20:52:16.884 27709 27709 W lacrima : Cannot find registered detector
03-21 20:52:16.930 27709 27734 W lacrima : Start AnrDetector... com.facebook.acra.anr.multisignal.MultiSignalANRDetector
03-21 20:52:16.931 27709 27734 W MultiSignalANRDetectorLacrima: Starting
03-21 20:52:16.931 27709 27734 W ProcessAnrErrorMonitor: startMonitoring with delay: 0
03-21 20:52:16.934 27709 27734 W NightwatchConfig: saveExitStatus false, useMmap true, monitorResources true, tickInfo 0, detectLmkd false, needNightWatch true
03-21 20:52:16.941 27709 27755 W ProcessAnrErrorMonitor: Starting process monitor checks for process 'com.instagram.android'
03-21 20:52:16.941 27709 27755 W MultiSignalANRDetectorLacrima: Started monitoring
03-21 20:52:16.963 27709 27754 W SigquitDetectorLacrima: nativeInit
03-21 20:52:16.977 27709 27734 I nightwatch-lib: watcher succeeded mmap /data/data/com.instagram.android/app_errorreporting/sess__000000144-1774115536461-8957059f-b75a-d732-2f05-ad49678f3e7f/nightwatch.txt
03-21 20:52:16.978 27709 27734 I nightwatch-target: created thread to monitor process resources
03-21 20:52:16.984 27709 27758 I nightwatch-target: monitor resources interval 500 ms
03-21 20:52:16.984 27709 27758 E nightwatch-target: /proc/zoneinfo open: errno=13
03-21 20:52:16.984 27709 27758 E nightwatch-target: sysmeminfo parse failed
03-21 20:52:17.001 27709 27747 W Fixie   : Initialize IG_NEED_INIT on thread: SIMPLE_WORKER5
03-21 20:52:17.012 27709 27747 W Fixie   : Initialize ProcessStatePolling
03-21 20:52:17.013 27709 27747 W Fixie   : Initialize ActivityManagerProtector
03-21 20:52:17.026   625  2778 W libperfmgr: Failed to write to node: /dev/stune/top-app/schedtune.boost with value: 10, fd: -1
03-21 20:52:17.026   625  2778 W libperfmgr: Failed to write to node: /proc/sys/kernel/sched_boost with value: 0, fd: -1
03-21 20:52:17.028 27709 27747 W Fixie   : Initialize ActivityThreadProtector
03-21 20:52:17.028 27709 27747 W Fixie   : Initialize BadNotificationDebugger
03-21 20:52:17.028 27709 27747 W Fixie   : Initialize ContentProviderFixer
03-21 20:52:17.029 27709 27747 W Fixie   : Initialize SharedPrefsANRFixer
03-21 20:52:17.032 27709 27747 W Fixie   : Initialize GcOptimizerFixer
03-21 20:52:17.032 27709 27747 W Fixie   : Initialize LimitNativeStackSizeFixer
03-21 20:52:17.032 27709 27747 W Fixie   : Initialize MemoryRedFixer
03-21 20:52:17.037 27709 27747 W Fixie   : Initialize TransactionTooLargeDebugger
03-21 20:52:17.037 27709 27747 W Fixie   : Initialize ForegroundServiceDebugger
03-21 20:52:17.038 27709 27747 W Fixie   : Initialize InstagramStartupOptimizer
03-21 20:52:17.040 27709 27734 W dalvik-internals: sigaction64 succeeded
03-21 20:52:17.045 27709 27734 I dalvik-internals: integrateWithCrashLog crashlog: /data/user/0/com.instagram.android/crash_log, insta_crashlog: /data/user/0/com.instagram.android/insta_crash_log
03-21 20:52:17.045 27709 27734 I dalvik-internals: installed sigmux crash handler for crash log
03-21 20:52:17.060 27709 27747 W Fixie   : Initialize PackageInfoCache
03-21 20:52:17.060 27709 27747 W Fixie   : Initialize ApplicationThreadHook
03-21 20:52:17.061 27709 27747 W Fixie   : Initialize MainThreadIpcMonitor
03-21 20:52:17.061 27709 27747 W Fixie   : Initialize AppCoordinator
03-21 20:52:17.120   595   595 I beanpodkeymaster: Enter BeanpodKeymaster BeginOperation
03-21 20:52:17.121   595   595 I beanpodkeymaster: cmd:4 Received 24 byte response
03-21 20:52:17.121   595   595 I beanpodkeymaster: Exit BeanpodKeymaster BeginOperation
03-21 20:52:17.139   595   595 I beanpodkeymaster: Enter BeanpodKeymaster UpdateOperation
03-21 20:52:17.139   595   595 I beanpodkeymaster: cmd:8 Received 315 byte response
03-21 20:52:17.140   595   595 I beanpodkeymaster: Exit BeanpodKeymaster UpdateOperation
03-21 20:52:17.141   595   595 I beanpodkeymaster: Enter BeanpodKeymaster FinishOperation
03-21 20:52:17.142   595   595 I beanpodkeymaster: cmd:c Received 20 byte response
03-21 20:52:17.142   595   595 I beanpodkeymaster: Exit BeanpodKeymaster FinishOperation
03-21 20:52:17.147 27709 27765 W QPLConfig: failed to load config
03-21 20:52:17.147 27709 27765 W QPLConfig: java.io.FileNotFoundException: /data/user/0/com.instagram.android/app_qpl/qpl_sampling_config_v2.null: open failed: ENOENT (No such file or directory)
03-21 20:52:17.147 27709 27765 W QPLConfig: 	at libcore.io.IoBridge.open(IoBridge.java:574)
03-21 20:52:17.147 27709 27765 W QPLConfig: 	at java.io.FileInputStream.<init>(FileInputStream.java:179)
03-21 20:52:17.147 27709 27765 W QPLConfig: 	at X.0xL.run(Unknown Source:88)
03-21 20:52:17.147 27709 27765 W QPLConfig: 	at X.0kf.run(Unknown Source:2)
03-21 20:52:17.147 27709 27765 W QPLConfig: 	at X.0ja.run(Unknown Source:7)
03-21 20:52:17.147 27709 27765 W QPLConfig: 	at X.0jS.run(Unknown Source:32)
03-21 20:52:17.147 27709 27765 W QPLConfig: 	at X.0ja.run(Unknown Source:7)
03-21 20:52:17.147 27709 27765 W QPLConfig: 	at java.util.concurrent.ThreadPoolExecutor.runWorker(ThreadPoolExecutor.java:1154)
03-21 20:52:17.147 27709 27765 W QPLConfig: 	at java.util.concurrent.ThreadPoolExecutor$Worker.run(ThreadPoolExecutor.java:652)
03-21 20:52:17.147 27709 27765 W QPLConfig: 	at java.lang.Thread.run(Thread.java:1563)
03-21 20:52:17.147 27709 27765 W QPLConfig: 	at X.0gi.run(Unknown Source:5)
03-21 20:52:17.147 27709 27765 W QPLConfig: Caused by: android.system.ErrnoException: open failed: ENOENT (No such file or directory)
03-21 20:52:17.147 27709 27765 W QPLConfig: 	at libcore.io.Linux.open(Native Method)
03-21 20:52:17.147 27709 27765 W QPLConfig: 	at libcore.io.ForwardingOs.open(ForwardingOs.java:574)
03-21 20:52:17.147 27709 27765 W QPLConfig: 	at libcore.io.BlockGuardOs.open(BlockGuardOs.java:274)
03-21 20:52:17.147 27709 27765 W QPLConfig: 	at libcore.io.ForwardingOs.open(ForwardingOs.java:574)
03-21 20:52:17.147 27709 27765 W QPLConfig: 	at android.app.AndroidForwardingOs.open(AndroidForwardingOs.java:120)
03-21 20:52:17.147 27709 27765 W QPLConfig: 	at libcore.io.IoBridge.open(IoBridge.java:560)
03-21 20:52:17.147 27709 27765 W QPLConfig: 	... 10 more
03-21 20:52:17.350   877   924 E Situation: processEvent, handle:24, flush_action:0
03-21 20:52:17.353   877  1861 E android.hardware.sensors-service.xiaomi-multihal: Decrementing wakelock ref count by 1 when count is 0
03-21 20:52:17.364 27709 27747 W Fixie   : Initialize IG_NEED_INIT_POST_QE on thread: SIMPLE_WORKER5
03-21 20:52:17.368  1587  7863 I PowerGroup: Waking up power group from Dozing (groupId=0, uid=10325, reason=WAKE_REASON_LIFT, details=com.android.systemui:NODOZE pickup)...
03-21 20:52:17.369  1587  7863 I PowerGroup: dreamManagerAttemptedDozing status changed to false for group 0
03-21 20:52:17.370  1587  7863 I PowerManagerService: Waking up from Dozing (uid=10325, reason=WAKE_REASON_LIFT, details=com.android.systemui:NODOZE pickup)...
03-21 20:52:17.380  1587  1708 I DisplayPowerController[0]: Blocking screen on until initial contents have been drawn.
03-21 20:52:17.385  1587  1680 W libprocessgroup: SetCgroup::ExecuteForProcess: failed to open /dev/stune/top-app/cgroup.procs: No such file or directory
03-21 20:52:17.398  1587  1587 W ProcessStats: Tracking association SourceState{5b32838 com.android.systemui/10325 BFgs #17204} whose proc state 4 is better than process ProcessState{56190f8 com.android.launcher3/10326 pkg=com.android.launcher3} proc state 5 (5 skipped)
03-21 20:52:17.407   877   877 E SensorManager: Correct handle(24) mindelay: 200000000 old: 1000000
03-21 20:52:17.412  1587  1708 I DisplayPowerController: Window Manager Policy screenTurningOn complete
03-21 20:52:17.412  1587  1708 I DisplayBrightnessStrategySelector: Changing the DisplayBrightnessStrategy from ScreenOffBrightnessStrategy to FallbackBrightnessStrategy for display 0
03-21 20:52:17.422   888  2646 W StNfcHal: ! i2cWrite!!, errno is 'I/O error'
03-21 20:52:17.426  1587  1708 I DisplayPowerController[0]: BrightnessEvent: brt=1.0(100.0%), nits=700.0, lux=-1.0, reason=manual, strat=FallbackBrightnessStrategy, state=ON, stateReason=DEFAULT_POLICY, policy=BRIGHT, flags=, initBrt=0.0, rcmdBrt=NaN, preBrt=NaN, preLux=0.0, wasShortTermModelActive=false, autoBrightness=false (default), unclampedBrt=1.0, hbmMax=1.0, hbmMode=sunlight, thrmMax=1.0, rbcStrength=50, powerFactor=1.0, physDisp=Built-in Screen(local:4627039422300187648), logicalId=0, slowChange=false, rampSpeed=0.0
03-21 20:52:17.427   888  2646 W StNfcHal: Idle data: 2nd byte is 0x40
03-21 20:52:17.427   888  2646 W StNfcHal: , reading next 2 bytes
03-21 20:52:17.429  2034  2034 E NotifRow: Magnetic state changed from IDLE to IDLE on a null swiped listener, or the logging key of the listener is null
03-21 20:52:17.430   625  2778 W libperfmgr: Failed to write to node: /dev/stune/top-app/schedtune.boost with value: 10, fd: -1
03-21 20:52:17.430   625  2778 W libperfmgr: Failed to write to node: /proc/sys/kernel/sched_boost with value: 0, fd: -1
03-21 20:52:17.431 27709 27709 W proxy_service: Should proxy traffic: false (country_check)
03-21 20:52:17.432   852   992 I hwcomposer: [HWCDisplay] [XMFP]: Display(0) SetPowerMode(2) fp_parallel:0  
03-21 20:52:17.433   888  2646 W StNfcHal: Idle data: 2nd byte is 0x40
03-21 20:52:17.433   888  2646 W StNfcHal: , reading next 2 bytes
03-21 20:52:17.440 27709 27745 W IGHttpEngineSupplier: No modification made to CONNECTION_POOL_MAX_IDLE_CONNECTIONS for UrlConnectionHttpStack. Not accessible on Android 10+.
03-21 20:52:17.441   877   877 I Accelerometer: batch: handle:0, flag:0,samplingPeriodNs:80000000 maxBatchReportLatencyNs:2000000000
03-21 20:52:17.443   877   877 I Accelerometer: enable: handle:0, en:1
03-21 20:52:17.449   877   877 E sensors.elliptic@2.0: Elliptic: batch() 0
03-21 20:52:17.449  1587  1972 I MR2ServiceImpl: Updating composite discovery preference | preference: RouteDiscoveryRequest{ preferredFeatures={}, activeScan=false }, active routers: []
03-21 20:52:17.450   877   877 E sensors.elliptic@2.0: Elliptic: activate() 0, 1
03-21 20:52:17.450   877   906 I Elliptic: nsorBase.h(74) : I : ACTIVATE sensor with Handle = 0
03-21 20:52:17.450   595   595 I beanpodkeymaster: Enter BeanpodKeymaster BeginOperation
03-21 20:52:17.451   595   595 I beanpodkeymaster: cmd:4 Received 24 byte response
03-21 20:52:17.451   595   595 I beanpodkeymaster: Exit BeanpodKeymaster BeginOperation
03-21 20:52:17.457   595   595 I beanpodkeymaster: Enter BeanpodKeymaster UpdateOperation
03-21 20:52:17.458   595   595 I beanpodkeymaster: cmd:8 Received 118 byte response
03-21 20:52:17.458   595   595 I beanpodkeymaster: Exit BeanpodKeymaster UpdateOperation
03-21 20:52:17.459   595   595 I beanpodkeymaster: Enter BeanpodKeymaster FinishOperation
03-21 20:52:17.459   595   595 I beanpodkeymaster: cmd:c Received 20 byte response
03-21 20:52:17.459   595   595 I beanpodkeymaster: Exit BeanpodKeymaster FinishOperation
03-21 20:52:17.464  3073 27777 I DeviceStatusMonitor: DeviceStatusMonitor.handleBroadcast():138 onReceive() : Action = android.intent.action.SCREEN_ON
03-21 20:52:17.465  3073 27777 I DeviceStatusMonitor: DeviceStatusMonitor.updateCountryInfo():154 updateCountryInfo(), notifyAnyway = false
03-21 20:52:17.473 27709 27745 W stagram.android: JNI RegisterNativeMethods: attempt to register 0 native methods for com.facebook.msys.mci.EventLoggingData
03-21 20:52:17.474  1587  1927 E SupplicantStaIfaceHalAidlImpl: ISupplicantStaIface.setSuspendModeEnabled failed with service specific exception: 
03-21 20:52:17.474  1587  1927 E SupplicantStaIfaceHalAidlImpl: android.os.ServiceSpecificException:  (code 1)
03-21 20:52:17.474  1587  1927 E SupplicantStaIfaceHalAidlImpl: 	at android.os.Parcel.createExceptionOrNull(Parcel.java:3387)
03-21 20:52:17.474  1587  1927 E SupplicantStaIfaceHalAidlImpl: 	at android.os.Parcel.createException(Parcel.java:3357)
03-21 20:52:17.474  1587  1927 E SupplicantStaIfaceHalAidlImpl: 	at android.os.Parcel.readException(Parcel.java:3340)
03-21 20:52:17.474  1587  1927 E SupplicantStaIfaceHalAidlImpl: 	at android.os.Parcel.readException(Parcel.java:3282)
03-21 20:52:17.474  1587  1927 E SupplicantStaIfaceHalAidlImpl: 	at com.android.wifi.x.android.hardware.wifi.supplicant.ISupplicantStaIface$Stub$Proxy.setSuspendModeEnabled(ISupplicantStaIface.java:2962)
03-21 20:52:17.474  1587  1927 E SupplicantStaIfaceHalAidlImpl: 	at com.android.server.wifi.SupplicantStaIfaceHalAidlImpl.setSuspendModeEnabled(SupplicantStaIfaceHalAidlImpl.java:2094)
03-21 20:52:17.474  1587  1927 E SupplicantStaIfaceHalAidlImpl: 	at com.android.server.wifi.SupplicantStaIfaceHal.setSuspendModeEnabled(SupplicantStaIfaceHal.java:1722)
03-21 20:52:17.474  1587  1927 E SupplicantStaIfaceHalAidlImpl: 	at com.android.server.wifi.WifiNative.setSuspendOptimizations(WifiNative.java:2831)
03-21 20:52:17.474  1587  1927 E SupplicantStaIfaceHalAidlImpl: 	at com.android.server.wifi.ClientModeImpl.setSuspendOptimizationsNative(ClientModeImpl.java:2763)
03-21 20:52:17.474  1587  1927 E SupplicantStaIfaceHalAidlImpl: 	at com.android.server.wifi.ClientModeImpl.-$$Nest$msetSuspendOptimizationsNative(ClientModeImpl.java:0)
03-21 20:52:17.474  1587  1927 E SupplicantStaIfaceHalAidlImpl: 	at com.android.server.wifi.ClientModeImpl$ConnectableState.processMessageImpl(ClientModeImpl.java:5053)
03-21 20:52:17.474  1587  1927 E SupplicantStaIfaceHalAidlImpl: 	at com.android.server.wifi.RunnerState.processMessage(RunnerState.java:82)
03-21 20:52:17.474  1587  1927 E SupplicantStaIfaceHalAidlImpl: 	at com.android.wifi.x.com.android.internal.util.StateMachine$SmHandler.processMsg(StateMachine.java:1007)
03-21 20:52:17.474  1587  1927 E SupplicantStaIfaceHalAidlImpl: 	at com.android.wifi.x.com.android.internal.util.StateMachine$SmHandler.handleMessage(StateMachine.java:820)
03-21 20:52:17.474  1587  1927 E SupplicantStaIfaceHalAidlImpl: 	at android.os.Handler.dispatchMessage(Handler.java:132)
03-21 20:52:17.474  1587  1927 E SupplicantStaIfaceHalAidlImpl: 	at android.os.Looper.dispatchMessage(Looper.java:333)
03-21 20:52:17.474  1587  1927 E SupplicantStaIfaceHalAidlImpl: 	at android.os.Looper.loopOnce(Looper.java:263)
03-21 20:52:17.474  1587  1927 E SupplicantStaIfaceHalAidlImpl: 	at android.os.Looper.loop(Looper.java:367)
03-21 20:52:17.474  1587  1927 E SupplicantStaIfaceHalAidlImpl: 	at android.os.HandlerThread.run(HandlerThread.java:139)
03-21 20:52:17.474   844   878 I netd    : networkAddUidRangesParcel(NativeUidRangeConfig{netId: 102, uidRanges: [UidRangeParcel{start: 0, stop: 2147483647}], subPriority: 998}) <0.58ms>
03-21 20:52:17.475   844   878 I netd    : networkRemoveUidRangesParcel(NativeUidRangeConfig{netId: 102, uidRanges: [UidRangeParcel{start: 0, stop: 2147483647}], subPriority: 998}) <0.49ms>
03-21 20:52:17.477  2034  2034 I KeyguardTransitionRepository: STARTED transition: TransitionStep(from=DOZING, to=LOCKSCREEN, value=0.0, transitionState=STARTED, ownerName=FromDozingTransitionInteractor(listenForDozingToAny))
03-21 20:52:17.477   595   595 I beanpodkeymaster: Enter BeanpodKeymaster BeginOperation
03-21 20:52:17.478   595   595 I beanpodkeymaster: cmd:4 Received 24 byte response
03-21 20:52:17.478   595   595 I beanpodkeymaster: Exit BeanpodKeymaster BeginOperation
03-21 20:52:17.479   855   855 W AudioALSADeviceConfigManager: ApplyDeviceTurnoffSequenceByName(), DeviceName = ultrasound-proximity-speaker DeviceStatusCounter < 0
03-21 20:52:17.480   595   595 I beanpodkeymaster: Enter BeanpodKeymaster UpdateOperation
03-21 20:52:17.481   595   595 I beanpodkeymaster: cmd:8 Received 80 byte response
03-21 20:52:17.481   595   595 I beanpodkeymaster: Exit BeanpodKeymaster UpdateOperation
03-21 20:52:17.481   877   877 I Light   : batch: handle:4, flag:0,samplingPeriodNs:200000000 maxBatchReportLatencyNs:0
03-21 20:52:17.482   877   877 I Light   : enable: handle:4, en:1 
03-21 20:52:17.483   595   595 I beanpodkeymaster: Enter BeanpodKeymaster FinishOperation
03-21 20:52:17.484   595   595 I beanpodkeymaster: cmd:c Received 20 byte response
03-21 20:52:17.484   595   595 I beanpodkeymaster: Exit BeanpodKeymaster FinishOperation
03-21 20:52:17.485 27709 27758 E nightwatch-target: /proc/zoneinfo open: errno=13
03-21 20:52:17.485 27709 27758 E nightwatch-target: sysmeminfo parse failed
03-21 20:52:17.492  2458 29573 I NullBinder: NullBinder for android.net.action.RECOMMEND_NETWORKS triggering remote TransactionTooLargeException due to Service without Chimera impl, calling uid: 1000, calling pid: 0
03-21 20:52:17.493  2458 29573 W libbinder.Binder: Large reply transaction of 1056768 bytes, interface descriptor , code 1, flags 17
03-21 20:52:17.498   914   988 E surfaceflinger: == MALI DEBUG ===eglp_winsys_populate_image_templates ==12288
03-21 20:52:17.499  1587  1708 I DisplayPowerController[0]: Unblocked screen on after 119 ms
03-21 20:52:17.499   877   877 I Situation: batch: handle:26, flag:0,samplingPeriodNs:66667000 maxBatchReportLatencyNs:0
03-21 20:52:17.500   877   877 I Situation: enable: handle:26, en:1 
03-21 20:52:17.501   855   855 E AudioALSADeviceConfigManager: setMixerCtl(), Error: Unsupport mixer ctl type 6, cltName = SpkrLeft Sia81xx Audio Scene, cltValue = Playback
03-21 20:52:17.501   855   855 E AudioALSADeviceConfigManager: AUD_ASSERT(0) fail: "vendor/mediatek/proprietary/hardware/audio/common/V3/aud_drv/AudioALSADeviceConfigManager.cpp", 478L
03-21 20:52:17.501   855   855 E AudioALSADeviceConfigManager: Error: ApplyDeviceTurnonSequenceByName  cltname.string () = SpkrLeft Sia81xx Audio Scene cltvalue.string () = Playback
03-21 20:52:17.501   855   855 E AudioALSADeviceConfigManager: AUD_ASSERT(false) fail: "vendor/mediatek/proprietary/hardware/audio/common/V3/aud_drv/AudioALSADeviceConfigManager.cpp", 500L
03-21 20:52:17.501   855   855 E AudioALSADeviceConfigManager: setMixerCtl(), Error: Unsupport mixer ctl type 6, cltName = SpkrRight Sia81xx Audio Scene, cltValue = Playback
03-21 20:52:17.501   855   855 E AudioALSADeviceConfigManager: AUD_ASSERT(0) fail: "vendor/mediatek/proprietary/hardware/audio/common/V3/aud_drv/AudioALSADeviceConfigManager.cpp", 478L
03-21 20:52:17.501   855   855 E AudioALSADeviceConfigManager: Error: ApplyDeviceTurnonSequenceByName  cltname.string () = SpkrRight Sia81xx Audio Scene cltvalue.string () = Playback
03-21 20:52:17.501   855   855 E AudioALSADeviceConfigManager: AUD_ASSERT(false) fail: "vendor/mediatek/proprietary/hardware/audio/common/V3/aud_drv/AudioALSADeviceConfigManager.cpp", 500L
03-21 20:52:17.501   855   855 E AudioALSADeviceConfigManager: setMixerCtl(), Error: Unsupport mixer ctl type 6, cltName = SpkrRight Sia81xx Power, cltValue = On
03-21 20:52:17.501   855   855 E AudioALSADeviceConfigManager: AUD_ASSERT(0) fail: "vendor/mediatek/proprietary/hardware/audio/common/V3/aud_drv/AudioALSADeviceConfigManager.cpp", 478L
03-21 20:52:17.501   855   855 E AudioALSADeviceConfigManager: Error: ApplyDeviceTurnonSequenceByName  cltname.string () = SpkrRight Sia81xx Power cltvalue.string () = On
03-21 20:52:17.501   855   855 E AudioALSADeviceConfigManager: AUD_ASSERT(false) fail: "vendor/mediatek/proprietary/hardware/audio/common/V3/aud_drv/AudioALSADeviceConfigManager.cpp", 500L
03-21 20:52:17.501   855   855 E AudioALSADeviceConfigManager: setMixerCtl(), Error: Unsupport mixer ctl type 6, cltName = SpkrLeft Sia81xx Power, cltValue = On
03-21 20:52:17.502   855   855 E AudioALSADeviceConfigManager: AUD_ASSERT(0) fail: "vendor/mediatek/proprietary/hardware/audio/common/V3/aud_drv/AudioALSADeviceConfigManager.cpp", 478L
03-21 20:52:17.502   855   855 E AudioALSADeviceConfigManager: Error: ApplyDeviceTurnonSequenceByName  cltname.string () = SpkrLeft Sia81xx Power cltvalue.string () = On
03-21 20:52:17.502   855   855 E AudioALSADeviceConfigManager: AUD_ASSERT(false) fail: "vendor/mediatek/proprietary/hardware/audio/common/V3/aud_drv/AudioALSADeviceConfigManager.cpp", 500L
03-21 20:52:17.502   855   855 E AudioDspStreamManager: startTasks_l() but size 0
03-21 20:52:17.503   855   855 W AudioALSADriverUtility: mixerCtrlGetValueByName() fail, Lineout_PGAL_GAIN id 0
03-21 20:52:17.504   844 27787 I resolv  : GetAddrInfoHandler::run: {102 102 102 983142 10390 0}
03-21 20:52:17.504   844 27787 I resolv  : GetAddrInfoHandler::run: network access blocked
03-21 20:52:17.504   877   907 W Elliptic: ioNotify.h(80) : W : AudioNotify: enable >> ultrasound-proximity=1
03-21 20:52:17.507   844 27788 I resolv  : GetAddrInfoHandler::run: {102 102 102 983142 10390 0}
03-21 20:52:17.507   844 27788 I resolv  : GetAddrInfoHandler::run: network access blocked
03-21 20:52:17.547 27709 27709 W FrscLanguagePackLoader: Loading FRSC strings for locale (en)
03-21 20:52:17.550 27709 27793 W FrscLanguagePackLoader: FRSC English strings buffer size - (limit : 751440, capacity : 751440)
03-21 20:52:17.611 27709 27747 W FrscLanguagePack: FRSC English string not found for ID #0x7f11002d
03-21 20:52:17.614   877   924 E Situation: processEvent, handle:26, flush_action:0
03-21 20:52:17.615   625  2778 W libperfmgr: Failed to write to node: /dev/stune/top-app/schedtune.boost with value: 50, fd: -1
03-21 20:52:17.615   625  2778 W libperfmgr: Failed to write to node: /proc/sys/kernel/sched_boost with value: 2, fd: -1
03-21 20:52:17.663  1151  1333 I [GF_HAL][gf_hal]: [gf_hal_screen_on]
03-21 20:52:17.663  1587  1997 I LocalDisplayAdapter: SF.setDisplayPowerMode took 232ms
03-21 20:52:17.663   914   914 I SurfaceFlinger: Display 4627039422300187648 policy changed
03-21 20:52:17.663   914   914 I SurfaceFlinger: Previous: {defaultModeId=0, allowGroupSwitching=false, primaryRanges={physical=[0.00 Hz, 90.00 Hz], render=[0.00 Hz, 60.00 Hz]}, appRequestRanges={physical=[0.00 Hz, 90.00 Hz], render=[0.00 Hz, 60.00 Hz]} idleScreenConfig=nullptr}
03-21 20:52:17.663   914   914 I SurfaceFlinger: Current:  DisplayManagerPolicy{defaultModeId=1, allowGroupSwitching=false, primaryRanges={physical=[90.00 Hz, 90.00 Hz], render=[90.00 Hz, 90.00 Hz]}, appRequestRanges={physical=[0.00 Hz, 90.00 Hz], render=[0.00 Hz, 90.00 Hz]} idleScreenConfig=nullptr}
03-21 20:52:17.663   914   914 I SurfaceFlinger: 1 mode changes were performed under the previous policy
03-21 20:52:17.664  1151  1333 E [GF_HAL][gf_hal_milan]: [hal_milan_invoke_command] err=GF_SUCCESS, errno=0. reset g_hal_over_current_count to 0!
03-21 20:52:17.665  1587  1655 I DisplayDeviceRepository: Display device changed: DisplayDeviceInfo{"Built-in Screen": uniqueId="local:4627039422300187648", 1080 x 2400, modeId 1, renderFrameRate 60.0, hasArrSupport false, frameRateCategoryRate FrameRateCategoryRate {normal=60.0, high=90.0}, supportedRefreshRates [60.0, 90.0], defaultModeId 1, userPreferredModeId -1, supportedModes [{id=1, parentModeId=-1, flags=, width=1080, height=2400, fps=60.0, vsync=60.0, alternativeRefreshRates=[90.0], supportedHdrTypes=[]}, {id=2, parentModeId=-1, flags=, width=1080, height=2400, fps=90.0, vsync=90.0, alternativeRefreshRates=[60.0], supportedHdrTypes=[]}], colorMode 0, supportedColorModes [0], hdrCapabilities HdrCapabilities{mSupportedHdrTypes=[], mMaxLuminance=500.0, mMaxAverageLuminance=500.0, mMinLuminance=0.0}, isForceSdr false, allmSupported false, gameContentTypeSupported false, density 420, 409.432 x 409.127 dpi, appVsyncOff 1000000, presDeadline 16666667, cutout DisplayCutout{insets=Rect(0, 93 - 0, 0) waterfall=Insets{left=0, top=0, right=0, bottom=0} boundingRect={Bounds=[Rect(0, 0 - 0, 0), Rect(503, 0 - 577, 93), Rect(0, 0 - 0, 0), Rect(0, 0 - 0, 0)]} cutoutPathParserInfo={CutoutPathParserInfo{displayWidth=1080 displayHeight=2400 physicalDisplayWidth=1080 physicalDisplayHeight=2400 density={2.625} cutoutSpec={M 0,0 H -37 V 93 H 37 V 0 H 0 Z} rotation={0} scale={1.0} physicalPixelDisplaySizeRatio={1.0}}} sideOverrides={}}, touch INTERNAL, rotation 0, type INTERNAL, address {port=0, model=0x40368bd6e7ee6c}, deviceProductInfo DeviceProductInfo{name=MTKDEV, manufacturerPnpId=MTK, productId=35638, modelYear=null, manufactureDate=ManufactureDate{week=42, year=2021}, connectionToSinkType=1, edidStructureMetadata=EdidStructureMetadata{version=0, revision=0}, videoInputType=0}, state ON, committedState ON, frameRateOverride , brightnessMinimum 0.0, brightnessMaximum 1.0, brightnessDefault 0.109428436, brightnessDim 8.54597E-4, hdrSdrRatio NaN, roundedCorners RoundedCorners{[RoundedCorner{position=TopLeft, radius=106, center=Point(106, 106)}, RoundedCorner{position=TopRight, radius=106, center=Point(974, 106)}, RoundedCorner{position=BottomRight, radius=106, center=Point(974, 2294)}, RoundedCorner{position=BottomLeft, radius=106, center=Point(106, 2294)}]}, FLAG_ALLOWED_TO_BE_DEFAULT_DISPLAY, FLAG_ROTATES_WITH_CONTENT, FLAG_SECURE, FLAG_SUPPORTS_PROTECTED_BUFFERS, FLAG_PRESENTATION, FLAG_TRUSTED, installOrientation 0, displayShape DisplayShape{ spec=-1893857183 displayWidth=1080 displayHeight=2400 physicalPixelDisplaySizeRatio=1.0 rotation=0 offsetX=0 offsetY=0 scale=1.0}}
03-21 20:52:17.665  1587  1655 I DisplayDeviceRepository: Display device same: DisplayDeviceInfo{"Built-in Screen": uniqueId="local:4627039422300187648", 1080 x 2400, modeId 1, renderFrameRate 60.0, hasArrSupport false, frameRateCategoryRate FrameRateCategoryRate {normal=60.0, high=90.0}, supportedRefreshRates [60.0, 90.0], defaultModeId 1, userPreferredModeId -1, supportedModes [{id=1, parentModeId=-1, flags=, width=1080, height=2400, fps=60.0, vsync=60.0, alternativeRefreshRates=[90.0], supportedHdrTypes=[]}, {id=2, parentModeId=-1, flags=, width=1080, height=2400, fps=90.0, vsync=90.0, alternativeRefreshRates=[60.0], supportedHdrTypes=[]}], colorMode 0, supportedColorModes [0], hdrCapabilities HdrCapabilities{mSupportedHdrTypes=[], mMaxLuminance=500.0, mMaxAverageLuminance=500.0, mMinLuminance=0.0}, isForceSdr false, allmSupported false, gameContentTypeSupported false, density 420, 409.432 x 409.127 dpi, appVsyncOff 1000000, presDeadline 16666667, cutout DisplayCutout{insets=Rect(0, 93 - 0, 0) waterfall=Insets{left=0, top=0, right=0, bottom=0} boundingRect={Bounds=[Rect(0, 0 - 0, 0), Rect(503, 0 - 577, 93), Rect(0, 0 - 0, 0), Rect(0, 0 - 0, 0)]} cutoutPathParserInfo={CutoutPathParserInfo{displayWidth=1080 displayHeight=2400 physicalDisplayWidth=1080 physicalDisplayHeight=2400 density={2.625} cutoutSpec={M 0,0 H -37 V 93 H 37 V 0 H 0 Z} rotation={0} scale={1.0} physicalPixelDisplaySizeRatio={1.0}}} sideOverrides={}}, touch INTERNAL, rotation 0, type INTERNAL, address {port=0, model=0x40368bd6e7ee6c}, deviceProductInfo DeviceProductInfo{name=MTKDEV, manufacturerPnpId=MTK, productId=35638, modelYear=null, manufactureDate=ManufactureDate{week=42, year=2021}, connectionToSinkType=1, edidStructureMetadata=EdidStructureMetadata{version=0, revision=0}, videoInputType=0}, state ON, committedState ON, frameRateOverride , brightnessMinimum 0.0, brightnessMaximum 1.0, brightnessDefault 0.109428436, brightnessDim 8.54597E-4, hdrSdrRatio NaN, roundedCorners RoundedCorners{[RoundedCorner{position=TopLeft, radius=106, center=Point(106, 106)}, RoundedCorner{position=TopRight, radius=106, center=Point(974, 106)}, RoundedCorner{position=BottomRight, radius=106, center=Point(974, 2294)}, RoundedCorner{position=BottomLeft, radius=106, center=Point(106, 2294)}]}, FLAG_ALLOWED_TO_BE_DEFAULT_DISPLAY, FLAG_ROTATES_WITH_CONTENT, FLAG_SECURE, FLAG_SUPPORTS_PROTECTED_BUFFERS, FLAG_PRESENTATION, FLAG_TRUSTED, installOrientation 0, displayShape DisplayShape{ spec=-1893857183 displayWidth=1080 displayHeight=2400 physicalPixelDisplaySizeRatio=1.0 rotation=0 offsetX=0 offsetY=0 scale=1.0}}
03-21 20:52:17.665  1587  1655 I InputManager-JNI: Viewport [0] to add: local:4627039422300187648, isActive: true
03-21 20:52:17.665  1587  1708 W PowerManagerService: Screen on took 298 ms
03-21 20:52:17.666   852   992 I hwcomposer: [HWC] (0) displaySetActiveConfig config:1  
03-21 20:52:17.666  1587  1903 I InputReader: Reconfiguring input devices, changes=DISPLAY_INFO
03-21 20:52:17.666  1587  1903 I InputReader: Device reconfigured: id=4, name='fts_ts', size 1080x2400, orientation Rotation0, mode DIRECT, display id 0
03-21 20:52:17.667  1032  1082 E flp     : mnld_screen_monitor_thread: Screen on
03-21 20:52:17.667  1032  1082 E flp     : mnld_screen_monitor_thread: Wake Monitor Restart
03-21 20:52:17.669   852   992 I hwcomposer: [HWCDisplay] [Display_0 (type:1)] fps:0.083987,dur:59533.26,max:59488.55,min:11.05  
03-21 20:52:17.669   852  1056 E hwcomposer: [JOB] (0) Handle a job with no visible layer  
03-21 20:52:17.671   852  1056 E hwcomposer: [JOB] (0) Handle a job with no visible layer  
03-21 20:52:17.672  1587  1653 I DisplayDevice: [0] Layerstack set to 0 for local:4627039422300187648
03-21 20:52:17.674  1587  1657 I ImeTracker: system_server:1007b5e0: onRequestShow at ORIGIN_SERVER reason CONTROLS_CHANGED fromUser false
03-21 20:52:17.675 27709 27747 W FrscLanguagePack: FRSC English string not found for ID #0x7f11002d
03-21 20:52:17.675  1587  1708 I DreamManagerService: Gently waking up from dream.
03-21 20:52:17.680   852  1056 E hwcomposer: [JOB] (0) Handle a job with no visible layer  
03-21 20:52:17.680   914   914 I SurfaceFlinger: Display 4627039422300187648 policy changed
03-21 20:52:17.680   914   914 I SurfaceFlinger: Previous: {defaultModeId=1, allowGroupSwitching=false, primaryRanges={physical=[90.00 Hz, 90.00 Hz], render=[90.00 Hz, 90.00 Hz]}, appRequestRanges={physical=[0.00 Hz, 90.00 Hz], render=[0.00 Hz, 90.00 Hz]} idleScreenConfig=nullptr}
03-21 20:52:17.680   914   914 I SurfaceFlinger: Current:  DisplayManagerPolicy{defaultModeId=1, allowGroupSwitching=false, primaryRanges={physical=[90.00 Hz, 90.00 Hz], render=[90.00 Hz, 90.00 Hz]}, appRequestRanges={physical=[90.00 Hz, 90.00 Hz], render=[90.00 Hz, 90.00 Hz]} idleScreenConfig=nullptr}
03-21 20:52:17.680   914   914 I SurfaceFlinger: 1 mode changes were performed under the previous policy
03-21 20:52:17.681  1587  1655 I DisplayDeviceRepository: Display device changed render timings: "Built-in Screen", renderFrameRate=90.0, presentationDeadlineNanos=17111111, appVsyncOffsetNanos=1000000, frameRateOverrides=[]
03-21 20:52:17.683 26664 26664 I ImeTracker: system_server:1007b5e0: onCancelled at PHASE_CLIENT_ON_CONTROLS_CHANGED
03-21 20:52:17.685 27709 27747 W FrscLanguagePack: FRSC English string not found for ID #0x7f11002d
03-21 20:52:17.685  1587  8923 I DreamManagerService: Leaving dreamland.
03-21 20:52:17.688  1587  1652 I DreamController: Stopping dream: name=ComponentInfo{com.android.systemui/com.android.systemui.doze.DozeService}, isPreviewMode=false, canDoze=true, userId=0, reason='finished self'(from 'power manager request')
03-21 20:52:17.689 27709 27764 W IgSharedPreferences: getAll was used, which can cause ConcurrentModificationExceptions
03-21 20:52:17.689 27709 27764 W IgSharedPreferences: java.lang.Throwable
03-21 20:52:17.689 27709 27764 W IgSharedPreferences: 	at X.0dO.getAll(Unknown Source:9)
03-21 20:52:17.689 27709 27764 W IgSharedPreferences: 	at X.1q5.run(Unknown Source:4)
03-21 20:52:17.689 27709 27764 W IgSharedPreferences: 	at X.0ja.run(Unknown Source:7)
03-21 20:52:17.689 27709 27764 W IgSharedPreferences: 	at java.util.concurrent.ThreadPoolExecutor.runWorker(ThreadPoolExecutor.java:1154)
03-21 20:52:17.689 27709 27764 W IgSharedPreferences: 	at java.util.concurrent.ThreadPoolExecutor$Worker.run(ThreadPoolExecutor.java:652)
03-21 20:52:17.689 27709 27764 W IgSharedPreferences: 	at java.lang.Thread.run(Thread.java:1563)
03-21 20:52:17.689 27709 27764 W IgSharedPreferences: 	at X.0gi.run(Unknown Source:5)
03-21 20:52:17.690  1587  1657 I ImeTracker: system_server:769f6a5a: onRequestShow at ORIGIN_SERVER reason CONTROLS_CHANGED fromUser false
03-21 20:52:17.692 26664 26664 I ImeTracker: system_server:769f6a5a: onCancelled at PHASE_CLIENT_ON_CONTROLS_CHANGED
03-21 20:52:17.694 27709 27744 W RageShakeDialogProviderImpl: onUserSessionStart start
03-21 20:52:17.695 27709 27744 W RageShakeSensorHelper: initInstance Initialized | rageShakeEnabled=true | shakeForceThreshold=18.042845
03-21 20:52:17.699  3073  3073 I PkDeviceHelper: PkDeviceHelper.refreshDevices():87 refreshing devices
03-21 20:52:17.700  1587  1657 I ImeTracker: system_server:43272ba3: onRequestShow at ORIGIN_SERVER reason CONTROLS_CHANGED fromUser false
03-21 20:52:17.702 26664 26664 I ImeTracker: system_server:43272ba3: onCancelled at PHASE_CLIENT_ON_CONTROLS_CHANGED
03-21 20:52:17.703   877   877 I Situation: enable: handle:24, en:0 
03-21 20:52:17.704   914   988 E surfaceflinger: == MALI DEBUG ===eglp_winsys_populate_image_templates ==12288
03-21 20:52:17.710   914   988 E surfaceflinger: == MALI DEBUG ===eglp_winsys_populate_image_templates ==12288
03-21 20:52:17.720 27709 27709 W SIMPLE_WORKER1: type=1400 audit(0.0:1493): avc:  granted  { execute } for  path="/data/data/com.instagram.android/lib-compressed/libmediacodechooks_jni.so" dev="dm-41" ino=46600 scontext=u:r:untrusted_app_32:s0:c134,c257,c512,c768 tcontext=u:object_r:app_data_file:s0:c134,c257,c512,c768 tclass=file app=com.instagram.android
03-21 20:52:17.736 27709 27709 W pool-17-thread-: type=1400 audit(0.0:1494): avc:  granted  { execute } for  path="/data/data/com.instagram.android/lib-compressed/libxplat_timeinappcore_timeinappcore-nonnativesqliteAndroid.so" dev="dm-41" ino=48867 scontext=u:r:untrusted_app_32:s0:c134,c257,c512,c768 tcontext=u:object_r:app_data_file:s0:c134,c257,c512,c768 tclass=file app=com.instagram.android
03-21 20:52:17.736 27709 27709 W pool-17-thread-: type=1400 audit(0.0:1495): avc:  granted  { execute } for  path="/data/data/com.instagram.android/lib-compressed/libtimeinapp-jni.so" dev="dm-41" ino=51228 scontext=u:r:untrusted_app_32:s0:c134,c257,c512,c768 tcontext=u:object_r:app_data_file:s0:c134,c257,c512,c768 tclass=file app=com.instagram.android
03-21 20:52:17.740   852  1055 W hwcomposer: [DRMDEV] paramIsSame(), id 1147, w 1080/1080, h 93/93, pitch 1088/1088, format 0x2/0x1, secure 0/0  
03-21 20:52:17.742 27709 27747 W FederatedAnalyticsEventManager: Exception when de-serializing federated analytics config: falcob64gzj:eJztUstOxDAM/JVVz3uBI3f4CYQsN5l0rU2TKna6VIh/R93CPqB75QJXjzUez8xbE2qMEwV4FDZ4wohk2jxsnpvA1EOVO5AieaWudwvebDeNGmJkCkySDIWdSU5nuD+0pBxAbckHldSdIY9RHKjPHpFcrskuWHsuRl1kVehMvgMXa8FH1KBGq4opcY+FXDySSRB4YlVR42Skkxr6mS3ajgI3L9tNM3Ax4Zv/O8RIlg8o3/FVpVy9ZBoiTy27PSlUJSedd0PryPKwp6EgyOs8qopCo6gYXxv3g9fxYLVgIWLyubYRFHPXXbl69ObmRyd/zpZENiR3sbkoJclKq+ro7qZwGu+X0Jl0SraDiZu1n9RlV2NV+ox+LsuIi8tzGsdcn75Gj3+xh2vf/7fw91r4/gEt7una
03-21 20:52:17.742 27709 27747 W FederatedAnalyticsEventManager: org.json.JSONException: Value falcob64gzj of type java.lang.String cannot be converted to JSONObject
03-21 20:52:17.742 27709 27747 W FederatedAnalyticsEventManager: 	at org.json.JSON.typeMismatch(JSON.java:112)
03-21 20:52:17.742 27709 27747 W FederatedAnalyticsEventManager: 	at org.json.JSONObject.<init>(JSONObject.java:172)
03-21 20:52:17.742 27709 27747 W FederatedAnalyticsEventManager: 	at org.json.JSONObject.<init>(JSONObject.java:185)
03-21 20:52:17.742 27709 27747 W FederatedAnalyticsEventManager: 	at X.1cK.run(Unknown Source:22)
03-21 20:52:17.742 27709 27747 W FederatedAnalyticsEventManager: 	at X.0ja.run(Unknown Source:7)
03-21 20:52:17.742 27709 27747 W FederatedAnalyticsEventManager: 	at X.0ja.run(Unknown Source:7)
03-21 20:52:17.742 27709 27747 W FederatedAnalyticsEventManager: 	at X.0gY.run(Unknown Source:102)
03-21 20:52:17.744 27709 27815 W VideoCapabilities: Unsupported mime image/vnd.android.heic
03-21 20:52:17.744 27709 27815 W VideoCapabilities: Unsupported mime image/vnd.android.heic
03-21 20:52:17.745 27709 27747 E PendingMediaStoreSerializer: deserialize start
03-21 20:52:17.745 27709 27747 E PendingMediaStoreSerializer: start reading pending media
03-21 20:52:17.745 27709 27709 W ServiceInfoParser: X.23i: Service com.facebook.browser.lite.BrowserLiteIntentService is missing meta key com.facebook.common.jobscheduler.compat.jobIds
03-21 20:52:17.745 27709 27709 W ServiceInfoParser: X.23i: Service com.facebook.browser.lite.BrowserLiteInMainProcessIntentService is missing meta key com.facebook.common.jobscheduler.compat.jobIds
03-21 20:52:17.745 27709 27709 W ServiceInfoParser: X.23i: Service com.instagram.creation.location.NearbyVenuesService is missing meta key com.facebook.common.jobscheduler.compat.jobIds
03-21 20:52:17.745 27709 27709 W ServiceInfoParser: X.23i: Service com.instagram.contacts.ccu.intf.CCUJobService is missing meta key com.facebook.common.jobscheduler.compat.jobIds
03-21 20:52:17.745 27709 27709 W ServiceInfoParser: X.23i: Service com.instagram.lazyload.download.ModuleDownloadJobService is missing meta key com.facebook.common.jobscheduler.compat.jobIds
03-21 20:52:17.746 27709 27709 W ServiceInfoParser: X.23i: Service com.instagram.pendingmedia.service.impl.UploadRetryJobService is missing meta key com.facebook.common.jobscheduler.compat.jobIds
03-21 20:52:17.746 27709 27709 W ServiceInfoParser: X.23i: Service com.instagram.publisher.TransactionRevivalJobService is missing meta key com.facebook.common.jobscheduler.compat.jobIds
03-21 20:52:17.746 27709 27709 W ServiceInfoParser: X.23i: Service com.instagram.publisher.HeartbeatJobService is missing meta key com.facebook.common.jobscheduler.compat.jobIds
03-21 20:52:17.746 27709 27747 E PendingMediaStoreSerializer: Set the submedia on albums
03-21 20:52:17.746 27709 27709 W ServiceInfoParser: X.23i: Service com.facebook.common.dextricks.DexOptimization$Service is missing meta key com.facebook.common.jobscheduler.compat.jobIds
03-21 20:52:17.746 27709 27747 E PendingMediaStoreSerializer: Set the submedia on post threads
03-21 20:52:17.746 27709 27747 E PendingMediaStoreSerializer: deserialize is done. start calling callbacks
03-21 20:52:17.746 27709 27709 W ServiceInfoParser: X.23i: Service com.facebook.common.dextricks.DexOptimizationJobService is missing meta key com.facebook.common.jobscheduler.compat.jobIds
03-21 20:52:17.746 27709 27747 E PendingMediaStoreSerializer: deserialize end
03-21 20:52:17.746 27709 27709 W ServiceInfoParser: X.23i: Service com.instagram.notifications.local.LocalNotificationFetchInventoryJobService is missing meta key com.facebook.common.jobscheduler.compat.jobIds
03-21 20:52:17.747 27709 27709 W ServiceInfoParser: X.23i: Service com.instagram.util.offline.BackgroundPrefetchJobService is missing meta key com.facebook.common.jobscheduler.compat.jobIds
03-21 20:52:17.747 27709 27709 W ServiceInfoParser: X.23i: Service com.instagram.util.offline.MainFeedBackgroundPrefetchJobService is missing meta key com.facebook.common.jobscheduler.compat.jobIds
03-21 20:52:17.747 27709 27709 W ServiceInfoParser: X.23i: Service com.instagram.util.offline.StoryBackgroundPrefetchJobService is missing meta key com.facebook.common.jobscheduler.compat.jobIds
03-21 20:52:17.747 27709 27709 W ServiceInfoParser: X.23i: Service com.instagram.gallery.scanner.MediaScannerJobService is missing meta key com.facebook.common.jobscheduler.compat.jobIds
03-21 20:52:17.747 27709 27709 W ServiceInfoParser: X.23i: Service com.instagram.notifications.push.GCMJobService is missing meta key com.facebook.common.jobscheduler.compat.jobIds
03-21 20:52:17.747 27709 27709 W ServiceInfoParser: X.23i: Service com.instagram.notifications.push.IgPushRegistrationService is missing meta key com.facebook.common.jobscheduler.compat.jobIds
03-21 20:52:17.747 27709 27709 W ServiceInfoParser: X.23i: Service com.instagram.notifications.push.ADMMessageJobHandler is missing meta key com.facebook.common.jobscheduler.compat.jobIds
03-21 20:52:17.747 27709 27709 W ServiceInfoParser: X.23i: Service com.facebook.analytics2.logger.service.LollipopUploadSafeService is missing meta key com.facebook.common.jobscheduler.compat.jobIds
03-21 20:52:17.747 27709 27709 W ServiceInfoParser: X.23i: Service com.facebook.analytics2.logger.LollipopUploadService is missing meta key com.facebook.common.jobscheduler.compat.jobIds
03-21 20:52:17.747 27709 27709 W ServiceInfoParser: X.23i: Service com.facebook.oxygen.preloads.sdk.firstparty.managedappcache.IsManagedAppCacheJobService is missing meta key com.facebook.common.jobscheduler.compat.jobIds
03-21 20:52:17.747 27709 27709 W ServiceInfoParser: X.23i: Service com.facebook.appcomponentmanager.AppComponentManagerService is missing meta key com.facebook.common.jobscheduler.compat.jobIds
03-21 20:52:17.747 27709 27709 W ServiceInfoParser: X.23i: Service com.instagram.bugreporter.BugReporterService is missing meta key com.facebook.common.jobscheduler.compat.jobIds
03-21 20:52:17.747 27709 27709 W ServiceInfoParser: X.23i: Service com.facebook.common.zopt.ZOptBackgroundService is missing meta key com.facebook.common.jobscheduler.compat.jobIds
03-21 20:52:17.748 27709 27709 W ServiceInfoParser: X.23i: Service com.instagram.backgroundsync.BackgroundSyncJobService is missing meta key com.facebook.common.jobscheduler.compat.jobIds
03-21 20:52:17.748 27709 27709 W ServiceInfoParser: X.23i: Service androidx.work.impl.background.systemjob.SystemJobService is missing meta key com.facebook.common.jobscheduler.compat.jobIds
03-21 20:52:17.748 27709 27709 W ServiceInfoParser: X.23i: Service com.facebook.papaya.fb.instagram.PapayaExecutionJobService is missing meta key com.facebook.common.jobscheduler.compat.jobIds
03-21 20:52:17.748 27709 27709 W ServiceInfoParser: X.23i: Service com.facebook.voltron.download.scheduledinstaller.OxygenScheduledInstallerJobService is missing meta key com.facebook.common.jobscheduler.compat.jobIds
03-21 20:52:17.749 27709 27815 W VideoCapabilities: Unrecognized profile/level 32768/256 for video/mp4v-es
03-21 20:52:17.752  2034  2034 I KeyguardTransitionRepository: FINISHED transition: TransitionStep(from=DOZING, to=LOCKSCREEN, value=1.0, transitionState=FINISHED, ownerName=FromDozingTransitionInteractor(listenForDozingToAny))
03-21 20:52:17.758 27709 27709 W IgZoneModule: IG Policy Zone is disabled. No-op Zone is setup
03-21 20:52:17.765   625  2778 W libperfmgr: Failed to write to node: /dev/stune/top-app/schedtune.boost with value: 10, fd: -1
03-21 20:52:17.765   625  2778 W libperfmgr: Failed to write to node: /proc/sys/kernel/sched_boost with value: 0, fd: -1
03-21 20:52:17.768 27709 27821 W FileBasedMultiProcessTracker: <default>: Initializing FileBasedMultiProcessTracking using /data/user/0/com.instagram.android/app_multiprocess_tracking
03-21 20:52:17.768 27709 27821 W FileBasedMultiProcessTracker: <default>: Creating file to track 27709
03-21 20:52:17.769 27709 27815 W VideoCapabilities: Unsupported mime image/vnd.android.heic
03-21 20:52:17.769 27709 27815 W VideoCapabilities: Unsupported mime image/vnd.android.heic
03-21 20:52:17.771 27709 27822 W FileBasedMultiProcessTracker: <default>: Observed removed PID: 18089
03-21 20:52:17.771 27709 27821 W FileBasedMultiProcessTracker: <default>: FileBasedMultiProcessTracker ready!
03-21 20:52:17.772 27709 27709 W proxy_service: Initialize proxy service.
03-21 20:52:17.772 27709 27709 W proxy_service: User not in allowed region.
03-21 20:52:17.773 27709 27815 W VideoCapabilities: Unrecognized profile/level 32768/256 for video/mp4v-es
03-21 20:52:17.776 27709 27709 E IgFunctionalErrorEvent: MANUAL_APP_TERMINATION
03-21 20:52:17.776 27709 27709 E IgFunctionalErrorEvent: 	 time_from_app_kill_to_app_start = -3483623
03-21 20:52:17.776 27709 27709 E IgFunctionalErrorEvent: 	 last_naivigation_source = clips_viewer_feed_timeline_mixed_unconnected
03-21 20:52:17.776 27709 27709 E IgFunctionalErrorEvent: 	 last_navigation_destination = feed_timeline
03-21 20:52:17.776 27709 27709 E IgFunctionalErrorEvent: 	 last_navigation_history = unknown->login->feed_timeline->feed_timeline->comments_v2_feed_timeline->unknown->feed_timeline->feed_timeline->feed_timeline->feed_timeline->clips_viewer_feed_timeline_mixed_unconnected->feed_timeline
03-21 20:52:17.776 27709 27709 E IgFunctionalErrorEvent: 	 time_from_navigation_to_app_kill = 1502
03-21 20:52:17.776 27709 27709 E IgFunctionalErrorEvent: 	 time_from_bg_to_app_kill = 0
03-21 20:52:17.776 27709 27709 E IgFunctionalErrorEvent: 	 last_navigation_fragment = MainFeedFragment
03-21 20:52:17.776 27709 27709 E IgFunctionalErrorEvent: 	 last_nav_chain = MainFeedFragment:feed_timeline:1:cold_start:1773961910.893::
03-21 20:52:17.776 27709 27709 E IgFunctionalErrorEvent: 	 logview_group_by = last_navigation_destination
03-21 20:52:17.777  1587  1680 W libprocessgroup: SetCgroup::ExecuteForProcess: failed to open /dev/stune/background/cgroup.procs: No such file or directory
03-21 20:52:17.784 27709 27709 I Choreographer: Skipped 94 frames!  The application may be doing too much work on its main thread.
03-21 20:52:17.794 27709 27709 E PendingMediaStoreSerializer: wait for deserialization lock
03-21 20:52:17.794 27709 27709 E PendingMediaStoreSerializer: calling callbacks
03-21 20:52:17.795 27709 27709 E SlowAppComponent: 0ms: InstagramAppShell instantiating…
03-21 20:52:17.812 27709 27709 E SlowAppComponent: 257ms: SecureFileProvider instantiating…
03-21 20:52:17.812 27709 27709 E SlowAppComponent: 267ms: AsyncFamilyAppsUserValuesProvider instantiating…
03-21 20:52:17.812 27709 27709 E SlowAppComponent: 267ms: AsyncInstagramPhoneIdProvider instantiating…
03-21 20:52:17.812 27709 27709 E SlowAppComponent: 268ms: FileProvider instantiating…
03-21 20:52:17.812 27709 27709 E SlowAppComponent: 292ms: DeferredCurrentUserProvider instantiating…
03-21 20:52:17.812 27709 27709 E SlowAppComponent: 293ms: InstallReferrerProvider instantiating…
03-21 20:52:17.812 27709 27709 E SlowAppComponent: 294ms: IgLoggedInUsersContentProvider instantiating…
03-21 20:52:17.812 27709 27709 E SlowAppComponent: 294ms: AndroidXAppInitializer instantiating…
03-21 20:52:17.812 27709 27709 E SlowAppComponent: 1377ms: FirebaseInstanceIdReceiver instantiating…
03-21 20:52:17.816 27709 27709 E SlowAppComponent: 1383ms: FcmListenerService instantiating…
03-21 20:52:17.817 27709 27709 E SlowAppComponent: Main thread was blocked for 1394ms in the background starting with InstagramAppShell
03-21 20:52:17.821 27709 27815 W VideoCapabilities: Unsupported mime image/vnd.android.heic
03-21 20:52:17.822 27709 27815 W VideoCapabilities: Unsupported mime image/vnd.android.heic
03-21 20:52:17.825 27709 27747 W Fixie   : Initialize IG_POST_APP_START on thread: SIMPLE_WORKER5
03-21 20:52:17.827 27709 27747 W Fixie   : Initialize MediaSessionANRFixer
03-21 20:52:17.827 27709 27747 W Fixie   : Initialize LicmCrashFixer
03-21 20:52:17.827 27709 27815 W VideoCapabilities: Unrecognized profile/level 32768/256 for video/mp4v-es
03-21 20:52:17.832 27709 27709 W SIMPLE_WORKER5: type=1400 audit(0.0:1496): avc:  granted  { execute } for  path="/data/data/com.instagram.android/lib-compressed/libfb_mboost.so" dev="dm-41" ino=46666 scontext=u:r:untrusted_app_32:s0:c134,c257,c512,c768 tcontext=u:object_r:app_data_file:s0:c134,c257,c512,c768 tclass=file app=com.instagram.android
03-21 20:52:17.843 27709 27747 W Fixie   : Initialize BrowserLiteCookieManagerFixer
03-21 20:52:17.849 27709 27825 W stagram.android: JNI RegisterNativeMethods: attempt to register 0 native methods for com.facebook.msys.mci.AuthDataContext
03-21 20:52:17.848 27709 27709 W SIMPLE_WORKER5: type=1400 audit(0.0:1497): avc:  granted  { execute } for  path="/data/data/com.instagram.android/lib-compressed/librtgqlsdk-lite.so" dev="dm-41" ino=46592 scontext=u:r:untrusted_app_32:s0:c134,c257,c512,c768 tcontext=u:object_r:app_data_file:s0:c134,c257,c512,c768 tclass=file app=com.instagram.android
03-21 20:52:17.861  1587  2337 W ActivityManager: Background start not allowed: service Intent { act=Orca.START xflg=0x4 cmp=com.instagram.android/com.facebook.rti.push.service.FbnsService (has extras) } to com.instagram.android/com.facebook.rti.push.service.FbnsService from pid=27709 uid=10390 pkg=com.instagram.android startFg?=false
03-21 20:52:17.864  2237  2237 E SatelliteController: registerForSatelliteModemStateChanged: mSatelliteSessionController is not initialized yet
03-21 20:52:17.865 27709 27831 E Security-LocalReporter: category=TrustedAppIntentScope, message=No matching packages available.
03-21 20:52:17.865 27709 27831 E FbnsAIDLClientManager: open failed: bindService failure, do unbind to let service shutdown
03-21 20:52:17.865 27709 27825 W msys    : Proxies already configured: null
03-21 20:52:17.866  2237  2237 E SatelliteController: registerForSatelliteModemStateChanged: mSatelliteSessionController is not initialized yet
03-21 20:52:17.870  2237  2378 E SatelliteController: notifyNtnEligibility: mSatellitePhone is null
03-21 20:52:17.875  1587  1848 W ContextImpl: Calling a method in the system process without a qualified user: android.app.ContextImpl.sendBroadcastMultiplePermissions:1358 android.content.Context.sendBroadcastMultiplePermissions:2796 com.android.server.TelephonyRegistry.broadcastServiceStateChanged:4172 com.android.server.TelephonyRegistry.notifyServiceStateForPhoneId:1848 com.android.internal.telephony.ITelephonyRegistry$Stub.onTransact:613 
03-21 20:52:17.877  1587  1848 W ContextImpl: Calling a method in the system process without a qualified user: android.app.ContextImpl.sendBroadcastMultiplePermissions:1391 com.android.server.TelephonyRegistry.broadcastServiceStateChanged:4177 com.android.server.TelephonyRegistry.notifyServiceStateForPhoneId:1848 com.android.internal.telephony.ITelephonyRegistry$Stub.onTransact:613 android.os.Binder.execTransactInternal:1473 
03-21 20:52:17.879  1587  1848 W ContextImpl: Calling a method in the system process without a qualified user: android.app.ContextImpl.sendBroadcastMultiplePermissions:1391 com.android.server.TelephonyRegistry.broadcastServiceStateChanged:4186 com.android.server.TelephonyRegistry.notifyServiceStateForPhoneId:1848 com.android.internal.telephony.ITelephonyRegistry$Stub.onTransact:613 android.os.Binder.execTransactInternal:1473 
03-21 20:52:17.880  1587  1848 W ContextImpl: Calling a method in the system process without a qualified user: android.app.ContextImpl.sendBroadcastMultiplePermissions:1391 com.android.server.TelephonyRegistry.broadcastServiceStateChanged:4192 com.android.server.TelephonyRegistry.notifyServiceStateForPhoneId:1848 com.android.internal.telephony.ITelephonyRegistry$Stub.onTransact:613 android.os.Binder.execTransactInternal:1473 
03-21 20:52:17.881 27709 27832 E msys    : E[D decrypt]MCIDatabaseFileManagerDecryptDB(287)=>Encryption handlers not registered.
03-21 20:52:17.886  1587  1680 W libprocessgroup: SetCgroup::ExecuteForProcess: failed to open /dev/stune/background/cgroup.procs: No such file or directory
03-21 20:52:17.889  2237  2237 I Telephony: TelecomAccountRegistry$TelecomAccountTelephonyCallback: TelecomAccountRegistry: onServiceStateChanged: newState=0, mServiceState=0
03-21 20:52:17.889  2237  2237 W Telephony: registerMmTelCapabilityCallback: registration failed, no ImsService available. Exception: code: 1
03-21 20:52:17.890  2237  2237 I Telephony: isRttCurrentlySupported -- regular acct, hasVoiceAvailability: false
03-21 20:52:17.890  2237  2237 I Telephony:  isRttSupported: false
03-21 20:52:17.890  2237  2237 I Telephony:  alwaysAllowWhileRoaming: false
03-21 20:52:17.890  2237  2237 I Telephony:  isRoaming: false
03-21 20:52:17.890  2237  2237 I Telephony:  isOnWfc: false
03-21 20:52:17.893   844   878 I netd    : networkAddUidRangesParcel(NativeUidRangeConfig{netId: 105, uidRanges: [UidRangeParcel{start: 0, stop: 2147483647}], subPriority: 999}) <0.18ms>
03-21 20:52:17.894   844   878 I netd    : networkRemoveUidRangesParcel(NativeUidRangeConfig{netId: 105, uidRanges: [UidRangeParcel{start: 0, stop: 2147483647}], subPriority: 999}) <0.13ms>
03-21 20:52:17.913  1587  1652 I UsbPortManager: USB HAL AIDL version: USB_HAL_V2_0
03-21 20:52:17.919 27709 27769 W IgSharedPreferences: getAll was used, which can cause ConcurrentModificationExceptions
03-21 20:52:17.919 27709 27769 W IgSharedPreferences: java.lang.Throwable
03-21 20:52:17.919 27709 27769 W IgSharedPreferences: 	at X.0dO.getAll(Unknown Source:9)
03-21 20:52:17.919 27709 27769 W IgSharedPreferences: 	at X.36r.AMp(Unknown Source:40)
03-21 20:52:17.919 27709 27769 W IgSharedPreferences: 	at X.Cxl.run(Unknown Source:2)
03-21 20:52:17.919 27709 27769 W IgSharedPreferences: 	at X.0ja.run(Unknown Source:7)
03-21 20:52:17.919 27709 27769 W IgSharedPreferences: 	at X.0jS.run(Unknown Source:32)
03-21 20:52:17.919 27709 27769 W IgSharedPreferences: 	at X.0ja.run(Unknown Source:7)
03-21 20:52:17.919 27709 27769 W IgSharedPreferences: 	at java.util.concurrent.ThreadPoolExecutor.runWorker(ThreadPoolExecutor.java:1154)
03-21 20:52:17.919 27709 27769 W IgSharedPreferences: 	at java.util.concurrent.ThreadPoolExecutor$Worker.run(ThreadPoolExecutor.java:652)
03-21 20:52:17.919 27709 27769 W IgSharedPreferences: 	at java.lang.Thread.run(Thread.java:1563)
03-21 20:52:17.919 27709 27769 W IgSharedPreferences: 	at X.0gi.run(Unknown Source:5)
03-21 20:52:17.940  1587  1848 W ActivityManager: Background start not allowed: service Intent { act=Orca.START xflg=0x4 cmp=com.instagram.android/com.facebook.rti.push.service.FbnsService (has extras) } to com.instagram.android/com.facebook.rti.push.service.FbnsService from pid=27709 uid=10390 pkg=com.instagram.android startFg?=false
03-21 20:52:17.940 27709 27838 E Security-LocalReporter: category=TrustedAppIntentScope, message=No matching packages available.
03-21 20:52:17.940 27709 27838 E FbnsAIDLClientManager: open failed: bindService failure, do unbind to let service shutdown
03-21 20:52:17.980   844 27839 I resolv  : GetAddrInfoHandler::run: {102 102 102 983142 10390 0}
03-21 20:52:17.981   844 27840 I resolv  : res_nmkquery: (QUERY, IN, A)
03-21 20:52:17.983   877 27773 I Elliptic: Sensor.cpp(32) : I : Proximity event: 5.00003
03-21 20:52:17.983   877   908 E sensors.elliptic@2.0: Elliptic: got event: 5.000030
03-21 20:52:17.983   877   908 E sensors.elliptic@2.0: Elliptic: posting event: 5.000030
03-21 20:52:17.984   877  1861 E android.hardware.sensors-service.xiaomi-multihal: Decrementing wakelock ref count by 1 when count is 0
03-21 20:52:17.998   844 27840 I resolv  : res_nsend: used send_dg 59 terrno: 0
03-21 20:52:17.998   844 27840 I resolv  : doQuery: rcode=0, ancount=1, return value=59
03-21 20:52:18.038 27709 27834 E msys    : E[N rtchannel]_rt_mqtt_bridge_bootstrap_callback(967)=>Failed to boot stap bridged mqtt channel.  RT error code:2002 token:-2
03-21 20:52:18.038 27709 27834 E msys    : E[N rtchannel]_rt_mqtt_bridge_bootstrap_callback(967)=>Failed to boot stap bridged mqtt channel.  RT error code:2002 token:-3
03-21 20:52:18.056   844 27848 I resolv  : GetAddrInfoHandler::run: {102 102 102 983142 10390 0}
03-21 20:52:18.057   844 27849 I resolv  : res_nmkquery: (QUERY, IN, A)
03-21 20:52:18.070   844 27849 I resolv  : res_nsend: used send_dg 101 terrno: 0
03-21 20:52:18.070   844 27849 I resolv  : doQuery: rcode=0, ancount=2, return value=101
03-21 20:52:18.103  1151  1333 E [GF_HAL][gf_hal_milan]: [hal_milan_invoke_command] err=GF_SUCCESS, errno=0. reset g_hal_over_current_count to 0!
03-21 20:52:18.103  1151  1333 I [GF_HAL][gf_hal_milan]: [irq_pre_process] irq_type=[GF_IRQ_FINGER_DOWN_MASK], irq_type=0x0002
03-21 20:52:18.103  1151  1333 E [GF_HAL][gf_hal_common]: [gf_hal_notify_perf_lock] notify perf lock message GF_FINGERPRINT_TEST_CMD.
03-21 20:52:18.188   579   579 I [mTEE]  :  come into the TZ_VFS_OPEN function
03-21 20:52:18.190   579   579 I [mTEE]  :  come into the TZ_VFS_OPEN function
03-21 20:52:18.191   579   579 I [mTEE]  :  come into the TZ_VFS_OPEN function
03-21 20:52:18.192   579   579 I [mTEE]  :  come into the TZ_VFS_OPEN function
03-21 20:52:18.196   579   579 I [mTEE]  :  come into the TZ_VFS_OPEN function
03-21 20:52:18.197   579   579 I [mTEE]  :  come into the TZ_VFS_OPEN function
03-21 20:52:18.218  1151  1333 E [GF_HAL][gf_hal_milan]: [hal_milan_invoke_command] err=GF_SUCCESS, errno=0. reset g_hal_over_current_count to 0!
03-21 20:52:18.219  1151  1333 I [GF_HAL][gf_hal_common]: [hal_milan_authenticate_success]     image_quality=87
03-21 20:52:18.219  1151  1333 I [GF_HAL][gf_hal_common]: [hal_milan_authenticate_success]        valid_area=100
03-21 20:52:18.219  1151  1333 I [GF_HAL][gf_hal_common]: [hal_milan_authenticate_success]     key_point_num=120
03-21 20:52:18.219  1151  1333 I [GF_HAL][gf_hal_common]: [hal_milan_authenticate_success]       match_score=58
03-21 20:52:18.219  1151  1333 I [GF_HAL][gf_hal_common]: [hal_milan_authenticate_success] polling_image_time=0ms
03-21 20:52:18.219  1151  1333 I [GF_HAL][gf_hal_common]: [hal_milan_authenticate_success] get_raw_data_time=18ms
03-21 20:52:18.219  1151  1333 I [GF_HAL][gf_hal_common]: [hal_milan_authenticate_success]   preprocess_time=27ms
03-21 20:52:18.219  1151  1333 I [GF_HAL][gf_hal_common]: [hal_milan_authenticate_success]  get_feature_time=16ms
03-21 20:52:18.219  1151  1333 I [GF_HAL][gf_hal_common]: [hal_milan_authenticate_success] authenticate_time=11ms
03-21 20:52:18.219  1151  1333 I [GF_HAL][gf_hal_common]: [hal_milan_authenticate_success] KPI time=72ms
03-21 20:52:18.219  1151  1333 I [GF_HAL][gf_hal_common]: [hal_milan_authenticate_success]        total time=118ms
03-21 20:52:18.220  1151  1333 E [GF_HAL][gf_hal_milan]: [hal_milan_invoke_command] err=GF_SUCCESS, errno=0. reset g_hal_over_current_count to 0!
03-21 20:52:18.220  1151  1333 E [GF_HAL][gf_hal_frr_database]: [writeXiaomiDataToRecordFile] /sdcard/MIUI/debug_log/1.dat can't open file. err=GF_ERROR_FILE_OPEN_FAILED, errno=1078
03-21 20:52:18.220  1151  1333 E [GF_HAL][gf_hal_frr_database]: [writeXiaomiDataToRecordFile] exit. err=GF_ERROR_FILE_OPEN_FAILED, errno=1078
03-21 20:52:18.220  1151  1333 E [gf_ca_entry]: [gf_ca_invoke_command] errno:		Bad address
03-21 20:52:18.220  1151  1333 E [gf_ca_entry]: [gf_ca_invoke_command] set normal policy errr ,ret=-1 
03-21 20:52:18.220  1151  1333 E [GF_HAL][gf_hal_dump]: [gf_hal_common_dump_invoke_command] exit. err=GF_ERROR_TA_DEAD, errno=1049
03-21 20:52:18.220  1151  1333 E [GF_HAL][gf_hal_frr_database]: [hal_get_template_length] dump template info error
03-21 20:52:18.220  1151  1333 E [GF_HAL][gf_hal_frr_database]: [gf_hal_save_auth_ratio_record] get template length error
03-21 20:52:18.220  1151  1333 E [GF_HAL][gf_hal_frr_database]: [gf_hal_save_auth_ratio_record] exit. err=GF_ERROR_GENERIC, errno=1010
03-21 20:52:18.220  1151  1333 I [GF_HAL][gf_hal_frr_database]: [gf_hal_handle_frr_database] frr database file and dir not exist 
03-21 20:52:18.220  1587  1973 W BiometricFrameworkStatsLogger: found a negative latency : -1
03-21 20:52:18.221  1151  1333 E cutils  : Failed to open(/): Permission denied
03-21 20:52:18.221  1151  1333 E [GF_HAL][gf_hal_frr_database]: [gf_hal_handle_frr_database] mkdir /data/vendor/goodix/gf_data/ failed. ret=-13
03-21 20:52:18.221  1151  1333 E [GF_HAL][gf_hal_frr_database]: [gf_hal_handle_frr_database] exit. err=GF_ERROR_MKDIR_FAILED, errno=1077
03-21 20:52:18.221  1151  1333 W libc    : Access denied finding property "gf.debug.dump_data"
03-21 20:52:18.221  1151  1333 W libc    : Access denied finding property "gf.debug.dump_data"
03-21 20:52:18.221  1587  1973 W AuthenticationClient: Allowing background authentication, this is allowed only for platform or test invocations
03-21 20:52:18.223  1587  1587 W SenseProvider: Ignoring lockout reset, no templates enrolled for user: 0
03-21 20:52:18.224   594  5996 I keystore2: system/security/keystore2/src/authorization.rs:116 - add_auth_token(challenge=0, userId=3196183553602891555, authId=-7245739854948165699, authType=0x2, timestamp=14513148ms)
03-21 20:52:18.226   877   877 I Light   : enable: handle:4, en:0 
03-21 20:52:18.227   594  5996 I keystore2: system/security/keystore2/src/authorization.rs:130 - on_device_unlocked(AndroidUserId(0), password.is_some()=false)
03-21 20:52:18.229   595   595 I beanpodkeymaster: Enter BeanpodKeymaster BeginOperation
03-21 20:52:18.230   595   595 I beanpodkeymaster: cmd:4 Received 24 byte response
03-21 20:52:18.231   595   595 I beanpodkeymaster: Exit BeanpodKeymaster BeginOperation
03-21 20:52:18.231   595   595 I beanpodkeymaster: Enter BeanpodKeymaster FinishOperation
03-21 20:52:18.231   595   595 I beanpodkeymaster: cmd:c Received 52 byte response
03-21 20:52:18.231   595   595 I beanpodkeymaster: Exit BeanpodKeymaster FinishOperation
03-21 20:52:18.232   595   595 I beanpodkeymaster: Enter BeanpodKeymaster BeginOperation
03-21 20:52:18.233   595   595 I beanpodkeymaster: cmd:4 Received 24 byte response
03-21 20:52:18.233   595   595 I beanpodkeymaster: Exit BeanpodKeymaster BeginOperation
03-21 20:52:18.233   595   595 I beanpodkeymaster: Enter BeanpodKeymaster FinishOperation
03-21 20:52:18.233   595   595 I beanpodkeymaster: cmd:c Received 93 byte response
03-21 20:52:18.233   595   595 I beanpodkeymaster: Exit BeanpodKeymaster FinishOperation
03-21 20:52:18.234   594  5996 I keystore2: system/security/keystore2/src/super_key.rs:1059 - Successfully unlocked AndroidUserId(0) with biometric SecureUserId(-7245739854948165699)
03-21 20:52:18.242   888  2646 W StNfcHal: Idle data: 2nd byte is 0x40
03-21 20:52:18.242   888  2646 W StNfcHal: , reading next 2 bytes
03-21 20:52:18.244   888  2646 W StNfcHal: Idle data: 2nd byte is 0x40
03-21 20:52:18.244   888  2646 W StNfcHal: , reading next 2 bytes
03-21 20:52:18.245   625  2778 W libperfmgr: Failed to write to node: /dev/stune/top-app/schedtune.boost with value: 50, fd: -1
03-21 20:52:18.245   625  2778 W libperfmgr: Failed to write to node: /proc/sys/kernel/sched_boost with value: 1, fd: -1
03-21 20:52:18.245  1587  1848 W TransitionChain: Combining sleepTokens into #260(TO_BACK|R|0x104) from kgGoAway
03-21 20:52:18.245  2034  2034 I KeyguardTransitionRepository: STARTED transition: TransitionStep(from=LOCKSCREEN, to=GONE, value=0.0, transitionState=STARTED, ownerName=FromLockscreenTransitionInteractor(keyguard interactor says keyguard is going away))
03-21 20:52:18.254   844   878 I netd    : tetherGetStats() -> {[]} <0.62ms>
03-21 20:52:18.256 23431 23431 I Finsky  : [2] Memory trim requested to level 40
03-21 20:52:18.256 23431 23431 I Finsky  : [2] Flushing in-memory image cache
03-21 20:52:18.257   877   877 I Accelerometer: batch: handle:0, flag:0,samplingPeriodNs:66667000 maxBatchReportLatencyNs:0
03-21 20:52:18.257   877   877 I Accelerometer: flush, flushCnt:1
03-21 20:52:18.259   877   924 I Accelerometer: flush complete, flushCnt:0
03-21 20:52:18.262  1587  2368 I AppsFilter: interaction: PackageSetting{cc7495 com.rnat/10399} -> PackageSetting{70acfd3 com.google.android.inputmethod.latin/10312} BLOCKED
03-21 20:52:18.262  1587  2368 W FillRequestEventLogger: Couldn't find packageName: com.google.android.inputmethod.latin
03-21 20:52:18.263  1587  2368 W PresentationStatsEventLogger: Shouldn't be logging AutofillPresentationEventReported again for same event
03-21 20:52:18.267  1587  8923 I ImeTracker: system_server:5218142b: onRequestShow at ORIGIN_SERVER reason CONTROLS_CHANGED fromUser false
03-21 20:52:18.268   844 27853 I resolv  : GetAddrInfoHandler::run: {102 102 102 983142 10399 0}
03-21 20:52:18.269   844 27854 I resolv  : res_nmkquery: (QUERY, IN, A)
03-21 20:52:18.269 26664 26664 I ImeTracker: system_server:5218142b: onCancelled at PHASE_CLIENT_ON_CONTROLS_CHANGED
03-21 20:52:18.271  1587  1657 I ImeTracker: system_server:bcd2ca69: onRequestShow at ORIGIN_SERVER reason CONTROLS_CHANGED fromUser false
03-21 20:52:18.273   844 27854 I resolv  : res_nsend: used send_dg 43 terrno: 0
03-21 20:52:18.273   844 27854 I resolv  : doQuery: rcode=0, ancount=1, return value=43
03-21 20:52:18.278  1587  1587 E NotifAttentionHelper: Muting recently noisy 0|com.instagram.android|64278|newstab|54256160545_follower_activity&64d8c2cb08506Hca1eb4f21H64d8c764687d8H31|10390
03-21 20:52:18.279   914   988 E surfaceflinger: == MALI DEBUG ===eglp_winsys_populate_image_templates ==12288
03-21 20:52:18.285  1587  1657 I ImeTracker: system_server:a4e9fa49: onRequestShow at ORIGIN_SERVER reason CONTROLS_CHANGED fromUser false
03-21 20:52:18.289   914   988 E surfaceflinger: == MALI DEBUG ===eglp_winsys_populate_image_templates ==12288
03-21 20:52:18.293  1587  1657 I ImeTracker: system_server:cda513fc: onRequestShow at ORIGIN_SERVER reason CONTROLS_CHANGED fromUser false
03-21 20:52:18.293 26664 26664 I AssistStructure: Flattened final assist data: 2728 bytes, containing 1 windows, 18 views
03-21 20:52:18.295 26664 26664 I ImeTracker: system_server:bcd2ca69: onCancelled at PHASE_CLIENT_ON_CONTROLS_CHANGED
03-21 20:52:18.295 26664 26664 I ImeTracker: system_server:a4e9fa49: onCancelled at PHASE_CLIENT_ON_CONTROLS_CHANGED
03-21 20:52:18.295 26664 26664 I ImeTracker: system_server:cda513fc: onCancelled at PHASE_CLIENT_ON_CONTROLS_CHANGED
03-21 20:52:18.297   625  2778 W libperfmgr: Failed to write to node: /dev/stune/top-app/schedtune.boost with value: 10, fd: -1
03-21 20:52:18.297   625  2778 W libperfmgr: Failed to write to node: /proc/sys/kernel/sched_boost with value: 0, fd: -1
03-21 20:52:18.301 23431 23431 I Finsky  : [2] Memory trim requested to level 40
03-21 20:52:18.301 23431 23431 I Finsky  : [2] Flushing in-memory image cache
03-21 20:52:18.316  2034  2034 E NotifRow: Magnetic state changed from IDLE to IDLE on a null swiped listener, or the logging key of the listener is null
03-21 20:52:18.324   914   988 E surfaceflinger: == MALI DEBUG ===eglp_winsys_populate_image_templates ==12288
03-21 20:52:18.336   914   988 E surfaceflinger: == MALI DEBUG ===eglp_winsys_populate_image_templates ==12288
03-21 20:52:18.347   914   988 E surfaceflinger: == MALI DEBUG ===eglp_winsys_populate_image_templates ==12288
03-21 20:52:18.375   625  2778 W libperfmgr: Failed to write to node: /dev/stune/top-app/schedtune.boost with value: 10, fd: -1
03-21 20:52:18.375   625  2778 W libperfmgr: Failed to write to node: /proc/sys/kernel/sched_boost with value: 0, fd: -1
03-21 20:52:18.396  2458 24326 I NearbySharing: Network state changed: NetworkState(isRestricted=false, isOnline=true, isCongested=false, isMetered=false, isWifiConnected=true)
03-21 20:52:18.452  2034  2034 I KeyguardTransitionRepository: FINISHED transition: TransitionStep(from=LOCKSCREEN, to=GONE, value=1.0, transitionState=FINISHED, ownerName=FromLockscreenTransitionInteractor(keyguard interactor says keyguard is going away))
03-21 20:52:18.481   625  2778 W libperfmgr: Failed to write to node: /dev/stune/top-app/schedtune.boost with value: 50, fd: -1
03-21 20:52:18.481   625  2778 W libperfmgr: Failed to write to node: /proc/sys/kernel/sched_boost with value: 2, fd: -1
03-21 20:52:18.486 27709 27758 E nightwatch-target: /proc/zoneinfo open: errno=13
03-21 20:52:18.486 27709 27758 E nightwatch-target: sysmeminfo parse failed
03-21 20:52:18.492  1587  1657 I ImeTracker: system_server:7294ec9a: onRequestShow at ORIGIN_SERVER reason CONTROLS_CHANGED fromUser false
03-21 20:52:18.494 26664 26664 I ImeTracker: system_server:7294ec9a: onCancelled at PHASE_CLIENT_ON_CONTROLS_CHANGED
03-21 20:52:18.509  1587  1680 W libprocessgroup: SetCgroup::ExecuteForProcess: failed to open /dev/stune/top-app/cgroup.procs: No such file or directory
03-21 20:52:18.513   888  2646 W StNfcHal: Idle data: 2nd byte is 0x40
03-21 20:52:18.513   888  2646 W StNfcHal: , reading next 2 bytes
03-21 20:52:18.514   877   877 E sensors.elliptic@2.0: Elliptic: activate() 0, 0
03-21 20:52:18.514   877   906 I Elliptic: nsorBase.h(85) : I : DEACTIVATE sensor with Handle = 0
03-21 20:52:18.515   888  2646 W StNfcHal: Idle data: 2nd byte is 0x40
03-21 20:52:18.515   888  2646 W StNfcHal: , reading next 2 bytes
03-21 20:52:18.519   852  1055 W hwcomposer: [DRMDEV] paramIsSame(), id 1152, w 1080/1080, h 2400/2400, pitch 1088/1088, format 0x1/0x2, secure 0/0  
03-21 20:52:18.521  1587  3186 E BiometricScheduler: Current operation is null,no need to start watchdog
03-21 20:52:18.525  2034  2159 I PluginActionManager[com.android.systemui.action.PLUGIN_NOTIFICATION_MENU_ROW]: Found 0 plugins
03-21 20:52:18.528  2034  2159 I PluginActionManager[com.android.systemui.action.PLUGIN_NOTIFICATION_MENU_ROW]: Found 0 plugins
03-21 20:52:18.548  1587  1657 I ImeTracker: system_server:75904a0d: onRequestShow at ORIGIN_SERVER reason CONTROLS_CHANGED fromUser false
03-21 20:52:18.551   855   855 W AudioALSADeviceConfigManager: ApplyDeviceTurnoffSequenceByName(), DeviceName = ext_speaker_output_left DeviceStatusCounter < 0
03-21 20:52:18.551   855   855 W AudioALSADeviceConfigManager: ApplyDeviceTurnoffSequenceByName(), DeviceName = ext_speaker_output_right DeviceStatusCounter < 0
03-21 20:52:18.551   855   855 E AudioALSADeviceConfigManager: setMixerCtl(), Error: Unsupport mixer ctl type 6, cltName = SpkrRight Sia81xx Power, cltValue = Off
03-21 20:52:18.551   855   855 E AudioALSADeviceConfigManager: AUD_ASSERT(0) fail: "vendor/mediatek/proprietary/hardware/audio/common/V3/aud_drv/AudioALSADeviceConfigManager.cpp", 478L
03-21 20:52:18.551   855   855 E AudioALSADeviceConfigManager: ApplyDeviceTurnoffSequenceByName(), Error: ApplyDeviceTurnoffSequenceByName devicename = ext_speaker_output
03-21 20:52:18.551   855   855 E AudioALSADeviceConfigManager: AUD_ASSERT(false) fail: "vendor/mediatek/proprietary/hardware/audio/common/V3/aud_drv/AudioALSADeviceConfigManager.cpp", 524L
03-21 20:52:18.551   855   855 E AudioALSADeviceConfigManager: setMixerCtl(), Error: Unsupport mixer ctl type 6, cltName = SpkrLeft Sia81xx Power, cltValue = Off
03-21 20:52:18.551   855   855 E AudioALSADeviceConfigManager: AUD_ASSERT(0) fail: "vendor/mediatek/proprietary/hardware/audio/common/V3/aud_drv/AudioALSADeviceConfigManager.cpp", 478L
03-21 20:52:18.551   855   855 E AudioALSADeviceConfigManager: ApplyDeviceTurnoffSequenceByName(), Error: ApplyDeviceTurnoffSequenceByName devicename = ext_speaker_output
03-21 20:52:18.551   855   855 E AudioALSADeviceConfigManager: AUD_ASSERT(false) fail: "vendor/mediatek/proprietary/hardware/audio/common/V3/aud_drv/AudioALSADeviceConfigManager.cpp", 524L
03-21 20:52:18.551 26664 26664 I ImeTracker: system_server:75904a0d: onCancelled at PHASE_CLIENT_ON_CONTROLS_CHANGED
03-21 20:52:18.552   855   855 E AudioALSADeviceConfigManager: setMixerCtl(), Error: Unsupport mixer ctl type 6, cltName = SpkrLeft Sia81xx Audio Scene, cltValue = Playback
03-21 20:52:18.552   855   855 E AudioALSADeviceConfigManager: AUD_ASSERT(0) fail: "vendor/mediatek/proprietary/hardware/audio/common/V3/aud_drv/AudioALSADeviceConfigManager.cpp", 478L
03-21 20:52:18.552   855   855 E AudioALSADeviceConfigManager: ApplyDeviceTurnoffSequenceByName(), Error: ApplyDeviceTurnoffSequenceByName devicename = ext_speaker_output
03-21 20:52:18.552   855   855 E AudioALSADeviceConfigManager: AUD_ASSERT(false) fail: "vendor/mediatek/proprietary/hardware/audio/common/V3/aud_drv/AudioALSADeviceConfigManager.cpp", 524L
03-21 20:52:18.552   855   855 E AudioALSADeviceConfigManager: setMixerCtl(), Error: Unsupport mixer ctl type 6, cltName = SpkrRight Sia81xx Audio Scene, cltValue = Playback
03-21 20:52:18.552   855   855 E AudioALSADeviceConfigManager: AUD_ASSERT(0) fail: "vendor/mediatek/proprietary/hardware/audio/common/V3/aud_drv/AudioALSADeviceConfigManager.cpp", 478L
03-21 20:52:18.552   855   855 E AudioALSADeviceConfigManager: ApplyDeviceTurnoffSequenceByName(), Error: ApplyDeviceTurnoffSequenceByName devicename = ext_speaker_output
03-21 20:52:18.552   855   855 E AudioALSADeviceConfigManager: AUD_ASSERT(false) fail: "vendor/mediatek/proprietary/hardware/audio/common/V3/aud_drv/AudioALSADeviceConfigManager.cpp", 524L
03-21 20:52:18.555   855   855 W AudioALSADeviceConfigManager: ApplyDeviceTurnoffSequenceByName(), DeviceName = ultrasound-proximity DeviceStatusCounter < 0
03-21 20:52:18.560  1587  1910 I ImeTracker: com.rnat:d4a1357d: onRequestShow at ORIGIN_SERVER reason ATTACH_NEW_INPUT fromUser false
03-21 20:52:18.560  1587  1910 I ImeTracker: com.rnat:d4a1357d: onCancelled at PHASE_SERVER_ALREADY_VISIBLE
03-21 20:52:18.561   877   907 W Elliptic: ioNotify.h(93) : W : AudioNotify: disable >> ultrasound-proximity=0
03-21 20:52:18.561  3073  3073 W TooltipLifecycleManager: TooltipLifecycleManager.dismissTooltips():153 Tooltip with id SUGGESTION_VIEW_EDU_MINI_DIALOG not found in tooltipManager.
03-21 20:52:18.564  3073  3073 I GoogleInputMethodService: GoogleInputMethodService.onStartInput():1385 onStartInput(EditorInfo{EditorInfo{packageName=com.rnat, inputType=4081, inputTypeString=Password[CapSentences], enableLearning=false, autoCorrection=false, autoComplete=true, imeOptions=4000006, privateImeOptions=null, actionName=DONE, actionLabel=null, initialSelStart=9, initialSelEnd=9, initialCapsMode=0, label=null, fieldId=55, fieldName=null, extras=Bundle[mParcelledData.dataSize=404], hintText=non-empty, hintLocales=[]}}, false)
03-21 20:52:18.564  3073  3073 I AndroidIME: LatinIMEBase.updateInputViewCoverNavigation():314 Update input view padding, extendsTouchBelowSpace=true, bottom inset=126
03-21 20:52:18.565  3073  3073 I Module  : DeviceLockedStatusModuleProvider$Module.updateDeviceLockedStatus():103 repeatCheckTimes = 1, locked = false
03-21 20:52:18.566  3073  3073 I GoogleInputMethodService: GoogleInputMethodService.onStartInputView():1473 onStartInputView(EditorInfo{EditorInfo{packageName=com.rnat, inputType=4081, inputTypeString=Password[CapSentences], enableLearning=false, autoCorrection=false, autoComplete=true, imeOptions=4000006, privateImeOptions=null, actionName=DONE, actionLabel=null, initialSelStart=9, initialSelEnd=9, initialCapsMode=0, label=null, fieldId=55, fieldName=null, extras=Bundle[{android.support.text.emoji.emojiCompat_metadataVersion=11, androidx.core.view.inputmethod.EditorInfoCompat.STYLUS_HANDWRITING_ENABLED=false, android.support.text.emoji.emojiCompat_replaceAll=false}], hintText=non-empty, hintLocales=[]}}, false)
03-21 20:52:18.566  1587  3186 W PackageConfigPersister: App-specific configuration not found for packageName: com.rnat and userId: 0
03-21 20:52:18.566  3073  3073 I KeyboardHeightUtil: KeyboardHeightUtil.getOemKeyboardHeightRatio():81 systemKeyboardHeightRatio:1.000000.
03-21 20:52:18.566  3073  3456 W ModuleManager: ModuleManager.loadModule():634 Module prd is not available
03-21 20:52:18.567  3073  3073 W TooltipLifecycleManager: TooltipLifecycleManager.dismissTooltips():153 Tooltip with id SUGGESTION_VIEW_EDU_MINI_DIALOG not found in tooltipManager.
03-21 20:52:18.568  3073  3073 I AndroidIME: InputBundleManager.loadActiveInputBundleId():531 loadActiveInputBundleId: und-Latn-x-password, password
03-21 20:52:18.568  3073  3073 I AndroidIME: AbstractIme.onActivate():95 PasswordIme.onActivate() : EditorInfo = EditorInfo{packageName=com.rnat, inputType=4081, inputTypeString=Password[CapSentences], enableLearning=false, autoCorrection=false, autoComplete=true, imeOptions=4000006, privateImeOptions=null, actionName=DONE, actionLabel=null, initialSelStart=9, initialSelEnd=9, initialCapsMode=0, label=null, fieldId=55, fieldName=null, extras=Bundle[{android.support.text.emoji.emojiCompat_metadataVersion=11, androidx.core.view.inputmethod.EditorInfoCompat.STYLUS_HANDWRITING_ENABLED=false, android.support.text.emoji.emojiCompat_replaceAll=false}], hintText=non-empty, hintLocales=[]}, IncognitoMode = false, DeviceLocked = false
03-21 20:52:18.568  3073  3073 I KeyboardWrapper: KeyboardWrapper.activateKeyboard():582 activateKeyboard(): type=prime, status=INACTIVE, imeDef=nwb{stringId=password, language=und-Latn-x-password, languageTag=und-Latn-x-password, processedConditions={writing_helper_enable_by_word_revert=false, variant=qwerty, true=true, language=en-US, enable_number_row=true, device=phone, enable_number_row_in_password=true, enable_pk_simulator=false}, className=com.google.android.libraries.inputmethod.ime.password.PasswordIme, label=2132019349, keyEventInterpreter=null, inlineComposing=true, autoCapital=true, announceAutoSelectedCandidate=true, statusIcon=0, indicatorIcon=0, indicatorLabel=null, displayAppCompletions=false, extraValues=nvu{}, processors=nxu@f41e8d2, unacceptableMetaKeys=4098, languageSpecificSettings=0, asciiCapable=false, alwaysShowSuggestions=false, useAsciiPasswordKeyboard=false, keyboardGroupDef=nxd@a8a9e11, phenotypeFlagId=0, localizationLanguageTag=null, supportsInlineSuggestion=false}
03-21 20:52:18.568  3073  3073 I KeyboardManager: KeyboardManager.requestKeyboard():249 Creating keyboard prime, imeId=password, cacheKey=theme,!gsf,!pgsans,!pgsf,!use_system_font,BORDER,FLAVOR_DPI=XXHDPI,KEYBOARD_WIDTH_CATEGORY=NORMAL,KEY_BORDER_SHAPE=1,LIGHT_THEME=false,PHYSICAL_DIAGONAL=6.0649586,POPUP,SCREEN_SHORTEST_WIDTH=411,SCREEN_SHORTEST_WIDTH_NO_SCALE=411,SW400DP,XXHDPI,bottom4dp,enable_popup_on_keypress=true,keyboard_redesign_google_sans=true,non_linear_scale,noshadow,overlay_builtin_dynamic_color_dark_base.binarypb:gm3-dark-ff0d0e12-ffb8c6ee-4dd27a30afe06facd02255cbda95da6f,silkpopup
03-21 20:52:18.569  3073  3073 I KeyboardWrapper: KeyboardWrapper.onKeyboardReady():224 onKeyboardReady(): type=prime(prime), kb=com.google.android.apps.inputmethod.latin.keyboard.LatinPasswordKeyboard@69d79ef
03-21 20:52:18.569  3073  3073 I KeyboardWrapper: KeyboardWrapper.doActivateKeyboard():612 doActivateKeyboard(): prime
03-21 20:52:18.572   625  2778 W libperfmgr: Failed to write to node: /dev/stune/top-app/schedtune.boost with value: 50, fd: -1
03-21 20:52:18.572   625  2778 W libperfmgr: Failed to write to node: /proc/sys/kernel/sched_boost with value: 2, fd: -1
03-21 20:52:18.573  3073  3073 I BaseKeyboardSizeHelper: BaseKeyboardSizeHelper.calculateMaxKeyboardBodyHeight():73 leave 281 height for app when ime window height:2181, header height:116 and isFullscreenMode:false, so the max keyboard body height is:1784
03-21 20:52:18.573  3073  3073 W TooltipLifecycleManager: TooltipLifecycleManager.dismissTooltips():153 Tooltip with id undo_access_point_promotion_banner not found in tooltipManager.
03-21 20:52:18.574  3073  3073 I GlobeKeyExtension: GlobeKeyExtension.getKeyboardInitialStates():185 
03-21 20:52:18.575  3073  3073 W Keyboard: Keyboard.getKeyboardViewHelper():604 null helper is returned: keyboardDef=nww{processedConditions={show_comma_key=true, enable_more_candidates_view_for_multilingual=false, layout_9key_split=false, enable_secondary_symbols=false, pref_enable_flick_symbols=false, enable_scrub_move=true, language=en-US, deprecate_long_press_space_for_ime_picker=false, show_suggestion_strip=true, expressions=normal, android_software_xr_api_spatial=false, variant=qwerty, free_cursor=false, show_period_key=true, enable_number_row=true, device=phone, keyboard_mode=normal, show_secondary_digits=false, enable_pk_simulator=false, enable_preemptive_decode=true}, globalConditions={global_theme_key=theme,!gsf,!pgsans,!pgsf,!use_system_font,BORDER,FLAVOR_DPI=XXHDPI,KEYBOARD_WIDTH_CATEGORY=NORMAL,KEY_BORDER_SHAPE=1,LIGHT_THEME=false,PHYSICAL_DIAGONAL=6.0649586,POPUP,SCREEN_SHORTEST_WIDTH=411,SCREEN_SHORTEST_WIDTH_NO_SCALE=411,SW400DP,XXHDPI,bottom4dp,enable_popup_on_keypress=true,keyboard_redesign_google_sans=true,non_linear_scale,noshadow,overlay_builtin_dynamic_color_dark_base.binarypb:gm3-dark-ff0d0e12-ffb8c6ee-4dd27a30afe06facd02255cbda95da6f,silkpopup, global_locale=en_US, global_density_dpi=420, global_orientation=1}, className=.latin.keyboard.LatinPasswordKeyboard, resourceIds=[#0x7f1705f8, #0x7f17088a, #0x7f1706b8], initialStates=0, keyboardViewDefs=[nxl{direction=null, id=#0x7f0b0226, isScalable=true, layoutId=#0x7f0e02b5, type=BODY, touchable=true, defaultShow=true}, nxl{direction=null, id=#0x7f0b0226, isScalable=false, layoutId=#0x7f0e0211, type=FLOATING_CANDIDATES, touchable=false, defaultShow=false}, nxl{direction=LOCALE, id=#0x7f0b0226, isScalable=false, layoutId=#0x7f0e0518, type=HEADER, touchable=true, defaultShow=true}], persistentStates=0, persistentStatesPrefKey=null, popupBubbleLayoutId=#0x7f0e0606, recentKeyLayoutId=#0x0, recentKeyPopupLayoutId=#0x0, recentKeyType=null, rememberRecentKey=NONE, sessionStates=17592186044419}, type=WIDGET, helpersCreated={HEADER=nhw@22b2adc, BODY=nhw@59877e5, FLOATING_CANDIDATES=nhw@69102ba}, context.getResources().getConfiguration(): {1.0 257mcc2mnc [en_US,ru_BY] ldltr sw411dp w411dp h914dp 420dpi nrml long compactNeeded port night finger -keyb/v/h -nav/h winConfig={ mBounds=Rect(0, 0 - 1080, 2400) mAppBounds=Rect(0, 0 - 1080, 2400) mMaxBounds=Rect(0, 0 - 1080, 2400) mDisplayRotation=ROTATION_0 mWindowingMode=fullscreen mActivityType=undefined mAlwaysOnTop=undefined mRotation=ROTATION_0} as.3 s.42 fontWeightAdjustment=0}
03-21 20:52:18.575  3073  3073 I BaseKeyboardSizeHelper: BaseKeyboardSizeHelper.calculateMaxKeyboardBodyHeight():73 leave 281 height for app when ime window height:2181, header height:116 and isFullscreenMode:false, so the max keyboard body height is:1784
03-21 20:52:18.577  3073  3073 I AndroidIME: InputBundleManager.startInput():361 startInput() with nxh[keyboardType=prime, payload=null]
03-21 20:52:18.577  3073  3073 I PkModeUpdater: PkModeUpdater.onActivate():76 onActivate false true
03-21 20:52:18.577  3073  3073 I AccessoryInputModeManager: AccessoryInputModeManager.onModeStarted():324 Accessory input mode started: null
03-21 20:52:18.578  3073  3073 W SupplementaryKeyboardsWrapper: SupplementaryKeyboardsWrapper.deactivateKeyboard():162 keyboard accessory_candidates_consumer is not activated before!
03-21 20:52:18.578  3073  3073 I GlobeKeyExtension: GlobeKeyExtension.onActivate():129 
03-21 20:52:18.582  3073  3073 I KeyboardModeUtils: KeyboardModeUtils.getKeyboardBottomOffset():435 inch: 0.000000 ydpi: 409.127014 adjustKeyboardBottomByDisplaySize: false currentDensityDpi: 420 defaultDensityDpi: 420 keyboardBottomToScreenPx: 0 keyboardBottomToNavBarPx: -126 navBarHeight: 126
03-21 20:52:18.582  3073  3073 I BaseKeyboardSizeHelper: BaseKeyboardSizeHelper.calculateMaxKeyboardBodyHeight():73 leave 281 height for app when ime window height:2181, header height:116 and isFullscreenMode:false, so the max keyboard body height is:1784
03-21 20:52:18.582  3073  3073 I BaseKeyboardSizeHelper: BaseKeyboardSizeHelper.calculateMaxKeyboardBodyHeight():73 leave 281 height for app when ime window height:2181, header height:116 and isFullscreenMode:false, so the max keyboard body height is:1784
03-21 20:52:18.582  3073  3073 I BaseKeyboardSizeHelper: BaseKeyboardSizeHelper.calculateMaxKeyboardBodyHeight():73 leave 281 height for app when ime window height:2181, header height:116 and isFullscreenMode:false, so the max keyboard body height is:1784
03-21 20:52:18.583  3073  3073 I BaseKeyboardSizeHelper: BaseKeyboardSizeHelper.calculateMaxKeyboardBodyHeight():73 leave 281 height for app when ime window height:2181, header height:116 and isFullscreenMode:false, so the max keyboard body height is:1784
03-21 20:52:18.583  3073  3073 W ExtensionWrapper: ExtensionWrapper.setExtensionViewVisibility():876 interface nlm is not activate
03-21 20:52:18.583  3073  3073 I NewLanguagePromptExtension: NewLanguagePromptExtension.onActivate():189 Not activated NewLanguagePromptExtension: not a normal text input box.
03-21 20:52:18.583  3073  3073 I VoiceInputManagerWrapper: VoiceInputManagerWrapper.cancelShutdown():109 cancelShutdown()
03-21 20:52:18.583  3073  3073 I VoiceInputManagerWrapper: VoiceInputManagerWrapper.syncLanguagePacks():121 syncLanguagePacks()
03-21 20:52:18.583  3073  3073 I VoiceInputManager: VoiceInputManager.onKeyboardActivated():1216 onKeyboardActivated() [UD]
03-21 20:52:18.583  3073 12803 I SpeechFactory: SpeechRecognitionFactory.maybeScheduleAutoPackDownloadForFallback():217 maybeScheduleAutoPackDownloadForFallback()
03-21 20:52:18.583  3073 12803 I FallbackOnDeviceRecognitionProvider: FallbackOnDeviceRecognitionProvider.maybeScheduleAutoPackDownload():213 maybeScheduleAutoPackDownload() for language tag en-US
03-21 20:52:18.584  3073  3073 I Module  : DeviceLockedStatusModuleProvider$Module.updateDeviceLockedStatus():103 repeatCheckTimes = 1, locked = false
03-21 20:52:18.594  3073  3073 I StylusModule: StylusModule.onUpdateToolType():774 Update tool type = 1
03-21 20:52:18.606  3073  3073 I GoogleInputMethodService: GoogleInputMethodService$1.onKeyboardViewShown():331 onKeyboardViewShown: keyboardType=prime, keyboardViewType=HEADER keyboardView=com.google.android.libraries.inputmethod.widgets.SoftKeyboardView{f0dbb73 V.E...... ........ 0,0-1080,116}
03-21 20:52:18.606  3073  3073 I BaseKeyboardSizeHelper: BaseKeyboardSizeHelper.calculateMaxKeyboardBodyHeight():73 leave 281 height for app when ime window height:2181, header height:116 and isFullscreenMode:false, so the max keyboard body height is:1784
03-21 20:52:18.606  3073  3073 I GoogleInputMethodService: GoogleInputMethodService$1.onKeyboardViewShown():331 onKeyboardViewShown: keyboardType=prime, keyboardViewType=BODY keyboardView=com.google.android.libraries.inputmethod.widgets.SoftKeyboardView{61c2f8f V.E...... ........ 0,0-1080,764}
03-21 20:52:18.606  3073  3073 I BaseKeyboardSizeHelper: BaseKeyboardSizeHelper.calculateMaxKeyboardBodyHeight():73 leave 281 height for app when ime window height:2181, header height:116 and isFullscreenMode:false, so the max keyboard body height is:1784
03-21 20:52:18.606  3073  3073 I GlobeKeyExtension: GlobeKeyExtension$1.onKeyboardViewShown():76 maybeDisableLanguageSwitchKeyPref when the keyboard is shown
03-21 20:52:18.607  3073  3073 I GlobeKeyExtension: GlobeKeyExtension.maybeDisableLanguageSwitchKeyPref():210 maybeDisableLanguageSwitchKeyPref hasGlobeKeyBeenDisabled: false, shouldDisableLanguageSwitchKey: false
03-21 20:52:18.607  3073  3073 I NewLanguagePromptExtension: NewLanguagePromptExtension$1.onKeyboardViewShown():88 Not show new language banner: not prime keyboard, or the extension not activated.
03-21 20:52:18.607  3073  3073 I KeyboardModeUtils: KeyboardModeUtils.getKeyboardBottomOffset():435 inch: 0.000000 ydpi: 409.127014 adjustKeyboardBottomByDisplaySize: false currentDensityDpi: 420 defaultDensityDpi: 420 keyboardBottomToScreenPx: 0 keyboardBottomToNavBarPx: -126 navBarHeight: 126
03-21 20:52:18.608  3073  3073 I BaseKeyboardSizeHelper: BaseKeyboardSizeHelper.calculateMaxKeyboardBodyHeight():73 leave 281 height for app when ime window height:2181, header height:116 and isFullscreenMode:false, so the max keyboard body height is:1784
03-21 20:52:18.608  3073  3073 I BaseKeyboardSizeHelper: BaseKeyboardSizeHelper.calculateMaxKeyboardBodyHeight():73 leave 281 height for app when ime window height:2181, header height:116 and isFullscreenMode:false, so the max keyboard body height is:1784
03-21 20:52:18.622  1587  2337 I AssistStructure: Flattened final assist data: 2408 bytes, containing 1 windows, 18 views
03-21 20:52:18.625  2458 26856 W aqxu    : Failed to retrieve prediction data. [CONTEXT service_id=177 ]
03-21 20:52:18.625  2458 26856 W aqxu    : java.util.concurrent.ExecutionException: galh: No data was found for the table autofill-domain-predictions-prod-spanner.
03-21 20:52:18.625  2458 26856 W aqxu    : 	at heuv.j(:com.google.android.gms@261035035@26.10.35 (260400-885717106):21)
03-21 20:52:18.625  2458 26856 W aqxu    : 	at heve.v(:com.google.android.gms@261035035@26.10.35 (260400-885717106):107)
03-21 20:52:18.625  2458 26856 W aqxu    : 	at heuv.get(:com.google.android.gms@261035035@26.10.35 (260400-885717106):6)
03-21 20:52:18.625  2458 26856 W aqxu    : 	at aqxu.e(:com.google.android.gms@261035035@26.10.35 (260400-885717106):81)
03-21 20:52:18.625  2458 26856 W aqxu    : 	at aqxu.a(:com.google.android.gms@261035035@26.10.35 (260400-885717106):124)
03-21 20:52:18.625  2458 26856 W aqxu    : 	at aquw.call(:com.google.android.gms@261035035@26.10.35 (260400-885717106):5)
03-21 20:52:18.625  2458 26856 W aqxu    : 	at java.util.concurrent.FutureTask.run(FutureTask.java:317)
03-21 20:52:18.625  2458 26856 W aqxu    : 	at bhxh.c(:com.google.android.gms@261035035@26.10.35 (260400-885717106):50)
03-21 20:52:18.625  2458 26856 W aqxu    : 	at bhxh.run(:com.google.android.gms@261035035@26.10.35 (260400-885717106):73)
03-21 20:52:18.625  2458 26856 W aqxu    : 	at java.util.concurrent.ThreadPoolExecutor.runWorker(ThreadPoolExecutor.java:1154)
03-21 20:52:18.625  2458 26856 W aqxu    : 	at java.util.concurrent.ThreadPoolExecutor$Worker.run(ThreadPoolExecutor.java:652)
03-21 20:52:18.625  2458 26856 W aqxu    : 	at bicy.run(:com.google.android.gms@261035035@26.10.35 (260400-885717106):8)
03-21 20:52:18.625  2458 26856 W aqxu    : 	at java.lang.Thread.run(Thread.java:1563)
03-21 20:52:18.625  2458 26856 W aqxu    : Caused by: galh: No data was found for the table autofill-domain-predictions-prod-spanner.
03-21 20:52:18.625  2458 26856 W aqxu    : 	at galy.a(:com.google.android.gms@261035035@26.10.35 (260400-885717106):217)
03-21 20:52:18.625  2458 26856 W aqxu    : 	at hevg.d(:com.google.android.gms@261035035@26.10.35 (260400-885717106):3)
03-21 20:52:18.625  2458 26856 W aqxu    : 	at hevi.run(:com.google.android.gms@261035035@26.10.35 (260400-885717106):38)
03-21 20:52:18.625  2458 26856 W aqxu    : 	at hewu.execute(:com.google.android.gms@261035035@26.10.35 (260400-885717106):1)
03-21 20:52:18.625  2458 26856 W aqxu    : 	at heuv.f(:com.google.android.gms@261035035@26.10.35 (260400-885717106):1)
03-21 20:52:18.625  2458 26856 W aqxu    : 	at heuv.m(:com.google.android.gms@261035035@26.10.35 (260400-885717106):99)
03-21 20:52:18.625  2458 26856 W aqxu    : 	at heuv.t(:com.google.android.gms@261035035@26.10.35 (260400-885717106):26)
03-21 20:52:18.625  2458 26856 W aqxu    : 	at hevg.e(:com.google.android.gms@261035035@26.10.35 (260400-885717106):3)
03-21 20:52:18.625  2458 26856 W aqxu    : 	at hevi.run(:com.google.android.gms@261035035@26.10.35 (260400-885717106):44)
03-21 20:52:18.625  2458 26856 W aqxu    : 	at hewu.execute(:com.google.android.gms@261035035@26.10.35 (260400-885717106):1)
03-21 20:52:18.625  2458 26856 W aqxu    : 	at heuv.f(:com.google.android.gms@261035035@26.10.35 (260400-885717106):1)
03-21 20:52:18.625  2458 26856 W aqxu    : 	at heuv.m(:com.google.android.gms@261035035@26.10.35 (260400-885717106):99)
03-21 20:52:18.625  2458 26856 W aqxu    : 	at heuv.q(:com.google.android.gms@261035035@26.10.35 (260400-885717106):13)
03-21 20:52:18.625  2458 26856 W aqxu    : 	at heun.run(:com.google.android.gms@261035035@26.10.35 (260400-885717106):120)
03-21 20:52:18.625  2458 26856 W aqxu    : 	at hewu.execute(:com.google.android.gms@261035035@26.10.35 (260400-885717106):1)
03-21 20:52:18.625  2458 26856 W aqxu    : 	at heuv.f(:com.google.android.gms@261035035@26.10.35 (260400-885717106):1)
03-21 20:52:18.625  2458 26856 W aqxu    : 	at heuv.m(:com.google.android.gms@261035035@26.10.35 (260400-885717106):99)
03-21 20:52:18.625  2458 26856 W aqxu    : 	at heuv.q(:com.google.android.gms@261035035@26.10.35 (260400-885717106):13)
03-21 20:52:18.625  2458 26856 W aqxu    : 	at hevh.e(:com.google.android.gms@261035035@26.10.35 (260400-885717106):1)
03-21 20:52:18.625  2458 26856 W aqxu    : 	at hevi.run(:com.google.android.gms@261035035@26.10.35 (260400-885717106):44)
03-21 20:52:18.625  2458 26856 W aqxu    : 	at hewu.execute(:com.google.android.gms@261035035@26.10.35 (260400-885717106):1)
03-21 20:52:18.625  2458 26856 W aqxu    : 	at heuv.f(:com.google.android.gms@261035035@26.10.35 (260400-885717106):1)
03-21 20:52:18.625  2458 26856 W aqxu    : 	at heuv.m(:com.google.android.gms@261035035@26.10.35 (260400-885717106):99)
03-21 20:52:18.625  2458 26856 W aqxu    : 	at heuv.q(:com.google.android.gms@261035035@26.10.35 (260400-885717106):13)
03-21 20:52:18.625  2458 26856 W aqxu    : 	at heun.run(:com.google.android.gms@261035035@26.10.35 (260400-885717106):120)
03-21 20:52:18.625  2458 26856 W aqxu    : 	at hewu.execute(:com.google.android.gms@261035035@26.10.35 (260400-885717106):1)
03-21 20:52:18.625  2458 26856 W aqxu    : 	at heuv.f(:com.google.android.gms@261035035@26.10.35 (260400-885717106):1)
03-21 20:52:18.625  2458 26856 W aqxu    : 	at heuv.m(:com.google.android.gms@261035035@26.10.35 (260400-885717106):99)
03-21 20:52:18.625  2458 26856 W aqxu    : 	at heuv.q(:com.google.android.gms@261035035@26.10.35 (260400-885717106):13)
03-21 20:52:18.625  2458 26856 W aqxu    : 	at hevh.e(:com.google.android.gms@261035035@26.10.35 (260400-885717106):1)
03-21 20:52:18.625  2458 26856 W aqxu    : 	at hevi.run(:com.google.android.gms@261035035@26.10.35 (260400-885717106):44)
03-21 20:52:18.625  2458 26856 W aqxu    : 	at hewu.execute(:com.google.android.gms@261035035@26.10.35 (260400-885717106):1)
03-21 20:52:18.625  2458 26856 W aqxu    : 	at heuv.f(:com.google.android.gms@261035035@26.10.35 (260400-885717106):1)
03-21 20:52:18.625  2458 26856 W aqxu    : 	at heuv.m(:com.google.android.gms@261035035@26.10.35 (260400-885717106):99)
03-21 20:52:18.625  2458 26856 W aqxu    : 	at heuv.t(:com.google.android.gms@261035035@26.10.35 (260400-885717106):26)
03-21 20:52:18.625  2458 26856 W aqxu    : 	at hexr.run(:com.google.android.gms@261035035@26.10.35 (260400-885717106):5)
03-21 20:52:18.625  2458 26856 W aqxu    : 	at hewu.execute(:com.google.android.gms@261035035@26.10.35 (260400-885717106):1)
03-21 20:52:18.625  2458 26856 W aqxu    : 	at heuv.f(:com.google.android.gms@261035035@26.10.35 (260400-885717106):1)
03-21 20:52:18.625  2458 26856 W aqxu    : 	at heuv.m(:com.google.android.gms@261035035@26.10.35 (260400-885717106):99)
03-21 20:52:18.625  2458 26856 W aqxu    : 	at heuv.t(:com.google.android.gms@261035035@26.10.35 (260400-885717106):26)
03-21 20:52:18.625  2458 26856 W aqxu    : 	at hevg.e(:com.google.android.gms@261035035@26.10.35 (260400-885717106):3)
03-21 20:52:18.625  2458 26856 W aqxu    : 	at hevi.run(:com.google.android.gms@261035035@26.10.35 (260400-885717106):44)
03-21 20:52:18.625  2458 26856 W aqxu    : 	at heyx.run(:com.google.android.gms@261035035@26.10.35 (260400-885717106):64)
03-21 20:52:18.625  2458 26856 W aqxu    : 	... 6 more
03-21 20:52:18.632   625  2778 W libperfmgr: Failed to write to node: /dev/stune/top-app/schedtune.boost with value: 10, fd: -1
03-21 20:52:18.632   625  2778 W libperfmgr: Failed to write to node: /proc/sys/kernel/sched_boost with value: 0, fd: -1
03-21 20:52:18.632  1587  1672 I ActivityManager: Killing 23514:com.android.vending:background/u0a293 (adj 965): screen-on memory reclaim
03-21 20:52:18.633  1587  1672 I ActivityManager: Killing 26094:com.soundcloud.android/u0a391 (adj 955): screen-on memory reclaim
03-21 20:52:18.634  1587  1672 I ActivityManager: Killing 26102:by.bank.bsb.mobile/u0a387 (adj 945): screen-on memory reclaim
03-21 20:52:18.637  1587  1672 I ActivityManager: Killing 26863:com.google.android.gms.ui/u0a300 (adj 935): screen-on memory reclaim
03-21 20:52:18.638  1587  1672 I ActivityManager: Killing 25762:com.android.chrome:privileged_process2/u0a313 (adj 930): screen-on memory reclaim
03-21 20:52:18.640  1587  1672 I ActivityManager: Killing 27709:com.instagram.android/u0a390 (adj 925): screen-on memory reclaim
03-21 20:52:18.642  1587  1672 I ActivityManager: Killing 25748:com.android.cellbroadcastreceiver.module/u0a358 (adj 915): screen-on memory reclaim
03-21 20:52:18.644  1587  1672 I ActivityManager: Killing 26092:com.google.android.googlequicksearchbox:googleapp/u0a289 (adj 900): screen-on memory reclaim
03-21 20:52:18.660  2458 26856 I PasswordSaveInfoFactory: Form has a username and is not a password only form. [CONTEXT service_id=177 ]
03-21 20:52:18.661  2458 26856 I PasswordSaveInfoFactory: Form is not a password only form. [CONTEXT service_id=177 ]
03-21 20:52:18.661  2458 26856 I UsernameSaveInfoFactory: Form has a password and is not a username only form. [CONTEXT service_id=177 ]
03-21 20:52:18.665 23481 23565 I SyncManager: (REDACTED) Executing sync(type=%s%s)
03-21 20:52:18.673   852   992 I hwcomposer: [HWCDisplay] [Display_0 (type:1)] fps:68.707390,dur:1004.26,max:222.15,min:1.86  
03-21 20:52:18.675 23481 23565 I SyncManager: (REDACTED) Executing sync(type=%s) finished in %s
03-21 20:52:18.677 23481 23565 I SyncManager: (REDACTED) Executing sync(type=%s%s)
03-21 20:52:18.682 23481 23565 I SyncManager: (REDACTED) Executing sync(type=%s) finished in %s
03-21 20:52:18.683   844 27868 I resolv  : GetAddrInfoHandler::run: {102 786534 102 983142 10300 0}
03-21 20:52:18.683   844 27869 I resolv  : res_nmkquery: (QUERY, IN, A)
03-21 20:52:18.685 23481 23565 I SyncManager: (REDACTED) Executing sync(type=%s%s)
03-21 20:52:18.688 23481 23565 I SyncManager: (REDACTED) Executing sync(type=%s) finished in %s
03-21 20:52:18.690 23481 23565 I SyncManager: (REDACTED) Executing sync(type=%s%s)
03-21 20:52:18.693 23481 23565 I SyncManager: (REDACTED) Executing sync(type=%s) finished in %s
03-21 20:52:18.695 23481 23565 I SyncManager: (REDACTED) Executing sync(type=%s%s)
03-21 20:52:18.697   845   845 I Zygote  : Process 25762 exited due to signal 9 (Killed)
03-21 20:52:18.698 23481 23565 I SyncManager: (REDACTED) Executing sync(type=%s) finished in %s
03-21 20:52:18.699  1587  1848 W ActivityManager: Scheduling restart of crashed service com.android.chrome/org.chromium.content.app.PrivilegedProcessService2 in 1000ms for connection
03-21 20:52:18.699   844 27869 I resolv  : res_nsend: used send_dg 106 terrno: 0
03-21 20:52:18.699   844 27869 I resolv  : doQuery: rcode=0, ancount=4, return value=106
03-21 20:52:18.712   845   845 I Zygote  : Process 25748 exited due to signal 9 (Killed)
03-21 20:52:18.722   845   845 I Zygote  : Process 26092 exited due to signal 9 (Killed)
03-21 20:52:18.723   845   845 I Zygote  : Process 26863 exited due to signal 9 (Killed)
03-21 20:52:18.723  1587  7868 E AppOps  : Bad call made by uid 1000. Package "com.google.android.googlequicksearchbox" does not belong to uid 1000.
03-21 20:52:18.723  1587  7868 W BinderNative: Uncaught exception from death notification
03-21 20:52:18.723  1587  7868 W BinderNative: java.lang.SecurityException: Specified package "com.google.android.googlequicksearchbox" under uid 1000 but it is not
03-21 20:52:18.723  1587  7868 W BinderNative: 	at com.android.server.appop.AppOpsService.verifyAndGetBypass(AppOpsService.java:5033)
03-21 20:52:18.723  1587  7868 W BinderNative: 	at com.android.server.appop.AppOpsService.verifyAndGetBypass(AppOpsService.java:4894)
03-21 20:52:18.723  1587  7868 W BinderNative: 	at com.android.server.appop.AppOpsService.verifyAndGetBypass(AppOpsService.java:4886)
03-21 20:52:18.723  1587  7868 W BinderNative: 	at com.android.server.appop.AppOpsService.stopWatchingAsyncNoted(AppOpsService.java:3816)
03-21 20:52:18.723  1587  7868 W BinderNative: 	at com.android.server.appop.AppOpsService.lambda$startWatchingAsyncNoted$8(AppOpsService.java:3792)
03-21 20:52:18.723  1587  7868 W BinderNative: 	at com.android.server.appop.AppOpsService.$r8$lambda$8-LvphSu5hQo1Pm8R22O3seI00E(AppOpsService.java:0)
03-21 20:52:18.723  1587  7868 W BinderNative: 	at com.android.server.appop.AppOpsService$$ExternalSyntheticLambda1.onInterfaceDied(R8$$SyntheticClass:0)
03-21 20:52:18.723  1587  7868 W BinderNative: 	at android.os.RemoteCallbackList$Builder$1.onCallbackDied(RemoteCallbackList.java:337)
03-21 20:52:18.723  1587  7868 W BinderNative: 	at android.os.RemoteCallbackList$Interface.binderDied(RemoteCallbackList.java:229)
03-21 20:52:18.723  1587  7868 W BinderNative: 	at android.os.IBinder$DeathRecipient.binderDied(IBinder.java:340)
03-21 20:52:18.723  1587  7868 W BinderNative: 	at android.os.BinderProxy.sendDeathNotice(BinderProxy.java:787)
03-21 20:52:18.724  1587  7863 W ActivityManager: Scheduling restart of crashed service com.google.android.googlequicksearchbox/com.google.android.apps.gsa.nowoverlayservice.DrawerOverlayService in 10975ms for connection
03-21 20:52:18.726  1587  8915 W ActivityManager: Scheduling restart of crashed service com.google.android.gms/.chimera.UiIntentOperationService in 10973ms for start-requested
03-21 20:52:18.734  2034  2034 W TouchableRegionManager: onHeadsUpPinnedModeChanged
03-21 20:52:18.735  2458 27708 W Conscrypt: Could not set socket write timeout: java.net.SocketException: Socket closed
03-21 20:52:18.735  2458 27708 W Conscrypt: 	at com.google.android.gms.org.conscrypt.Platform.setSocketWriteTimeout(:com.google.android.gms@261035035@26.10.35 (260400-885717106):204)
03-21 20:52:18.735  2458 27708 W Conscrypt: 	at com.google.android.gms.org.conscrypt.ConscryptFileDescriptorSocket.setSoWriteTimeout(:com.google.android.gms@261035035@26.10.35 (260400-885717106):4)
03-21 20:52:18.736  1587  1680 W libprocessgroup: SetCgroup::ExecuteForProcess: failed to open /dev/stune/top-app/cgroup.procs: No such file or directory
03-21 20:52:18.738  1587  1587 W InlineSuggestionFactory: AutofillId=1073741825@1112969336 not found in dataset
03-21 20:52:18.738  1587  1587 W InlineSuggestionFactory: AutofillId=1073741825@1112969336 not found in dataset
03-21 20:52:18.738  1587  1587 W InlineSuggestionFactory: AutofillId=1073741825@1112969336 not found in dataset
03-21 20:52:18.741   845   845 I Zygote  : Process 23514 exited due to signal 9 (Killed)
03-21 20:52:18.741  1587  1674 I libprocessgroup: Removed cgroup /sys/fs/cgroup/apps/uid_10293/pid_23514
03-21 20:52:18.752  2034  2159 I PluginActionManager[com.android.systemui.action.PLUGIN_NOTIFICATION_MENU_ROW]: Found 0 plugins
03-21 20:52:18.760  1587  1652 I UsbPortManager: USB HAL AIDL version: USB_HAL_V2_0
03-21 20:52:18.767  1587  1680 W libprocessgroup: SetCgroup::ExecuteForProcess: failed to open /dev/stune/top-app/cgroup.procs: No such file or directory
03-21 20:52:18.772   845   845 I Zygote  : Process 26102 exited due to signal 9 (Killed)
03-21 20:52:18.781  1587  1657 I ImeTracker: system_server:1446ed95: onRequestShow at ORIGIN_SERVER reason CONTROLS_CHANGED fromUser false
03-21 20:52:18.782 26664 26664 I ImeTracker: system_server:1446ed95: onCancelled at PHASE_CLIENT_ON_CONTROLS_CHANGED
03-21 20:52:18.786  1587  1674 I libprocessgroup: Removed cgroup /sys/fs/cgroup/apps/uid_10391/pid_26094
03-21 20:52:18.786   845   845 I Zygote  : Process 26094 exited due to signal 9 (Killed)
03-21 20:52:18.786  1587  1674 I libprocessgroup: Removed cgroup /sys/fs/cgroup/apps/uid_10387/pid_26102
03-21 20:52:18.786  1587  1674 I libprocessgroup: Removed cgroup /sys/fs/cgroup/apps/uid_10300/pid_26863
03-21 20:52:18.786   845   845 I Zygote  : Process 27709 exited due to signal 9 (Killed)
03-21 20:52:18.786  1587  1674 I libprocessgroup: Removed cgroup /sys/fs/cgroup/apps/uid_10313/pid_25762
03-21 20:52:18.786  1587  1674 I libprocessgroup: Removed cgroup /sys/fs/cgroup/apps/uid_10390/pid_27709
03-21 20:52:18.786  1587  1674 I libprocessgroup: Removed cgroup /sys/fs/cgroup/apps/uid_10358/pid_25748
03-21 20:52:18.787  1587  1674 I libprocessgroup: Removed cgroup /sys/fs/cgroup/apps/uid_10289/pid_26092
03-21 20:52:18.790   914   988 E surfaceflinger: == MALI DEBUG ===eglp_winsys_populate_image_templates ==12288
03-21 20:52:18.794  1587  8906 I MediaSessionStack: removeSession | record: com.soundcloud.android/MediaService::MediaSessionTag/17 (userId=0)
03-21 20:52:18.794  1587  8906 I MR2ServiceImpl: unregisterRouter2 | Router com.soundcloud.android (id=17,pid=26094,userId=0,uid=10391), died: true
03-21 20:52:18.795  1587  1972 I MR2ServiceImpl: Updating composite discovery preference | preference: RouteDiscoveryRequest{ preferredFeatures={}, activeScan=false }, active routers: []
03-21 20:52:18.801  2458 27708 W Conscrypt: Could not set socket write timeout: java.net.SocketException: Socket closed
03-21 20:52:18.801  2458 27708 W Conscrypt: 	at com.google.android.gms.org.conscrypt.Platform.setSocketWriteTimeout(:com.google.android.gms@261035035@26.10.35 (260400-885717106):204)
03-21 20:52:18.801  2458 27708 W Conscrypt: 	at com.google.android.gms.org.conscrypt.ConscryptFileDescriptorSocket.setSoWriteTimeout(:com.google.android.gms@261035035@26.10.35 (260400-885717106):4)
03-21 20:52:18.812   914   988 E surfaceflinger: == MALI DEBUG ===eglp_winsys_populate_image_templates ==12288
03-21 20:52:18.863   914   988 E surfaceflinger: == MALI DEBUG ===eglp_winsys_populate_image_templates ==12288
03-21 20:52:18.871   914   988 E surfaceflinger: == MALI DEBUG ===eglp_winsys_populate_image_templates ==12288
03-21 20:52:18.907  2034  2110 E QuickAccessWalletKeyguardQuickAffordanceConfig: Wallet card retrieval error, message: "null"
03-21 20:52:18.908  2034  2110 E QuickAccessWalletKeyguardQuickAffordanceConfig: Wallet card retrieval error, message: "null"
03-21 20:52:18.909  2034  2110 E QuickAccessWalletKeyguardQuickAffordanceConfig: Wallet card retrieval error, message: "null"
03-21 20:52:18.912  2034  2098 E ndroid.systemui: == MALI DEBUG ===eglp_winsys_populate_image_templates ==12288
03-21 20:52:19.017  2458 26854 I NearbySharing: Screen is unlocked
03-21 20:52:19.017  2458 26854 I NearbySharing: Uwb feature is off.
03-21 20:52:19.017  2458 26854 I NearbySharing: Uwb feature is off.
03-21 20:52:19.017  2458 26854 I NearbySharing: Stopping scanning because Bluetooth is disabled.
03-21 20:52:19.017  2458 26854 I NearbySharing: Stopping Fast Init advertisement because Bluetooth is off.
03-21 20:52:19.018  2458 26854 I NearbySharing: Stopping advertising because Bluetooth is disabled.
03-21 20:52:19.021  2458 26854 I NearbySharing: Fast Initiation Scanning has stopped
03-21 20:52:19.022  2458 26854 I NearbySharing: Stopping FastInitiation scanning because Bluetooth is disabled.
03-21 20:52:19.022  2458 26854 I NearbySharing: Dismissing HUN as there's no device nearby.
03-21 20:52:19.046  2458 27879 I NearbyMediums: ModuleInitializer handles incoming intent android.intent.action.USER_PRESENT
03-21 20:52:19.048 23481 27878 I PersonalSafety: ConnectivityProtectionLockingIntentOperation: cancelled task [CONTEXT service_id=310 ]
03-21 20:52:19.052  2458  2458 I RCNIntentOperation: RCN is disabled on this network.
03-21 20:52:19.072   914   988 E surfaceflinger: == MALI DEBUG ===eglp_winsys_populate_image_templates ==12288
03-21 20:52:19.132   625  2778 W libperfmgr: Failed to write to node: /dev/stune/top-app/schedtune.boost with value: 10, fd: -1
03-21 20:52:19.132   625  2778 W libperfmgr: Failed to write to node: /proc/sys/kernel/sched_boost with value: 0, fd: -1
03-21 20:52:19.146   852  1054 I hwcomposer: [HWC] (0)fire a callback of refresh to SF[4]  
03-21 20:52:19.161   625  2778 W libperfmgr: Failed to write to node: /dev/stune/top-app/schedtune.boost with value: 10, fd: -1
03-21 20:52:19.161   625  2778 W libperfmgr: Failed to write to node: /proc/sys/kernel/sched_boost with value: 0, fd: -1
03-21 20:52:19.227   625  2778 W libperfmgr: Failed to write to node: /dev/stune/top-app/schedtune.boost with value: 10, fd: -1
03-21 20:52:19.228   625  2778 W libperfmgr: Failed to write to node: /proc/sys/kernel/sched_boost with value: 0, fd: -1
03-21 20:52:19.350   579   579 I [mTEE]  :  come into the TZ_VFS_OPEN function
03-21 20:52:19.352   579   579 I [mTEE]  :  come into the TZ_VFS_OPEN function
03-21 20:52:19.353   579   579 I [mTEE]  :  come into the TZ_VFS_OPEN function
03-21 20:52:19.354   579   579 I [mTEE]  :  come into the TZ_VFS_OPEN function
03-21 20:52:19.358   579   579 I [mTEE]  :  come into the TZ_VFS_OPEN function
03-21 20:52:19.359   579   579 I [mTEE]  :  come into the TZ_VFS_OPEN function
03-21 20:52:19.369   579   579 I [mTEE]  :  come into the TZ_VFS_OPEN function
03-21 20:52:19.370   579   579 I [mTEE]  :  come into the TZ_VFS_OPEN function
03-21 20:52:19.371   579   579 I [mTEE]  :  come into the TZ_VFS_OPEN function
03-21 20:52:19.372   579   579 I [mTEE]  :  come into the TZ_VFS_OPEN function
03-21 20:52:19.378   579   579 I [mTEE]  :  come into the TZ_VFS_OPEN function
03-21 20:52:19.379   579   579 I [mTEE]  :  come into the TZ_VFS_OPEN function
03-21 20:52:19.380   579   579 I [mTEE]  :  come into the TZ_VFS_OPEN function
03-21 20:52:19.381   579   579 I [mTEE]  :  come into the TZ_VFS_OPEN function
03-21 20:52:19.385   579   579 I [mTEE]  :  come into the TZ_VFS_OPEN function
03-21 20:52:19.387   579   579 I [mTEE]  :  come into the TZ_VFS_OPEN function
03-21 20:52:19.395   579   579 I [mTEE]  :  come into the TZ_VFS_OPEN function
03-21 20:52:19.396   579   579 I [mTEE]  :  come into the TZ_VFS_OPEN function
03-21 20:52:19.397   579   579 I [mTEE]  :  come into the TZ_VFS_OPEN function
03-21 20:52:19.399   579   579 I [mTEE]  :  come into the TZ_VFS_OPEN function
03-21 20:52:19.402   579   579 I [mTEE]  :  come into the TZ_VFS_OPEN function
03-21 20:52:19.403   579   579 I [mTEE]  :  come into the TZ_VFS_OPEN function
03-21 20:52:19.409   579   579 I [mTEE]  :  come into the TZ_VFS_OPEN function
03-21 20:52:19.411   579   579 I [mTEE]  :  come into the TZ_VFS_OPEN function
03-21 20:52:19.413   579   579 I [mTEE]  :  come into the TZ_VFS_OPEN function
03-21 20:52:19.414   579   579 I [mTEE]  :  come into the TZ_VFS_OPEN function
03-21 20:52:19.418   579   579 I [mTEE]  :  come into the TZ_VFS_OPEN function
03-21 20:52:19.419   579   579 I [mTEE]  :  come into the TZ_VFS_OPEN function
03-21 20:52:19.424   579   579 I [mTEE]  :  come into the TZ_VFS_OPEN function
03-21 20:52:19.425   579   579 I [mTEE]  :  come into the TZ_VFS_OPEN function
03-21 20:52:19.426   579   579 I [mTEE]  :  come into the TZ_VFS_OPEN function
03-21 20:52:19.427   579   579 I [mTEE]  :  come into the TZ_VFS_OPEN function
03-21 20:52:19.431   579   579 I [mTEE]  :  come into the TZ_VFS_OPEN function
03-21 20:52:19.432   579   579 I [mTEE]  :  come into the TZ_VFS_OPEN function
03-21 20:52:19.506   579   579 I [mTEE]  :  come into the TZ_VFS_OPEN function
03-21 20:52:19.507   579   579 I [mTEE]  :  come into the TZ_VFS_OPEN function
03-21 20:52:19.509   579   579 I [mTEE]  :  come into the TZ_VFS_OPEN function
03-21 20:52:19.510   579   579 I [mTEE]  :  come into the TZ_VFS_OPEN function
03-21 20:52:19.515   579   579 I [mTEE]  :  come into the TZ_VFS_OPEN function
03-21 20:52:19.516   579   579 I [mTEE]  :  come into the TZ_VFS_OPEN function
03-21 20:52:19.525   579   579 I [mTEE]  :  come into the TZ_VFS_OPEN function
03-21 20:52:19.526   579   579 I [mTEE]  :  come into the TZ_VFS_OPEN function
03-21 20:52:19.527   579   579 I [mTEE]  :  come into the TZ_VFS_OPEN function
03-21 20:52:19.528   579   579 I [mTEE]  :  come into the TZ_VFS_OPEN function
03-21 20:52:19.533   579   579 I [mTEE]  :  come into the TZ_VFS_OPEN function
03-21 20:52:19.534   579   579 I [mTEE]  :  come into the TZ_VFS_OPEN function
03-21 20:52:19.541   579   579 I [mTEE]  :  come into the TZ_VFS_OPEN function
03-21 20:52:19.543   579   579 I [mTEE]  :  come into the TZ_VFS_OPEN function
03-21 20:52:19.544   579   579 I [mTEE]  :  come into the TZ_VFS_OPEN function
03-21 20:52:19.545   579   579 I [mTEE]  :  come into the TZ_VFS_OPEN function
03-21 20:52:19.550   579   579 I [mTEE]  :  come into the TZ_VFS_OPEN function
03-21 20:52:19.551   579   579 I [mTEE]  :  come into the TZ_VFS_OPEN function
03-21 20:52:19.571  1151  1333 E [GF_HAL][gf_hal_milan]: [hal_milan_invoke_command] err=GF_SUCCESS, errno=0. reset g_hal_over_current_count to 0!
03-21 20:52:19.571  1151  1333 I [GF_HAL][gf_hal_milan]: [irq_pre_process] irq_type=INVALID_IRQ_TYPE, irq_type=0x0000
03-21 20:52:19.571  1151  1333 I [GF_HAL][gf_hal_milan]: [irq_process] invalid irq type 0
03-21 20:52:19.574  1151  1333 E [GF_HAL][gf_hal_milan]: [hal_milan_invoke_command] err=GF_SUCCESS, errno=0. reset g_hal_over_current_count to 0!
03-21 20:52:19.574  1151  1333 I [GF_HAL][gf_hal_milan]: [irq_pre_process] irq_type=INVALID_IRQ_TYPE, irq_type=0x0000
03-21 20:52:19.574  1151  1333 I [GF_HAL][gf_hal_milan]: [irq_process] invalid irq type 0
03-21 20:52:19.578   914   988 E surfaceflinger: == MALI DEBUG ===eglp_winsys_populate_image_templates ==12288
03-21 20:52:19.646   852  1054 I hwcomposer: [HWC] (0)fire a callback of refresh to SF[4]  
03-21 20:52:19.660   625  2778 W libperfmgr: Failed to write to node: /dev/stune/top-app/schedtune.boost with value: 10, fd: -1
03-21 20:52:19.660   625  2778 W libperfmgr: Failed to write to node: /proc/sys/kernel/sched_boost with value: 0, fd: -1
03-21 20:52:19.725  1587  1673 I ActivityManager: Start proc 27882:com.android.chrome:privileged_process2/u0a313 for service {com.android.chrome/org.chromium.content.app.PrivilegedProcessService2}
03-21 20:52:19.727   625  2778 W libperfmgr: Failed to write to node: /dev/stune/top-app/schedtune.boost with value: 10, fd: -1
03-21 20:52:19.727   625  2778 W libperfmgr: Failed to write to node: /proc/sys/kernel/sched_boost with value: 0, fd: -1
03-21 20:52:19.745 27882 27882 I Zygote  : Process 27882 created for com.android.chrome:privileged_process2
03-21 20:52:19.746 27882 27882 I ileged_process2: Using CollectorTypeCMC GC.
03-21 20:52:19.769 27882 27882 W ileged_process2: Failed to find entry 'classes.dex': Entry not found
03-21 20:52:19.783 27882 27882 I LoadedApk: No resource references to update in package com.google.android.trichromelibrary
03-21 20:52:19.785 27882 27882 I cr_SplitCompatApp: version=146.0.7680.153 (768015333) minSdkVersion=29 processName=com.android.chrome:privileged_process2 isIsolatedProcess=false splits=chrome,config.en,config.ru,dev_ui,on_demand,stack_unwinder,test_dummy
03-21 20:52:19.791  1587  1680 W libprocessgroup: SetCgroup::ExecuteForProcess: failed to open /dev/stune/background/cgroup.procs: No such file or directory
03-21 20:52:19.795 27882 27882 I cr_ChildProcessService: Creating new ChildProcessService pid=27882
03-21 20:52:20.068   914   988 E surfaceflinger: == MALI DEBUG ===eglp_winsys_populate_image_templates ==12288
03-21 20:52:20.073   852   992 I hwcomposer: [HWCDisplay] [Display_0 (type:1)] fps:25.719254,dur:1399.73,max:417.50,min:10.95  
03-21 20:52:20.158   852  1054 I hwcomposer: [HWC] (0)fire a callback of refresh to SF[4]  
03-21 20:52:20.170   625  2778 W libperfmgr: Failed to write to node: /dev/stune/top-app/schedtune.boost with value: 10, fd: -1
03-21 20:52:20.170   625  2778 W libperfmgr: Failed to write to node: /proc/sys/kernel/sched_boost with value: 0, fd: -1
03-21 20:52:20.192   625  2778 W libperfmgr: Failed to write to node: /dev/stune/top-app/schedtune.boost with value: 10, fd: -1
03-21 20:52:20.192   625  2778 W libperfmgr: Failed to write to node: /proc/sys/kernel/sched_boost with value: 0, fd: -1
03-21 20:52:20.338 26664 26752 E ReactNativeJS: 'API Error Response:', '<html>\r\n<head><title>404 Not Found</title></head>\r\n<body>\r\n<center><h1>404 Not Found</h1></center>\r\n<hr><center>nginx/1.25.5</center>\r\n</body>\r\n</html>\r\n'
03-21 20:52:20.365 26664 26752 E ReactNativeJS: 'Login error:', [AxiosError: Request failed with status code 404]
03-21 20:52:20.371 26664 26664 W WindowOnBackDispatcher: OnBackInvokedCallback is not enabled for the application.
03-21 20:52:20.371 26664 26664 W WindowOnBackDispatcher: Set 'android:enableOnBackInvokedCallback="true"' in the application manifest.
03-21 20:52:20.376   844 27896 I resolv  : GetAddrInfoHandler::run: {102 102 102 983142 10399 0}
03-21 20:52:20.377   844 27897 I resolv  : res_nmkquery: (QUERY, IN, A)
03-21 20:52:20.385   844 27897 I resolv  : res_nsend: used send_dg 43 terrno: 0
03-21 20:52:20.385   844 27897 I resolv  : doQuery: rcode=0, ancount=1, return value=43
03-21 20:52:20.427  1587  1657 I ImeTracker: system_server:a2d7787c: onRequestShow at ORIGIN_SERVER reason CONTROLS_CHANGED fromUser false
03-21 20:52:20.436   914   988 E surfaceflinger: == MALI DEBUG ===eglp_winsys_populate_image_templates ==12288
03-21 20:52:20.445   914   988 E surfaceflinger: == MALI DEBUG ===eglp_winsys_populate_image_templates ==12288
03-21 20:52:20.446   625  2778 W libperfmgr: Failed to write to node: /dev/stune/top-app/schedtune.boost with value: 50, fd: -1
03-21 20:52:20.446   625  2778 W libperfmgr: Failed to write to node: /proc/sys/kernel/sched_boost with value: 2, fd: -1
03-21 20:52:20.450 26664 26664 I ImeTracker: system_server:a2d7787c: onCancelled at PHASE_CLIENT_ON_CONTROLS_CHANGED
03-21 20:52:20.455   914   988 E surfaceflinger: == MALI DEBUG ===eglp_winsys_populate_image_templates ==12288
03-21 20:52:20.466   914   988 E surfaceflinger: == MALI DEBUG ===eglp_winsys_populate_image_templates ==12288
03-21 20:52:20.477   881  2016 I WifiHAL : feature_set=0x8488141a
03-21 20:52:20.477  1587  1927 I HalDevMgr: bestIfaceCreationProposal is null, requestIface=STA, existingIface=[name=wlan0 type=STA]
03-21 20:52:20.483   625  2778 W libperfmgr: Failed to write to node: /dev/stune/top-app/schedtune.boost with value: 50, fd: -1
03-21 20:52:20.483   625  2778 W libperfmgr: Failed to write to node: /proc/sys/kernel/sched_boost with value: 2, fd: -1
03-21 20:52:20.606  2237  2237 E SatelliteController: registerForSatelliteModemStateChanged: mSatelliteSessionController is not initialized yet
03-21 20:52:20.607   625  2778 W libperfmgr: Failed to write to node: /dev/stune/top-app/schedtune.boost with value: 10, fd: -1
03-21 20:52:20.607   625  2778 W libperfmgr: Failed to write to node: /proc/sys/kernel/sched_boost with value: 0, fd: -1
03-21 20:52:20.611  2237  2237 E SatelliteController: registerForSatelliteModemStateChanged: mSatelliteSessionController is not initialized yet
03-21 20:52:20.615  2237  2378 E SatelliteController: notifyNtnEligibility: mSatellitePhone is null
03-21 20:52:20.618  1587  7863 W ContextImpl: Calling a method in the system process without a qualified user: android.app.ContextImpl.sendBroadcastMultiplePermissions:1358 android.content.Context.sendBroadcastMultiplePermissions:2796 com.android.server.TelephonyRegistry.broadcastServiceStateChanged:4172 com.android.server.TelephonyRegistry.notifyServiceStateForPhoneId:1848 com.android.internal.telephony.ITelephonyRegistry$Stub.onTransact:613 
03-21 20:52:20.619  1587  7863 W ContextImpl: Calling a method in the system process without a qualified user: android.app.ContextImpl.sendBroadcastMultiplePermissions:1391 com.android.server.TelephonyRegistry.broadcastServiceStateChanged:4177 com.android.server.TelephonyRegistry.notifyServiceStateForPhoneId:1848 com.android.internal.telephony.ITelephonyRegistry$Stub.onTransact:613 android.os.Binder.execTransactInternal:1473 
03-21 20:52:20.622  1587  7863 W ContextImpl: Calling a method in the system process without a qualified user: android.app.ContextImpl.sendBroadcastMultiplePermissions:1391 com.android.server.TelephonyRegistry.broadcastServiceStateChanged:4186 com.android.server.TelephonyRegistry.notifyServiceStateForPhoneId:1848 com.android.internal.telephony.ITelephonyRegistry$Stub.onTransact:613 android.os.Binder.execTransactInternal:1473 
03-21 20:52:20.623  1587  7863 W ContextImpl: Calling a method in the system process without a qualified user: android.app.ContextImpl.sendBroadcastMultiplePermissions:1391 com.android.server.TelephonyRegistry.broadcastServiceStateChanged:4192 com.android.server.TelephonyRegistry.notifyServiceStateForPhoneId:1848 com.android.internal.telephony.ITelephonyRegistry$Stub.onTransact:613 android.os.Binder.execTransactInternal:1473 
03-21 20:52:20.628   844   878 I netd    : tetherGetStats() -> {[]} <0.89ms>
03-21 20:52:20.631  2237  2237 I Telephony: TelecomAccountRegistry$TelecomAccountTelephonyCallback: TelecomAccountRegistry: onServiceStateChanged: newState=0, mServiceState=0
03-21 20:52:20.631  2237  2237 W Telephony: registerMmTelCapabilityCallback: registration failed, no ImsService available. Exception: code: 1
03-21 20:52:20.633  2237  2237 I Telephony: isRttCurrentlySupported -- regular acct, hasVoiceAvailability: false
03-21 20:52:20.633  2237  2237 I Telephony:  isRttSupported: false
03-21 20:52:20.633  2237  2237 I Telephony:  alwaysAllowWhileRoaming: false
03-21 20:52:20.633  2237  2237 I Telephony:  isRoaming: false
03-21 20:52:20.633  2237  2237 I Telephony:  isOnWfc: false
03-21 20:52:20.638  1587  1673 I ActivityManager: Start proc 27900:com.android.cellbroadcastreceiver.module/u0a358 for broadcast {com.android.cellbroadcastreceiver.module/com.android.cellbroadcastreceiver.CellBroadcastReceiver}
03-21 20:52:20.660 27900 27900 I Zygote  : Process 27900 created for com.android.cellbroadcastreceiver.module
03-21 20:52:20.660 27900 27900 I receiver.module: Using CollectorTypeCMC GC.
03-21 20:52:20.700 27900 27911 E ashmem  : Pinning is deprecated since Android Q. Please use trim or other methods.
03-21 20:52:20.701  1587  1680 W libprocessgroup: SetCgroup::ExecuteForProcess: failed to open /dev/stune/background/cgroup.procs: No such file or directory
03-21 20:52:20.714   852  1054 I hwcomposer: [HWC] (0)fire a callback of refresh to SF[4]  
03-21 20:52:20.796   625  2778 W libperfmgr: Failed to write to node: /dev/stune/top-app/schedtune.boost with value: 10, fd: -1
03-21 20:52:20.796   625  2778 W libperfmgr: Failed to write to node: /proc/sys/kernel/sched_boost with value: 0, fd: -1
03-21 20:52:20.999 26664 26679 E com.rnat: mali-debug: still pending callback,wait...
03-21 20:52:21.006   625  2778 W libperfmgr: Failed to write to node: /dev/stune/top-app/schedtune.boost with value: 10, fd: -1
03-21 20:52:21.006   625  2778 W libperfmgr: Failed to write to node: /proc/sys/kernel/sched_boost with value: 0, fd: -1
03-21 20:52:21.011 26664 26664 W WindowOnBackDispatcher: OnBackInvokedCallback is not enabled for the application.
03-21 20:52:21.011 26664 26664 W WindowOnBackDispatcher: Set 'android:enableOnBackInvokedCallback="true"' in the application manifest.
03-21 20:52:21.013   625  2778 W libperfmgr: Failed to write to node: /dev/stune/top-app/schedtune.boost with value: 50, fd: -1
03-21 20:52:21.013   625  2778 W libperfmgr: Failed to write to node: /proc/sys/kernel/sched_boost with value: 2, fd: -1
03-21 20:52:21.025  1587  1657 I ImeTracker: system_server:4c72a9fc: onRequestShow at ORIGIN_SERVER reason CONTROLS_CHANGED fromUser false
03-21 20:52:21.027 26664 26664 I ImeTracker: system_server:4c72a9fc: onCancelled at PHASE_CLIENT_ON_CONTROLS_CHANGED
03-21 20:52:21.073   852   992 I hwcomposer: [HWCDisplay] [Display_0 (type:1)] fps:48.994801,dur:1000.11,max:280.82,min:8.37  
03-21 20:52:21.081   625  2778 W libperfmgr: Failed to write to node: /dev/stune/top-app/schedtune.boost with value: 50, fd: -1
03-21 20:52:21.081   625  2778 W libperfmgr: Failed to write to node: /proc/sys/kernel/sched_boost with value: 2, fd: -1
03-21 20:52:21.174   625  2778 W libperfmgr: Failed to write to node: /dev/stune/top-app/schedtune.boost with value: 10, fd: -1
03-21 20:52:21.174   625  2778 W libperfmgr: Failed to write to node: /proc/sys/kernel/sched_boost with value: 0, fd: -1
03-21 20:52:21.190   852  1054 I hwcomposer: [HWC] (0)fire a callback of refresh to SF[4]  
03-21 20:52:21.205   625  2778 W libperfmgr: Failed to write to node: /dev/stune/top-app/schedtune.boost with value: 10, fd: -1
03-21 20:52:21.205   625  2778 W libperfmgr: Failed to write to node: /proc/sys/kernel/sched_boost with value: 0, fd: -1
03-21 20:52:21.271   625  2778 W libperfmgr: Failed to write to node: /dev/stune/top-app/schedtune.boost with value: 10, fd: -1
03-21 20:52:21.271   625  2778 W libperfmgr: Failed to write to node: /proc/sys/kernel/sched_boost with value: 0, fd: -1
03-21 20:52:21.518  1587  7863 I InputDispatcher: Channel [Gesture Monitor] edge-swipe is stealing input gesture for device 4 from [dbf142e com.rnat/com.rnat.MainActivity, [Gesture Monitor] swipe-up]
03-21 20:52:21.527 26664 26664 W unknown:ReactNative: Can't cancel already finished gesture. Is a child View trying to start a gesture from an UP/CANCEL event?
03-21 20:52:21.531 26664 26664 I ImeTracker: com.rnat:a9cb053e: onRequestUser at ORIGIN_CLIENT reason CONTROL_WINDOW_INSETS_ANIMATION fromUser false
03-21 20:52:21.542 26664 26664 I ImeTracker: com.rnat:a9cb053e: onDispatched
03-21 20:52:21.549   914   988 E surfaceflinger: == MALI DEBUG ===eglp_winsys_populate_image_templates ==12288
03-21 20:52:21.553   914   988 E surfaceflinger: == MALI DEBUG ===eglp_winsys_populate_image_templates ==12288
03-21 20:52:21.555   914   988 E surfaceflinger: == MALI DEBUG ===eglp_winsys_populate_image_templates ==12288
03-21 20:52:21.569   914   988 E surfaceflinger: == MALI DEBUG ===eglp_winsys_populate_image_templates ==12288
03-21 20:52:21.711   625  2778 W libperfmgr: Failed to write to node: /dev/stune/top-app/schedtune.boost with value: 50, fd: -1
03-21 20:52:21.712   625  2778 W libperfmgr: Failed to write to node: /proc/sys/kernel/sched_boost with value: 2, fd: -1
03-21 20:52:21.818 26664 26664 I ImeTracker: com.rnat:a9cb053e: onUserFinished hidden
03-21 20:52:21.819  1587  7863 I ImeTracker: system_server:45e7f477: onRequestHide at ORIGIN_SERVER reason IME_REQUESTED_CHANGED_LISTENER fromUser false
03-21 20:52:21.824  3073  3073 I GoogleInputMethodService: GoogleInputMethodService.onFinishInputView():1602 onFinishInputView(false)
03-21 20:52:21.825  3073  3073 W TooltipLifecycleManager: TooltipLifecycleManager.dismissTooltips():153 Tooltip with id SUGGESTION_VIEW_EDU_MINI_DIALOG not found in tooltipManager.
03-21 20:52:21.825  3073  3073 I GlobeKeyExtension: GlobeKeyExtension.onDeactivate():153 
03-21 20:52:21.825  3073  3073 W TooltipLifecycleManager: TooltipLifecycleManager.dismissTooltips():153 Tooltip with id spell_check_add_to_dictionary not found in tooltipManager.
03-21 20:52:21.825  3073  3073 I VoiceInputManagerWrapper: VoiceInputManagerWrapper.shutdown():131 shutdown()
03-21 20:52:21.825  3073  3073 I AndroidIME: AbstractIme.onDeactivate():213 PasswordIme.onDeactivate()
03-21 20:52:21.826  3073  3073 I PrimesLoggerHolder: FrameMetricServiceImpl.stopAsFuture():213 Measurement not found: OnConfigurationChanged
03-21 20:52:21.826  3073  3073 W TooltipLifecycleManager: TooltipLifecycleManager.dismissTooltips():153 Tooltip with id undo_access_point_promotion_banner not found in tooltipManager.
03-21 20:52:21.828  3073  3073 I ImeTracker: system_server:45e7f477: onHidden
03-21 20:52:21.831  3073  3073 I KeyboardModeUtils: KeyboardModeUtils.getKeyboardBottomOffset():435 inch: 0.000000 ydpi: 409.127014 adjustKeyboardBottomByDisplaySize: false currentDensityDpi: 420 defaultDensityDpi: 420 keyboardBottomToScreenPx: 0 keyboardBottomToNavBarPx: -126 navBarHeight: 126
03-21 20:52:21.831  3073  3073 I BaseKeyboardSizeHelper: BaseKeyboardSizeHelper.calculateMaxKeyboardBodyHeight():73 leave 281 height for app when ime window height:2181, header height:116 and isFullscreenMode:false, so the max keyboard body height is:1784
03-21 20:52:21.831  3073  3073 I BaseKeyboardSizeHelper: BaseKeyboardSizeHelper.calculateMaxKeyboardBodyHeight():73 leave 281 height for app when ime window height:2181, header height:116 and isFullscreenMode:false, so the max keyboard body height is:1784
03-21 20:52:21.836  1587  1657 I ImeTracker: system_server:fef9e050: onRequestShow at ORIGIN_SERVER reason CONTROLS_CHANGED fromUser false
03-21 20:52:21.838 26664 26664 I ImeTracker: system_server:fef9e050: onCancelled at PHASE_CLIENT_ON_CONTROLS_CHANGED
03-21 20:52:21.934   625  2778 W libperfmgr: Failed to write to node: /dev/stune/top-app/schedtune.boost with value: 10, fd: -1
03-21 20:52:21.934   625  2778 W libperfmgr: Failed to write to node: /proc/sys/kernel/sched_boost with value: 0, fd: -1
03-21 20:52:21.991   852  1054 I hwcomposer: [HWC] (0)fire a callback of refresh to SF[4]  
03-21 20:52:22.004   625  2778 W libperfmgr: Failed to write to node: /dev/stune/top-app/schedtune.boost with value: 10, fd: -1
03-21 20:52:22.004   625  2778 W libperfmgr: Failed to write to node: /proc/sys/kernel/sched_boost with value: 0, fd: -1
03-21 20:52:22.071   625  2778 W libperfmgr: Failed to write to node: /dev/stune/top-app/schedtune.boost with value: 10, fd: -1
03-21 20:52:22.072   625  2778 W libperfmgr: Failed to write to node: /proc/sys/kernel/sched_boost with value: 0, fd: -1
03-21 20:52:22.130   852  1054 I hwcomposer: [HWC] (0)fire a callback of refresh to SF[4]  
03-21 20:52:22.137   625  2778 W libperfmgr: Failed to write to node: /dev/stune/top-app/schedtune.boost with value: 10, fd: -1
03-21 20:52:22.137   625  2778 W libperfmgr: Failed to write to node: /proc/sys/kernel/sched_boost with value: 0, fd: -1
03-21 20:52:22.143   852   992 I hwcomposer: [HWCDisplay] [Display_0 (type:1)] fps:42.987427,dur:1070.08,max:328.50,min:10.26  
03-21 20:52:22.211   625  2778 W libperfmgr: Failed to write to node: /dev/stune/top-app/schedtune.boost with value: 10, fd: -1
03-21 20:52:22.211   625  2778 W libperfmgr: Failed to write to node: /proc/sys/kernel/sched_boost with value: 0, fd: -1
03-21 20:52:22.340  3073  3073 W TooltipLifecycleManager: TooltipLifecycleManager.dismissTooltips():153 Tooltip with id undo_access_point_promotion_banner not found in tooltipManager.
03-21 20:52:22.349  1587  7863 I ImeTracker: system_server:2ae17240: onRequestHide at ORIGIN_SERVER reason IME_REQUESTED_CHANGED_LISTENER fromUser false
03-21 20:52:22.350  1587  1655 I ImeTracker: system_server:2ae17240: onCancelled at PHASE_SERVER_SHOULD_HIDE
03-21 20:52:22.442   852  1054 I hwcomposer: [HWC] (0)fire a callback of refresh to SF[4]  
03-21 20:52:22.448   625  2778 W libperfmgr: Failed to write to node: /dev/stune/top-app/schedtune.boost with value: 10, fd: -1
03-21 20:52:22.448   625  2778 W libperfmgr: Failed to write to node: /proc/sys/kernel/sched_boost with value: 0, fd: -1
03-21 20:52:22.523   625  2778 W libperfmgr: Failed to write to node: /dev/stune/top-app/schedtune.boost with value: 10, fd: -1
03-21 20:52:22.523   625  2778 W libperfmgr: Failed to write to node: /proc/sys/kernel/sched_boost with value: 0, fd: -1
03-21 20:52:22.614 27914 27914 W libbinder.BackendUnifiedServiceManager: Thread Pool max thread count is 0. Cannot cache binder as linkToDeath cannot be implemented. serviceName: deviceidle
03-21 20:52:22.630   852  1054 I hwcomposer: [HWC] (0)fire a callback of refresh to SF[4]  
03-21 20:52:22.631 27916 27916 W libbinder.BackendUnifiedServiceManager: Thread Pool max thread count is 0. Cannot cache binder as linkToDeath cannot be implemented. serviceName: battery
03-21 20:52:22.640   625  2778 W libperfmgr: Failed to write to node: /dev/stune/top-app/schedtune.boost with value: 10, fd: -1
03-21 20:52:22.640   625  2778 W libperfmgr: Failed to write to node: /proc/sys/kernel/sched_boost with value: 0, fd: -1
03-21 20:52:22.649 27918 27918 W libbinder.BackendUnifiedServiceManager: Thread Pool max thread count is 0. Cannot cache binder as linkToDeath cannot be implemented. serviceName: deviceidle
03-21 20:52:22.679 27921 27921 W libbinder.BackendUnifiedServiceManager: Thread Pool max thread count is 0. Cannot cache binder as linkToDeath cannot be implemented. serviceName: activity
03-21 20:52:22.711   625  2778 W libperfmgr: Failed to write to node: /dev/stune/top-app/schedtune.boost with value: 10, fd: -1
03-21 20:52:22.711   625  2778 W libperfmgr: Failed to write to node: /proc/sys/kernel/sched_boost with value: 0, fd: -1
03-21 20:52:22.732 27930 27930 W libbinder.BackendUnifiedServiceManager: Thread Pool max thread count is 0. Cannot cache binder as linkToDeath cannot be implemented. serviceName: battery
03-21 20:52:22.751  1587  1894 E AlarmManager: Attempt to decrement existing alarm count 0 by 1 for uid 1000
03-21 20:52:22.754   844   878 I netd    : tetherGetStats() -> {[]} <0.68ms>
03-21 20:52:22.765  1587  1673 I ActivityManager: Start proc 27936:com.infinity.updater/u0a328 for broadcast {com.infinity.updater/com.infinity.updater.UpdatesCheckReceiver}
03-21 20:52:22.779 27936 27936 I Zygote  : Process 27936 created for com.infinity.updater
03-21 20:52:22.779 27936 27936 I nfinity.updater: Using CollectorTypeCMC GC.
03-21 20:52:22.830  1587  1680 W libprocessgroup: SetCgroup::ExecuteForProcess: failed to open /dev/stune/background/cgroup.procs: No such file or directory
03-21 20:52:22.844   844 27952 I resolv  : GetAddrInfoHandler::run: {102 102 102 983142 10328 0}
03-21 20:52:22.845   844 27953 I resolv  : res_nmkquery: (QUERY, IN, A)
03-21 20:52:22.864   844 27953 I resolv  : res_nsend: used send_dg 107 terrno: 0
03-21 20:52:22.864   844 27953 I resolv  : doQuery: rcode=0, ancount=4, return value=107
03-21 20:52:23.130   852  1054 I hwcomposer: [HWC] (0)fire a callback of refresh to SF[4]  
03-21 20:52:23.138   625  2778 W libperfmgr: Failed to write to node: /dev/stune/top-app/schedtune.boost with value: 10, fd: -1
03-21 20:52:23.138   625  2778 W libperfmgr: Failed to write to node: /proc/sys/kernel/sched_boost with value: 0, fd: -1
03-21 20:52:23.144   852   992 I hwcomposer: [HWCDisplay] [Display_0 (type:1)] fps:7.992640,dur:1000.92,max:428.68,min:10.08  
03-21 20:52:23.144 27936 27951 E HttpURLConnectionClient: The server replied with code 404
03-21 20:52:23.144 27936 27951 E UpdatesCheckReceiver: Could not download updates list, scheduling new check
03-21 20:52:23.145  2237  2237 E SatelliteController: registerForSatelliteModemStateChanged: mSatelliteSessionController is not initialized yet
03-21 20:52:23.149  2237  2237 E SatelliteController: registerForSatelliteModemStateChanged: mSatelliteSessionController is not initialized yet
03-21 20:52:23.154  2237  2378 E SatelliteController: notifyNtnEligibility: mSatellitePhone is null
03-21 20:52:23.164  1587  7863 W ContextImpl: Calling a method in the system process without a qualified user: android.app.ContextImpl.sendBroadcastMultiplePermissions:1358 android.content.Context.sendBroadcastMultiplePermissions:2796 com.android.server.TelephonyRegistry.broadcastServiceStateChanged:4172 com.android.server.TelephonyRegistry.notifyServiceStateForPhoneId:1848 com.android.internal.telephony.ITelephonyRegistry$Stub.onTransact:613 
03-21 20:52:23.167  1587  7863 W ContextImpl: Calling a method in the system process without a qualified user: android.app.ContextImpl.sendBroadcastMultiplePermissions:1391 com.android.server.TelephonyRegistry.broadcastServiceStateChanged:4177 com.android.server.TelephonyRegistry.notifyServiceStateForPhoneId:1848 com.android.internal.telephony.ITelephonyRegistry$Stub.onTransact:613 android.os.Binder.execTransactInternal:1473 
03-21 20:52:23.170  1587  7863 W ContextImpl: Calling a method in the system process without a qualified user: android.app.ContextImpl.sendBroadcastMultiplePermissions:1391 com.android.server.TelephonyRegistry.broadcastServiceStateChanged:4186 com.android.server.TelephonyRegistry.notifyServiceStateForPhoneId:1848 com.android.internal.telephony.ITelephonyRegistry$Stub.onTransact:613 android.os.Binder.execTransactInternal:1473 
03-21 20:52:23.173  1587  7863 W ContextImpl: Calling a method in the system process without a qualified user: android.app.ContextImpl.sendBroadcastMultiplePermissions:1391 com.android.server.TelephonyRegistry.broadcastServiceStateChanged:4192 com.android.server.TelephonyRegistry.notifyServiceStateForPhoneId:1848 com.android.internal.telephony.ITelephonyRegistry$Stub.onTransact:613 android.os.Binder.execTransactInternal:1473 
03-21 20:52:23.181  1587  1680 W libprocessgroup: SetCgroup::ExecuteForProcess: failed to open /dev/stune/background/cgroup.procs: No such file or directory
03-21 20:52:23.187  2237  2237 I Telephony: TelecomAccountRegistry$TelecomAccountTelephonyCallback: TelecomAccountRegistry: onServiceStateChanged: newState=0, mServiceState=0
03-21 20:52:23.187  2237  2237 W Telephony: registerMmTelCapabilityCallback: registration failed, no ImsService available. Exception: code: 1
03-21 20:52:23.189  2237  2237 I Telephony: isRttCurrentlySupported -- regular acct, hasVoiceAvailability: false
03-21 20:52:23.189  2237  2237 I Telephony:  isRttSupported: false
03-21 20:52:23.189  2237  2237 I Telephony:  alwaysAllowWhileRoaming: false
03-21 20:52:23.189  2237  2237 I Telephony:  isRoaming: false
03-21 20:52:23.189  2237  2237 I Telephony:  isOnWfc: false
03-21 20:52:23.192   625  2778 W libperfmgr: Failed to write to node: /dev/stune/top-app/schedtune.boost with value: 10, fd: -1
03-21 20:52:23.192   625  2778 W libperfmgr: Failed to write to node: /proc/sys/kernel/sched_boost with value: 0, fd: -1
03-21 20:52:23.254   852  1054 I hwcomposer: [HWC] (0)fire a callback of refresh to SF[4]  
03-21 20:52:23.259   625  2778 W libperfmgr: Failed to write to node: /dev/stune/top-app/schedtune.boost with value: 10, fd: -1
03-21 20:52:23.259   625  2778 W libperfmgr: Failed to write to node: /proc/sys/kernel/sched_boost with value: 0, fd: -1
03-21 20:52:23.292  1587  1680 W libprocessgroup: SetCgroup::ExecuteForProcess: failed to open /dev/stune/background/cgroup.procs: No such file or directory
03-21 20:52:23.335   625  2778 W libperfmgr: Failed to write to node: /dev/stune/top-app/schedtune.boost with value: 10, fd: -1
03-21 20:52:23.335   625  2778 W libperfmgr: Failed to write to node: /proc/sys/kernel/sched_boost with value: 0, fd: -1
03-21 20:52:23.488   881  2016 I WifiHAL : feature_set=0x8488141a
03-21 20:52:23.489  1587  1927 I HalDevMgr: bestIfaceCreationProposal is null, requestIface=STA, existingIface=[name=wlan0 type=STA]
03-21 20:52:23.630   852  1054 I hwcomposer: [HWC] (0)fire a callback of refresh to SF[4]  
03-21 20:52:23.637   625  2778 W libperfmgr: Failed to write to node: /dev/stune/top-app/schedtune.boost with value: 10, fd: -1
03-21 20:52:23.637   625  2778 W libperfmgr: Failed to write to node: /proc/sys/kernel/sched_boost with value: 0, fd: -1
03-21 20:52:23.711   625  2778 W libperfmgr: Failed to write to node: /dev/stune/top-app/schedtune.boost with value: 10, fd: -1
03-21 20:52:23.711   625  2778 W libperfmgr: Failed to write to node: /proc/sys/kernel/sched_boost with value: 0, fd: -1
03-21 20:52:23.730  2458  3117 I libbinder.IPCThreadState: oneway function results for code 1 on binder at 0xb40000763d2a8340 will be dropped but finished with status UNKNOWN_TRANSACTION and reply parcel size 80
03-21 20:52:24.130   852  1054 I hwcomposer: [HWC] (0)fire a callback of refresh to SF[4]  
03-21 20:52:24.137   625  2778 W libperfmgr: Failed to write to node: /dev/stune/top-app/schedtune.boost with value: 10, fd: -1
03-21 20:52:24.137   625  2778 W libperfmgr: Failed to write to node: /proc/sys/kernel/sched_boost with value: 0, fd: -1
03-21 20:52:24.211   625  2778 W libperfmgr: Failed to write to node: /dev/stune/top-app/schedtune.boost with value: 10, fd: -1
03-21 20:52:24.211   625  2778 W libperfmgr: Failed to write to node: /proc/sys/kernel/sched_boost with value: 0, fd: -1
03-21 20:52:24.305   852   992 I hwcomposer: [HWCDisplay] [Display_0 (type:1)] fps:6.030311,dur:1160.80,max:428.93,min:49.98  
03-21 20:52:24.366   852  1054 I hwcomposer: [HWC] (0)fire a callback of refresh to SF[4]  
03-21 20:52:24.381   625  2778 W libperfmgr: Failed to write to node: /dev/stune/top-app/schedtune.boost with value: 10, fd: -1
03-21 20:52:24.381   625  2778 W libperfmgr: Failed to write to node: /proc/sys/kernel/sched_boost with value: 0, fd: -1
03-21 20:52:24.435  2034  2034 W TouchableRegionManager: onHeadsUpPinnedModeChanged
03-21 20:52:24.447   625  2778 W libperfmgr: Failed to write to node: /dev/stune/top-app/schedtune.boost with value: 10, fd: -1
03-21 20:52:24.447   625  2778 W libperfmgr: Failed to write to node: /proc/sys/kernel/sched_boost with value: 0, fd: -1
03-21 20:52:24.846   852  1054 I hwcomposer: [HWC] (0)fire a callback of refresh to SF[4]  
03-21 20:52:24.859   625  2778 W libperfmgr: Failed to write to node: /dev/stune/top-app/schedtune.boost with value: 10, fd: -1
03-21 20:52:24.859   625  2778 W libperfmgr: Failed to write to node: /proc/sys/kernel/sched_boost with value: 0, fd: -1
03-21 20:52:24.928   625  2778 W libperfmgr: Failed to write to node: /dev/stune/top-app/schedtune.boost with value: 10, fd: -1
03-21 20:52:24.928   625  2778 W libperfmgr: Failed to write to node: /proc/sys/kernel/sched_boost with value: 0, fd: -1
03-21 20:52:25.130   852  1054 I hwcomposer: [HWC] (0)fire a callback of refresh to SF[4]  
03-21 20:52:25.136   625  2778 W libperfmgr: Failed to write to node: /dev/stune/top-app/schedtune.boost with value: 10, fd: -1
03-21 20:52:25.136   625  2778 W libperfmgr: Failed to write to node: /proc/sys/kernel/sched_boost with value: 0, fd: -1
03-21 20:52:25.211   625  2778 W libperfmgr: Failed to write to node: /dev/stune/top-app/schedtune.boost with value: 10, fd: -1
03-21 20:52:25.212   625  2778 W libperfmgr: Failed to write to node: /proc/sys/kernel/sched_boost with value: 0, fd: -1
03-21 20:52:25.571   852   992 I hwcomposer: [HWCDisplay] [Display_0 (type:1)] fps:25.269312,dur:1266.36,max:430.40,min:10.69  
03-21 20:52:25.630   852  1054 I hwcomposer: [HWC] (0)fire a callback of refresh to SF[4]  
03-21 20:52:25.636   625  2778 W libperfmgr: Failed to write to node: /dev/stune/top-app/schedtune.boost with value: 10, fd: -1
03-21 20:52:25.636   625  2778 W libperfmgr: Failed to write to node: /proc/sys/kernel/sched_boost with value: 0, fd: -1
03-21 20:52:25.711   625  2778 W libperfmgr: Failed to write to node: /dev/stune/top-app/schedtune.boost with value: 10, fd: -1
03-21 20:52:25.711   625  2778 W libperfmgr: Failed to write to node: /proc/sys/kernel/sched_boost with value: 0, fd: -1
03-21 20:52:26.130   852  1054 I hwcomposer: [HWC] (0)fire a callback of refresh to SF[4]  
03-21 20:52:26.136   625  2778 W libperfmgr: Failed to write to node: /dev/stune/top-app/schedtune.boost with value: 10, fd: -1
03-21 20:52:26.136   625  2778 W libperfmgr: Failed to write to node: /proc/sys/kernel/sched_boost with value: 0, fd: -1
03-21 20:52:26.211   625  2778 W libperfmgr: Failed to write to node: /dev/stune/top-app/schedtune.boost with value: 10, fd: -1
03-21 20:52:26.211   625  2778 W libperfmgr: Failed to write to node: /proc/sys/kernel/sched_boost with value: 0, fd: -1
03-21 20:52:26.499   881  2016 I WifiHAL : feature_set=0x8488141a
03-21 20:52:26.500  1587  1927 I HalDevMgr: bestIfaceCreationProposal is null, requestIface=STA, existingIface=[name=wlan0 type=STA]
03-21 20:52:26.630   852  1054 I hwcomposer: [HWC] (0)fire a callback of refresh to SF[4]  
03-21 20:52:26.636   625  2778 W libperfmgr: Failed to write to node: /dev/stune/top-app/schedtune.boost with value: 10, fd: -1
03-21 20:52:26.636   625  2778 W libperfmgr: Failed to write to node: /proc/sys/kernel/sched_boost with value: 0, fd: -1
03-21 20:52:26.640   852   992 I hwcomposer: [HWCDisplay] [Display_0 (type:1)] fps:4.675292,dur:1069.45,max:429.87,min:69.77  
03-21 20:52:26.711   625  2778 W libperfmgr: Failed to write to node: /dev/stune/top-app/schedtune.boost with value: 10, fd: -1
03-21 20:52:26.711   625  2778 W libperfmgr: Failed to write to node: /proc/sys/kernel/sched_boost with value: 0, fd: -1
03-21 20:52:27.130   852  1054 I hwcomposer: [HWC] (0)fire a callback of refresh to SF[4]  
03-21 20:52:27.135   625  2778 W libperfmgr: Failed to write to node: /dev/stune/top-app/schedtune.boost with value: 10, fd: -1
03-21 20:52:27.135   625  2778 W libperfmgr: Failed to write to node: /proc/sys/kernel/sched_boost with value: 0, fd: -1
03-21 20:52:27.211   625  2778 W libperfmgr: Failed to write to node: /dev/stune/top-app/schedtune.boost with value: 10, fd: -1
03-21 20:52:27.211   625  2778 W libperfmgr: Failed to write to node: /proc/sys/kernel/sched_boost with value: 0, fd: -1
03-21 20:52:27.471  2458 26854 I NearbyPresence: (REDACTED) %s verified [==] new request %s equals to the old request
03-21 20:52:27.630   852  1054 I hwcomposer: [HWC] (0)fire a callback of refresh to SF[4]  
03-21 20:52:27.635   625  2778 W libperfmgr: Failed to write to node: /dev/stune/top-app/schedtune.boost with value: 10, fd: -1
03-21 20:52:27.635   625  2778 W libperfmgr: Failed to write to node: /proc/sys/kernel/sched_boost with value: 0, fd: -1
03-21 20:52:27.711   625  2778 W libperfmgr: Failed to write to node: /dev/stune/top-app/schedtune.boost with value: 10, fd: -1
03-21 20:52:27.711   625  2778 W libperfmgr: Failed to write to node: /proc/sys/kernel/sched_boost with value: 0, fd: -1
03-21 20:52:28.070   852   992 I hwcomposer: [HWCDisplay] [Display_0 (type:1)] fps:3.497310,dur:1429.67,max:430.33,min:69.44  
03-21 20:52:28.078 27628 27663 W TracingHelper: Mismatched RequestContext found for module CORE. Module id from RequestContext is MODULEID_UNKNOWN [CONTEXT service_id=259 ratelimit_count=1410065408 ]
03-21 20:52:28.134   852  1054 I hwcomposer: [HWC] (0)fire a callback of refresh to SF[4]  
03-21 20:52:28.146   625  2778 W libperfmgr: Failed to write to node: /dev/stune/top-app/schedtune.boost with value: 10, fd: -1
03-21 20:52:28.146   625  2778 W libperfmgr: Failed to write to node: /proc/sys/kernel/sched_boost with value: 0, fd: -1
03-21 20:52:28.215   625  2778 W libperfmgr: Failed to write to node: /dev/stune/top-app/schedtune.boost with value: 10, fd: -1
03-21 20:52:28.215   625  2778 W libperfmgr: Failed to write to node: /proc/sys/kernel/sched_boost with value: 0, fd: -1
03-21 20:52:28.630   852  1054 I hwcomposer: [HWC] (0)fire a callback of refresh to SF[4]  
03-21 20:52:28.635   625  2778 W libperfmgr: Failed to write to node: /dev/stune/top-app/schedtune.boost with value: 10, fd: -1
03-21 20:52:28.635   625  2778 W libperfmgr: Failed to write to node: /proc/sys/kernel/sched_boost with value: 0, fd: -1
03-21 20:52:28.711   625  2778 W libperfmgr: Failed to write to node: /dev/stune/top-app/schedtune.boost with value: 10, fd: -1
03-21 20:52:28.711   625  2778 W libperfmgr: Failed to write to node: /proc/sys/kernel/sched_boost with value: 0, fd: -1
03-21 20:52:28.727   594 27763 I keystore2: system/security/keystore2/watchdog/src/lib.rs:371 - Watchdog thread idle -> terminating. Have a great day.
03-21 20:52:28.949 27956 27956 W libbinder.BackendUnifiedServiceManager: Thread Pool max thread count is 0. Cannot cache binder as linkToDeath cannot be implemented. serviceName: deviceidle
03-21 20:52:28.967 27958 27958 W libbinder.BackendUnifiedServiceManager: Thread Pool max thread count is 0. Cannot cache binder as linkToDeath cannot be implemented. serviceName: battery
03-21 20:52:28.982 27960 27960 W libbinder.BackendUnifiedServiceManager: Thread Pool max thread count is 0. Cannot cache binder as linkToDeath cannot be implemented. serviceName: deviceidle
03-21 20:52:29.007 27963 27963 W libbinder.BackendUnifiedServiceManager: Thread Pool max thread count is 0. Cannot cache binder as linkToDeath cannot be implemented. serviceName: activity
03-21 20:52:29.051   877   924 E Situation: processEvent, handle:26, flush_action:0
03-21 20:52:29.052   625  2778 W libperfmgr: Failed to write to node: /dev/stune/top-app/schedtune.boost with value: 50, fd: -1
03-21 20:52:29.052   625  2778 W libperfmgr: Failed to write to node: /proc/sys/kernel/sched_boost with value: 2, fd: -1
03-21 20:52:29.052  2437  2437 I RotationButtonController: onRotationProposal(rotation=3)
03-21 20:52:29.069 27972 27972 W libbinder.BackendUnifiedServiceManager: Thread Pool max thread count is 0. Cannot cache binder as linkToDeath cannot be implemented. serviceName: battery
03-21 20:52:29.073   914   988 E surfaceflinger: == MALI DEBUG ===eglp_winsys_populate_image_templates ==12288
03-21 20:52:29.077   914   988 E surfaceflinger: == MALI DEBUG ===eglp_winsys_populate_image_templates ==12288
03-21 20:52:29.081   852   992 I hwcomposer: [HWCDisplay] [Display_0 (type:1)] fps:4.946427,dur:1010.83,max:429.62,min:11.08  
03-21 20:52:29.089   914   988 E surfaceflinger: == MALI DEBUG ===eglp_winsys_populate_image_templates ==12288
03-21 20:52:29.101   914   988 E surfaceflinger: == MALI DEBUG ===eglp_winsys_populate_image_templates ==12288
03-21 20:52:29.202   625  2778 W libperfmgr: Failed to write to node: /dev/stune/top-app/schedtune.boost with value: 10, fd: -1
03-21 20:52:29.202   625  2778 W libperfmgr: Failed to write to node: /proc/sys/kernel/sched_boost with value: 0, fd: -1
03-21 20:52:29.516   881   881 I WifiHAL : feature_set=0x8488141a
03-21 20:52:29.518  1587  1927 I HalDevMgr: bestIfaceCreationProposal is null, requestIface=STA, existingIface=[name=wlan0 type=STA]
03-21 20:52:29.702   625  2778 W libperfmgr: Failed to write to node: /dev/stune/top-app/schedtune.boost with value: 10, fd: -1
03-21 20:52:29.702   625  2778 W libperfmgr: Failed to write to node: /proc/sys/kernel/sched_boost with value: 0, fd: -1
03-21 20:52:29.714  1587  1673 I ActivityManager: Start proc 27982:com.google.android.gms.ui/u0a300 for service {com.google.android.gms/com.google.android.gms.chimera.UiIntentOperationService}
03-21 20:52:29.734 27982 27982 I Zygote  : Process 27982 created for com.google.android.gms.ui
03-21 20:52:29.734 27982 27982 I .android.gms.ui: Using CollectorTypeCMC GC.
03-21 20:52:29.842 27982 27982 W ProviderHelper: Unknown dynamite feature providerinstaller.dynamite
03-21 20:52:29.842 27982 27982 I DynamiteModule: Considering local module com.google.android.gms.providerinstaller.dynamite:1 and remote module com.google.android.gms.providerinstaller.dynamite:0
03-21 20:52:29.842 27982 27982 I DynamiteModule: Selected local version of com.google.android.gms.providerinstaller.dynamite
03-21 20:52:29.871 27982 27982 I ProviderInstaller: Installed default security provider GmsCore_OpenSSL
03-21 20:52:29.880  1587  1680 W libprocessgroup: SetCgroup::ExecuteForProcess: failed to open /dev/stune/background/cgroup.procs: No such file or directory
03-21 20:52:29.881 27982 28005 I GMS_MM_Logger: (REDACTED) Start time: %s
03-21 20:52:29.882 27982 28005 I GMS_MM_Logger: Started.
03-21 20:52:29.942 27982 28014 I GmsCoreXrpcWrapper: (REDACTED) Returning a channel provider with trafficStatsTag=%d trafficStatsUid=%d
03-21 20:52:29.985  1587  1680 W libprocessgroup: SetCgroup::ExecuteForProcess: failed to open /dev/stune/background/cgroup.procs: No such file or directory
03-21 20:52:30.028 27982 28000 W TracingHelper: No RequestContext found in the trace or trace not available. [CONTEXT service_id=259 ratelimit_count=1410065408 ]
03-21 20:52:30.045 23481 23644 I SyncManager: (REDACTED) Executing sync(type=%s%s)
03-21 20:52:30.050 23481 23644 I SyncManager: (REDACTED) Executing sync(type=%s) finished in %s
03-21 20:52:30.092   852   992 I hwcomposer: [HWCDisplay] [Display_0 (type:1)] fps:90.034195,dur:1010.73,max:11.26,min:10.96  
03-21 20:52:30.203   625  2778 W libperfmgr: Failed to write to node: /dev/stune/top-app/schedtune.boost with value: 10, fd: -1
03-21 20:52:30.203   625  2778 W libperfmgr: Failed to write to node: /proc/sys/kernel/sched_boost with value: 0, fd: -1
03-21 20:52:30.703   625  2778 W libperfmgr: Failed to write to node: /dev/stune/top-app/schedtune.boost with value: 10, fd: -1
03-21 20:52:30.704   625  2778 W libperfmgr: Failed to write to node: /proc/sys/kernel/sched_boost with value: 0, fd: -1
03-21 20:52:30.999   844 28024 I resolv  : GetAddrInfoHandler::run: {102 786534 102 983142 10300 0}
03-21 20:52:30.999   844 28025 I resolv  : res_nmkquery: (QUERY, IN, A)
03-21 20:52:31.015   844 28025 I resolv  : res_nsend: used send_dg 112 terrno: 0
03-21 20:52:31.015   844 28025 I resolv  : doQuery: rcode=0, ancount=4, return value=112
03-21 20:52:31.102   852   992 I hwcomposer: [HWCDisplay] [Display_0 (type:1)] fps:89.043266,dur:1010.74,max:22.23,min:11.00  
03-21 20:52:31.166  2458  4303 I cn_CronetUrlRequestContext: destroyNativeStreamLocked org.chromium.net.impl.CronetBidirectionalStream@3f4ee8
03-21 20:52:31.184  1587  1680 W libprocessgroup: SetCgroup::ExecuteForProcess: failed to open /dev/stune/background/cgroup.procs: No such file or directory
03-21 20:52:31.205   625  2778 W libperfmgr: Failed to write to node: /dev/stune/top-app/schedtune.boost with value: 10, fd: -1
03-21 20:52:31.205   625  2778 W libperfmgr: Failed to write to node: /proc/sys/kernel/sched_boost with value: 0, fd: -1
03-21 20:52:31.705   625  2778 W libperfmgr: Failed to write to node: /dev/stune/top-app/schedtune.boost with value: 10, fd: -1
03-21 20:52:31.705   625  2778 W libperfmgr: Failed to write to node: /proc/sys/kernel/sched_boost with value: 0, fd: -1
03-21 20:52:31.966   844   878 I netd    : networkAddUidRangesParcel(NativeUidRangeConfig{netId: 105, uidRanges: [UidRangeParcel{start: 0, stop: 2147483647}], subPriority: 999}) <0.35ms>
03-21 20:52:31.967   844   878 I netd    : networkRemoveUidRangesParcel(NativeUidRangeConfig{netId: 105, uidRanges: [UidRangeParcel{start: 0, stop: 2147483647}], subPriority: 999}) <0.23ms>
03-21 20:52:32.043   625  2778 W libperfmgr: Failed to write to node: /dev/stune/top-app/schedtune.boost with value: 50, fd: -1
03-21 20:52:32.043   625  2778 W libperfmgr: Failed to write to node: /proc/sys/kernel/sched_boost with value: 2, fd: -1
03-21 20:52:32.113   852   992 I hwcomposer: [HWCDisplay] [Display_0 (type:1)] fps:90.028305,dur:1010.79,max:11.28,min:10.90  
03-21 20:52:32.293   625  2778 W libperfmgr: Failed to write to node: /dev/stune/top-app/schedtune.boost with value: 10, fd: -1
03-21 20:52:32.293   625  2778 W libperfmgr: Failed to write to node: /proc/sys/kernel/sched_boost with value: 0, fd: -1
03-21 20:52:32.472  2458 24326 I NearbySharing: Network state changed: NetworkState(isRestricted=false, isOnline=true, isCongested=false, isMetered=false, isWifiConnected=true)
03-21 20:52:32.531   844   878 I netd    : networkAddUidRangesParcel(NativeUidRangeConfig{netId: 102, uidRanges: [UidRangeParcel{start: 0, stop: 2147483647}], subPriority: 998}) <0.48ms>
03-21 20:52:32.532   844   878 I netd    : networkRemoveUidRangesParcel(NativeUidRangeConfig{netId: 102, uidRanges: [UidRangeParcel{start: 0, stop: 2147483647}], subPriority: 998}) <0.37ms>
03-21 20:52:32.533   881   881 I WifiHAL : feature_set=0x8488141a
03-21 20:52:32.534  1587  1927 I HalDevMgr: bestIfaceCreationProposal is null, requestIface=STA, existingIface=[name=wlan0 type=STA]
03-21 20:52:32.555  2458  3117 I NullBinder: NullBinder for android.net.action.RECOMMEND_NETWORKS triggering remote TransactionTooLargeException due to Service without Chimera impl, calling uid: 1000, calling pid: 0
03-21 20:52:32.555  2458  3117 W libbinder.Binder: Large reply transaction of 1056768 bytes, interface descriptor , code 1, flags 17
03-21 20:52:32.640   625  2778 W libperfmgr: Failed to write to node: /dev/stune/top-app/schedtune.boost with value: 50, fd: -1
03-21 20:52:32.640   625  2778 W libperfmgr: Failed to write to node: /proc/sys/kernel/sched_boost with value: 2, fd: -1
03-21 20:52:32.868   625  2778 W libperfmgr: Failed to write to node: /dev/stune/top-app/schedtune.boost with value: 10, fd: -1
03-21 20:52:32.868   625  2778 W libperfmgr: Failed to write to node: /proc/sys/kernel/sched_boost with value: 0, fd: -1
03-21 20:52:32.931   625  2778 W libperfmgr: Failed to write to node: /dev/stune/top-app/schedtune.boost with value: 50, fd: -1
03-21 20:52:32.931   625  2778 W libperfmgr: Failed to write to node: /proc/sys/kernel/sched_boost with value: 2, fd: -1
03-21 20:52:32.966 26664 26664 I ImeTracker: com.rnat:ac0f9f39: onRequestShow at ORIGIN_CLIENT reason SHOW_SOFT_INPUT fromUser false
03-21 20:52:32.968  1587  7870 I AppsFilter: interaction: PackageSetting{cc7495 com.rnat/10399} -> PackageSetting{70acfd3 com.google.android.inputmethod.latin/10312} BLOCKED
03-21 20:52:32.969  1587  7870 W PresentationStatsEventLogger: Couldn't find packageName: com.google.android.inputmethod.latin
03-21 20:52:32.970  3073  3073 I GoogleInputMethodService: GoogleInputMethodService.onFinishInput():2114 
03-21 20:52:32.971  3073  3073 I Module  : DeviceLockedStatusModuleProvider$Module.updateDeviceLockedStatus():103 repeatCheckTimes = 0, locked = false
03-21 20:52:32.971  3073  3073 I GoogleInputMethodService: GoogleInputMethodService.onStartInput():1385 onStartInput(EditorInfo{EditorInfo{packageName=com.rnat, inputType=21, inputTypeString=EmailAddress[], enableLearning=true, autoCorrection=false, autoComplete=true, imeOptions=8000006, privateImeOptions=null, actionName=DONE, actionLabel=null, initialSelStart=16, initialSelEnd=16, initialCapsMode=0, label=null, fieldId=45, fieldName=null, extras=Bundle[mParcelledData.dataSize=404], hintText=non-empty, hintLocales=[]}}, false)
03-21 20:52:32.971  3073  3073 I AndroidIME: LatinIMEBase.updateInputViewCoverNavigation():314 Update input view padding, extendsTouchBelowSpace=true, bottom inset=126
03-21 20:52:32.971  3073  3073 I HardKeyTracker: HardKeyTracker.registerKeySequence():178 Register key sequence oum{labelResId=0, callback=ctk@3ae53ce, lastModifier=0, keyCodes=[57, 57], actions=[1, 0]}
03-21 20:52:32.971  3073  3073 I HardKeyTracker: HardKeyTracker.registerKeySequence():178 Register key sequence oum{labelResId=0, callback=ctk@e16a2ef, lastModifier=0, keyCodes=[58, 58], actions=[1, 0]}
03-21 20:52:32.972  3073  3073 I Module  : DeviceLockedStatusModuleProvider$Module.updateDeviceLockedStatus():103 repeatCheckTimes = 1, locked = false
03-21 20:52:32.975  3073  3073 I StylusModule: StylusModule.onUpdateToolType():774 Update tool type = 1
03-21 20:52:32.976  1587  7870 W PackageConfigPersister: App-specific configuration not found for packageName: com.rnat and userId: 0
03-21 20:52:32.978   844   878 I netd    : tetherGetStats() -> {[]} <0.58ms>
03-21 20:52:32.978  3073  3073 I GoogleInputMethodService: GoogleInputMethodService.onStartInputView():1473 onStartInputView(EditorInfo{EditorInfo{packageName=com.rnat, inputType=21, inputTypeString=EmailAddress[], enableLearning=true, autoCorrection=false, autoComplete=true, imeOptions=8000006, privateImeOptions=null, actionName=DONE, actionLabel=null, initialSelStart=16, initialSelEnd=16, initialCapsMode=0, label=null, fieldId=45, fieldName=null, extras=Bundle[{android.support.text.emoji.emojiCompat_metadataVersion=11, androidx.core.view.inputmethod.EditorInfoCompat.STYLUS_HANDWRITING_ENABLED=true, android.support.text.emoji.emojiCompat_replaceAll=false}], hintText=non-empty, hintLocales=[]}}, false)
03-21 20:52:32.979  3073  3073 I KeyboardHeightUtil: KeyboardHeightUtil.getOemKeyboardHeightRatio():81 systemKeyboardHeightRatio:1.000000.
03-21 20:52:32.979  3073  3073 W TooltipLifecycleManager: TooltipLifecycleManager.dismissTooltips():153 Tooltip with id SUGGESTION_VIEW_EDU_MINI_DIALOG not found in tooltipManager.
03-21 20:52:32.979  3073  3073 I AndroidIME: InputBundleManager.loadActiveInputBundleId():531 loadActiveInputBundleId: en-US, ime_english_united_states
03-21 20:52:32.979  3073  3456 W ModuleManager: ModuleManager.loadModule():634 Module prd is not available
03-21 20:52:32.979  3073  3073 I AndroidIME: AbstractIme.onActivate():95 LatinIme.onActivate() : EditorInfo = EditorInfo{packageName=com.rnat, inputType=21, inputTypeString=EmailAddress[], enableLearning=true, autoCorrection=false, autoComplete=true, imeOptions=8000006, privateImeOptions=null, actionName=DONE, actionLabel=null, initialSelStart=16, initialSelEnd=16, initialCapsMode=0, label=null, fieldId=45, fieldName=null, extras=Bundle[{android.support.text.emoji.emojiCompat_metadataVersion=11, androidx.core.view.inputmethod.EditorInfoCompat.STYLUS_HANDWRITING_ENABLED=true, android.support.text.emoji.emojiCompat_replaceAll=false}], hintText=non-empty, hintLocales=[]}, IncognitoMode = false, DeviceLocked = false
03-21 20:52:32.980  3073  3073 I InputBundle: InputBundle.consumeEvent():1041 Skip consuming an event as keyboard status is INACTIVE
03-21 20:52:32.980  3073  3073 I Delight5Facilitator: Delight5Facilitator.initializeForIme():745 initializeForIme() : Locale = [en_US], layout = qwerty
03-21 20:52:32.980  3073  3073 I LatinIme: LatinIme.updateEnableInlineSuggestionsOnDecoderSideFlags():1271 inline flag updated to:false
03-21 20:52:32.981  3073  3073 I LatinIme: LatinIme.updateEnableInlineSuggestionsOnDecoderSideFlags():1271 inline flag updated to:false
03-21 20:52:32.984  3073  3073 I InputBundle: InputBundle.consumeEvent():1041 Skip consuming an event as keyboard status is INACTIVE
03-21 20:52:32.984  3073  3073 I LatinIme: LatinIme.resetInputContext():2278 resetInputContext(): reason=1, externalEditsInfo=ExternalEditsInfo{action=0, offset=-1, text=null, originalText=null, edits=null}
03-21 20:52:32.984  3073  3073 I InputBundle: InputBundle.consumeEvent():1041 Skip consuming an event as keyboard status is INACTIVE
03-21 20:52:32.985  3073  3073 I KeyboardWrapper: KeyboardWrapper.activateKeyboard():582 activateKeyboard(): type=prime, status=INACTIVE, imeDef=nwb{stringId=ime_english_united_states, language=en-US, languageTag=en-US, processedConditions={writing_helper_enable_by_word_revert=false, true=true, enable_number_row=false, device=phone, enable_pk_simulator=false}, className=com.google.android.apps.inputmethod.libs.latin5.LatinIme, label=0, keyEventInterpreter=null, inlineComposing=true, autoCapital=true, announceAutoSelectedCandidate=true, statusIcon=0, indicatorIcon=0, indicatorLabel=US, displayAppCompletions=true, extraValues=nvu{#0x7f0b02e3=TypedValue{t=0x3/d=0x0 "com.google.android.apps.inputmethod.libs.latin5.LatinIme"}}, processors=nxu@f41e8d2, unacceptableMetaKeys=4098, languageSpecificSettings=0, asciiCapable=true, alwaysShowSuggestions=false, useAsciiPasswordKeyboard=false, keyboardGroupDef=nxd@a1cfdb3, phenotypeFlagId=0, localizationLanguageTag=null, supportsInlineSuggestion=true}
03-21 20:52:32.986  3073  3073 I KeyboardManager: KeyboardManager.requestKeyboard():249 Creating keyboard prime, imeId=ime_english_united_states, cacheKey=theme,!gsf,!pgsans,!pgsf,!use_system_font,BORDER,FLAVOR_DPI=XXHDPI,KEYBOARD_WIDTH_CATEGORY=NORMAL,KEY_BORDER_SHAPE=1,LIGHT_THEME=false,PHYSICAL_DIAGONAL=6.0649586,POPUP,SCREEN_SHORTEST_WIDTH=411,SCREEN_SHORTEST_WIDTH_NO_SCALE=411,SW400DP,XXHDPI,bottom4dp,enable_popup_on_keypress=true,keyboard_redesign_google_sans=true,non_linear_scale,noshadow,overlay_builtin_dynamic_color_dark_base.binarypb:gm3-dark-ff0d0e12-ffb8c6ee-4dd27a30afe06facd02255cbda95da6f,silkpopup
03-21 20:52:32.987  3073  3073 I KeyboardWrapper: KeyboardWrapper.onKeyboardReady():224 onKeyboardReady(): type=prime(prime), kb=com.google.android.apps.inputmethod.latin.keyboard.LatinPrimeKeyboard@b86036f
03-21 20:52:32.987  3073  3073 I KeyboardWrapper: KeyboardWrapper.doActivateKeyboard():612 doActivateKeyboard(): prime
03-21 20:52:33.000  3073  3073 I BaseKeyboardSizeHelper: BaseKeyboardSizeHelper.calculateMaxKeyboardBodyHeight():73 leave 281 height for app when ime window height:2181, header height:116 and isFullscreenMode:false, so the max keyboard body height is:1784
03-21 20:52:33.000  3073  3073 W TooltipLifecycleManager: TooltipLifecycleManager.dismissTooltips():153 Tooltip with id undo_access_point_promotion_banner not found in tooltipManager.
03-21 20:52:33.002  3073  3073 I KeyboardModeUtils: KeyboardModeUtils.getKeyboardBottomOffset():435 inch: 0.000000 ydpi: 409.127014 adjustKeyboardBottomByDisplaySize: false currentDensityDpi: 420 defaultDensityDpi: 420 keyboardBottomToScreenPx: 0 keyboardBottomToNavBarPx: -126 navBarHeight: 126
03-21 20:52:33.002  3073  3073 I BaseKeyboardSizeHelper: BaseKeyboardSizeHelper.calculateMaxKeyboardBodyHeight():73 leave 281 height for app when ime window height:2181, header height:116 and isFullscreenMode:false, so the max keyboard body height is:1784
03-21 20:52:33.002  3073  3073 I BaseKeyboardSizeHelper: BaseKeyboardSizeHelper.calculateMaxKeyboardBodyHeight():73 leave 281 height for app when ime window height:2181, header height:116 and isFullscreenMode:false, so the max keyboard body height is:1784
03-21 20:52:33.002  3073  3073 I BaseKeyboardSizeHelper: BaseKeyboardSizeHelper.calculateMaxKeyboardBodyHeight():73 leave 281 height for app when ime window height:2181, header height:116 and isFullscreenMode:false, so the max keyboard body height is:1784
03-21 20:52:33.002  3073  3073 I BaseKeyboardSizeHelper: BaseKeyboardSizeHelper.calculateMaxKeyboardBodyHeight():73 leave 281 height for app when ime window height:2181, header height:116 and isFullscreenMode:false, so the max keyboard body height is:1784
03-21 20:52:33.003  3073  3073 I GlobeKeyExtension: GlobeKeyExtension.getKeyboardInitialStates():185 
03-21 20:52:33.003  3073  3073 W Keyboard: Keyboard.getKeyboardViewHelper():604 null helper is returned: keyboardDef=nww{processedConditions={show_comma_key=true, enable_more_candidates_view_for_multilingual=false, layout_9key_split=false, enable_secondary_symbols=false, pref_enable_flick_symbols=false, enable_scrub_move=true, language=en-US, deprecate_long_press_space_for_ime_picker=false, expressions=normal, android_software_xr_api_spatial=false, variant=qwerty, free_cursor=false, show_period_key=true, device=phone, keyboard_mode=normal, show_secondary_digits=true, enable_pk_simulator=false, enable_preemptive_decode=true}, globalConditions={global_theme_key=theme,!gsf,!pgsans,!pgsf,!use_system_font,BORDER,FLAVOR_DPI=XXHDPI,KEYBOARD_WIDTH_CATEGORY=NORMAL,KEY_BORDER_SHAPE=1,LIGHT_THEME=false,PHYSICAL_DIAGONAL=6.0649586,POPUP,SCREEN_SHORTEST_WIDTH=411,SCREEN_SHORTEST_WIDTH_NO_SCALE=411,SW400DP,XXHDPI,bottom4dp,enable_popup_on_keypress=true,keyboard_redesign_google_sans=true,non_linear_scale,noshadow,overlay_builtin_dynamic_color_dark_base.binarypb:gm3-dark-ff0d0e12-ffb8c6ee-4dd27a30afe06facd02255cbda95da6f,silkpopup, global_locale=en_US, global_density_dpi=420, global_orientation=1}, className=.latin.keyboard.LatinPrimeKeyboard, resourceIds=[#0x7f1705f8, #0x7f17088a], initialStates=0, keyboardViewDefs=[nxl{direction=null, id=#0x7f0b0226, isScalable=true, layoutId=#0x7f0e037b, type=BODY, touchable=true, defaultShow=true}, nxl{direction=null, id=#0x7f0b0226, isScalable=false, layoutId=#0x7f0e0211, type=FLOATING_CANDIDATES, touchable=false, defaultShow=false}, nxl{direction=LOCALE, id=#0x7f0b0226, isScalable=false, layoutId=#0x7f0e0518, type=HEADER, touchable=true, defaultShow=true}], persistentStates=0, persistentStatesPrefKey=null, popupBubbleLayoutId=#0x7f0e0606, recentKeyLayoutId=#0x0, recentKeyPopupLayoutId=#0x0, recentKeyType=null, rememberRecentKey=NONE, sessionStates=17592186044419}, type=WIDGET, helpersCreated={HEADER=nhw@9f19732, BODY=nhw@a9acc83, FLOATING_CANDIDATES=nhw@e8b2e00}, context.getResources().getConfiguration(): {1.0 257mcc2mnc [en_US,ru_BY] ldltr sw411dp w411dp h914dp 420dpi nrml long compactNeeded port night finger -keyb/v/h -nav/h winConfig={ mBounds=Rect(0, 0 - 1080, 2400) mAppBounds=Rect(0, 0 - 1080, 2400) mMaxBounds=Rect(0, 0 - 1080, 2400) mDisplayRotation=ROTATION_0 mWindowingMode=fullscreen mActivityType=undefined mAlwaysOnTop=undefined mRotation=ROTATION_0} as.3 s.42 fontWeightAdjustment=0}
03-21 20:52:33.003  3073  3073 I BaseKeyboardSizeHelper: BaseKeyboardSizeHelper.calculateMaxKeyboardBodyHeight():73 leave 281 height for app when ime window height:2181, header height:116 and isFullscreenMode:false, so the max keyboard body height is:1784
03-21 20:52:33.005  3073  3073 I AndroidIME: InputBundleManager.startInput():361 startInput() with nxh[keyboardType=prime, payload=null]
03-21 20:52:33.005  3073  3073 I PkModeUpdater: PkModeUpdater.onActivate():76 onActivate false true
03-21 20:52:33.005  3073  3073 I AccessoryInputModeManager: AccessoryInputModeManager.onModeStarted():324 Accessory input mode started: null
03-21 20:52:33.005  3073  3073 W SupplementaryKeyboardsWrapper: SupplementaryKeyboardsWrapper.deactivateKeyboard():162 keyboard accessory_candidates_consumer is not activated before!
03-21 20:52:33.005  3073  3073 I GlobeKeyExtension: GlobeKeyExtension.onActivate():129 
03-21 20:52:33.006  3073  3073 I KeyboardModeUtils: KeyboardModeUtils.getKeyboardBottomOffset():435 inch: 0.000000 ydpi: 409.127014 adjustKeyboardBottomByDisplaySize: false currentDensityDpi: 420 defaultDensityDpi: 420 keyboardBottomToScreenPx: 0 keyboardBottomToNavBarPx: -126 navBarHeight: 126
03-21 20:52:33.006  3073  3073 I BaseKeyboardSizeHelper: BaseKeyboardSizeHelper.calculateMaxKeyboardBodyHeight():73 leave 281 height for app when ime window height:2181, header height:116 and isFullscreenMode:false, so the max keyboard body height is:1784
03-21 20:52:33.006  3073  3073 I BaseKeyboardSizeHelper: BaseKeyboardSizeHelper.calculateMaxKeyboardBodyHeight():73 leave 281 height for app when ime window height:2181, header height:116 and isFullscreenMode:false, so the max keyboard body height is:1784
03-21 20:52:33.006  3073  3073 I BaseKeyboardSizeHelper: BaseKeyboardSizeHelper.calculateMaxKeyboardBodyHeight():73 leave 281 height for app when ime window height:2181, header height:116 and isFullscreenMode:false, so the max keyboard body height is:1784
03-21 20:52:33.006  3073  3073 I BaseKeyboardSizeHelper: BaseKeyboardSizeHelper.calculateMaxKeyboardBodyHeight():73 leave 281 height for app when ime window height:2181, header height:116 and isFullscreenMode:false, so the max keyboard body height is:1784
03-21 20:52:33.006  3073  3073 W ExtensionWrapper: ExtensionWrapper.setExtensionViewVisibility():876 interface nlm is not activate
03-21 20:52:33.006  3073  3073 I VoiceInputManagerWrapper: VoiceInputManagerWrapper.cancelShutdown():109 cancelShutdown()
03-21 20:52:33.006  3073  3073 I VoiceInputManagerWrapper: VoiceInputManagerWrapper.syncLanguagePacks():121 syncLanguagePacks()
03-21 20:52:33.007  3073  3073 I VoiceInputManager: VoiceInputManager.onKeyboardActivated():1216 onKeyboardActivated() [UD]
03-21 20:52:33.007  3073 12803 I SpeechFactory: SpeechRecognitionFactory.maybeScheduleAutoPackDownloadForFallback():217 maybeScheduleAutoPackDownloadForFallback()
03-21 20:52:33.007  3073  3073 I HardKeyTracker: HardKeyTracker.unregisterKeySequence():229 Unregister key sequence oum{labelResId=2132020519, callback=fdl@1e64fc7, lastModifier=2, keyCodes=[56], actions=[0]}
03-21 20:52:33.007  3073 12803 I FallbackOnDeviceRecognitionProvider: FallbackOnDeviceRecognitionProvider.maybeScheduleAutoPackDownload():213 maybeScheduleAutoPackDownload() for language tag en-US
03-21 20:52:33.007  3073  3073 I HardKeyTracker: HardKeyTracker.unregisterKeySequence():229 Unregister key sequence oum{labelResId=2132020519, callback=fdl@648c9f4, lastModifier=0, keyCodes=[317], actions=[0]}
03-21 20:52:33.007  3073  3073 I HardKeyTracker: HardKeyTracker.registerKeySequence():178 Register key sequence oum{labelResId=2132020519, callback=fdl@df69dad, lastModifier=2, keyCodes=[56], actions=[0]}
03-21 20:52:33.007  3073  3073 I HardKeyTracker: HardKeyTracker.registerKeySequence():178 Register key sequence oum{labelResId=2132020519, callback=fdl@6da08e2, lastModifier=0, keyCodes=[317], actions=[0]}
03-21 20:52:33.007  3073  3073 W AccessPointsManager: AccessPointsManager.addAccessPoint():1092 The holder controller #0x7f0b2471 is not registered
03-21 20:52:33.008  3073  3073 I Module  : DeviceLockedStatusModuleProvider$Module.updateDeviceLockedStatus():103 repeatCheckTimes = 1, locked = false
03-21 20:52:33.008  3073  3073 I HardKeyTracker: HardKeyTracker.unregisterKeySequence():229 Unregister key sequence oum{labelResId=2132020524, callback=fdl@59bb392, lastModifier=2, keyCodes=[32], actions=[0]}
03-21 20:52:33.008  3073  3073 I HardKeyTracker: HardKeyTracker.unregisterKeySequence():229 Unregister key sequence oum{labelResId=2132020524, callback=fdl@8ee2163, lastModifier=0, keyCodes=[319], actions=[0]}
03-21 20:52:33.008  3073  3073 I HardKeyTracker: HardKeyTracker.registerKeySequence():178 Register key sequence oum{labelResId=2132020524, callback=fdl@fa5af30, lastModifier=2, keyCodes=[32], actions=[0]}
03-21 20:52:33.008  3073  3073 I HardKeyTracker: HardKeyTracker.registerKeySequence():178 Register key sequence oum{labelResId=2132020524, callback=fdl@40c67a9, lastModifier=0, keyCodes=[319], actions=[0]}
03-21 20:52:33.010  3073  3073 I HardKeyTracker: HardKeyTracker.unregisterKeySequence():229 Unregister key sequence oum{labelResId=2132020519, callback=fdl@31770bf, lastModifier=2, keyCodes=[56], actions=[0]}
03-21 20:52:33.010  3073  3073 I HardKeyTracker: HardKeyTracker.unregisterKeySequence():229 Unregister key sequence oum{labelResId=2132020519, callback=fdl@80f638c, lastModifier=0, keyCodes=[317], actions=[0]}
03-21 20:52:33.010  3073  3073 I HardKeyTracker: HardKeyTracker.registerKeySequence():178 Register key sequence oum{labelResId=2132020519, callback=fdl@e9ad565, lastModifier=2, keyCodes=[56], actions=[0]}
03-21 20:52:33.010  3073  3073 I HardKeyTracker: HardKeyTracker.registerKeySequence():178 Register key sequence oum{labelResId=2132020519, callback=fdl@60fd23a, lastModifier=0, keyCodes=[317], actions=[0]}
03-21 20:52:33.010  3073  3073 I HardKeyTracker: HardKeyTracker.unregisterKeySequence():229 Unregister key sequence oum{labelResId=2132020523, callback=fdl@92a3ad5, lastModifier=2, keyCodes=[48], actions=[0]}
03-21 20:52:33.011  3073  3073 I HardKeyTracker: HardKeyTracker.registerKeySequence():178 Register key sequence oum{labelResId=2132020523, callback=fdl@9a65eeb, lastModifier=2, keyCodes=[48], actions=[0]}
03-21 20:52:33.011  3073  3073 I HardKeyTracker: HardKeyTracker.unregisterKeySequence():229 Unregister key sequence oum{labelResId=2132020523, callback=fdl@aa622ea, lastModifier=2, keyCodes=[48], actions=[0]}
03-21 20:52:33.011  3073  3073 I HardKeyTracker: HardKeyTracker.registerKeySequence():178 Register key sequence oum{labelResId=2132020523, callback=fdl@1843448, lastModifier=2, keyCodes=[48], actions=[0]}
03-21 20:52:33.011  3073  3073 W AccessPointsManager: AccessPointsManager.addAccessPoint():1092 The holder controller #0x7f0b2471 is not registered
03-21 20:52:33.011  3073  3073 I HardKeyTracker: HardKeyTracker.unregisterKeySequence():229 Unregister key sequence oum{labelResId=2132020524, callback=fdl@25c59db, lastModifier=2, keyCodes=[32], actions=[0]}
03-21 20:52:33.011  3073  3073 I HardKeyTracker: HardKeyTracker.unregisterKeySequence():229 Unregister key sequence oum{labelResId=2132020524, callback=fdl@f152c78, lastModifier=0, keyCodes=[319], actions=[0]}
03-21 20:52:33.011  3073  3073 I HardKeyTracker: HardKeyTracker.registerKeySequence():178 Register key sequence oum{labelResId=2132020524, callback=fdl@4e862e1, lastModifier=2, keyCodes=[32], actions=[0]}
03-21 20:52:33.011  3073  3073 I HardKeyTracker: HardKeyTracker.registerKeySequence():178 Register key sequence oum{labelResId=2132020524, callback=fdl@18d806, lastModifier=0, keyCodes=[319], actions=[0]}
03-21 20:52:33.012  3073  3073 I VoiceImeExtension: VoiceImeExtension.shouldStartVoiceInputAutomaticallyInCurrentInputBox():384 No private IME option set to start voice input.
03-21 20:52:33.035   914   988 E surfaceflinger: == MALI DEBUG ===eglp_winsys_populate_image_templates ==12288
03-21 20:52:33.035  3073  3073 I GoogleInputMethodService: GoogleInputMethodService$1.onKeyboardViewShown():331 onKeyboardViewShown: keyboardType=prime, keyboardViewType=HEADER keyboardView=com.google.android.libraries.inputmethod.widgets.SoftKeyboardView{a8ee4dc V.E...... ........ 0,0-1080,116}
03-21 20:52:33.035  3073  3073 I BaseKeyboardSizeHelper: BaseKeyboardSizeHelper.calculateMaxKeyboardBodyHeight():73 leave 281 height for app when ime window height:2181, header height:116 and isFullscreenMode:false, so the max keyboard body height is:1784
03-21 20:52:33.036  3073  3073 I GoogleInputMethodService: GoogleInputMethodService$1.onKeyboardViewShown():331 onKeyboardViewShown: keyboardType=prime, keyboardViewType=BODY keyboardView=com.google.android.libraries.inputmethod.widgets.SoftKeyboardView{dfa316c V.E...... ........ 0,0-1080,641}
03-21 20:52:33.036  3073  3073 I BaseKeyboardSizeHelper: BaseKeyboardSizeHelper.calculateMaxKeyboardBodyHeight():73 leave 281 height for app when ime window height:2181, header height:116 and isFullscreenMode:false, so the max keyboard body height is:1784
03-21 20:52:33.036  3073  3073 I GlobeKeyExtension: GlobeKeyExtension$1.onKeyboardViewShown():76 maybeDisableLanguageSwitchKeyPref when the keyboard is shown
03-21 20:52:33.036  3073  3073 I GlobeKeyExtension: GlobeKeyExtension.maybeDisableLanguageSwitchKeyPref():210 maybeDisableLanguageSwitchKeyPref hasGlobeKeyBeenDisabled: false, shouldDisableLanguageSwitchKey: false
03-21 20:52:33.036  3073  3073 I NewLanguagePromptExtension: NewLanguagePromptExtension$1.onKeyboardViewShown():98 Not show new language banner: no change in enabled input method entries
03-21 20:52:33.037  3073  3073 I DynamicLayoutHandler: DynamicLayoutHandler.loadDynamicKeys():92 This isn't a dynamic layout.
03-21 20:52:33.037  3073  3073 I KeyboardModeUtils: KeyboardModeUtils.getKeyboardBottomOffset():435 inch: 0.000000 ydpi: 409.127014 adjustKeyboardBottomByDisplaySize: false currentDensityDpi: 420 defaultDensityDpi: 420 keyboardBottomToScreenPx: 0 keyboardBottomToNavBarPx: -126 navBarHeight: 126
03-21 20:52:33.037  3073  3571 I Delight5Decoder: Delight5DecoderWrapper.setKeyboardLayout():552 setKeyboardLayout()
03-21 20:52:33.037  3073  3073 I BaseKeyboardSizeHelper: BaseKeyboardSizeHelper.calculateMaxKeyboardBodyHeight():73 leave 281 height for app when ime window height:2181, header height:116 and isFullscreenMode:false, so the max keyboard body height is:1784
03-21 20:52:33.037  3073  3073 I BaseKeyboardSizeHelper: BaseKeyboardSizeHelper.calculateMaxKeyboardBodyHeight():73 leave 281 height for app when ime window height:2181, header height:116 and isFullscreenMode:false, so the max keyboard body height is:1784
03-21 20:52:33.038  3073  3073 I KeyboardModeUtils: KeyboardModeUtils.getKeyboardBottomOffset():435 inch: 0.000000 ydpi: 409.127014 adjustKeyboardBottomByDisplaySize: false currentDensityDpi: 420 defaultDensityDpi: 420 keyboardBottomToScreenPx: 0 keyboardBottomToNavBarPx: -126 navBarHeight: 126
03-21 20:52:33.039  3073  3073 I BaseKeyboardSizeHelper: BaseKeyboardSizeHelper.calculateMaxKeyboardBodyHeight():73 leave 281 height for app when ime window height:2181, header height:116 and isFullscreenMode:false, so the max keyboard body height is:1784
03-21 20:52:33.039  3073  3073 I BaseKeyboardSizeHelper: BaseKeyboardSizeHelper.calculateMaxKeyboardBodyHeight():73 leave 281 height for app when ime window height:2181, header height:116 and isFullscreenMode:false, so the max keyboard body height is:1784
03-21 20:52:33.043   914   988 E surfaceflinger: == MALI DEBUG ===eglp_winsys_populate_image_templates ==12288
03-21 20:52:33.046  2458 26856 I NearbySharing: Network state changed: NetworkState(isRestricted=false, isOnline=true, isCongested=false, isMetered=false, isWifiConnected=true)
03-21 20:52:33.055   914   988 E surfaceflinger: == MALI DEBUG ===eglp_winsys_populate_image_templates ==12288
03-21 20:52:33.071 26664 26664 I AutofillManager: showAutofillDialog() return false due to improve fill dialog
03-21 20:52:33.071 26664 26664 I ImeTracker: com.rnat:148ba527: onRequestShow at ORIGIN_CLIENT reason SHOW_SOFT_INPUT fromUser true
03-21 20:52:33.071 26664 26664 I ImeTracker: com.rnat:148ba527: onCancelled at PHASE_CLIENT_APPLY_ANIMATION
03-21 20:52:33.098   914   988 E surfaceflinger: == MALI DEBUG ===eglp_winsys_populate_image_templates ==12288
03-21 20:52:33.106   914   988 E surfaceflinger: == MALI DEBUG ===eglp_winsys_populate_image_templates ==12288
03-21 20:52:33.124   852   992 I hwcomposer: [HWCDisplay] [Display_0 (type:1)] fps:90.032227,dur:1010.75,max:11.28,min:10.93  
03-21 20:52:33.127  2237  2237 E SatelliteController: registerForSatelliteModemStateChanged: mSatelliteSessionController is not initialized yet
03-21 20:52:33.129  2237  2237 E SatelliteController: registerForSatelliteModemStateChanged: mSatelliteSessionController is not initialized yet
03-21 20:52:33.133  2237  2378 E SatelliteController: notifyNtnEligibility: mSatellitePhone is null
03-21 20:52:33.138  1587  3186 W ContextImpl: Calling a method in the system process without a qualified user: android.app.ContextImpl.sendBroadcastMultiplePermissions:1358 android.content.Context.sendBroadcastMultiplePermissions:2796 com.android.server.TelephonyRegistry.broadcastServiceStateChanged:4172 com.android.server.TelephonyRegistry.notifyServiceStateForPhoneId:1848 com.android.internal.telephony.ITelephonyRegistry$Stub.onTransact:613 
03-21 20:52:33.139  1587  3186 W ContextImpl: Calling a method in the system process without a qualified user: android.app.ContextImpl.sendBroadcastMultiplePermissions:1391 com.android.server.TelephonyRegistry.broadcastServiceStateChanged:4177 com.android.server.TelephonyRegistry.notifyServiceStateForPhoneId:1848 com.android.internal.telephony.ITelephonyRegistry$Stub.onTransact:613 android.os.Binder.execTransactInternal:1473 
03-21 20:52:33.141  1587  3186 W ContextImpl: Calling a method in the system process without a qualified user: android.app.ContextImpl.sendBroadcastMultiplePermissions:1391 com.android.server.TelephonyRegistry.broadcastServiceStateChanged:4186 com.android.server.TelephonyRegistry.notifyServiceStateForPhoneId:1848 com.android.internal.telephony.ITelephonyRegistry$Stub.onTransact:613 android.os.Binder.execTransactInternal:1473 
03-21 20:52:33.143  1587  3186 W ContextImpl: Calling a method in the system process without a qualified user: android.app.ContextImpl.sendBroadcastMultiplePermissions:1391 com.android.server.TelephonyRegistry.broadcastServiceStateChanged:4192 com.android.server.TelephonyRegistry.notifyServiceStateForPhoneId:1848 com.android.internal.telephony.ITelephonyRegistry$Stub.onTransact:613 android.os.Binder.execTransactInternal:1473 
03-21 20:52:33.148  1587  1680 W libprocessgroup: SetCgroup::ExecuteForProcess: failed to open /dev/stune/background/cgroup.procs: No such file or directory
03-21 20:52:33.149 26664 26664 I ImeTracker: com.rnat:ac0f9f39: onShown
03-21 20:52:33.152  2237  2237 I Telephony: TelecomAccountRegistry$TelecomAccountTelephonyCallback: TelecomAccountRegistry: onServiceStateChanged: newState=0, mServiceState=0
03-21 20:52:33.153  2237  2237 W Telephony: registerMmTelCapabilityCallback: registration failed, no ImsService available. Exception: code: 1
03-21 20:52:33.155  2237  2237 I Telephony: isRttCurrentlySupported -- regular acct, hasVoiceAvailability: false
03-21 20:52:33.155  2237  2237 I Telephony:  isRttSupported: false
03-21 20:52:33.155  2237  2237 I Telephony:  alwaysAllowWhileRoaming: false
03-21 20:52:33.155  2237  2237 I Telephony:  isRoaming: false
03-21 20:52:33.155  2237  2237 I Telephony:  isOnWfc: false
03-21 20:52:33.186  3073  3073 W TooltipLifecycleManager: TooltipLifecycleManager.dismissTooltips():153 Tooltip with id spell_check_add_to_dictionary not found in tooltipManager.
03-21 20:52:33.204 26664 26752 E ReactNativeJS: 'API Error Response:', '<html>\r\n<head><title>404 Not Found</title></head>\r\n<body>\r\n<center><h1>404 Not Found</h1></center>\r\n<hr><center>nginx/1.25.5</center>\r\n</body>\r\n</html>\r\n'
03-21 20:52:33.213 26664 26752 E ReactNativeJS: 'Login error:', [AxiosError: Request failed with status code 404]
03-21 20:52:33.223 26664 26664 W WindowOnBackDispatcher: OnBackInvokedCallback is not enabled for the application.
03-21 20:52:33.223 26664 26664 W WindowOnBackDispatcher: Set 'android:enableOnBackInvokedCallback="true"' in the application manifest.
03-21 20:52:33.265  1587  1657 I ImeTracker: system_server:4e8402bc: onRequestShow at ORIGIN_SERVER reason CONTROLS_CHANGED fromUser false
03-21 20:52:33.279   914   988 E surfaceflinger: == MALI DEBUG ===eglp_winsys_populate_image_templates ==12288
03-21 20:52:33.291   914   988 E surfaceflinger: == MALI DEBUG ===eglp_winsys_populate_image_templates ==12288
03-21 20:52:33.291 26664 26664 I ImeTracker: system_server:4e8402bc: onCancelled at PHASE_CLIENT_ON_CONTROLS_CHANGED
03-21 20:52:33.296   914   988 E surfaceflinger: == MALI DEBUG ===eglp_winsys_populate_image_templates ==12288
03-21 20:52:33.308   914   988 E surfaceflinger: == MALI DEBUG ===eglp_winsys_populate_image_templates ==12288
03-21 20:52:33.324   625  2778 W libperfmgr: Failed to write to node: /dev/stune/top-app/schedtune.boost with value: 50, fd: -1
03-21 20:52:33.324   625  2778 W libperfmgr: Failed to write to node: /proc/sys/kernel/sched_boost with value: 2, fd: -1
03-21 20:52:33.401   625  2778 W libperfmgr: Failed to write to node: /dev/stune/top-app/schedtune.boost with value: 50, fd: -1
03-21 20:52:33.401   625  2778 W libperfmgr: Failed to write to node: /proc/sys/kernel/sched_boost with value: 2, fd: -1
03-21 20:52:33.488 26664 26752 E ReactNativeJS: 'API Error Response:', '<html>\r\n<head><title>404 Not Found</title></head>\r\n<body>\r\n<center><h1>404 Not Found</h1></center>\r\n<hr><center>nginx/1.25.5</center>\r\n</body>\r\n</html>\r\n'
03-21 20:52:33.498 26664 26752 E ReactNativeJS: 'Login error:', [AxiosError: Request failed with status code 404]
03-21 20:52:33.513  1587  1902 W InputDispatcher: Not creating InputTarget for 1ab0617 com.rnat/com.rnat.MainActivity, no input channel
03-21 20:52:33.516 26664 26664 W WindowOnBackDispatcher: OnBackInvokedCallback is not enabled for the application.
03-21 20:52:33.516 26664 26664 W WindowOnBackDispatcher: Set 'android:enableOnBackInvokedCallback="true"' in the application manifest.
03-21 20:52:33.520  1587  1902 W InputDispatcher: Not sending touch to 1ab0617 com.rnat/com.rnat.MainActivity because there's no corresponding connection
03-21 20:52:33.532  1587  1657 I ImeTracker: system_server:73776079: onRequestShow at ORIGIN_SERVER reason CONTROLS_CHANGED fromUser false
03-21 20:52:33.577  1587  1657 I ImeTracker: system_server:8bd2d308: onRequestShow at ORIGIN_SERVER reason CONTROLS_CHANGED fromUser false
03-21 20:52:33.585   914   988 E surfaceflinger: == MALI DEBUG ===eglp_winsys_populate_image_templates ==12288
03-21 20:52:33.591 26664 26664 I ImeTracker: system_server:73776079: onCancelled at PHASE_CLIENT_ON_CONTROLS_CHANGED
03-21 20:52:33.597   914   988 E surfaceflinger: == MALI DEBUG ===eglp_winsys_populate_image_templates ==12288
03-21 20:52:33.624  1587  1902 W InputDispatcher: Untrusted touch due to occlusion by /1000
03-21 20:52:33.624  1587  1902 W InputDispatcher: Dropping untrusted touch event due to /1000
03-21 20:52:33.632 26664 26664 I ImeTracker: system_server:8bd2d308: onCancelled at PHASE_CLIENT_ON_CONTROLS_CHANGED
03-21 20:52:33.639   914   988 E surfaceflinger: == MALI DEBUG ===eglp_winsys_populate_image_templates ==12288
03-21 20:52:33.641   914   988 E surfaceflinger: == MALI DEBUG ===eglp_winsys_populate_image_templates ==12288
03-21 20:52:33.869   625  2778 W libperfmgr: Failed to write to node: /dev/stune/top-app/schedtune.boost with value: 10, fd: -1
03-21 20:52:33.869   625  2778 W libperfmgr: Failed to write to node: /proc/sys/kernel/sched_boost with value: 0, fd: -1
03-21 20:52:33.886   852  1054 I hwcomposer: [HWC] (0)fire a callback of refresh to SF[4]  
03-21 20:52:33.900   625  2778 W libperfmgr: Failed to write to node: /dev/stune/top-app/schedtune.boost with value: 10, fd: -1
03-21 20:52:33.901   625  2778 W libperfmgr: Failed to write to node: /proc/sys/kernel/sched_boost with value: 0, fd: -1
03-21 20:52:33.924   625  2778 W libperfmgr: Failed to write to node: /dev/stune/top-app/schedtune.boost with value: 10, fd: -1
03-21 20:52:33.924   625  2778 W libperfmgr: Failed to write to node: /proc/sys/kernel/sched_boost with value: 0, fd: -1
03-21 20:52:34.105   625  2778 W libperfmgr: Failed to write to node: /dev/stune/top-app/schedtune.boost with value: 50, fd: -1
03-21 20:52:34.105   625  2778 W libperfmgr: Failed to write to node: /proc/sys/kernel/sched_boost with value: 2, fd: -1
03-21 20:52:34.135   852   992 I hwcomposer: [HWCDisplay] [Display_0 (type:1)] fps:80.133469,dur:1010.81,max:83.20,min:10.22  
03-21 20:52:34.606   625  2778 W libperfmgr: Failed to write to node: /dev/stune/top-app/schedtune.boost with value: 50, fd: -1
03-21 20:52:34.606   625  2778 W libperfmgr: Failed to write to node: /proc/sys/kernel/sched_boost with value: 2, fd: -1
03-21 20:52:34.647   625  2778 W libperfmgr: Failed to write to node: /dev/stune/top-app/schedtune.boost with value: 10, fd: -1
03-21 20:52:34.647   625  2778 W libperfmgr: Failed to write to node: /proc/sys/kernel/sched_boost with value: 0, fd: -1
03-21 20:52:34.774   852  1054 I hwcomposer: [HWC] (0)fire a callback of refresh to SF[4]  
03-21 20:52:34.790   625  2778 W libperfmgr: Failed to write to node: /dev/stune/top-app/schedtune.boost with value: 10, fd: -1
03-21 20:52:34.790   625  2778 W libperfmgr: Failed to write to node: /proc/sys/kernel/sched_boost with value: 0, fd: -1
03-21 20:52:34.801   625  2778 W libperfmgr: Failed to write to node: /dev/stune/top-app/schedtune.boost with value: 10, fd: -1
03-21 20:52:34.801   625  2778 W libperfmgr: Failed to write to node: /proc/sys/kernel/sched_boost with value: 0, fd: -1
03-21 20:52:34.803  1587  1680 W libprocessgroup: SetCgroup::ExecuteForProcess: failed to open /dev/stune/background/cgroup.procs: No such file or directory
03-21 20:52:34.804 23431 23431 I Finsky  : [2] Memory trim requested to level 40
03-21 20:52:34.805 23431 23431 I Finsky  : [2] Flushing in-memory image cache
03-21 20:52:34.880   625  2778 W libperfmgr: Failed to write to node: /dev/stune/top-app/schedtune.boost with value: 50, fd: -1
03-21 20:52:34.880   625  2778 W libperfmgr: Failed to write to node: /proc/sys/kernel/sched_boost with value: 2, fd: -1
03-21 20:52:34.962   852  1054 I hwcomposer: [HWC] (0)fire a callback of refresh to SF[4]  
03-21 20:52:34.965   625  2778 W libperfmgr: Failed to write to node: /dev/stune/top-app/schedtune.boost with value: 50, fd: -1
03-21 20:52:34.965   625  2778 W libperfmgr: Failed to write to node: /proc/sys/kernel/sched_boost with value: 2, fd: -1
03-21 20:52:35.043   625  2778 W libperfmgr: Failed to write to node: /dev/stune/top-app/schedtune.boost with value: 50, fd: -1
03-21 20:52:35.043   625  2778 W libperfmgr: Failed to write to node: /proc/sys/kernel/sched_boost with value: 2, fd: -1
03-21 20:52:35.130   625  2778 W libperfmgr: Failed to write to node: /dev/stune/top-app/schedtune.boost with value: 10, fd: -1
03-21 20:52:35.130   625  2778 W libperfmgr: Failed to write to node: /proc/sys/kernel/sched_boost with value: 0, fd: -1
03-21 20:52:35.234   852   992 I hwcomposer: [HWCDisplay] [Display_0 (type:1)] fps:52.741478,dur:1099.70,max:265.42,min:6.38  
03-21 20:52:35.279 28031 28031 W libbinder.BackendUnifiedServiceManager: Thread Pool max thread count is 0. Cannot cache binder as linkToDeath cannot be implemented. serviceName: deviceidle
03-21 20:52:35.296 28033 28033 W libbinder.BackendUnifiedServiceManager: Thread Pool max thread count is 0. Cannot cache binder as linkToDeath cannot be implemented. serviceName: battery
03-21 20:52:35.323 28035 28035 W libbinder.BackendUnifiedServiceManager: Thread Pool max thread count is 0. Cannot cache binder as linkToDeath cannot be implemented. serviceName: deviceidle
03-21 20:52:35.353 28038 28038 W libbinder.BackendUnifiedServiceManager: Thread Pool max thread count is 0. Cannot cache binder as linkToDeath cannot be implemented. serviceName: activity
03-21 20:52:35.361  1587  7870 I ImeTracker: system_server:4556c7ac: onRequestShow at ORIGIN_SERVER reason CONTROLS_CHANGED fromUser false
03-21 20:52:35.414 28047 28047 W libbinder.BackendUnifiedServiceManager: Thread Pool max thread count is 0. Cannot cache binder as linkToDeath cannot be implemented. serviceName: battery
03-21 20:52:35.548   844   878 I netd    : networkAddUidRangesParcel(NativeUidRangeConfig{netId: 102, uidRanges: [UidRangeParcel{start: 0, stop: 2147483647}], subPriority: 998}) <0.46ms>
03-21 20:52:35.549   881   881 I WifiHAL : feature_set=0x8488141a
03-21 20:52:35.549   844   878 I netd    : networkRemoveUidRangesParcel(NativeUidRangeConfig{netId: 102, uidRanges: [UidRangeParcel{start: 0, stop: 2147483647}], subPriority: 998}) <1.20ms>
03-21 20:52:35.551  1587  1927 I HalDevMgr: bestIfaceCreationProposal is null, requestIface=STA, existingIface=[name=wlan0 type=STA]
03-21 20:52:35.572  2458  3117 I NullBinder: NullBinder for android.net.action.RECOMMEND_NETWORKS triggering remote TransactionTooLargeException due to Service without Chimera impl, calling uid: 1000, calling pid: 0
03-21 20:52:35.572  2458  3117 W libbinder.Binder: Large reply transaction of 1056768 bytes, interface descriptor , code 1, flags 17
03-21 20:52:35.630   625  2778 W libperfmgr: Failed to write to node: /dev/stune/top-app/schedtune.boost with value: 10, fd: -1
03-21 20:52:35.630   625  2778 W libperfmgr: Failed to write to node: /proc/sys/kernel/sched_boost with value: 0, fd: -1
03-21 20:52:35.738   852  1054 I hwcomposer: [HWC] (0)fire a callback of refresh to SF[4]  
03-21 20:52:35.744   625  2778 W libperfmgr: Failed to write to node: /dev/stune/top-app/schedtune.boost with value: 10, fd: -1
03-21 20:52:35.745   625  2778 W libperfmgr: Failed to write to node: /proc/sys/kernel/sched_boost with value: 0, fd: -1
03-21 20:52:35.767   625  2778 W libperfmgr: Failed to write to node: /dev/stune/top-app/schedtune.boost with value: 10, fd: -1
03-21 20:52:35.767   625  2778 W libperfmgr: Failed to write to node: /proc/sys/kernel/sched_boost with value: 0, fd: -1
03-21 20:52:36.050   852  1054 I hwcomposer: [HWC] (0)fire a callback of refresh to SF[4]  
03-21 20:52:36.055   625  2778 W libperfmgr: Failed to write to node: /dev/stune/top-app/schedtune.boost with value: 10, fd: -1
03-21 20:52:36.055   625  2778 W libperfmgr: Failed to write to node: /proc/sys/kernel/sched_boost with value: 0, fd: -1
03-21 20:52:36.065  2458 26856 I NearbySharing: Network state changed: NetworkState(isRestricted=false, isOnline=true, isCongested=false, isMetered=false, isWifiConnected=true)
03-21 20:52:36.132   625  2778 W libperfmgr: Failed to write to node: /dev/stune/top-app/schedtune.boost with value: 10, fd: -1
03-21 20:52:36.132   625  2778 W libperfmgr: Failed to write to node: /proc/sys/kernel/sched_boost with value: 0, fd: -1
03-21 20:52:36.245   852   992 I hwcomposer: [HWCDisplay] [Display_0 (type:1)] fps:57.378479,dur:1010.83,max:119.57,min:11.01  
03-21 20:52:36.369   625  2778 W libperfmgr: Failed to write to node: /dev/stune/top-app/schedtune.boost with value: 50, fd: -1
03-21 20:52:36.369   625  2778 W libperfmgr: Failed to write to node: /proc/sys/kernel/sched_boost with value: 2, fd: -1
03-21 20:52:36.825   625  2778 W libperfmgr: Failed to write to node: /dev/stune/top-app/schedtune.boost with value: 10, fd: -1
03-21 20:52:36.825   625  2778 W libperfmgr: Failed to write to node: /proc/sys/kernel/sched_boost with value: 0, fd: -1
03-21 20:52:37.256   852   992 I hwcomposer: [HWCDisplay] [Display_0 (type:1)] fps:78.157433,dur:1010.78,max:44.56,min:10.95  
03-21 20:52:37.325   625  2778 W libperfmgr: Failed to write to node: /dev/stune/top-app/schedtune.boost with value: 10, fd: -1
03-21 20:52:37.325   625  2778 W libperfmgr: Failed to write to node: /proc/sys/kernel/sched_boost with value: 0, fd: -1
03-21 20:52:37.721 23431 23444 I Finsky  : [76] Stats for Executor: LightweightExecutor vaq@64e5605[Running, pool size = 4, active threads = 0, queued tasks = 0, completed tasks = 216]
03-21 20:52:37.721 23431 23444 I Finsky  : [76] Stats for Executor: BlockingExecutor vaq@a21b014[Running, pool size = 0, active threads = 0, queued tasks = 0, completed tasks = 28]
03-21 20:52:37.721 23431 23444 I Finsky  : [76] Stats for Executor: bgExecutor vaq@6b009ba[Running, pool size = 4, active threads = 0, queued tasks = 0, completed tasks = 184]
03-21 20:52:37.721 23431 23444 I Finsky  : [76] Stats for Executor: GrpcBackgroundExecutor vaq@736d058[Running, pool size = 1, active threads = 0, queued tasks = 0, completed tasks = 1]
03-21 20:52:37.826   625  2778 W libperfmgr: Failed to write to node: /dev/stune/top-app/schedtune.boost with value: 10, fd: -1
03-21 20:52:37.826   625  2778 W libperfmgr: Failed to write to node: /proc/sys/kernel/sched_boost with value: 0, fd: -1
03-21 20:52:37.862   625  2778 W libperfmgr: Failed to write to node: /dev/stune/top-app/schedtune.boost with value: 50, fd: -1
03-21 20:52:37.862   625  2778 W libperfmgr: Failed to write to node: /proc/sys/kernel/sched_boost with value: 2, fd: -1
03-21 20:52:37.950   852  1054 I hwcomposer: [HWC] (0)fire a callback of refresh to SF[4]  
03-21 20:52:37.953   625  2778 W libperfmgr: Failed to write to node: /dev/stune/top-app/schedtune.boost with value: 50, fd: -1
03-21 20:52:37.953   625  2778 W libperfmgr: Failed to write to node: /proc/sys/kernel/sched_boost with value: 2, fd: -1
03-21 20:52:37.962   625  2778 W libperfmgr: Failed to write to node: /dev/stune/top-app/schedtune.boost with value: 10, fd: -1
03-21 20:52:37.962   625  2778 W libperfmgr: Failed to write to node: /proc/sys/kernel/sched_boost with value: 0, fd: -1
03-21 20:52:38.031   625  2778 W libperfmgr: Failed to write to node: /dev/stune/top-app/schedtune.boost with value: 10, fd: -1
03-21 20:52:38.031   625  2778 W libperfmgr: Failed to write to node: /proc/sys/kernel/sched_boost with value: 0, fd: -1
03-21 20:52:38.264  2237  2237 E SatelliteController: registerForSatelliteModemStateChanged: mSatelliteSessionController is not initialized yet
03-21 20:52:38.267   852   992 I hwcomposer: [HWCDisplay] [Display_0 (type:1)] fps:65.293503,dur:1010.82,max:232.75,min:10.96  
03-21 20:52:38.269  2237  2237 E SatelliteController: registerForSatelliteModemStateChanged: mSatelliteSessionController is not initialized yet
03-21 20:52:38.274  2237  2378 E SatelliteController: notifyNtnEligibility: mSatellitePhone is null
03-21 20:52:38.279  1587  3186 W ContextImpl: Calling a method in the system process without a qualified user: android.app.ContextImpl.sendBroadcastMultiplePermissions:1358 android.content.Context.sendBroadcastMultiplePermissions:2796 com.android.server.TelephonyRegistry.broadcastServiceStateChanged:4172 com.android.server.TelephonyRegistry.notifyServiceStateForPhoneId:1848 com.android.internal.telephony.ITelephonyRegistry$Stub.onTransact:613 
03-21 20:52:38.280  1587  3186 W ContextImpl: Calling a method in the system process without a qualified user: android.app.ContextImpl.sendBroadcastMultiplePermissions:1391 com.android.server.TelephonyRegistry.broadcastServiceStateChanged:4177 com.android.server.TelephonyRegistry.notifyServiceStateForPhoneId:1848 com.android.internal.telephony.ITelephonyRegistry$Stub.onTransact:613 android.os.Binder.execTransactInternal:1473 
03-21 20:52:38.282  1587  3186 W ContextImpl: Calling a method in the system process without a qualified user: android.app.ContextImpl.sendBroadcastMultiplePermissions:1391 com.android.server.TelephonyRegistry.broadcastServiceStateChanged:4186 com.android.server.TelephonyRegistry.notifyServiceStateForPhoneId:1848 com.android.internal.telephony.ITelephonyRegistry$Stub.onTransact:613 android.os.Binder.execTransactInternal:1473 
03-21 20:52:38.284  1587  3186 W ContextImpl: Calling a method in the system process without a qualified user: android.app.ContextImpl.sendBroadcastMultiplePermissions:1391 com.android.server.TelephonyRegistry.broadcastServiceStateChanged:4192 com.android.server.TelephonyRegistry.notifyServiceStateForPhoneId:1848 com.android.internal.telephony.ITelephonyRegistry$Stub.onTransact:613 android.os.Binder.execTransactInternal:1473 
03-21 20:52:38.290  1587  1680 W libprocessgroup: SetCgroup::ExecuteForProcess: failed to open /dev/stune/background/cgroup.procs: No such file or directory
03-21 20:52:38.294   844   878 I netd    : tetherGetStats() -> {[]} <2.12ms>
03-21 20:52:38.295  2237  2237 I Telephony: TelecomAccountRegistry$TelecomAccountTelephonyCallback: TelecomAccountRegistry: onServiceStateChanged: newState=0, mServiceState=0
03-21 20:52:38.296  2237  2237 W Telephony: registerMmTelCapabilityCallback: registration failed, no ImsService available. Exception: code: 1
03-21 20:52:38.298  2237  2237 I Telephony: isRttCurrentlySupported -- regular acct, hasVoiceAvailability: false
03-21 20:52:38.298  2237  2237 I Telephony:  isRttSupported: false
03-21 20:52:38.298  2237  2237 I Telephony:  alwaysAllowWhileRoaming: false
03-21 20:52:38.298  2237  2237 I Telephony:  isRoaming: false
03-21 20:52:38.298  2237  2237 I Telephony:  isOnWfc: false
03-21 20:52:38.532   625  2778 W libperfmgr: Failed to write to node: /dev/stune/top-app/schedtune.boost with value: 10, fd: -1
03-21 20:52:38.532   625  2778 W libperfmgr: Failed to write to node: /proc/sys/kernel/sched_boost with value: 0, fd: -1
03-21 20:52:38.563   881   881 I WifiHAL : feature_set=0x8488141a
03-21 20:52:38.564  1587  1927 I HalDevMgr: bestIfaceCreationProposal is null, requestIface=STA, existingIface=[name=wlan0 type=STA]
03-21 20:52:38.708   625  2778 W libperfmgr: Failed to write to node: /dev/stune/top-app/schedtune.boost with value: 50, fd: -1
03-21 20:52:38.708   625  2778 W libperfmgr: Failed to write to node: /proc/sys/kernel/sched_boost with value: 2, fd: -1
03-21 20:52:38.959   625  2778 W libperfmgr: Failed to write to node: /dev/stune/top-app/schedtune.boost with value: 10, fd: -1
03-21 20:52:38.959   625  2778 W libperfmgr: Failed to write to node: /proc/sys/kernel/sched_boost with value: 0, fd: -1
03-21 20:52:39.278   852   992 I hwcomposer: [HWCDisplay] [Display_0 (type:1)] fps:89.045570,dur:1010.72,max:22.26,min:10.95  
03-21 20:52:39.459   625  2778 W libperfmgr: Failed to write to node: /dev/stune/top-app/schedtune.boost with value: 10, fd: -1
03-21 20:52:39.459   625  2778 W libperfmgr: Failed to write to node: /proc/sys/kernel/sched_boost with value: 0, fd: -1
03-21 20:52:39.806   852  1054 I hwcomposer: [HWC] (0)fire a callback of refresh to SF[4]  
03-21 20:52:39.820   625  2778 W libperfmgr: Failed to write to node: /dev/stune/top-app/schedtune.boost with value: 10, fd: -1
03-21 20:52:39.820   625  2778 W libperfmgr: Failed to write to node: /proc/sys/kernel/sched_boost with value: 0, fd: -1
03-21 20:52:39.888   625  2778 W libperfmgr: Failed to write to node: /dev/stune/top-app/schedtune.boost with value: 10, fd: -1
03-21 20:52:39.888   625  2778 W libperfmgr: Failed to write to node: /proc/sys/kernel/sched_boost with value: 0, fd: -1
03-21 20:52:40.238   852  1054 I hwcomposer: [HWC] (0)fire a callback of refresh to SF[4]  
03-21 20:52:40.242   625  2778 W libperfmgr: Failed to write to node: /dev/stune/top-app/schedtune.boost with value: 10, fd: -1
03-21 20:52:40.242   625  2778 W libperfmgr: Failed to write to node: /proc/sys/kernel/sched_boost with value: 0, fd: -1
03-21 20:52:40.319   625  2778 W libperfmgr: Failed to write to node: /dev/stune/top-app/schedtune.boost with value: 10, fd: -1
03-21 20:52:40.319   625  2778 W libperfmgr: Failed to write to node: /proc/sys/kernel/sched_boost with value: 0, fd: -1
03-21 20:52:40.344   852   992 I hwcomposer: [HWCDisplay] [Display_0 (type:1)] fps:45.012970,dur:1066.36,max:185.11,min:11.00  
03-21 20:52:40.402   852  1054 I hwcomposer: [HWC] (0)fire a callback of refresh to SF[4]  
03-21 20:52:40.408   625  2778 W libperfmgr: Failed to write to node: /dev/stune/top-app/schedtune.boost with value: 10, fd: -1
03-21 20:52:40.408   625  2778 W libperfmgr: Failed to write to node: /proc/sys/kernel/sched_boost with value: 0, fd: -1
03-21 20:52:40.483   625  2778 W libperfmgr: Failed to write to node: /dev/stune/top-app/schedtune.boost with value: 10, fd: -1
03-21 20:52:40.483   625  2778 W libperfmgr: Failed to write to node: /proc/sys/kernel/sched_boost with value: 0, fd: -1
03-21 20:52:40.984   625  2778 W libperfmgr: Failed to write to node: /dev/stune/top-app/schedtune.boost with value: 10, fd: -1
03-21 20:52:40.984   625  2778 W libperfmgr: Failed to write to node: /proc/sys/kernel/sched_boost with value: 0, fd: -1
03-21 20:52:41.070   852  1054 I hwcomposer: [HWC] (0)fire a callback of refresh to SF[4]  
03-21 20:52:41.076   625  2778 W libperfmgr: Failed to write to node: /dev/stune/top-app/schedtune.boost with value: 10, fd: -1
03-21 20:52:41.076   625  2778 W libperfmgr: Failed to write to node: /proc/sys/kernel/sched_boost with value: 0, fd: -1
03-21 20:52:41.151   625  2778 W libperfmgr: Failed to write to node: /dev/stune/top-app/schedtune.boost with value: 10, fd: -1
03-21 20:52:41.151   625  2778 W libperfmgr: Failed to write to node: /proc/sys/kernel/sched_boost with value: 0, fd: -1
03-21 20:52:41.302   852  1054 I hwcomposer: [HWC] (0)fire a callback of refresh to SF[4]  
03-21 20:52:41.309   625  2778 W libperfmgr: Failed to write to node: /dev/stune/top-app/schedtune.boost with value: 10, fd: -1
03-21 20:52:41.309   625  2778 W libperfmgr: Failed to write to node: /proc/sys/kernel/sched_boost with value: 0, fd: -1
03-21 20:52:41.320   625  2778 W libperfmgr: Failed to write to node: /dev/stune/top-app/schedtune.boost with value: 10, fd: -1
03-21 20:52:41.320   625  2778 W libperfmgr: Failed to write to node: /proc/sys/kernel/sched_boost with value: 0, fd: -1
03-21 20:52:41.355   852   992 I hwcomposer: [HWCDisplay] [Display_0 (type:1)] fps:32.647446,dur:1010.80,max:329.33,min:7.96  
03-21 20:52:41.580   881   881 I WifiHAL : feature_set=0x8488141a
03-21 20:52:41.581  1587  1927 I HalDevMgr: bestIfaceCreationProposal is null, requestIface=STA, existingIface=[name=wlan0 type=STA]
03-21 20:52:41.644 28056 28056 W libbinder.BackendUnifiedServiceManager: Thread Pool max thread count is 0. Cannot cache binder as linkToDeath cannot be implemented. serviceName: deviceidle
03-21 20:52:41.673 28058 28058 W libbinder.BackendUnifiedServiceManager: Thread Pool max thread count is 0. Cannot cache binder as linkToDeath cannot be implemented. serviceName: battery
03-21 20:52:41.690 28060 28060 W libbinder.BackendUnifiedServiceManager: Thread Pool max thread count is 0. Cannot cache binder as linkToDeath cannot be implemented. serviceName: deviceidle
03-21 20:52:41.715 28063 28063 W libbinder.BackendUnifiedServiceManager: Thread Pool max thread count is 0. Cannot cache binder as linkToDeath cannot be implemented. serviceName: activity
03-21 20:52:41.721  1587  7870 I ImeTracker: system_server:51b5f4c1: onRequestShow at ORIGIN_SERVER reason CONTROLS_CHANGED fromUser false
03-21 20:52:41.771 28072 28072 W libbinder.BackendUnifiedServiceManager: Thread Pool max thread count is 0. Cannot cache binder as linkToDeath cannot be implemented. serviceName: battery
03-21 20:52:41.820   625  2778 W libperfmgr: Failed to write to node: /dev/stune/top-app/schedtune.boost with value: 10, fd: -1
03-21 20:52:41.820   625  2778 W libperfmgr: Failed to write to node: /proc/sys/kernel/sched_boost with value: 0, fd: -1
03-21 20:52:42.320   625  2778 W libperfmgr: Failed to write to node: /dev/stune/top-app/schedtune.boost with value: 10, fd: -1
03-21 20:52:42.321   625  2778 W libperfmgr: Failed to write to node: /proc/sys/kernel/sched_boost with value: 0, fd: -1
03-21 20:52:42.325   625  2778 W libperfmgr: Failed to write to node: /dev/stune/top-app/schedtune.boost with value: 50, fd: -1
03-21 20:52:42.325   625  2778 W libperfmgr: Failed to write to node: /proc/sys/kernel/sched_boost with value: 2, fd: -1
03-21 20:52:42.342   877   924 E Situation: processEvent, handle:26, flush_action:0
03-21 20:52:42.414   852  1054 I hwcomposer: [HWC] (0)fire a callback of refresh to SF[4]  
03-21 20:52:42.418   625  2778 W libperfmgr: Failed to write to node: /dev/stune/top-app/schedtune.boost with value: 50, fd: -1
03-21 20:52:42.418   625  2778 W libperfmgr: Failed to write to node: /proc/sys/kernel/sched_boost with value: 2, fd: -1
03-21 20:52:42.422   852   992 I hwcomposer: [HWCDisplay] [Display_0 (type:1)] fps:81.535637,dur:1067.02,max:67.47,min:10.95  
03-21 20:52:42.425   625  2778 W libperfmgr: Failed to write to node: /dev/stune/top-app/schedtune.boost with value: 10, fd: -1
03-21 20:52:42.425   625  2778 W libperfmgr: Failed to write to node: /proc/sys/kernel/sched_boost with value: 0, fd: -1
03-21 20:52:42.495   625  2778 W libperfmgr: Failed to write to node: /dev/stune/top-app/schedtune.boost with value: 10, fd: -1
03-21 20:52:42.495   625  2778 W libperfmgr: Failed to write to node: /proc/sys/kernel/sched_boost with value: 0, fd: -1
03-21 20:52:42.827   625  2778 W libperfmgr: Failed to write to node: /dev/stune/top-app/schedtune.boost with value: 50, fd: -1
03-21 20:52:42.827   625  2778 W libperfmgr: Failed to write to node: /proc/sys/kernel/sched_boost with value: 2, fd: -1
03-21 20:52:42.977   625  2778 W libperfmgr: Failed to write to node: /dev/stune/top-app/schedtune.boost with value: 10, fd: -1
03-21 20:52:42.977   625  2778 W libperfmgr: Failed to write to node: /proc/sys/kernel/sched_boost with value: 0, fd: -1
03-21 20:52:43.070   852  1054 I hwcomposer: [HWC] (0)fire a callback of refresh to SF[4]  
03-21 20:52:43.074   625  2778 W libperfmgr: Failed to write to node: /dev/stune/top-app/schedtune.boost with value: 10, fd: -1
03-21 20:52:43.074   625  2778 W libperfmgr: Failed to write to node: /proc/sys/kernel/sched_boost with value: 0, fd: -1
03-21 20:52:43.151   625  2778 W libperfmgr: Failed to write to node: /dev/stune/top-app/schedtune.boost with value: 10, fd: -1
03-21 20:52:43.151   625  2778 W libperfmgr: Failed to write to node: /proc/sys/kernel/sched_boost with value: 0, fd: -1
03-21 20:52:43.652   625  2778 W libperfmgr: Failed to write to node: /dev/stune/top-app/schedtune.boost with value: 10, fd: -1
03-21 20:52:43.652   625  2778 W libperfmgr: Failed to write to node: /proc/sys/kernel/sched_boost with value: 0, fd: -1
03-21 20:52:43.826 26664 26679 E com.rnat: mali-debug: still pending callback,wait...
03-21 20:52:43.832   852   992 I hwcomposer: [HWCDisplay] [Display_0 (type:1)] fps:18.439989,dur:1409.98,max:751.38,min:11.00  
03-21 20:52:43.839 26664 26664 W WindowOnBackDispatcher: OnBackInvokedCallback is not enabled for the application.
03-21 20:52:43.839 26664 26664 W WindowOnBackDispatcher: Set 'android:enableOnBackInvokedCallback="true"' in the application manifest.
03-21 20:52:43.839   625  2778 W libperfmgr: Failed to write to node: /dev/stune/top-app/schedtune.boost with value: 50, fd: -1
03-21 20:52:43.839   625  2778 W libperfmgr: Failed to write to node: /proc/sys/kernel/sched_boost with value: 2, fd: -1
03-21 20:52:43.851  1587  1657 I ImeTracker: system_server:fc2124eb: onRequestShow at ORIGIN_SERVER reason CONTROLS_CHANGED fromUser false
03-21 20:52:43.853 26664 26664 I ImeTracker: system_server:fc2124eb: onCancelled at PHASE_CLIENT_ON_CONTROLS_CHANGED
03-21 20:52:44.000   625  2778 W libperfmgr: Failed to write to node: /dev/stune/top-app/schedtune.boost with value: 10, fd: -1
03-21 20:52:44.000   625  2778 W libperfmgr: Failed to write to node: /proc/sys/kernel/sched_boost with value: 0, fd: -1
03-21 20:52:44.014   852  1054 I hwcomposer: [HWC] (0)fire a callback of refresh to SF[4]  
03-21 20:52:44.023   625  2778 W libperfmgr: Failed to write to node: /dev/stune/top-app/schedtune.boost with value: 10, fd: -1
03-21 20:52:44.023   625  2778 W libperfmgr: Failed to write to node: /proc/sys/kernel/sched_boost with value: 0, fd: -1
03-21 20:52:44.095   625  2778 W libperfmgr: Failed to write to node: /dev/stune/top-app/schedtune.boost with value: 10, fd: -1
03-21 20:52:44.096   625  2778 W libperfmgr: Failed to write to node: /proc/sys/kernel/sched_boost with value: 0, fd: -1
03-21 20:52:44.450   852  1054 I hwcomposer: [HWC] (0)fire a callback of refresh to SF[4]  
03-21 20:52:44.465   625  2778 W libperfmgr: Failed to write to node: /dev/stune/top-app/schedtune.boost with value: 10, fd: -1
03-21 20:52:44.465   625  2778 W libperfmgr: Failed to write to node: /proc/sys/kernel/sched_boost with value: 0, fd: -1
03-21 20:52:44.531   625  2778 W libperfmgr: Failed to write to node: /dev/stune/top-app/schedtune.boost with value: 10, fd: -1
03-21 20:52:44.531   625  2778 W libperfmgr: Failed to write to node: /proc/sys/kernel/sched_boost with value: 0, fd: -1
03-21 20:52:44.590   881   881 I WifiHAL : feature_set=0x8488141a
03-21 20:52:44.591  1587  1927 I HalDevMgr: bestIfaceCreationProposal is null, requestIface=STA, existingIface=[name=wlan0 type=STA]
03-21 20:52:44.887   852   992 I hwcomposer: [HWCDisplay] [Display_0 (type:1)] fps:14.213661,dur:1055.32,max:419.07,min:11.03  
03-21 20:52:44.950   852  1054 I hwcomposer: [HWC] (0)fire a callback of refresh to SF[4]  
03-21 20:52:44.962   625  2778 W libperfmgr: Failed to write to node: /dev/stune/top-app/schedtune.boost with value: 10, fd: -1
03-21 20:52:44.962   625  2778 W libperfmgr: Failed to write to node: /proc/sys/kernel/sched_boost with value: 0, fd: -1
03-21 20:52:45.031   625  2778 W libperfmgr: Failed to write to node: /dev/stune/top-app/schedtune.boost with value: 10, fd: -1
03-21 20:52:45.031   625  2778 W libperfmgr: Failed to write to node: /proc/sys/kernel/sched_boost with value: 0, fd: -1
03-21 20:52:45.318 23481 28081 I Authzen : [DeviceStateSyncManager] The server is in sync with current state. Nothing to do
03-21 20:52:45.363  1587  1910 I ImeTracker: system_server:4556c7ac: onTimeout at PHASE_WM_GET_CONTROL_WITH_LEASH
03-21 20:52:45.402  2458 27689 I NetworkScheduler.Stats: (REDACTED) Task %s/%s started execution. cause:%s exec_start_elapsed_seconds: %s
03-21 20:52:45.432  2458 27705 I NetworkScheduler.Stats: (REDACTED) Task %s/%s finished executing. cause:%s result: %s elapsed_millis: %s uptime_millis: %s exec_start_elapsed_seconds: %s
03-21 20:52:45.437  2458 27705 I NetworkScheduler.Stats: (REDACTED) Task %s/%s started execution. cause:%s exec_start_elapsed_seconds: %s
03-21 20:52:45.439  2458 27705 I NetworkScheduler.Stats: (REDACTED) Task %s/%s finished executing. cause:%s result: %s elapsed_millis: %s uptime_millis: %s exec_start_elapsed_seconds: %s
03-21 20:52:45.450   852  1054 I hwcomposer: [HWC] (0)fire a callback of refresh to SF[4]  
03-21 20:52:45.462   625  2778 W libperfmgr: Failed to write to node: /dev/stune/top-app/schedtune.boost with value: 10, fd: -1
03-21 20:52:45.462   625  2778 W libperfmgr: Failed to write to node: /proc/sys/kernel/sched_boost with value: 0, fd: -1
03-21 20:52:45.474  2458 28085 I NetworkScheduler.Stats: (REDACTED) Task %s/%s started execution. cause:%s exec_start_elapsed_seconds: %s
03-21 20:52:45.480 23481 23534 W Bundle  : Key clean_up_type expected int[] but value was a java.lang.Integer.  The default value <null> was returned.
03-21 20:52:45.480 23481 23534 W Bundle  : Attempt to cast generated internal exception:
03-21 20:52:45.480 23481 23534 W Bundle  : java.lang.ClassCastException: java.lang.Integer cannot be cast to int[]
03-21 20:52:45.480 23481 23534 W Bundle  : 	at android.os.BaseBundle.getIntArray(BaseBundle.java:1733)
03-21 20:52:45.480 23481 23534 W Bundle  : 	at com.google.android.gms.ocr.service.ModelCleanUpTaskService.a(:com.google.android.gms@261035035@26.10.35 (260400-885717106):16)
03-21 20:52:45.480 23481 23534 W Bundle  : 	at cwfw.call(:com.google.android.gms@261035035@26.10.35 (260400-885717106):30)
03-21 20:52:45.480 23481 23534 W Bundle  : 	at java.util.concurrent.FutureTask.run(FutureTask.java:317)
03-21 20:52:45.480 23481 23534 W Bundle  : 	at bhxh.c(:com.google.android.gms@261035035@26.10.35 (260400-885717106):50)
03-21 20:52:45.480 23481 23534 W Bundle  : 	at bhxh.run(:com.google.android.gms@261035035@26.10.35 (260400-885717106):73)
03-21 20:52:45.480 23481 23534 W Bundle  : 	at java.util.concurrent.ThreadPoolExecutor.runWorker(ThreadPoolExecutor.java:1154)
03-21 20:52:45.480 23481 23534 W Bundle  : 	at java.util.concurrent.ThreadPoolExecutor$Worker.run(ThreadPoolExecutor.java:652)
03-21 20:52:45.480 23481 23534 W Bundle  : 	at bicy.run(:com.google.android.gms@261035035@26.10.35 (260400-885717106):8)
03-21 20:52:45.480 23481 23534 W Bundle  : 	at java.lang.Thread.run(Thread.java:1563)
03-21 20:52:45.524  2458 27705 I NetworkScheduler.Stats: (REDACTED) Task %s/%s started execution. cause:%s exec_start_elapsed_seconds: %s
03-21 20:52:45.531   625  2778 W libperfmgr: Failed to write to node: /dev/stune/top-app/schedtune.boost with value: 10, fd: -1
03-21 20:52:45.531   625  2778 W libperfmgr: Failed to write to node: /proc/sys/kernel/sched_boost with value: 0, fd: -1
03-21 20:52:45.557  2458 28087 I NetworkScheduler.Stats: (REDACTED) Task %s/%s finished executing. cause:%s result: %s elapsed_millis: %s uptime_millis: %s exec_start_elapsed_seconds: %s
03-21 20:52:45.603  2458 28087 I NetworkScheduler.Stats: (REDACTED) Task %s/%s started execution. cause:%s exec_start_elapsed_seconds: %s
03-21 20:52:45.609  2458 28085 I NetworkScheduler.Stats: (REDACTED) Task %s/%s finished executing. cause:%s result: %s elapsed_millis: %s uptime_millis: %s exec_start_elapsed_seconds: %s
03-21 20:52:45.644   844 28089 I resolv  : GetAddrInfoHandler::run: {102 786534 102 983142 10300 0}
03-21 20:52:45.645   844 28090 I resolv  : res_nmkquery: (QUERY, IN, A)
03-21 20:52:45.672   844 28090 I resolv  : res_nsend: used send_dg 101 terrno: 0
03-21 20:52:45.672   844 28090 I resolv  : doQuery: rcode=0, ancount=4, return value=101
03-21 20:52:45.946   852  1054 I hwcomposer: [HWC] (0)fire a callback of refresh to SF[4]  
03-21 20:52:45.951   625  2778 W libperfmgr: Failed to write to node: /dev/stune/top-app/schedtune.boost with value: 10, fd: -1
03-21 20:52:45.951   625  2778 W libperfmgr: Failed to write to node: /proc/sys/kernel/sched_boost with value: 0, fd: -1
03-21 20:52:45.957   852   992 I hwcomposer: [HWCDisplay] [Display_0 (type:1)] fps:4.673868,dur:1069.78,max:419.15,min:69.97  
03-21 20:52:46.027   625  2778 W libperfmgr: Failed to write to node: /dev/stune/top-app/schedtune.boost with value: 10, fd: -1
03-21 20:52:46.028   625  2778 W libperfmgr: Failed to write to node: /proc/sys/kernel/sched_boost with value: 0, fd: -1
03-21 20:52:46.446   852  1054 I hwcomposer: [HWC] (0)fire a callback of refresh to SF[4]  
03-21 20:52:46.451   625  2778 W libperfmgr: Failed to write to node: /dev/stune/top-app/schedtune.boost with value: 10, fd: -1
03-21 20:52:46.451   625  2778 W libperfmgr: Failed to write to node: /proc/sys/kernel/sched_boost with value: 0, fd: -1
03-21 20:52:46.527   625  2778 W libperfmgr: Failed to write to node: /dev/stune/top-app/schedtune.boost with value: 10, fd: -1
03-21 20:52:46.527   625  2778 W libperfmgr: Failed to write to node: /proc/sys/kernel/sched_boost with value: 0, fd: -1
03-21 20:52:46.545  2458 28085 I NetworkScheduler.Stats: (REDACTED) Task %s/%s finished executing. cause:%s result: %s elapsed_millis: %s uptime_millis: %s exec_start_elapsed_seconds: %s
03-21 20:52:46.946   852  1054 I hwcomposer: [HWC] (0)fire a callback of refresh to SF[4]  
03-21 20:52:46.951   625  2778 W libperfmgr: Failed to write to node: /dev/stune/top-app/schedtune.boost with value: 10, fd: -1
03-21 20:52:46.951   625  2778 W libperfmgr: Failed to write to node: /proc/sys/kernel/sched_boost with value: 0, fd: -1
03-21 20:52:47.027   625  2778 W libperfmgr: Failed to write to node: /dev/stune/top-app/schedtune.boost with value: 10, fd: -1
03-21 20:52:47.027   625  2778 W libperfmgr: Failed to write to node: /proc/sys/kernel/sched_boost with value: 0, fd: -1
03-21 20:52:47.386   852   992 I hwcomposer: [HWCDisplay] [Display_0 (type:1)] fps:3.497865,dur:1429.44,max:430.21,min:69.62  
03-21 20:52:47.450   852  1054 I hwcomposer: [HWC] (0)fire a callback of refresh to SF[4]  
03-21 20:52:47.462   625  2778 W libperfmgr: Failed to write to node: /dev/stune/top-app/schedtune.boost with value: 10, fd: -1
03-21 20:52:47.462   625  2778 W libperfmgr: Failed to write to node: /proc/sys/kernel/sched_boost with value: 0, fd: -1
03-21 20:52:47.531   625  2778 W libperfmgr: Failed to write to node: /dev/stune/top-app/schedtune.boost with value: 10, fd: -1
03-21 20:52:47.532   625  2778 W libperfmgr: Failed to write to node: /proc/sys/kernel/sched_boost with value: 0, fd: -1
03-21 20:52:47.604   881   881 I WifiHAL : feature_set=0x8488141a
03-21 20:52:47.605  1587  1927 I HalDevMgr: bestIfaceCreationProposal is null, requestIface=STA, existingIface=[name=wlan0 type=STA]
03-21 20:52:47.950   852  1054 I hwcomposer: [HWC] (0)fire a callback of refresh to SF[4]  
03-21 20:52:47.962   625  2778 W libperfmgr: Failed to write to node: /dev/stune/top-app/schedtune.boost with value: 10, fd: -1
03-21 20:52:47.962   625  2778 W libperfmgr: Failed to write to node: /proc/sys/kernel/sched_boost with value: 0, fd: -1
03-21 20:52:47.995 28091 28091 W libbinder.BackendUnifiedServiceManager: Thread Pool max thread count is 0. Cannot cache binder as linkToDeath cannot be implemented. serviceName: deviceidle
03-21 20:52:48.012 28093 28093 W libbinder.BackendUnifiedServiceManager: Thread Pool max thread count is 0. Cannot cache binder as linkToDeath cannot be implemented. serviceName: battery
03-21 20:52:48.028 28095 28095 W libbinder.BackendUnifiedServiceManager: Thread Pool max thread count is 0. Cannot cache binder as linkToDeath cannot be implemented. serviceName: deviceidle
03-21 20:52:48.031   625  2778 W libperfmgr: Failed to write to node: /dev/stune/top-app/schedtune.boost with value: 10, fd: -1
03-21 20:52:48.031   625  2778 W libperfmgr: Failed to write to node: /proc/sys/kernel/sched_boost with value: 0, fd: -1
03-21 20:52:48.059 28098 28098 W libbinder.BackendUnifiedServiceManager: Thread Pool max thread count is 0. Cannot cache binder as linkToDeath cannot be implemented. serviceName: activity
03-21 20:52:48.066  1587  3186 I ImeTracker: system_server:2b5a8695: onRequestShow at ORIGIN_SERVER reason CONTROLS_CHANGED fromUser false
03-21 20:52:48.109  1587  1680 W libprocessgroup: SetCgroup::ExecuteForProcess: failed to open /dev/stune/background/cgroup.procs: No such file or directory
03-21 20:52:48.119 28107 28107 W libbinder.BackendUnifiedServiceManager: Thread Pool max thread count is 0. Cannot cache binder as linkToDeath cannot be implemented. serviceName: battery
03-21 20:52:48.446   852  1054 I hwcomposer: [HWC] (0)fire a callback of refresh to SF[4]  
03-21 20:52:48.450   625  2778 W libperfmgr: Failed to write to node: /dev/stune/top-app/schedtune.boost with value: 10, fd: -1
03-21 20:52:48.451   625  2778 W libperfmgr: Failed to write to node: /proc/sys/kernel/sched_boost with value: 0, fd: -1
03-21 20:52:48.456   852   992 I hwcomposer: [HWCDisplay] [Display_0 (type:1)] fps:4.675248,dur:1069.46,max:418.99,min:69.78  
03-21 20:52:48.527   625  2778 W libperfmgr: Failed to write to node: /dev/stune/top-app/schedtune.boost with value: 10, fd: -1
03-21 20:52:48.528   625  2778 W libperfmgr: Failed to write to node: /proc/sys/kernel/sched_boost with value: 0, fd: -1
03-21 20:52:48.946   852  1054 I hwcomposer: [HWC] (0)fire a callback of refresh to SF[4]  
03-21 20:52:48.950   625  2778 W libperfmgr: Failed to write to node: /dev/stune/top-app/schedtune.boost with value: 10, fd: -1
03-21 20:52:48.950   625  2778 W libperfmgr: Failed to write to node: /proc/sys/kernel/sched_boost with value: 0, fd: -1
03-21 20:52:49.027   625  2778 W libperfmgr: Failed to write to node: /dev/stune/top-app/schedtune.boost with value: 10, fd: -1
03-21 20:52:49.028   625  2778 W libperfmgr: Failed to write to node: /proc/sys/kernel/sched_boost with value: 0, fd: -1
03-21 20:52:49.446   852  1054 I hwcomposer: [HWC] (0)fire a callback of refresh to SF[4]  
03-21 20:52:49.450   625  2778 W libperfmgr: Failed to write to node: /dev/stune/top-app/schedtune.boost with value: 10, fd: -1
03-21 20:52:49.450   625  2778 W libperfmgr: Failed to write to node: /proc/sys/kernel/sched_boost with value: 0, fd: -1
03-21 20:52:49.527   625  2778 W libperfmgr: Failed to write to node: /dev/stune/top-app/schedtune.boost with value: 10, fd: -1
03-21 20:52:49.527   625  2778 W libperfmgr: Failed to write to node: /proc/sys/kernel/sched_boost with value: 0, fd: -1
03-21 20:52:49.586   852   992 I hwcomposer: [HWCDisplay] [Display_0 (type:1)] fps:4.425751,dur:1129.75,max:430.30,min:69.46  
03-21 20:52:49.646   852  1054 I hwcomposer: [HWC] (0)fire a callback of refresh to SF[4]  
03-21 20:52:49.650   625  2778 W libperfmgr: Failed to write to node: /dev/stune/top-app/schedtune.boost with value: 10, fd: -1
03-21 20:52:49.650   625  2778 W libperfmgr: Failed to write to node: /proc/sys/kernel/sched_boost with value: 0, fd: -1
03-21 20:52:49.727   625  2778 W libperfmgr: Failed to write to node: /dev/stune/top-app/schedtune.boost with value: 10, fd: -1
03-21 20:52:49.728   625  2778 W libperfmgr: Failed to write to node: /proc/sys/kernel/sched_boost with value: 0, fd: -1
03-21 20:52:49.946   852  1054 I hwcomposer: [HWC] (0)fire a callback of refresh to SF[4]  
03-21 20:52:49.950   625  2778 W libperfmgr: Failed to write to node: /dev/stune/top-app/schedtune.boost with value: 10, fd: -1
03-21 20:52:49.950   625  2778 W libperfmgr: Failed to write to node: /proc/sys/kernel/sched_boost with value: 0, fd: -1
03-21 20:52:50.027   625  2778 W libperfmgr: Failed to write to node: /dev/stune/top-app/schedtune.boost with value: 10, fd: -1
03-21 20:52:50.027   625  2778 W libperfmgr: Failed to write to node: /proc/sys/kernel/sched_boost with value: 0, fd: -1
03-21 20:52:50.446   852  1054 I hwcomposer: [HWC] (0)fire a callback of refresh to SF[4]  
03-21 20:52:50.450   625  2778 W libperfmgr: Failed to write to node: /dev/stune/top-app/schedtune.boost with value: 10, fd: -1
03-21 20:52:50.450   625  2778 W libperfmgr: Failed to write to node: /proc/sys/kernel/sched_boost with value: 0, fd: -1
03-21 20:52:50.527   625  2778 W libperfmgr: Failed to write to node: /dev/stune/top-app/schedtune.boost with value: 10, fd: -1
03-21 20:52:50.527   625  2778 W libperfmgr: Failed to write to node: /proc/sys/kernel/sched_boost with value: 0, fd: -1
03-21 20:52:50.616   881   881 I WifiHAL : feature_set=0x8488141a
03-21 20:52:50.618  1587  1927 I HalDevMgr: bestIfaceCreationProposal is null, requestIface=STA, existingIface=[name=wlan0 type=STA]
03-21 20:52:50.885   852   992 I hwcomposer: [HWCDisplay] [Display_0 (type:1)] fps:4.616536,dur:1299.68,max:430.26,min:69.57  
03-21 20:52:50.946   852  1054 I hwcomposer: [HWC] (0)fire a callback of refresh to SF[4]  
03-21 20:52:50.949   625  2778 W libperfmgr: Failed to write to node: /dev/stune/top-app/schedtune.boost with value: 10, fd: -1
03-21 20:52:50.949   625  2778 W libperfmgr: Failed to write to node: /proc/sys/kernel/sched_boost with value: 0, fd: -1
03-21 20:52:51.027   625  2778 W libperfmgr: Failed to write to node: /dev/stune/top-app/schedtune.boost with value: 10, fd: -1
03-21 20:52:51.027   625  2778 W libperfmgr: Failed to write to node: /proc/sys/kernel/sched_boost with value: 0, fd: -1
03-21 20:52:51.446   852  1054 I hwcomposer: [HWC] (0)fire a callback of refresh to SF[4]  
03-21 20:52:51.449   625  2778 W libperfmgr: Failed to write to node: /dev/stune/top-app/schedtune.boost with value: 10, fd: -1
03-21 20:52:51.449   625  2778 W libperfmgr: Failed to write to node: /proc/sys/kernel/sched_boost with value: 0, fd: -1
03-21 20:52:51.527   625  2778 W libperfmgr: Failed to write to node: /dev/stune/top-app/schedtune.boost with value: 10, fd: -1
03-21 20:52:51.527   625  2778 W libperfmgr: Failed to write to node: /proc/sys/kernel/sched_boost with value: 0, fd: -1
03-21 20:52:51.726  1587  1910 I ImeTracker: system_server:51b5f4c1: onTimeout at PHASE_WM_GET_CONTROL_WITH_LEASH
03-21 20:52:51.946   852  1054 I hwcomposer: [HWC] (0)fire a callback of refresh to SF[4]  
03-21 20:52:51.960   625  2778 W libperfmgr: Failed to write to node: /dev/stune/top-app/schedtune.boost with value: 10, fd: -1
03-21 20:52:51.960   625  2778 W libperfmgr: Failed to write to node: /proc/sys/kernel/sched_boost with value: 0, fd: -1
03-21 20:52:51.966   852   992 I hwcomposer: [HWCDisplay] [Display_0 (type:1)] fps:4.628180,dur:1080.34,max:430.26,min:69.57  
03-21 20:52:52.027   625  2778 W libperfmgr: Failed to write to node: /dev/stune/top-app/schedtune.boost with value: 10, fd: -1
03-21 20:52:52.027   625  2778 W libperfmgr: Failed to write to node: /proc/sys/kernel/sched_boost with value: 0, fd: -1
03-21 20:52:52.446   852  1054 I hwcomposer: [HWC] (0)fire a callback of refresh to SF[4]  
03-21 20:52:52.460   625  2778 W libperfmgr: Failed to write to node: /dev/stune/top-app/schedtune.boost with value: 10, fd: -1
03-21 20:52:52.460   625  2778 W libperfmgr: Failed to write to node: /proc/sys/kernel/sched_boost with value: 0, fd: -1
03-21 20:52:52.527   625  2778 W libperfmgr: Failed to write to node: /dev/stune/top-app/schedtune.boost with value: 10, fd: -1
03-21 20:52:52.527   625  2778 W libperfmgr: Failed to write to node: /proc/sys/kernel/sched_boost with value: 0, fd: -1
03-21 20:52:52.946   852  1054 I hwcomposer: [HWC] (0)fire a callback of refresh to SF[4]  
03-21 20:52:52.960   625  2778 W libperfmgr: Failed to write to node: /dev/stune/top-app/schedtune.boost with value: 10, fd: -1
03-21 20:52:52.960   625  2778 W libperfmgr: Failed to write to node: /proc/sys/kernel/sched_boost with value: 0, fd: -1
03-21 20:52:53.027   625  2778 W libperfmgr: Failed to write to node: /dev/stune/top-app/schedtune.boost with value: 10, fd: -1
03-21 20:52:53.027   625  2778 W libperfmgr: Failed to write to node: /proc/sys/kernel/sched_boost with value: 0, fd: -1
03-21 20:52:53.384   852   992 I hwcomposer: [HWCDisplay] [Display_0 (type:1)] fps:3.523868,dur:1418.90,max:419.20,min:80.74  
03-21 20:52:53.442   852  1054 I hwcomposer: [HWC] (0)fire a callback of refresh to SF[4]  
03-21 20:52:53.449   625  2778 W libperfmgr: Failed to write to node: /dev/stune/top-app/schedtune.boost with value: 10, fd: -1
03-21 20:52:53.449   625  2778 W libperfmgr: Failed to write to node: /proc/sys/kernel/sched_boost with value: 0, fd: -1
03-21 20:52:53.523   625  2778 W libperfmgr: Failed to write to node: /dev/stune/top-app/schedtune.boost with value: 10, fd: -1
03-21 20:52:53.523   625  2778 W libperfmgr: Failed to write to node: /proc/sys/kernel/sched_boost with value: 0, fd: -1
03-21 20:52:53.628   881   881 I WifiHAL : feature_set=0x8488141a
03-21 20:52:53.629  1587  1927 I HalDevMgr: bestIfaceCreationProposal is null, requestIface=STA, existingIface=[name=wlan0 type=STA]
03-21 20:52:53.942   852  1054 I hwcomposer: [HWC] (0)fire a callback of refresh to SF[4]  
03-21 20:52:53.948   625  2778 W libperfmgr: Failed to write to node: /dev/stune/top-app/schedtune.boost with value: 10, fd: -1
03-21 20:52:53.949   625  2778 W libperfmgr: Failed to write to node: /proc/sys/kernel/sched_boost with value: 0, fd: -1
03-21 20:52:54.023   625  2778 W libperfmgr: Failed to write to node: /dev/stune/top-app/schedtune.boost with value: 10, fd: -1
03-21 20:52:54.023   625  2778 W libperfmgr: Failed to write to node: /proc/sys/kernel/sched_boost with value: 0, fd: -1
03-21 20:52:54.323 26664 26664 I ImeTracker: com.rnat:2a43a0c3: onRequestShow at ORIGIN_CLIENT reason SHOW_SOFT_INPUT fromUser false
03-21 20:52:54.323  1587  7863 W InlineSuggestionFactory: AutofillId=1073741825@1112969336 not found in dataset
03-21 20:52:54.323  1587  7863 W InlineSuggestionFactory: AutofillId=1073741825@1112969336 not found in dataset
03-21 20:52:54.324  1587  7863 W InlineSuggestionFactory: AutofillId=1073741825@1112969336 not found in dataset
03-21 20:52:54.324  1587  7863 I AppsFilter: interaction: PackageSetting{cc7495 com.rnat/10399} -> PackageSetting{70acfd3 com.google.android.inputmethod.latin/10312} BLOCKED
03-21 20:52:54.324  1587  7863 W PresentationStatsEventLogger: Couldn't find packageName: com.google.android.inputmethod.latin
03-21 20:52:54.327 26664 26664 I ImeTracker: com.rnat:2a43a0c3: onCancelled at PHASE_CLIENT_APPLY_ANIMATION
03-21 20:52:54.328  1587  1910 I ImeTracker: com.rnat:d334917d: onRequestShow at ORIGIN_SERVER reason ATTACH_NEW_INPUT fromUser false
03-21 20:52:54.328  1587  1910 I ImeTracker: com.rnat:d334917d: onCancelled at PHASE_SERVER_ALREADY_VISIBLE
03-21 20:52:54.328  3073  3073 I GoogleInputMethodService: GoogleInputMethodService.onFinishInputView():1602 onFinishInputView(true)
03-21 20:52:54.330  3073  3073 W TooltipLifecycleManager: TooltipLifecycleManager.dismissTooltips():153 Tooltip with id SUGGESTION_VIEW_EDU_MINI_DIALOG not found in tooltipManager.
03-21 20:52:54.330  3073  3073 I GlobeKeyExtension: GlobeKeyExtension.onDeactivate():153 
03-21 20:52:54.330  3073  3073 W TooltipLifecycleManager: TooltipLifecycleManager.dismissTooltips():153 Tooltip with id spell_check_add_to_dictionary not found in tooltipManager.
03-21 20:52:54.331  3073  3073 I VoiceInputManagerWrapper: VoiceInputManagerWrapper.shutdown():131 shutdown()
03-21 20:52:54.331 26664 26664 W RemoteInputConnectionImpl: requestCursorUpdates on inactive InputConnection
03-21 20:52:54.331  3073  3073 I InputBundle: InputBundle.consumeEvent():1041 Skip consuming an event as keyboard status is INACTIVE
03-21 20:52:54.332  3073  3073 I AndroidIME: AbstractIme.onDeactivate():213 LatinIme.onDeactivate()
03-21 20:52:54.333  3073  3073 I PrimesLoggerHolder: FrameMetricServiceImpl.stopAsFuture():213 Measurement not found: OnConfigurationChanged
03-21 20:52:54.333  3073  3073 I GoogleInputMethodService: GoogleInputMethodService.onFinishInput():2114 
03-21 20:52:54.333 28117 28117 W libbinder.BackendUnifiedServiceManager: Thread Pool max thread count is 0. Cannot cache binder as linkToDeath cannot be implemented. serviceName: deviceidle
03-21 20:52:54.334  3073  3073 I Module  : DeviceLockedStatusModuleProvider$Module.updateDeviceLockedStatus():103 repeatCheckTimes = 0, locked = false
03-21 20:52:54.334  3073  3073 I GoogleInputMethodService: GoogleInputMethodService.onStartInput():1385 onStartInput(EditorInfo{EditorInfo{packageName=com.rnat, inputType=4081, inputTypeString=Password[CapSentences], enableLearning=false, autoCorrection=false, autoComplete=true, imeOptions=4000006, privateImeOptions=null, actionName=DONE, actionLabel=null, initialSelStart=9, initialSelEnd=9, initialCapsMode=0, label=null, fieldId=55, fieldName=null, extras=Bundle[mParcelledData.dataSize=404], hintText=non-empty, hintLocales=[]}}, false)
03-21 20:52:54.334  3073  3073 I AndroidIME: LatinIMEBase.updateInputViewCoverNavigation():314 Update input view padding, extendsTouchBelowSpace=true, bottom inset=126
03-21 20:52:54.334  3073  3073 I HardKeyTracker: HardKeyTracker.unregisterKeySequence():229 Unregister key sequence oum{labelResId=0, callback=ctk@3ae53ce, lastModifier=0, keyCodes=[57, 57], actions=[1, 0]}
03-21 20:52:54.335  3073  3073 I HardKeyTracker: HardKeyTracker.unregisterKeySequence():229 Unregister key sequence oum{labelResId=0, callback=ctk@e16a2ef, lastModifier=0, keyCodes=[58, 58], actions=[1, 0]}
03-21 20:52:54.335  3073  3073 I Module  : DeviceLockedStatusModuleProvider$Module.updateDeviceLockedStatus():103 repeatCheckTimes = 1, locked = false
03-21 20:52:54.335  3073  3073 I GoogleInputMethodService: GoogleInputMethodService.onStartInputView():1473 onStartInputView(EditorInfo{EditorInfo{packageName=com.rnat, inputType=4081, inputTypeString=Password[CapSentences], enableLearning=false, autoCorrection=false, autoComplete=true, imeOptions=4000006, privateImeOptions=null, actionName=DONE, actionLabel=null, initialSelStart=9, initialSelEnd=9, initialCapsMode=0, label=null, fieldId=55, fieldName=null, extras=Bundle[{android.support.text.emoji.emojiCompat_metadataVersion=11, androidx.core.view.inputmethod.EditorInfoCompat.STYLUS_HANDWRITING_ENABLED=false, android.support.text.emoji.emojiCompat_replaceAll=false}], hintText=non-empty, hintLocales=[]}}, false)
03-21 20:52:54.335  3073  3073 I KeyboardHeightUtil: KeyboardHeightUtil.getOemKeyboardHeightRatio():81 systemKeyboardHeightRatio:1.000000.
03-21 20:52:54.336  1587  3186 W PackageConfigPersister: App-specific configuration not found for packageName: com.rnat and userId: 0
03-21 20:52:54.337  3073  3073 W TooltipLifecycleManager: TooltipLifecycleManager.dismissTooltips():153 Tooltip with id SUGGESTION_VIEW_EDU_MINI_DIALOG not found in tooltipManager.
03-21 20:52:54.337  3073  3456 W ModuleManager: ModuleManager.loadModule():634 Module prd is not available
03-21 20:52:54.337  3073  3073 I AndroidIME: InputBundleManager.loadActiveInputBundleId():531 loadActiveInputBundleId: und-Latn-x-password, password
03-21 20:52:54.337  3073  3073 I AndroidIME: AbstractIme.onActivate():95 PasswordIme.onActivate() : EditorInfo = EditorInfo{packageName=com.rnat, inputType=4081, inputTypeString=Password[CapSentences], enableLearning=false, autoCorrection=false, autoComplete=true, imeOptions=4000006, privateImeOptions=null, actionName=DONE, actionLabel=null, initialSelStart=9, initialSelEnd=9, initialCapsMode=0, label=null, fieldId=55, fieldName=null, extras=Bundle[{android.support.text.emoji.emojiCompat_metadataVersion=11, androidx.core.view.inputmethod.EditorInfoCompat.STYLUS_HANDWRITING_ENABLED=false, android.support.text.emoji.emojiCompat_replaceAll=false}], hintText=non-empty, hintLocales=[]}, IncognitoMode = false, DeviceLocked = false
03-21 20:52:54.338  3073  3073 I KeyboardWrapper: KeyboardWrapper.activateKeyboard():582 activateKeyboard(): type=prime, status=INACTIVE, imeDef=nwb{stringId=password, language=und-Latn-x-password, languageTag=und-Latn-x-password, processedConditions={writing_helper_enable_by_word_revert=false, variant=qwerty, true=true, language=en-US, enable_number_row=true, device=phone, enable_number_row_in_password=true, enable_pk_simulator=false}, className=com.google.android.libraries.inputmethod.ime.password.PasswordIme, label=2132019349, keyEventInterpreter=null, inlineComposing=true, autoCapital=true, announceAutoSelectedCandidate=true, statusIcon=0, indicatorIcon=0, indicatorLabel=null, displayAppCompletions=false, extraValues=nvu{}, processors=nxu@f41e8d2, unacceptableMetaKeys=4098, languageSpecificSettings=0, asciiCapable=false, alwaysShowSuggestions=false, useAsciiPasswordKeyboard=false, keyboardGroupDef=nxd@a8a9e11, phenotypeFlagId=0, localizationLanguageTag=null, supportsInlineSuggestion=false}
03-21 20:52:54.338  3073  3073 I KeyboardManager: KeyboardManager.requestKeyboard():249 Creating keyboard prime, imeId=password, cacheKey=theme,!gsf,!pgsans,!pgsf,!use_system_font,BORDER,FLAVOR_DPI=XXHDPI,KEYBOARD_WIDTH_CATEGORY=NORMAL,KEY_BORDER_SHAPE=1,LIGHT_THEME=false,PHYSICAL_DIAGONAL=6.0649586,POPUP,SCREEN_SHORTEST_WIDTH=411,SCREEN_SHORTEST_WIDTH_NO_SCALE=411,SW400DP,XXHDPI,bottom4dp,enable_popup_on_keypress=true,keyboard_redesign_google_sans=true,non_linear_scale,noshadow,overlay_builtin_dynamic_color_dark_base.binarypb:gm3-dark-ff0d0e12-ffb8c6ee-4dd27a30afe06facd02255cbda95da6f,silkpopup
03-21 20:52:54.338  3073  3073 I KeyboardWrapper: KeyboardWrapper.onKeyboardReady():224 onKeyboardReady(): type=prime(prime), kb=com.google.android.apps.inputmethod.latin.keyboard.LatinPasswordKeyboard@69d79ef
03-21 20:52:54.338  3073  3073 I KeyboardWrapper: KeyboardWrapper.doActivateKeyboard():612 doActivateKeyboard(): prime
03-21 20:52:54.347  3073  3073 I BaseKeyboardSizeHelper: BaseKeyboardSizeHelper.calculateMaxKeyboardBodyHeight():73 leave 281 height for app when ime window height:2181, header height:116 and isFullscreenMode:false, so the max keyboard body height is:1784
03-21 20:52:54.347  3073  3073 W TooltipLifecycleManager: TooltipLifecycleManager.dismissTooltips():153 Tooltip with id undo_access_point_promotion_banner not found in tooltipManager.
03-21 20:52:54.349  3073  3073 I KeyboardModeUtils: KeyboardModeUtils.getKeyboardBottomOffset():435 inch: 0.000000 ydpi: 409.127014 adjustKeyboardBottomByDisplaySize: false currentDensityDpi: 420 defaultDensityDpi: 420 keyboardBottomToScreenPx: 0 keyboardBottomToNavBarPx: -126 navBarHeight: 126
03-21 20:52:54.349  3073  3073 I BaseKeyboardSizeHelper: BaseKeyboardSizeHelper.calculateMaxKeyboardBodyHeight():73 leave 281 height for app when ime window height:2181, header height:116 and isFullscreenMode:false, so the max keyboard body height is:1784
03-21 20:52:54.349  3073  3073 I BaseKeyboardSizeHelper: BaseKeyboardSizeHelper.calculateMaxKeyboardBodyHeight():73 leave 281 height for app when ime window height:2181, header height:116 and isFullscreenMode:false, so the max keyboard body height is:1784
03-21 20:52:54.349  3073  3073 I BaseKeyboardSizeHelper: BaseKeyboardSizeHelper.calculateMaxKeyboardBodyHeight():73 leave 281 height for app when ime window height:2181, header height:116 and isFullscreenMode:false, so the max keyboard body height is:1784
03-21 20:52:54.350  3073  3073 I BaseKeyboardSizeHelper: BaseKeyboardSizeHelper.calculateMaxKeyboardBodyHeight():73 leave 281 height for app when ime window height:2181, header height:116 and isFullscreenMode:false, so the max keyboard body height is:1784
03-21 20:52:54.350  3073  3073 I GlobeKeyExtension: GlobeKeyExtension.getKeyboardInitialStates():185 
03-21 20:52:54.351  3073  3073 W Keyboard: Keyboard.getKeyboardViewHelper():604 null helper is returned: keyboardDef=nww{processedConditions={show_comma_key=true, enable_more_candidates_view_for_multilingual=false, layout_9key_split=false, enable_secondary_symbols=false, pref_enable_flick_symbols=false, enable_scrub_move=true, language=en-US, deprecate_long_press_space_for_ime_picker=false, show_suggestion_strip=true, expressions=normal, android_software_xr_api_spatial=false, variant=qwerty, free_cursor=false, show_period_key=true, enable_number_row=true, device=phone, keyboard_mode=normal, show_secondary_digits=false, enable_pk_simulator=false, enable_preemptive_decode=true}, globalConditions={global_theme_key=theme,!gsf,!pgsans,!pgsf,!use_system_font,BORDER,FLAVOR_DPI=XXHDPI,KEYBOARD_WIDTH_CATEGORY=NORMAL,KEY_BORDER_SHAPE=1,LIGHT_THEME=false,PHYSICAL_DIAGONAL=6.0649586,POPUP,SCREEN_SHORTEST_WIDTH=411,SCREEN_SHORTEST_WIDTH_NO_SCALE=411,SW400DP,XXHDPI,bottom4dp,enable_popup_on_keypress=true,keyboard_redesign_google_sans=true,non_linear_scale,noshadow,overlay_builtin_dynamic_color_dark_base.binarypb:gm3-dark-ff0d0e12-ffb8c6ee-4dd27a30afe06facd02255cbda95da6f,silkpopup, global_locale=en_US, global_density_dpi=420, global_orientation=1}, className=.latin.keyboard.LatinPasswordKeyboard, resourceIds=[#0x7f1705f8, #0x7f17088a, #0x7f1706b8], initialStates=0, keyboardViewDefs=[nxl{direction=null, id=#0x7f0b0226, isScalable=true, layoutId=#0x7f0e02b5, type=BODY, touchable=true, defaultShow=true}, nxl{direction=null, id=#0x7f0b0226, isScalable=false, layoutId=#0x7f0e0211, type=FLOATING_CANDIDATES, touchable=false, defaultShow=false}, nxl{direction=LOCALE, id=#0x7f0b0226, isScalable=false, layoutId=#0x7f0e0518, type=HEADER, touchable=true, defaultShow=true}], persistentStates=0, persistentStatesPrefKey=null, popupBubbleLayoutId=#0x7f0e0606, recentKeyLayoutId=#0x0, recentKeyPopupLayoutId=#0x0, recentKeyType=null, rememberRecentKey=NONE, sessionStates=17592186044419}, type=WIDGET, helpersCreated={HEADER=nhw@22b2adc, BODY=nhw@59877e5, FLOATING_CANDIDATES=nhw@69102ba}, context.getResources().getConfiguration(): {1.0 257mcc2mnc [en_US,ru_BY] ldltr sw411dp w411dp h914dp 420dpi nrml long compactNeeded port night finger -keyb/v/h -nav/h winConfig={ mBounds=Rect(0, 0 - 1080, 2400) mAppBounds=Rect(0, 0 - 1080, 2400) mMaxBounds=Rect(0, 0 - 1080, 2400) mDisplayRotation=ROTATION_0 mWindowingMode=fullscreen mActivityType=undefined mAlwaysOnTop=undefined mRotation=ROTATION_0} as.3 s.42 fontWeightAdjustment=0}
03-21 20:52:54.351  3073  3073 I BaseKeyboardSizeHelper: BaseKeyboardSizeHelper.calculateMaxKeyboardBodyHeight():73 leave 281 height for app when ime window height:2181, header height:116 and isFullscreenMode:false, so the max keyboard body height is:1784
03-21 20:52:54.353  3073  3073 I AndroidIME: InputBundleManager.startInput():361 startInput() with nxh[keyboardType=prime, payload=null]
03-21 20:52:54.353  3073  3073 I PkModeUpdater: PkModeUpdater.onActivate():76 onActivate false true
03-21 20:52:54.353  3073  3073 I AccessoryInputModeManager: AccessoryInputModeManager.onModeStarted():324 Accessory input mode started: null
03-21 20:52:54.353  3073  3073 W SupplementaryKeyboardsWrapper: SupplementaryKeyboardsWrapper.deactivateKeyboard():162 keyboard accessory_candidates_consumer is not activated before!
03-21 20:52:54.354  3073  3073 I GlobeKeyExtension: GlobeKeyExtension.onActivate():129 
03-21 20:52:54.355  3073  3073 I KeyboardModeUtils: KeyboardModeUtils.getKeyboardBottomOffset():435 inch: 0.000000 ydpi: 409.127014 adjustKeyboardBottomByDisplaySize: false currentDensityDpi: 420 defaultDensityDpi: 420 keyboardBottomToScreenPx: 0 keyboardBottomToNavBarPx: -126 navBarHeight: 126
03-21 20:52:54.355  3073  3073 I BaseKeyboardSizeHelper: BaseKeyboardSizeHelper.calculateMaxKeyboardBodyHeight():73 leave 281 height for app when ime window height:2181, header height:116 and isFullscreenMode:false, so the max keyboard body height is:1784
03-21 20:52:54.355  3073  3073 I BaseKeyboardSizeHelper: BaseKeyboardSizeHelper.calculateMaxKeyboardBodyHeight():73 leave 281 height for app when ime window height:2181, header height:116 and isFullscreenMode:false, so the max keyboard body height is:1784
03-21 20:52:54.355  3073  3073 I BaseKeyboardSizeHelper: BaseKeyboardSizeHelper.calculateMaxKeyboardBodyHeight():73 leave 281 height for app when ime window height:2181, header height:116 and isFullscreenMode:false, so the max keyboard body height is:1784
03-21 20:52:54.355  3073  3073 I BaseKeyboardSizeHelper: BaseKeyboardSizeHelper.calculateMaxKeyboardBodyHeight():73 leave 281 height for app when ime window height:2181, header height:116 and isFullscreenMode:false, so the max keyboard body height is:1784
03-21 20:52:54.355  3073  3073 W ExtensionWrapper: ExtensionWrapper.setExtensionViewVisibility():876 interface nlm is not activate
03-21 20:52:54.355  3073  3073 I NewLanguagePromptExtension: NewLanguagePromptExtension.onActivate():189 Not activated NewLanguagePromptExtension: not a normal text input box.
03-21 20:52:54.355  3073  3073 I VoiceInputManagerWrapper: VoiceInputManagerWrapper.cancelShutdown():109 cancelShutdown()
03-21 20:52:54.355  3073  3073 I VoiceInputManagerWrapper: VoiceInputManagerWrapper.syncLanguagePacks():121 syncLanguagePacks()
03-21 20:52:54.355  3073  3073 I VoiceInputManager: VoiceInputManager.onKeyboardActivated():1216 onKeyboardActivated() [UD]
03-21 20:52:54.356  3073 12803 I SpeechFactory: SpeechRecognitionFactory.maybeScheduleAutoPackDownloadForFallback():217 maybeScheduleAutoPackDownloadForFallback()
03-21 20:52:54.356  3073  3073 I HardKeyTracker: HardKeyTracker.unregisterKeySequence():229 Unregister key sequence oum{labelResId=2132020519, callback=fdl@df69dad, lastModifier=2, keyCodes=[56], actions=[0]}
03-21 20:52:54.356  3073 12803 I FallbackOnDeviceRecognitionProvider: FallbackOnDeviceRecognitionProvider.maybeScheduleAutoPackDownload():213 maybeScheduleAutoPackDownload() for language tag en-US
03-21 20:52:54.356  3073  3073 I HardKeyTracker: HardKeyTracker.unregisterKeySequence():229 Unregister key sequence oum{labelResId=2132020519, callback=fdl@6da08e2, lastModifier=0, keyCodes=[317], actions=[0]}
03-21 20:52:54.356  3073  3073 I HardKeyTracker: HardKeyTracker.registerKeySequence():178 Register key sequence oum{labelResId=2132020519, callback=fdl@802ea45, lastModifier=2, keyCodes=[56], actions=[0]}
03-21 20:52:54.356  3073  3073 I HardKeyTracker: HardKeyTracker.registerKeySequence():178 Register key sequence oum{labelResId=2132020519, callback=fdl@2fcf59a, lastModifier=0, keyCodes=[317], actions=[0]}
03-21 20:52:54.356  3073  3073 W AccessPointsManager: AccessPointsManager.addAccessPoint():1092 The holder controller #0x7f0b2471 is not registered
03-21 20:52:54.357  3073  3073 I Module  : DeviceLockedStatusModuleProvider$Module.updateDeviceLockedStatus():103 repeatCheckTimes = 1, locked = false
03-21 20:52:54.357  3073  3073 I HardKeyTracker: HardKeyTracker.unregisterKeySequence():229 Unregister key sequence oum{labelResId=2132020524, callback=fdl@fa5af30, lastModifier=2, keyCodes=[32], actions=[0]}
03-21 20:52:54.357  3073  3073 I HardKeyTracker: HardKeyTracker.unregisterKeySequence():229 Unregister key sequence oum{labelResId=2132020524, callback=fdl@40c67a9, lastModifier=0, keyCodes=[319], actions=[0]}
03-21 20:52:54.357  3073  3073 I HardKeyTracker: HardKeyTracker.registerKeySequence():178 Register key sequence oum{labelResId=2132020524, callback=fdl@46ce5c1, lastModifier=2, keyCodes=[32], actions=[0]}
03-21 20:52:54.357  3073  3073 I HardKeyTracker: HardKeyTracker.registerKeySequence():178 Register key sequence oum{labelResId=2132020524, callback=fdl@4a4d166, lastModifier=0, keyCodes=[319], actions=[0]}
03-21 20:52:54.358  3073  3073 I HardKeyTracker: HardKeyTracker.unregisterKeySequence():229 Unregister key sequence oum{labelResId=2132020519, callback=fdl@e9ad565, lastModifier=2, keyCodes=[56], actions=[0]}
03-21 20:52:54.359  3073  3073 I HardKeyTracker: HardKeyTracker.unregisterKeySequence():229 Unregister key sequence oum{labelResId=2132020519, callback=fdl@60fd23a, lastModifier=0, keyCodes=[317], actions=[0]}
03-21 20:52:54.359  3073  3073 I HardKeyTracker: HardKeyTracker.registerKeySequence():178 Register key sequence oum{labelResId=2132020519, callback=fdl@8211cfd, lastModifier=2, keyCodes=[56], actions=[0]}
03-21 20:52:54.359  3073  3073 I HardKeyTracker: HardKeyTracker.registerKeySequence():178 Register key sequence oum{labelResId=2132020519, callback=fdl@59c9df2, lastModifier=0, keyCodes=[317], actions=[0]}
03-21 20:52:54.359  3073  3073 I HardKeyTracker: HardKeyTracker.unregisterKeySequence():229 Unregister key sequence oum{labelResId=2132020523, callback=fdl@9a65eeb, lastModifier=2, keyCodes=[48], actions=[0]}
03-21 20:52:54.359  3073  3073 I HardKeyTracker: HardKeyTracker.registerKeySequence():178 Register key sequence oum{labelResId=2132020523, callback=fdl@6fb2c43, lastModifier=2, keyCodes=[48], actions=[0]}
03-21 20:52:54.360  3073  3073 I HardKeyTracker: HardKeyTracker.unregisterKeySequence():229 Unregister key sequence oum{labelResId=2132020523, callback=fdl@1843448, lastModifier=2, keyCodes=[48], actions=[0]}
03-21 20:52:54.360  3073  3073 I HardKeyTracker: HardKeyTracker.registerKeySequence():178 Register key sequence oum{labelResId=2132020523, callback=fdl@f4072c0, lastModifier=2, keyCodes=[48], actions=[0]}
03-21 20:52:54.360  3073  3073 W AccessPointsManager: AccessPointsManager.addAccessPoint():1092 The holder controller #0x7f0b2471 is not registered
03-21 20:52:54.360  3073  3073 I HardKeyTracker: HardKeyTracker.unregisterKeySequence():229 Unregister key sequence oum{labelResId=2132020524, callback=fdl@4e862e1, lastModifier=2, keyCodes=[32], actions=[0]}
03-21 20:52:54.360 28119 28119 W libbinder.BackendUnifiedServiceManager: Thread Pool max thread count is 0. Cannot cache binder as linkToDeath cannot be implemented. serviceName: battery
03-21 20:52:54.360  3073  3073 I HardKeyTracker: HardKeyTracker.unregisterKeySequence():229 Unregister key sequence oum{labelResId=2132020524, callback=fdl@18d806, lastModifier=0, keyCodes=[319], actions=[0]}
03-21 20:52:54.360  3073  3073 I HardKeyTracker: HardKeyTracker.registerKeySequence():178 Register key sequence oum{labelResId=2132020524, callback=fdl@1e78bf9, lastModifier=2, keyCodes=[32], actions=[0]}
03-21 20:52:54.360  3073  3073 I HardKeyTracker: HardKeyTracker.registerKeySequence():178 Register key sequence oum{labelResId=2132020524, callback=fdl@7d2a73e, lastModifier=0, keyCodes=[319], actions=[0]}
03-21 20:52:54.361  3073  3073 I StylusModule: StylusModule.onUpdateToolType():774 Update tool type = 1
03-21 20:52:54.370  3073  3073 I GoogleInputMethodService: GoogleInputMethodService$1.onKeyboardViewShown():331 onKeyboardViewShown: keyboardType=prime, keyboardViewType=HEADER keyboardView=com.google.android.libraries.inputmethod.widgets.SoftKeyboardView{f0dbb73 V.E...... ........ 0,0-1080,116}
03-21 20:52:54.370  3073  3073 I BaseKeyboardSizeHelper: BaseKeyboardSizeHelper.calculateMaxKeyboardBodyHeight():73 leave 281 height for app when ime window height:2181, header height:116 and isFullscreenMode:false, so the max keyboard body height is:1784
03-21 20:52:54.370  3073  3073 I GoogleInputMethodService: GoogleInputMethodService$1.onKeyboardViewShown():331 onKeyboardViewShown: keyboardType=prime, keyboardViewType=BODY keyboardView=com.google.android.libraries.inputmethod.widgets.SoftKeyboardView{61c2f8f V.E...... ........ 0,0-1080,764}
03-21 20:52:54.371  3073  3073 I BaseKeyboardSizeHelper: BaseKeyboardSizeHelper.calculateMaxKeyboardBodyHeight():73 leave 281 height for app when ime window height:2181, header height:116 and isFullscreenMode:false, so the max keyboard body height is:1784
03-21 20:52:54.371  3073  3073 I GlobeKeyExtension: GlobeKeyExtension$1.onKeyboardViewShown():76 maybeDisableLanguageSwitchKeyPref when the keyboard is shown
03-21 20:52:54.371  3073  3073 I GlobeKeyExtension: GlobeKeyExtension.maybeDisableLanguageSwitchKeyPref():210 maybeDisableLanguageSwitchKeyPref hasGlobeKeyBeenDisabled: false, shouldDisableLanguageSwitchKey: false
03-21 20:52:54.371  3073  3073 I NewLanguagePromptExtension: NewLanguagePromptExtension$1.onKeyboardViewShown():88 Not show new language banner: not prime keyboard, or the extension not activated.
03-21 20:52:54.372  3073  3073 I KeyboardModeUtils: KeyboardModeUtils.getKeyboardBottomOffset():435 inch: 0.000000 ydpi: 409.127014 adjustKeyboardBottomByDisplaySize: false currentDensityDpi: 420 defaultDensityDpi: 420 keyboardBottomToScreenPx: 0 keyboardBottomToNavBarPx: -126 navBarHeight: 126
03-21 20:52:54.372  3073  3073 I BaseKeyboardSizeHelper: BaseKeyboardSizeHelper.calculateMaxKeyboardBodyHeight():73 leave 281 height for app when ime window height:2181, header height:116 and isFullscreenMode:false, so the max keyboard body height is:1784
03-21 20:52:54.372  3073  3073 I BaseKeyboardSizeHelper: BaseKeyboardSizeHelper.calculateMaxKeyboardBodyHeight():73 leave 281 height for app when ime window height:2181, header height:116 and isFullscreenMode:false, so the max keyboard body height is:1784
03-21 20:52:54.380  3073  3073 I KeyboardModeUtils: KeyboardModeUtils.getKeyboardBottomOffset():435 inch: 0.000000 ydpi: 409.127014 adjustKeyboardBottomByDisplaySize: false currentDensityDpi: 420 defaultDensityDpi: 420 keyboardBottomToScreenPx: 0 keyboardBottomToNavBarPx: -126 navBarHeight: 126
03-21 20:52:54.381  3073  3073 I BaseKeyboardSizeHelper: BaseKeyboardSizeHelper.calculateMaxKeyboardBodyHeight():73 leave 281 height for app when ime window height:2181, header height:116 and isFullscreenMode:false, so the max keyboard body height is:1784
03-21 20:52:54.381  1587  1657 I ImeTracker: system_server:2720189: onRequestShow at ORIGIN_SERVER reason CONTROLS_CHANGED fromUser false
03-21 20:52:54.381  3073  3073 I BaseKeyboardSizeHelper: BaseKeyboardSizeHelper.calculateMaxKeyboardBodyHeight():73 leave 281 height for app when ime window height:2181, header height:116 and isFullscreenMode:false, so the max keyboard body height is:1784
03-21 20:52:54.382 26664 26664 I ImeTracker: system_server:2720189: onCancelled at PHASE_CLIENT_ON_CONTROLS_CHANGED
03-21 20:52:54.389 28121 28121 W libbinder.BackendUnifiedServiceManager: Thread Pool max thread count is 0. Cannot cache binder as linkToDeath cannot be implemented. serviceName: deviceidle
03-21 20:52:54.393   914   988 E surfaceflinger: == MALI DEBUG ===eglp_winsys_populate_image_templates ==12288
03-21 20:52:54.395   852   992 I hwcomposer: [HWCDisplay] [Display_0 (type:1)] fps:5.937011,dur:1010.61,max:430.12,min:10.92  
03-21 20:52:54.412 28124 28124 W libbinder.BackendUnifiedServiceManager: Thread Pool max thread count is 0. Cannot cache binder as linkToDeath cannot be implemented. serviceName: activity
03-21 20:52:54.420  1587  7863 I ImeTracker: system_server:85503e5b: onRequestShow at ORIGIN_SERVER reason CONTROLS_CHANGED fromUser false
03-21 20:52:54.474 28133 28133 W libbinder.BackendUnifiedServiceManager: Thread Pool max thread count is 0. Cannot cache binder as linkToDeath cannot be implemented. serviceName: battery
03-21 20:52:54.510   852  1054 I hwcomposer: [HWC] (0)fire a callback of refresh to SF[4]  
03-21 20:52:54.514   625  2778 W libperfmgr: Failed to write to node: /dev/stune/top-app/schedtune.boost with value: 10, fd: -1
03-21 20:52:54.514   625  2778 W libperfmgr: Failed to write to node: /proc/sys/kernel/sched_boost with value: 0, fd: -1
03-21 20:52:54.591   625  2778 W libperfmgr: Failed to write to node: /dev/stune/top-app/schedtune.boost with value: 10, fd: -1
03-21 20:52:54.591   625  2778 W libperfmgr: Failed to write to node: /proc/sys/kernel/sched_boost with value: 0, fd: -1
03-21 20:52:54.910   852  1054 I hwcomposer: [HWC] (0)fire a callback of refresh to SF[4]  
03-21 20:52:54.915   625  2778 W libperfmgr: Failed to write to node: /dev/stune/top-app/schedtune.boost with value: 10, fd: -1
03-21 20:52:54.915   625  2778 W libperfmgr: Failed to write to node: /proc/sys/kernel/sched_boost with value: 0, fd: -1
03-21 20:52:54.991   625  2778 W libperfmgr: Failed to write to node: /dev/stune/top-app/schedtune.boost with value: 10, fd: -1
03-21 20:52:54.991   625  2778 W libperfmgr: Failed to write to node: /proc/sys/kernel/sched_boost with value: 0, fd: -1
03-21 20:52:55.410   852  1054 I hwcomposer: [HWC] (0)fire a callback of refresh to SF[4]  
03-21 20:52:55.415   625  2778 W libperfmgr: Failed to write to node: /dev/stune/top-app/schedtune.boost with value: 10, fd: -1
03-21 20:52:55.415   625  2778 W libperfmgr: Failed to write to node: /proc/sys/kernel/sched_boost with value: 0, fd: -1
03-21 20:52:55.420   852   992 I hwcomposer: [HWCDisplay] [Display_0 (type:1)] fps:9.757186,dur:1024.89,max:430.05,min:10.98  
03-21 20:52:55.427   625  2778 W libperfmgr: Failed to write to node: /dev/stune/top-app/schedtune.boost with value: 10, fd: -1
03-21 20:52:55.427   625  2778 W libperfmgr: Failed to write to node: /proc/sys/kernel/sched_boost with value: 0, fd: -1
03-21 20:52:55.502   852  1054 I hwcomposer: [HWC] (0)fire a callback of refresh to SF[4]  
03-21 20:52:55.515   625  2778 W libperfmgr: Failed to write to node: /dev/stune/top-app/schedtune.boost with value: 10, fd: -1
03-21 20:52:55.515   625  2778 W libperfmgr: Failed to write to node: /proc/sys/kernel/sched_boost with value: 0, fd: -1
03-21 20:52:55.583   625  2778 W libperfmgr: Failed to write to node: /dev/stune/top-app/schedtune.boost with value: 10, fd: -1
03-21 20:52:55.583   625  2778 W libperfmgr: Failed to write to node: /proc/sys/kernel/sched_boost with value: 0, fd: -1
03-21 20:52:55.804  3073  3073 W TooltipLifecycleManager: TooltipLifecycleManager.dismissTooltips():153 Tooltip with id SUGGESTION_VIEW_EDU_MINI_DIALOG not found in tooltipManager.
03-21 20:52:55.812  1587  7863 W PresentationStatsEventLogger: Bad view state for: 1073741825, state: ViewState: [id=1073741856@1112969336, state:c008, currentValue:android.view.autofill.AutofillValue@c8ad98c6]
03-21 20:52:55.855  3073  3073 W TooltipLifecycleManager: TooltipLifecycleManager.dismissTooltips():153 Tooltip with id SUGGESTION_VIEW_EDU_MINI_DIALOG not found in tooltipManager.
03-21 20:52:55.882  1587  7863 W PresentationStatsEventLogger: Bad view state for: 1073741825, state: ViewState: [id=1073741856@1112969336, state:c008, currentValue:android.view.autofill.AutofillValue@4889ba38]
03-21 20:52:55.907  3073  3073 W TooltipLifecycleManager: TooltipLifecycleManager.dismissTooltips():153 Tooltip with id SUGGESTION_VIEW_EDU_MINI_DIALOG not found in tooltipManager.
03-21 20:52:55.912  1587  3186 W PresentationStatsEventLogger: Bad view state for: 1073741825, state: ViewState: [id=1073741856@1112969336, state:c008, currentValue:android.view.autofill.AutofillValue@d0caa278]
03-21 20:52:55.958  3073  3073 W TooltipLifecycleManager: TooltipLifecycleManager.dismissTooltips():153 Tooltip with id SUGGESTION_VIEW_EDU_MINI_DIALOG not found in tooltipManager.
03-21 20:52:55.963  1587  3186 W PresentationStatsEventLogger: Bad view state for: 1073741825, state: ViewState: [id=1073741856@1112969336, state:c008, currentValue:android.view.autofill.AutofillValue@c4abb23b]
03-21 20:52:56.009  3073  3073 W TooltipLifecycleManager: TooltipLifecycleManager.dismissTooltips():153 Tooltip with id SUGGESTION_VIEW_EDU_MINI_DIALOG not found in tooltipManager.
03-21 20:52:56.014  1587  7863 W PresentationStatsEventLogger: Bad view state for: 1073741825, state: ViewState: [id=1073741856@1112969336, state:c008, currentValue:android.view.autofill.AutofillValue@6581e10]
03-21 20:52:56.060  3073  3073 W TooltipLifecycleManager: TooltipLifecycleManager.dismissTooltips():153 Tooltip with id SUGGESTION_VIEW_EDU_MINI_DIALOG not found in tooltipManager.
03-21 20:52:56.065  1587  3186 W PresentationStatsEventLogger: Bad view state for: 1073741825, state: ViewState: [id=1073741856@1112969336, state:c008, currentValue:android.view.autofill.AutofillValue@34639f]
03-21 20:52:56.083   625  2778 W libperfmgr: Failed to write to node: /dev/stune/top-app/schedtune.boost with value: 10, fd: -1
03-21 20:52:56.084   625  2778 W libperfmgr: Failed to write to node: /proc/sys/kernel/sched_boost with value: 0, fd: -1
03-21 20:52:56.112  3073  3073 W TooltipLifecycleManager: TooltipLifecycleManager.dismissTooltips():153 Tooltip with id SUGGESTION_VIEW_EDU_MINI_DIALOG not found in tooltipManager.
03-21 20:52:56.117  1587  7863 W PresentationStatsEventLogger: Bad view state for: 1073741825, state: ViewState: [id=1073741856@1112969336, state:c008, currentValue:android.view.autofill.AutofillValue@1b030]
03-21 20:52:56.163  3073  3073 W TooltipLifecycleManager: TooltipLifecycleManager.dismissTooltips():153 Tooltip with id SUGGESTION_VIEW_EDU_MINI_DIALOG not found in tooltipManager.
03-21 20:52:56.170  1587  3186 W PresentationStatsEventLogger: Bad view state for: 1073741825, state: ViewState: [id=1073741856@1112969336, state:c008, currentValue:android.view.autofill.AutofillValue@d91]
03-21 20:52:56.221  1587  7863 W PresentationStatsEventLogger: Bad view state for: 1073741825, state: ViewState: [id=1073741856@1112969336, state:c008, currentValue:android.view.autofill.AutofillValue@1]
03-21 20:52:56.235  3073  3073 I KeyboardModeUtils: KeyboardModeUtils.getKeyboardBottomOffset():435 inch: 0.000000 ydpi: 409.127014 adjustKeyboardBottomByDisplaySize: false currentDensityDpi: 420 defaultDensityDpi: 420 keyboardBottomToScreenPx: 0 keyboardBottomToNavBarPx: -126 navBarHeight: 126
03-21 20:52:56.235  3073  3073 I BaseKeyboardSizeHelper: BaseKeyboardSizeHelper.calculateMaxKeyboardBodyHeight():73 leave 281 height for app when ime window height:2181, header height:116 and isFullscreenMode:false, so the max keyboard body height is:1784
03-21 20:52:56.235  3073  3073 I BaseKeyboardSizeHelper: BaseKeyboardSizeHelper.calculateMaxKeyboardBodyHeight():73 leave 281 height for app when ime window height:2181, header height:116 and isFullscreenMode:false, so the max keyboard body height is:1784
03-21 20:52:56.236  1587  7863 W WindowManager: Requires INTERNAL_SYSTEM_WINDOW permission if assign type to input. New type will be 0.
03-21 20:52:56.248  3073  3073 I ProactiveSuggestionsHolderManager: ProactiveSuggestionsHolderManager$displaySuggestionsListener$1.display():211 Requesting to show proactive suggestions: AUTO_FILL PREEMPTIVE_WITH_SUPPRESSION
03-21 20:52:56.250   914   988 E surfaceflinger: == MALI DEBUG ===eglp_winsys_populate_image_templates ==12288
03-21 20:52:56.254   914   988 E surfaceflinger: == MALI DEBUG ===eglp_winsys_populate_image_templates ==12288
03-21 20:52:56.259   914   988 E surfaceflinger: == MALI DEBUG ===eglp_winsys_populate_image_templates ==12288
03-21 20:52:56.260  3073  3073 I KeyboardModeUtils: KeyboardModeUtils.getKeyboardBottomOffset():435 inch: 0.000000 ydpi: 409.127014 adjustKeyboardBottomByDisplaySize: false currentDensityDpi: 420 defaultDensityDpi: 420 keyboardBottomToScreenPx: 0 keyboardBottomToNavBarPx: -126 navBarHeight: 126
03-21 20:52:56.260  3073  3073 I BaseKeyboardSizeHelper: BaseKeyboardSizeHelper.calculateMaxKeyboardBodyHeight():73 leave 281 height for app when ime window height:2181, header height:116 and isFullscreenMode:false, so the max keyboard body height is:1784
03-21 20:52:56.260  3073  3073 I BaseKeyboardSizeHelper: BaseKeyboardSizeHelper.calculateMaxKeyboardBodyHeight():73 leave 281 height for app when ime window height:2181, header height:116 and isFullscreenMode:false, so the max keyboard body height is:1784
03-21 20:52:56.265   914   988 E surfaceflinger: == MALI DEBUG ===eglp_winsys_populate_image_templates ==12288
03-21 20:52:56.273   625  2778 W libperfmgr: Failed to write to node: /dev/stune/top-app/schedtune.boost with value: 10, fd: -1
03-21 20:52:56.273   625  2778 W libperfmgr: Failed to write to node: /proc/sys/kernel/sched_boost with value: 0, fd: -1
03-21 20:52:56.278   914   988 E surfaceflinger: == MALI DEBUG ===eglp_winsys_populate_image_templates ==12288
03-21 20:52:56.350   625  2778 W libperfmgr: Failed to write to node: /dev/stune/top-app/schedtune.boost with value: 10, fd: -1
03-21 20:52:56.350   625  2778 W libperfmgr: Failed to write to node: /proc/sys/kernel/sched_boost with value: 0, fd: -1
03-21 20:52:56.410   852  1054 I hwcomposer: [HWC] (0)fire a callback of refresh to SF[4]  
03-21 20:52:56.415   625  2778 W libperfmgr: Failed to write to node: /dev/stune/top-app/schedtune.boost with value: 10, fd: -1
03-21 20:52:56.415   625  2778 W libperfmgr: Failed to write to node: /proc/sys/kernel/sched_boost with value: 0, fd: -1
03-21 20:52:56.421   852   992 I hwcomposer: [HWCDisplay] [Display_0 (type:1)] fps:31.954706,dur:1001.42,max:307.34,min:8.18  
03-21 20:52:56.491   625  2778 W libperfmgr: Failed to write to node: /dev/stune/top-app/schedtune.boost with value: 10, fd: -1
03-21 20:52:56.492   625  2778 W libperfmgr: Failed to write to node: /proc/sys/kernel/sched_boost with value: 0, fd: -1
03-21 20:52:56.640   881   881 I WifiHAL : feature_set=0x8488141a
03-21 20:52:56.641  1587  1927 I HalDevMgr: bestIfaceCreationProposal is null, requestIface=STA, existingIface=[name=wlan0 type=STA]
03-21 20:52:56.810   852  1054 I hwcomposer: [HWC] (0)fire a callback of refresh to SF[4]  
03-21 20:52:56.814   625  2778 W libperfmgr: Failed to write to node: /dev/stune/top-app/schedtune.boost with value: 10, fd: -1
03-21 20:52:56.815   625  2778 W libperfmgr: Failed to write to node: /proc/sys/kernel/sched_boost with value: 0, fd: -1
03-21 20:52:56.853  3073  3073 I KeyboardModeUtils: KeyboardModeUtils.getKeyboardBottomOffset():435 inch: 0.000000 ydpi: 409.127014 adjustKeyboardBottomByDisplaySize: false currentDensityDpi: 420 defaultDensityDpi: 420 keyboardBottomToScreenPx: 0 keyboardBottomToNavBarPx: -126 navBarHeight: 126
03-21 20:52:56.853  3073  3073 I BaseKeyboardSizeHelper: BaseKeyboardSizeHelper.calculateMaxKeyboardBodyHeight():73 leave 281 height for app when ime window height:2181, header height:116 and isFullscreenMode:false, so the max keyboard body height is:1784
03-21 20:52:56.853  3073  3073 I BaseKeyboardSizeHelper: BaseKeyboardSizeHelper.calculateMaxKeyboardBodyHeight():73 leave 281 height for app when ime window height:2181, header height:116 and isFullscreenMode:false, so the max keyboard body height is:1784
03-21 20:52:56.860   625  2778 W libperfmgr: Failed to write to node: /dev/stune/top-app/schedtune.boost with value: 10, fd: -1
03-21 20:52:56.860   625  2778 W libperfmgr: Failed to write to node: /proc/sys/kernel/sched_boost with value: 0, fd: -1
03-21 20:52:56.946   852  1054 I hwcomposer: [HWC] (0)fire a callback of refresh to SF[4]  
03-21 20:52:56.959   625  2778 W libperfmgr: Failed to write to node: /dev/stune/top-app/schedtune.boost with value: 10, fd: -1
03-21 20:52:56.959   625  2778 W libperfmgr: Failed to write to node: /proc/sys/kernel/sched_boost with value: 0, fd: -1
03-21 20:52:57.027   625  2778 W libperfmgr: Failed to write to node: /dev/stune/top-app/schedtune.boost with value: 10, fd: -1
03-21 20:52:57.027   625  2778 W libperfmgr: Failed to write to node: /proc/sys/kernel/sched_boost with value: 0, fd: -1
03-21 20:52:57.322   852  1054 I hwcomposer: [HWC] (0)fire a callback of refresh to SF[4]  
03-21 20:52:57.325   625  2778 W libperfmgr: Failed to write to node: /dev/stune/top-app/schedtune.boost with value: 10, fd: -1
03-21 20:52:57.325   625  2778 W libperfmgr: Failed to write to node: /proc/sys/kernel/sched_boost with value: 0, fd: -1
03-21 20:52:57.403   625  2778 W libperfmgr: Failed to write to node: /dev/stune/top-app/schedtune.boost with value: 10, fd: -1
03-21 20:52:57.403   625  2778 W libperfmgr: Failed to write to node: /proc/sys/kernel/sched_boost with value: 0, fd: -1
03-21 20:52:57.750   852   992 I hwcomposer: [HWCDisplay] [Display_0 (type:1)] fps:7.527656,dur:1328.43,max:418.13,min:10.96  
03-21 20:52:57.810   852  1054 I hwcomposer: [HWC] (0)fire a callback of refresh to SF[4]  
03-21 20:52:57.814   625  2778 W libperfmgr: Failed to write to node: /dev/stune/top-app/schedtune.boost with value: 10, fd: -1
03-21 20:52:57.814   625  2778 W libperfmgr: Failed to write to node: /proc/sys/kernel/sched_boost with value: 0, fd: -1
03-21 20:52:57.891   625  2778 W libperfmgr: Failed to write to node: /dev/stune/top-app/schedtune.boost with value: 10, fd: -1
03-21 20:52:57.891   625  2778 W libperfmgr: Failed to write to node: /proc/sys/kernel/sched_boost with value: 0, fd: -1
03-21 20:52:57.898   914   988 E surfaceflinger: == MALI DEBUG ===eglp_winsys_populate_image_templates ==12288
03-21 20:52:57.903  3073  3073 W TooltipLifecycleManager: TooltipLifecycleManager.dismissTooltips():153 Tooltip with id SUGGESTION_VIEW_EDU_MINI_DIALOG not found in tooltipManager.
03-21 20:52:57.912  3073  3568 E BufferQueueProducer: [db60bf0 SurfaceView[InputMethod]#128(BLAST Consumer)128](id:c0100000080,api:0,p:-1,c:3073) disconnect: not connected (req=1)
03-21 20:52:57.912  3073  3568 E Surface : [db60bf0 SurfaceView[InputMethod]#128(BLAST Consumer)128-DISCONNECTED](id:0) Surface failed to disconnect. Cleaning up internals anyway. Error -19 (NO_INIT).
03-21 20:52:57.912  3073  3568 W libEGL  : EGLNativeWindowType 0xb40000765d246e90 disconnect failed
03-21 20:52:57.913  3073  3073 W TooltipLifecycleManager: TooltipLifecycleManager.dismissTooltips():153 Tooltip with id SUGGESTION_VIEW_EDU_MINI_DIALOG not found in tooltipManager.
03-21 20:52:57.917   914   988 E surfaceflinger: == MALI DEBUG ===eglp_winsys_populate_image_templates ==12288
03-21 20:52:57.920  1587  3186 W PresentationStatsEventLogger: Bad view state for: 1073741825, state: ViewState: [id=1073741856@1112969336, state:c008, currentValue:android.view.autofill.AutofillValue@d91]
03-21 20:52:57.922  3073  3073 I KeyboardModeUtils: KeyboardModeUtils.getKeyboardBottomOffset():435 inch: 0.000000 ydpi: 409.127014 adjustKeyboardBottomByDisplaySize: false currentDensityDpi: 420 defaultDensityDpi: 420 keyboardBottomToScreenPx: 0 keyboardBottomToNavBarPx: -126 navBarHeight: 126
03-21 20:52:57.922  3073  3073 I BaseKeyboardSizeHelper: BaseKeyboardSizeHelper.calculateMaxKeyboardBodyHeight():73 leave 281 height for app when ime window height:2181, header height:116 and isFullscreenMode:false, so the max keyboard body height is:1784
03-21 20:52:57.922  3073  3073 I BaseKeyboardSizeHelper: BaseKeyboardSizeHelper.calculateMaxKeyboardBodyHeight():73 leave 281 height for app when ime window height:2181, header height:116 and isFullscreenMode:false, so the max keyboard body height is:1784
03-21 20:52:57.925   914   988 E surfaceflinger: == MALI DEBUG ===eglp_winsys_populate_image_templates ==12288
03-21 20:52:57.931   625  2778 W libperfmgr: Failed to write to node: /dev/stune/top-app/schedtune.boost with value: 10, fd: -1
03-21 20:52:57.931   625  2778 W libperfmgr: Failed to write to node: /proc/sys/kernel/sched_boost with value: 0, fd: -1
03-21 20:52:57.931  3073  3073 W TooltipLifecycleManager: TooltipLifecycleManager.dismissTooltips():153 Tooltip with id SUGGESTION_VIEW_EDU_MINI_DIALOG not found in tooltipManager.
03-21 20:52:57.937   625  2778 W libperfmgr: Failed to write to node: /dev/stune/top-app/schedtune.boost with value: 10, fd: -1
03-21 20:52:57.937   625  2778 W libperfmgr: Failed to write to node: /proc/sys/kernel/sched_boost with value: 0, fd: -1
03-21 20:52:57.946  3073  3073 I KeyboardModeUtils: KeyboardModeUtils.getKeyboardBottomOffset():435 inch: 0.000000 ydpi: 409.127014 adjustKeyboardBottomByDisplaySize: false currentDensityDpi: 420 defaultDensityDpi: 420 keyboardBottomToScreenPx: 0 keyboardBottomToNavBarPx: -126 navBarHeight: 126
03-21 20:52:57.946  3073  3073 I BaseKeyboardSizeHelper: BaseKeyboardSizeHelper.calculateMaxKeyboardBodyHeight():73 leave 281 height for app when ime window height:2181, header height:116 and isFullscreenMode:false, so the max keyboard body height is:1784
03-21 20:52:57.946  3073  3073 I BaseKeyboardSizeHelper: BaseKeyboardSizeHelper.calculateMaxKeyboardBodyHeight():73 leave 281 height for app when ime window height:2181, header height:116 and isFullscreenMode:false, so the max keyboard body height is:1784
03-21 20:52:57.968  3073  3073 E BufferQueueProducer: [8aa0d10 SurfaceView[InputMethod]#127(BLAST Consumer)127](id:c010000007f,api:0,p:-1,c:3073) disconnect: not connected (req=2)
03-21 20:52:57.968  3073  3073 E Surface : [8aa0d10 SurfaceView[InputMethod]#127(BLAST Consumer)127-DISCONNECTED](id:0) Surface failed to disconnect. Cleaning up internals anyway. Error -19 (NO_INIT).
03-21 20:52:57.975  3073  3073 I KeyboardModeUtils: KeyboardModeUtils.getKeyboardBottomOffset():435 inch: 0.000000 ydpi: 409.127014 adjustKeyboardBottomByDisplaySize: false currentDensityDpi: 420 defaultDensityDpi: 420 keyboardBottomToScreenPx: 0 keyboardBottomToNavBarPx: -126 navBarHeight: 126
03-21 20:52:57.975  3073  3073 I BaseKeyboardSizeHelper: BaseKeyboardSizeHelper.calculateMaxKeyboardBodyHeight():73 leave 281 height for app when ime window height:2181, header height:116 and isFullscreenMode:false, so the max keyboard body height is:1784
03-21 20:52:57.975  3073  3073 I BaseKeyboardSizeHelper: BaseKeyboardSizeHelper.calculateMaxKeyboardBodyHeight():73 leave 281 height for app when ime window height:2181, header height:116 and isFullscreenMode:false, so the max keyboard body height is:1784
03-21 20:52:58.064  3073  3073 I KeyboardModeUtils: KeyboardModeUtils.getKeyboardBottomOffset():435 inch: 0.000000 ydpi: 409.127014 adjustKeyboardBottomByDisplaySize: false currentDensityDpi: 420 defaultDensityDpi: 420 keyboardBottomToScreenPx: 0 keyboardBottomToNavBarPx: -126 navBarHeight: 126
03-21 20:52:58.064  3073  3073 I BaseKeyboardSizeHelper: BaseKeyboardSizeHelper.calculateMaxKeyboardBodyHeight():73 leave 281 height for app when ime window height:2181, header height:116 and isFullscreenMode:false, so the max keyboard body height is:1784
03-21 20:52:58.065  3073  3073 I BaseKeyboardSizeHelper: BaseKeyboardSizeHelper.calculateMaxKeyboardBodyHeight():73 leave 281 height for app when ime window height:2181, header height:116 and isFullscreenMode:false, so the max keyboard body height is:1784
03-21 20:52:58.066   852  1054 I hwcomposer: [HWC] (0)fire a callback of refresh to SF[4]  
03-21 20:52:58.070  1587  1910 I ImeTracker: system_server:2b5a8695: onTimeout at PHASE_WM_GET_CONTROL_WITH_LEASH
03-21 20:52:58.071   625  2778 W libperfmgr: Failed to write to node: /dev/stune/top-app/schedtune.boost with value: 10, fd: -1
03-21 20:52:58.071   625  2778 W libperfmgr: Failed to write to node: /proc/sys/kernel/sched_boost with value: 0, fd: -1
03-21 20:52:58.081   625  2778 W libperfmgr: Failed to write to node: /dev/stune/top-app/schedtune.boost with value: 10, fd: -1
03-21 20:52:58.081   625  2778 W libperfmgr: Failed to write to node: /proc/sys/kernel/sched_boost with value: 0, fd: -1
03-21 20:52:58.127  1587  7863 W WindowManager: Failed looking up window session=Session{ed8571e 2733:u0a10357} callers=com.android.server.wm.WindowManagerService.removeClientToken:2241 com.android.server.wm.Session.remove:283 android.view.IWindowSession$Stub.onTransact:639 
03-21 20:52:58.369  2237  2237 E SatelliteController: registerForSatelliteModemStateChanged: mSatelliteSessionController is not initialized yet
03-21 20:52:58.374  2237  2237 E SatelliteController: registerForSatelliteModemStateChanged: mSatelliteSessionController is not initialized yet
03-21 20:52:58.378  2237  2378 E SatelliteController: notifyNtnEligibility: mSatellitePhone is null
03-21 20:52:58.383  1587  7863 W ContextImpl: Calling a method in the system process without a qualified user: android.app.ContextImpl.sendBroadcastMultiplePermissions:1358 android.content.Context.sendBroadcastMultiplePermissions:2796 com.android.server.TelephonyRegistry.broadcastServiceStateChanged:4172 com.android.server.TelephonyRegistry.notifyServiceStateForPhoneId:1848 com.android.internal.telephony.ITelephonyRegistry$Stub.onTransact:613 
03-21 20:52:58.385  1587  7863 W ContextImpl: Calling a method in the system process without a qualified user: android.app.ContextImpl.sendBroadcastMultiplePermissions:1391 com.android.server.TelephonyRegistry.broadcastServiceStateChanged:4177 com.android.server.TelephonyRegistry.notifyServiceStateForPhoneId:1848 com.android.internal.telephony.ITelephonyRegistry$Stub.onTransact:613 android.os.Binder.execTransactInternal:1473 
03-21 20:52:58.388  1587  7863 W ContextImpl: Calling a method in the system process without a qualified user: android.app.ContextImpl.sendBroadcastMultiplePermissions:1391 com.android.server.TelephonyRegistry.broadcastServiceStateChanged:4186 com.android.server.TelephonyRegistry.notifyServiceStateForPhoneId:1848 com.android.internal.telephony.ITelephonyRegistry$Stub.onTransact:613 android.os.Binder.execTransactInternal:1473 
03-21 20:52:58.389  1587  7863 W ContextImpl: Calling a method in the system process without a qualified user: android.app.ContextImpl.sendBroadcastMultiplePermissions:1391 com.android.server.TelephonyRegistry.broadcastServiceStateChanged:4192 com.android.server.TelephonyRegistry.notifyServiceStateForPhoneId:1848 com.android.internal.telephony.ITelephonyRegistry$Stub.onTransact:613 android.os.Binder.execTransactInternal:1473 
03-21 20:52:58.397  1587  1680 W libprocessgroup: SetCgroup::ExecuteForProcess: failed to open /dev/stune/background/cgroup.procs: No such file or directory
03-21 20:52:58.398   844   878 I netd    : tetherGetStats() -> {[]} <1.10ms>
03-21 20:52:58.401  2237  2237 I Telephony: TelecomAccountRegistry$TelecomAccountTelephonyCallback: TelecomAccountRegistry: onServiceStateChanged: newState=0, mServiceState=0
03-21 20:52:58.402  2237  2237 W Telephony: registerMmTelCapabilityCallback: registration failed, no ImsService available. Exception: code: 1
03-21 20:52:58.403  2237  2237 I Telephony: isRttCurrentlySupported -- regular acct, hasVoiceAvailability: false
03-21 20:52:58.403  2237  2237 I Telephony:  isRttSupported: false
03-21 20:52:58.403  2237  2237 I Telephony:  alwaysAllowWhileRoaming: false
03-21 20:52:58.403  2237  2237 I Telephony:  isRoaming: false
03-21 20:52:58.403  2237  2237 I Telephony:  isOnWfc: false
03-21 20:52:58.428 27900 27904 W receiver.module: userfaultfd: MOVE ioctl seems unsupported: Connection timed out
03-21 20:52:58.582   625  2778 W libperfmgr: Failed to write to node: /dev/stune/top-app/schedtune.boost with value: 10, fd: -1
03-21 20:52:58.582   625  2778 W libperfmgr: Failed to write to node: /proc/sys/kernel/sched_boost with value: 0, fd: -1
03-21 20:52:58.860   852   992 I hwcomposer: [HWCDisplay] [Display_0 (type:1)] fps:14.407050,dur:1110.57,max:411.00,min:6.83  
03-21 20:52:59.082   625  2778 W libperfmgr: Failed to write to node: /dev/stune/top-app/schedtune.boost with value: 10, fd: -1
03-21 20:52:59.082   625  2778 W libperfmgr: Failed to write to node: /proc/sys/kernel/sched_boost with value: 0, fd: -1
03-21 20:52:59.123  3073  3073 W TooltipLifecycleManager: TooltipLifecycleManager.dismissTooltips():153 Tooltip with id SUGGESTION_VIEW_EDU_MINI_DIALOG not found in tooltipManager.
03-21 20:52:59.127  1587  7863 W PresentationStatsEventLogger: Bad view state for: 1073741825, state: ViewState: [id=1073741856@1112969336, state:c008, currentValue:android.view.autofill.AutofillValue@1b030]
03-21 20:52:59.254   852  1054 I hwcomposer: [HWC] (0)fire a callback of refresh to SF[4]  
03-21 20:52:59.258   625  2778 W libperfmgr: Failed to write to node: /dev/stune/top-app/schedtune.boost with value: 10, fd: -1
03-21 20:52:59.258   625  2778 W libperfmgr: Failed to write to node: /proc/sys/kernel/sched_boost with value: 0, fd: -1
03-21 20:52:59.335   625  2778 W libperfmgr: Failed to write to node: /dev/stune/top-app/schedtune.boost with value: 10, fd: -1
03-21 20:52:59.335   625  2778 W libperfmgr: Failed to write to node: /proc/sys/kernel/sched_boost with value: 0, fd: -1
03-21 20:52:59.573  3073  3073 W TooltipLifecycleManager: TooltipLifecycleManager.dismissTooltips():153 Tooltip with id SUGGESTION_VIEW_EDU_MINI_DIALOG not found in tooltipManager.
03-21 20:52:59.581  1587  7863 W PresentationStatsEventLogger: Bad view state for: 1073741825, state: ViewState: [id=1073741856@1112969336, state:c008, currentValue:android.view.autofill.AutofillValue@34639f]
03-21 20:52:59.653   881   881 I WifiHAL : feature_set=0x8488141a
03-21 20:52:59.654  1587  1927 I HalDevMgr: bestIfaceCreationProposal is null, requestIface=STA, existingIface=[name=wlan0 type=STA]
03-21 20:52:59.751  3073  3073 W TooltipLifecycleManager: TooltipLifecycleManager.dismissTooltips():153 Tooltip with id SUGGESTION_VIEW_EDU_MINI_DIALOG not found in tooltipManager.
03-21 20:52:59.758  1587  7863 W PresentationStatsEventLogger: Bad view state for: 1073741825, state: ViewState: [id=1073741856@1112969336, state:c008, currentValue:android.view.autofill.AutofillValue@6581e10]
03-21 20:52:59.836   625  2778 W libperfmgr: Failed to write to node: /dev/stune/top-app/schedtune.boost with value: 10, fd: -1
03-21 20:52:59.836   625  2778 W libperfmgr: Failed to write to node: /proc/sys/kernel/sched_boost with value: 0, fd: -1
03-21 20:52:59.886   852  1054 I hwcomposer: [HWC] (0)fire a callback of refresh to SF[4]  
03-21 20:52:59.891   625  2778 W libperfmgr: Failed to write to node: /dev/stune/top-app/schedtune.boost with value: 10, fd: -1
03-21 20:52:59.892   625  2778 W libperfmgr: Failed to write to node: /proc/sys/kernel/sched_boost with value: 0, fd: -1
03-21 20:52:59.896   852   992 I hwcomposer: [HWCDisplay] [Display_0 (type:1)] fps:19.306740,dur:1035.91,max:274.38,min:10.90  
03-21 20:52:59.967   625  2778 W libperfmgr: Failed to write to node: /dev/stune/top-app/schedtune.boost with value: 10, fd: -1
03-21 20:52:59.968   625  2778 W libperfmgr: Failed to write to node: /proc/sys/kernel/sched_boost with value: 0, fd: -1
03-21 20:53:00.123  3073  3073 W TooltipLifecycleManager: TooltipLifecycleManager.dismissTooltips():153 Tooltip with id SUGGESTION_VIEW_EDU_MINI_DIALOG not found in tooltipManager.
03-21 20:53:00.128  1587  7863 W PresentationStatsEventLogger: Bad view state for: 1073741825, state: ViewState: [id=1073741856@1112969336, state:c008, currentValue:android.view.autofill.AutofillValue@c4abb23b]
03-21 20:53:00.254   852  1054 I hwcomposer: [HWC] (0)fire a callback of refresh to SF[4]  
03-21 20:53:00.258   625  2778 W libperfmgr: Failed to write to node: /dev/stune/top-app/schedtune.boost with value: 10, fd: -1
03-21 20:53:00.258   625  2778 W libperfmgr: Failed to write to node: /proc/sys/kernel/sched_boost with value: 0, fd: -1
03-21 20:53:00.335   625  2778 W libperfmgr: Failed to write to node: /dev/stune/top-app/schedtune.boost with value: 10, fd: -1
03-21 20:53:00.335   625  2778 W libperfmgr: Failed to write to node: /proc/sys/kernel/sched_boost with value: 0, fd: -1
03-21 20:53:00.447  3073  3073 W TooltipLifecycleManager: TooltipLifecycleManager.dismissTooltips():153 Tooltip with id SUGGESTION_VIEW_EDU_MINI_DIALOG not found in tooltipManager.
03-21 20:53:00.452  1587  7863 W PresentationStatsEventLogger: Bad view state for: 1073741825, state: ViewState: [id=1073741856@1112969336, state:c008, currentValue:android.view.autofill.AutofillValue@d0caa278]
03-21 20:53:00.603  3073  3073 W TooltipLifecycleManager: TooltipLifecycleManager.dismissTooltips():153 Tooltip with id SUGGESTION_VIEW_EDU_MINI_DIALOG not found in tooltipManager.
03-21 20:53:00.611  1587  7863 W PresentationStatsEventLogger: Bad view state for: 1073741825, state: ViewState: [id=1073741856@1112969336, state:c008, currentValue:android.view.autofill.AutofillValue@4889ba38]
03-21 20:53:00.688 28143 28143 W libbinder.BackendUnifiedServiceManager: Thread Pool max thread count is 0. Cannot cache binder as linkToDeath cannot be implemented. serviceName: deviceidle
03-21 20:53:00.716 28145 28145 W libbinder.BackendUnifiedServiceManager: Thread Pool max thread count is 0. Cannot cache binder as linkToDeath cannot be implemented. serviceName: battery
03-21 20:53:00.742   852  1054 I hwcomposer: [HWC] (0)fire a callback of refresh to SF[4]  
03-21 20:53:00.744 28147 28147 W libbinder.BackendUnifiedServiceManager: Thread Pool max thread count is 0. Cannot cache binder as linkToDeath cannot be implemented. serviceName: deviceidle
03-21 20:53:00.746   625  2778 W libperfmgr: Failed to write to node: /dev/stune/top-app/schedtune.boost with value: 10, fd: -1
03-21 20:53:00.746   625  2778 W libperfmgr: Failed to write to node: /proc/sys/kernel/sched_boost with value: 0, fd: -1
03-21 20:53:00.757   625  2778 W libperfmgr: Failed to write to node: /dev/stune/top-app/schedtune.boost with value: 10, fd: -1
03-21 20:53:00.757   625  2778 W libperfmgr: Failed to write to node: /proc/sys/kernel/sched_boost with value: 0, fd: -1
03-21 20:53:00.778 28150 28150 W libbinder.BackendUnifiedServiceManager: Thread Pool max thread count is 0. Cannot cache binder as linkToDeath cannot be implemented. serviceName: activity
03-21 20:53:00.785  1587  7863 I ImeTracker: system_server:4eb33f54: onRequestShow at ORIGIN_SERVER reason CONTROLS_CHANGED fromUser false
03-21 20:53:00.813  3073  3073 W TooltipLifecycleManager: TooltipLifecycleManager.dismissTooltips():153 Tooltip with id SUGGESTION_VIEW_EDU_MINI_DIALOG not found in tooltipManager.
03-21 20:53:00.817  1587  7863 W PresentationStatsEventLogger: Bad view state for: 1073741825, state: ViewState: [id=1073741856@1112969336, state:c008, currentValue:android.view.autofill.AutofillValue@c8ad98c6]
03-21 20:53:00.830   852  1054 I hwcomposer: [HWC] (0)fire a callback of refresh to SF[4]  
03-21 20:53:00.836   625  2778 W libperfmgr: Failed to write to node: /dev/stune/top-app/schedtune.boost with value: 10, fd: -1
03-21 20:53:00.836   625  2778 W libperfmgr: Failed to write to node: /proc/sys/kernel/sched_boost with value: 0, fd: -1
03-21 20:53:00.842 28159 28159 W libbinder.BackendUnifiedServiceManager: Thread Pool max thread count is 0. Cannot cache binder as linkToDeath cannot be implemented. serviceName: battery
03-21 20:53:00.846   625  2778 W libperfmgr: Failed to write to node: /dev/stune/top-app/schedtune.boost with value: 10, fd: -1
03-21 20:53:00.846   625  2778 W libperfmgr: Failed to write to node: /proc/sys/kernel/sched_boost with value: 0, fd: -1
03-21 20:53:00.930   852  1054 I hwcomposer: [HWC] (0)fire a callback of refresh to SF[4]  
03-21 20:53:00.938   625  2778 W libperfmgr: Failed to write to node: /dev/stune/top-app/schedtune.boost with value: 10, fd: -1
03-21 20:53:00.938   625  2778 W libperfmgr: Failed to write to node: /proc/sys/kernel/sched_boost with value: 0, fd: -1
03-21 20:53:00.942   852   992 I hwcomposer: [HWCDisplay] [Display_0 (type:1)] fps:23.916483,dur:1045.30,max:153.63,min:9.45  
03-21 20:53:01.011   625  2778 W libperfmgr: Failed to write to node: /dev/stune/top-app/schedtune.boost with value: 10, fd: -1
03-21 20:53:01.012   625  2778 W libperfmgr: Failed to write to node: /proc/sys/kernel/sched_boost with value: 0, fd: -1
03-21 20:53:01.234  3073  3073 W TooltipLifecycleManager: TooltipLifecycleManager.dismissTooltips():153 Tooltip with id SUGGESTION_VIEW_EDU_MINI_DIALOG not found in tooltipManager.
03-21 20:53:01.239  1587  7863 W PresentationStatsEventLogger: Bad view state for: 1073741825, state: ViewState: [id=1073741856@1112969336, state:c008, currentValue:android.view.autofill.AutofillValue@4d0585cb]
03-21 20:53:01.258   852  1054 I hwcomposer: [HWC] (0)fire a callback of refresh to SF[4]  
03-21 20:53:01.270   625  2778 W libperfmgr: Failed to write to node: /dev/stune/top-app/schedtune.boost with value: 10, fd: -1
03-21 20:53:01.270   625  2778 W libperfmgr: Failed to write to node: /proc/sys/kernel/sched_boost with value: 0, fd: -1
03-21 20:53:01.303   625  2778 W libperfmgr: Failed to write to node: /dev/stune/top-app/schedtune.boost with value: 10, fd: -1
03-21 20:53:01.303   625  2778 W libperfmgr: Failed to write to node: /proc/sys/kernel/sched_boost with value: 0, fd: -1
03-21 20:53:01.366   852  1054 I hwcomposer: [HWC] (0)fire a callback of refresh to SF[4]  
03-21 20:53:01.380   625  2778 W libperfmgr: Failed to write to node: /dev/stune/top-app/schedtune.boost with value: 10, fd: -1
03-21 20:53:01.380   625  2778 W libperfmgr: Failed to write to node: /proc/sys/kernel/sched_boost with value: 0, fd: -1
03-21 20:53:01.447   625  2778 W libperfmgr: Failed to write to node: /dev/stune/top-app/schedtune.boost with value: 10, fd: -1
03-21 20:53:01.448   625  2778 W libperfmgr: Failed to write to node: /proc/sys/kernel/sched_boost with value: 0, fd: -1
03-21 20:53:01.830   852  1054 I hwcomposer: [HWC] (0)fire a callback of refresh to SF[4]  
03-21 20:53:01.835   625  2778 W libperfmgr: Failed to write to node: /dev/stune/top-app/schedtune.boost with value: 10, fd: -1
03-21 20:53:01.835   625  2778 W libperfmgr: Failed to write to node: /proc/sys/kernel/sched_boost with value: 0, fd: -1
03-21 20:53:01.909   625  2778 W libperfmgr: Failed to write to node: /dev/stune/top-app/schedtune.boost with value: 50, fd: -1
03-21 20:53:01.909   625  2778 W libperfmgr: Failed to write to node: /proc/sys/kernel/sched_boost with value: 2, fd: -1
03-21 20:53:01.911   625  2778 W libperfmgr: Failed to write to node: /dev/stune/top-app/schedtune.boost with value: 50, fd: -1
03-21 20:53:01.911   625  2778 W libperfmgr: Failed to write to node: /proc/sys/kernel/sched_boost with value: 2, fd: -1
03-21 20:53:02.009   625  2778 W libperfmgr: Failed to write to node: /dev/stune/top-app/schedtune.boost with value: 10, fd: -1
03-21 20:53:02.009   625  2778 W libperfmgr: Failed to write to node: /proc/sys/kernel/sched_boost with value: 0, fd: -1
03-21 20:53:02.248   852   992 I hwcomposer: [HWCDisplay] [Display_0 (type:1)] fps:6.887345,dur:1306.74,max:407.79,min:11.06  
03-21 20:53:02.330   852  1054 I hwcomposer: [HWC] (0)fire a callback of refresh to SF[4]  
03-21 20:53:02.339   625  2778 W libperfmgr: Failed to write to node: /dev/stune/top-app/schedtune.boost with value: 10, fd: -1
03-21 20:53:02.339   625  2778 W libperfmgr: Failed to write to node: /proc/sys/kernel/sched_boost with value: 0, fd: -1
03-21 20:53:02.348 26664 26752 E ReactNativeJS: 'API Error Response:', '<html>\r\n<head><title>404 Not Found</title></head>\r\n<body>\r\n<center><h1>404 Not Found</h1></center>\r\n<hr><center>nginx/1.25.5</center>\r\n</body>\r\n</html>\r\n'
03-21 20:53:02.364 26664 26752 E ReactNativeJS: 'Login error:', [AxiosError: Request failed with status code 404]
03-21 20:53:02.368   625  2778 W libperfmgr: Failed to write to node: /dev/stune/top-app/schedtune.boost with value: 10, fd: -1
03-21 20:53:02.369   625  2778 W libperfmgr: Failed to write to node: /proc/sys/kernel/sched_boost with value: 0, fd: -1
03-21 20:53:02.381 26664 26664 W WindowOnBackDispatcher: OnBackInvokedCallback is not enabled for the application.
03-21 20:53:02.381 26664 26664 W WindowOnBackDispatcher: Set 'android:enableOnBackInvokedCallback="true"' in the application manifest.
03-21 20:53:02.435  1587  1657 I ImeTracker: system_server:71fe908c: onRequestShow at ORIGIN_SERVER reason CONTROLS_CHANGED fromUser false
03-21 20:53:02.439   914   988 E surfaceflinger: == MALI DEBUG ===eglp_winsys_populate_image_templates ==12288
03-21 20:53:02.444   625  2778 W libperfmgr: Failed to write to node: /dev/stune/top-app/schedtune.boost with value: 50, fd: -1
03-21 20:53:02.445   625  2778 W libperfmgr: Failed to write to node: /proc/sys/kernel/sched_boost with value: 2, fd: -1
03-21 20:53:02.458   914   988 E surfaceflinger: == MALI DEBUG ===eglp_winsys_populate_image_templates ==12288
03-21 20:53:02.461 26664 26664 I ImeTracker: system_server:71fe908c: onCancelled at PHASE_CLIENT_ON_CONTROLS_CHANGED
03-21 20:53:02.468   914   988 E surfaceflinger: == MALI DEBUG ===eglp_winsys_populate_image_templates ==12288
03-21 20:53:02.477   914   988 E surfaceflinger: == MALI DEBUG ===eglp_winsys_populate_image_templates ==12288
03-21 20:53:02.605   625  2778 W libperfmgr: Failed to write to node: /dev/stune/top-app/schedtune.boost with value: 10, fd: -1
03-21 20:53:02.605   625  2778 W libperfmgr: Failed to write to node: /proc/sys/kernel/sched_boost with value: 0, fd: -1
03-21 20:53:02.671   881  2016 I WifiHAL : feature_set=0x8488141a
03-21 20:53:02.673  1587  1927 I HalDevMgr: bestIfaceCreationProposal is null, requestIface=STA, existingIface=[name=wlan0 type=STA]
03-21 20:53:02.754   852  1054 I hwcomposer: [HWC] (0)fire a callback of refresh to SF[4]  
03-21 20:53:02.760   625  2778 W libperfmgr: Failed to write to node: /dev/stune/top-app/schedtune.boost with value: 10, fd: -1
03-21 20:53:02.760   625  2778 W libperfmgr: Failed to write to node: /proc/sys/kernel/sched_boost with value: 0, fd: -1
03-21 20:53:02.768   625  2778 W libperfmgr: Failed to write to node: /dev/stune/top-app/schedtune.boost with value: 10, fd: -1
03-21 20:53:02.768   625  2778 W libperfmgr: Failed to write to node: /proc/sys/kernel/sched_boost with value: 0, fd: -1
03-21 20:53:02.823   852  1054 I hwcomposer: [HWC] (0)fire a callback of refresh to SF[4]  
03-21 20:53:02.835   625  2778 W libperfmgr: Failed to write to node: /dev/stune/top-app/schedtune.boost with value: 10, fd: -1
03-21 20:53:02.835   625  2778 W libperfmgr: Failed to write to node: /proc/sys/kernel/sched_boost with value: 0, fd: -1
03-21 20:53:02.904   625  2778 W libperfmgr: Failed to write to node: /dev/stune/top-app/schedtune.boost with value: 10, fd: -1
03-21 20:53:02.904   625  2778 W libperfmgr: Failed to write to node: /proc/sys/kernel/sched_boost with value: 0, fd: -1
03-21 20:53:03.019 26664 26679 E com.rnat: mali-debug: still pending callback,wait...
03-21 20:53:03.032 26664 26664 W WindowOnBackDispatcher: OnBackInvokedCallback is not enabled for the application.
03-21 20:53:03.032 26664 26664 W WindowOnBackDispatcher: Set 'android:enableOnBackInvokedCallback="true"' in the application manifest.
03-21 20:53:03.034   625  2778 W libperfmgr: Failed to write to node: /dev/stune/top-app/schedtune.boost with value: 50, fd: -1
03-21 20:53:03.034   625  2778 W libperfmgr: Failed to write to node: /proc/sys/kernel/sched_boost with value: 2, fd: -1
03-21 20:53:03.045  1587  1657 I ImeTracker: system_server:2213357: onRequestShow at ORIGIN_SERVER reason CONTROLS_CHANGED fromUser false
03-21 20:53:03.047 26664 26664 I ImeTracker: system_server:2213357: onCancelled at PHASE_CLIENT_ON_CONTROLS_CHANGED
03-21 20:53:03.185   625  2778 W libperfmgr: Failed to write to node: /dev/stune/top-app/schedtune.boost with value: 10, fd: -1
03-21 20:53:03.185   625  2778 W libperfmgr: Failed to write to node: /proc/sys/kernel/sched_boost with value: 0, fd: -1
03-21 20:53:03.210   852  1054 I hwcomposer: [HWC] (0)fire a callback of refresh to SF[4]  
03-21 20:53:03.223   625  2778 W libperfmgr: Failed to write to node: /dev/stune/top-app/schedtune.boost with value: 10, fd: -1
03-21 20:53:03.223   625  2778 W libperfmgr: Failed to write to node: /proc/sys/kernel/sched_boost with value: 0, fd: -1
03-21 20:53:03.291   625  2778 W libperfmgr: Failed to write to node: /dev/stune/top-app/schedtune.boost with value: 10, fd: -1
03-21 20:53:03.291   625  2778 W libperfmgr: Failed to write to node: /proc/sys/kernel/sched_boost with value: 0, fd: -1
03-21 20:53:03.581   852   992 I hwcomposer: [HWCDisplay] [Display_0 (type:1)] fps:33.764614,dur:1332.76,max:351.48,min:7.67  
03-21 20:53:03.642   852  1054 I hwcomposer: [HWC] (0)fire a callback of refresh to SF[4]  
03-21 20:53:03.646   625  2778 W libperfmgr: Failed to write to node: /dev/stune/top-app/schedtune.boost with value: 10, fd: -1
03-21 20:53:03.646   625  2778 W libperfmgr: Failed to write to node: /proc/sys/kernel/sched_boost with value: 0, fd: -1
03-21 20:53:03.723   625  2778 W libperfmgr: Failed to write to node: /dev/stune/top-app/schedtune.boost with value: 10, fd: -1
03-21 20:53:03.723   625  2778 W libperfmgr: Failed to write to node: /proc/sys/kernel/sched_boost with value: 0, fd: -1
03-21 20:53:04.142   852  1054 I hwcomposer: [HWC] (0)fire a callback of refresh to SF[4]  
03-21 20:53:04.145   625  2778 W libperfmgr: Failed to write to node: /dev/stune/top-app/schedtune.boost with value: 10, fd: -1
03-21 20:53:04.145   625  2778 W libperfmgr: Failed to write to node: /proc/sys/kernel/sched_boost with value: 0, fd: -1
03-21 20:53:04.223   625  2778 W libperfmgr: Failed to write to node: /dev/stune/top-app/schedtune.boost with value: 10, fd: -1
03-21 20:53:04.223   625  2778 W libperfmgr: Failed to write to node: /proc/sys/kernel/sched_boost with value: 0, fd: -1
03-21 20:53:04.422  1587  1910 I ImeTracker: system_server:85503e5b: onTimeout at PHASE_WM_GET_CONTROL_WITH_LEASH
03-21 20:53:04.642   852  1054 I hwcomposer: [HWC] (0)fire a callback of refresh to SF[4]  
03-21 20:53:04.645   625  2778 W libperfmgr: Failed to write to node: /dev/stune/top-app/schedtune.boost with value: 10, fd: -1
03-21 20:53:04.645   625  2778 W libperfmgr: Failed to write to node: /proc/sys/kernel/sched_boost with value: 0, fd: -1
03-21 20:53:04.651   852   992 I hwcomposer: [HWCDisplay] [Display_0 (type:1)] fps:4.674677,dur:1069.59,max:430.32,min:69.72  
03-21 20:53:04.723   625  2778 W libperfmgr: Failed to write to node: /dev/stune/top-app/schedtune.boost with value: 10, fd: -1
03-21 20:53:04.723   625  2778 W libperfmgr: Failed to write to node: /proc/sys/kernel/sched_boost with value: 0, fd: -1
03-21 20:53:05.142   852  1054 I hwcomposer: [HWC] (0)fire a callback of refresh to SF[4]  
03-21 20:53:05.156   625  2778 W libperfmgr: Failed to write to node: /dev/stune/top-app/schedtune.boost with value: 10, fd: -1
03-21 20:53:05.156   625  2778 W libperfmgr: Failed to write to node: /proc/sys/kernel/sched_boost with value: 0, fd: -1
03-21 20:53:05.223   625  2778 W libperfmgr: Failed to write to node: /dev/stune/top-app/schedtune.boost with value: 10, fd: -1
03-21 20:53:05.223   625  2778 W libperfmgr: Failed to write to node: /proc/sys/kernel/sched_boost with value: 0, fd: -1
03-21 20:53:05.638   852  1054 I hwcomposer: [HWC] (0)fire a callback of refresh to SF[4]  
03-21 20:53:05.645   625  2778 W libperfmgr: Failed to write to node: /dev/stune/top-app/schedtune.boost with value: 10, fd: -1
03-21 20:53:05.645   625  2778 W libperfmgr: Failed to write to node: /proc/sys/kernel/sched_boost with value: 0, fd: -1
03-21 20:53:05.680   881  2016 I WifiHAL : feature_set=0x8488141a
03-21 20:53:05.681  1587  1927 I HalDevMgr: bestIfaceCreationProposal is null, requestIface=STA, existingIface=[name=wlan0 type=STA]
03-21 20:53:05.719   625  2778 W libperfmgr: Failed to write to node: /dev/stune/top-app/schedtune.boost with value: 10, fd: -1
03-21 20:53:05.719   625  2778 W libperfmgr: Failed to write to node: /proc/sys/kernel/sched_boost with value: 0, fd: -1
03-21 20:53:06.080   852   992 I hwcomposer: [HWCDisplay] [Display_0 (type:1)] fps:3.497050,dur:1429.78,max:430.16,min:69.67  
03-21 20:53:06.142   852  1054 I hwcomposer: [HWC] (0)fire a callback of refresh to SF[4]  
03-21 20:53:06.156   625  2778 W libperfmgr: Failed to write to node: /dev/stune/top-app/schedtune.boost with value: 10, fd: -1
03-21 20:53:06.156   625  2778 W libperfmgr: Failed to write to node: /proc/sys/kernel/sched_boost with value: 0, fd: -1
03-21 20:53:06.223   625  2778 W libperfmgr: Failed to write to node: /dev/stune/top-app/schedtune.boost with value: 10, fd: -1
03-21 20:53:06.223   625  2778 W libperfmgr: Failed to write to node: /proc/sys/kernel/sched_boost with value: 0, fd: -1
03-21 20:53:06.642   852  1054 I hwcomposer: [HWC] (0)fire a callback of refresh to SF[4]  
03-21 20:53:06.656   625  2778 W libperfmgr: Failed to write to node: /dev/stune/top-app/schedtune.boost with value: 10, fd: -1
03-21 20:53:06.656   625  2778 W libperfmgr: Failed to write to node: /proc/sys/kernel/sched_boost with value: 0, fd: -1
03-21 20:53:06.723   625  2778 W libperfmgr: Failed to write to node: /dev/stune/top-app/schedtune.boost with value: 10, fd: -1
03-21 20:53:06.723   625  2778 W libperfmgr: Failed to write to node: /proc/sys/kernel/sched_boost with value: 0, fd: -1
03-21 20:53:07.065 28169 28169 W libbinder.BackendUnifiedServiceManager: Thread Pool max thread count is 0. Cannot cache binder as linkToDeath cannot be implemented. serviceName: deviceidle
03-21 20:53:07.082 28171 28171 W libbinder.BackendUnifiedServiceManager: Thread Pool max thread count is 0. Cannot cache binder as linkToDeath cannot be implemented. serviceName: battery
03-21 20:53:07.110 28173 28173 W libbinder.BackendUnifiedServiceManager: Thread Pool max thread count is 0. Cannot cache binder as linkToDeath cannot be implemented. serviceName: deviceidle
03-21 20:53:07.137 28176 28176 W libbinder.BackendUnifiedServiceManager: Thread Pool max thread count is 0. Cannot cache binder as linkToDeath cannot be implemented. serviceName: activity
03-21 20:53:07.142   852  1054 I hwcomposer: [HWC] (0)fire a callback of refresh to SF[4]  
03-21 20:53:07.144  1587  7863 I ImeTracker: system_server:fc2cd495: onRequestShow at ORIGIN_SERVER reason CONTROLS_CHANGED fromUser false
03-21 20:53:07.147 26664 26664 W unknown:ReactNative: Can't cancel already finished gesture. Is a child View trying to start a gesture from an UP/CANCEL event?
03-21 20:53:07.156   625  2778 W libperfmgr: Failed to write to node: /dev/stune/top-app/schedtune.boost with value: 10, fd: -1
03-21 20:53:07.156   625  2778 W libperfmgr: Failed to write to node: /proc/sys/kernel/sched_boost with value: 0, fd: -1
03-21 20:53:07.160   852   992 I hwcomposer: [HWCDisplay] [Display_0 (type:1)] fps:4.631142,dur:1079.65,max:419.23,min:79.97  
03-21 20:53:07.191 28185 28185 W libbinder.BackendUnifiedServiceManager: Thread Pool max thread count is 0. Cannot cache binder as linkToDeath cannot be implemented. serviceName: battery
03-21 20:53:07.224   625  2778 W libperfmgr: Failed to write to node: /dev/stune/top-app/schedtune.boost with value: 10, fd: -1
03-21 20:53:07.224   625  2778 W libperfmgr: Failed to write to node: /proc/sys/kernel/sched_boost with value: 0, fd: -1
03-21 20:53:07.422   625  2778 W libperfmgr: Failed to write to node: /dev/stune/top-app/schedtune.boost with value: 50, fd: -1
03-21 20:53:07.422   625  2778 W libperfmgr: Failed to write to node: /proc/sys/kernel/sched_boost with value: 2, fd: -1
03-21 20:53:07.521   625  2778 W libperfmgr: Failed to write to node: /dev/stune/top-app/schedtune.boost with value: 10, fd: -1
03-21 20:53:07.521   625  2778 W libperfmgr: Failed to write to node: /proc/sys/kernel/sched_boost with value: 0, fd: -1
03-21 20:53:07.638   852  1054 I hwcomposer: [HWC] (0)fire a callback of refresh to SF[4]  
03-21 20:53:07.644   625  2778 W libperfmgr: Failed to write to node: /dev/stune/top-app/schedtune.boost with value: 10, fd: -1
03-21 20:53:07.645   625  2778 W libperfmgr: Failed to write to node: /proc/sys/kernel/sched_boost with value: 0, fd: -1
03-21 20:53:07.719   625  2778 W libperfmgr: Failed to write to node: /dev/stune/top-app/schedtune.boost with value: 10, fd: -1
03-21 20:53:07.719   625  2778 W libperfmgr: Failed to write to node: /proc/sys/kernel/sched_boost with value: 0, fd: -1
03-21 20:53:08.138   852  1054 I hwcomposer: [HWC] (0)fire a callback of refresh to SF[4]  
03-21 20:53:08.144   625  2778 W libperfmgr: Failed to write to node: /dev/stune/top-app/schedtune.boost with value: 10, fd: -1
03-21 20:53:08.145   625  2778 W libperfmgr: Failed to write to node: /proc/sys/kernel/sched_boost with value: 0, fd: -1
03-21 20:53:08.219   625  2778 W libperfmgr: Failed to write to node: /dev/stune/top-app/schedtune.boost with value: 10, fd: -1
03-21 20:53:08.219   625  2778 W libperfmgr: Failed to write to node: /proc/sys/kernel/sched_boost with value: 0, fd: -1
03-21 20:53:08.540  3073  3073 I KeyboardWrapper: KeyboardWrapper.switchToKeyboard():677 switchToKeyboard(): type=symbol, status=ACTIVE
03-21 20:53:08.540  3073  3073 I KeyboardManager: KeyboardManager.requestKeyboard():249 Creating keyboard symbol, imeId=password, cacheKey=theme,!gsf,!pgsans,!pgsf,!use_system_font,BORDER,FLAVOR_DPI=XXHDPI,KEYBOARD_WIDTH_CATEGORY=NORMAL,KEY_BORDER_SHAPE=1,LIGHT_THEME=false,PHYSICAL_DIAGONAL=6.0649586,POPUP,SCREEN_SHORTEST_WIDTH=411,SCREEN_SHORTEST_WIDTH_NO_SCALE=411,SW400DP,XXHDPI,bottom4dp,enable_popup_on_keypress=true,keyboard_redesign_google_sans=true,non_linear_scale,noshadow,overlay_builtin_dynamic_color_dark_base.binarypb:gm3-dark-ff0d0e12-ffb8c6ee-4dd27a30afe06facd02255cbda95da6f,silkpopup
03-21 20:53:08.541  3073  3073 I KeyboardWrapper: KeyboardWrapper.onKeyboardReady():224 onKeyboardReady(): type=prime(symbol), kb=com.google.android.apps.inputmethod.latin.keyboard.LatinSymbolsKeyboard@5159400
03-21 20:53:08.541  3073  3073 I VoiceInputManager: VoiceInputManager.onKeyboardActivated():1216 onKeyboardActivated() [UD]
03-21 20:53:08.541  3073  3073 I HardKeyTracker: HardKeyTracker.unregisterKeySequence():229 Unregister key sequence oum{labelResId=2132020529, callback=fdl@4fb7922, lastModifier=2, keyCodes=[47], actions=[0]}
03-21 20:53:08.541  3073  3073 I HardKeyTracker: HardKeyTracker.registerKeySequence():178 Register key sequence oum{labelResId=2132020529, callback=fdl@28589b, lastModifier=2, keyCodes=[47], actions=[0]}
03-21 20:53:08.541  3073  3073 I KeyboardWrapper: KeyboardWrapper.doActivateKeyboard():612 doActivateKeyboard(): symbol
03-21 20:53:08.558  3073  3073 I BaseKeyboardSizeHelper: BaseKeyboardSizeHelper.calculateMaxKeyboardBodyHeight():73 leave 281 height for app when ime window height:2181, header height:116 and isFullscreenMode:false, so the max keyboard body height is:1784
03-21 20:53:08.558  3073  3073 W TooltipLifecycleManager: TooltipLifecycleManager.dismissTooltips():153 Tooltip with id undo_access_point_promotion_banner not found in tooltipManager.
03-21 20:53:08.560  3073  3073 I KeyboardModeUtils: KeyboardModeUtils.getKeyboardBottomOffset():435 inch: 0.000000 ydpi: 409.127014 adjustKeyboardBottomByDisplaySize: false currentDensityDpi: 420 defaultDensityDpi: 420 keyboardBottomToScreenPx: 0 keyboardBottomToNavBarPx: -126 navBarHeight: 126
03-21 20:53:08.560  3073  3073 I BaseKeyboardSizeHelper: BaseKeyboardSizeHelper.calculateMaxKeyboardBodyHeight():73 leave 281 height for app when ime window height:2181, header height:116 and isFullscreenMode:false, so the max keyboard body height is:1784
03-21 20:53:08.560  3073  3073 I BaseKeyboardSizeHelper: BaseKeyboardSizeHelper.calculateMaxKeyboardBodyHeight():73 leave 281 height for app when ime window height:2181, header height:116 and isFullscreenMode:false, so the max keyboard body height is:1784
03-21 20:53:08.561  3073  3073 I BaseKeyboardSizeHelper: BaseKeyboardSizeHelper.calculateMaxKeyboardBodyHeight():73 leave 281 height for app when ime window height:2181, header height:116 and isFullscreenMode:false, so the max keyboard body height is:1784
03-21 20:53:08.561  3073  3073 I BaseKeyboardSizeHelper: BaseKeyboardSizeHelper.calculateMaxKeyboardBodyHeight():73 leave 281 height for app when ime window height:2181, header height:116 and isFullscreenMode:false, so the max keyboard body height is:1784
03-21 20:53:08.561  3073  3073 I GlobeKeyExtension: GlobeKeyExtension.getKeyboardInitialStates():185 
03-21 20:53:08.562  3073  3073 W Keyboard: Keyboard.getKeyboardViewHelper():604 null helper is returned: keyboardDef=nww{processedConditions={layout_9key_split=false, free_cursor=false, enable_scrub_move=true, language=en-US, deprecate_long_press_space_for_ime_picker=false, keyboard_mode=normal, device=phone, expressions=normal, android_software_xr_api_spatial=false}, globalConditions={global_theme_key=theme,!gsf,!pgsans,!pgsf,!use_system_font,BORDER,FLAVOR_DPI=XXHDPI,KEYBOARD_WIDTH_CATEGORY=NORMAL,KEY_BORDER_SHAPE=1,LIGHT_THEME=false,PHYSICAL_DIAGONAL=6.0649586,POPUP,SCREEN_SHORTEST_WIDTH=411,SCREEN_SHORTEST_WIDTH_NO_SCALE=411,SW400DP,XXHDPI,bottom4dp,enable_popup_on_keypress=true,keyboard_redesign_google_sans=true,non_linear_scale,noshadow,overlay_builtin_dynamic_color_dark_base.binarypb:gm3-dark-ff0d0e12-ffb8c6ee-4dd27a30afe06facd02255cbda95da6f,silkpopup, global_locale=en_US, global_density_dpi=420, global_orientation=1}, className=.latin.keyboard.LatinSymbolsKeyboard, resourceIds=[#0x7f17091b], initialStates=0, keyboardViewDefs=[nxl{direction=LOCALE, id=#0x7f0b0226, isScalable=false, layoutId=#0x7f0e0507, type=HEADER, touchable=true, defaultShow=true}, nxl{direction=null, id=#0x7f0b0226, isScalable=true, layoutId=#0x7f0e04ed, type=BODY, touchable=true, defaultShow=true}], persistentStates=0, persistentStatesPrefKey=null, popupBubbleLayoutId=#0x7f0e0606, recentKeyLayoutId=#0x7f0e070c, recentKeyPopupLayoutId=#0x7f0e05f9, recentKeyType=null, rememberRecentKey=NONE, sessionStates=0}, type=FLOATING_CANDIDATES, helpersCreated={HEADER=nhw@4c4ce4d, BODY=nhw@b357d02}, context.getResources().getConfiguration(): {1.0 257mcc2mnc [en_US,ru_BY] ldltr sw411dp w411dp h914dp 420dpi nrml long compactNeeded port night finger -keyb/v/h -nav/h winConfig={ mBounds=Rect(0, 0 - 1080, 2400) mAppBounds=Rect(0, 0 - 1080, 2400) mMaxBounds=Rect(0, 0 - 1080, 2400) mDisplayRotation=ROTATION_0 mWindowingMode=fullscreen mActivityType=undefined mAlwaysOnTop=undefined mRotation=ROTATION_0} as.3 s.42 fontWeightAdjustment=0}
03-21 20:53:08.562  3073  3073 W Keyboard: Keyboard.getKeyboardViewHelper():604 null helper is returned: keyboardDef=nww{processedConditions={layout_9key_split=false, free_cursor=false, enable_scrub_move=true, language=en-US, deprecate_long_press_space_for_ime_picker=false, keyboard_mode=normal, device=phone, expressions=normal, android_software_xr_api_spatial=false}, globalConditions={global_theme_key=theme,!gsf,!pgsans,!pgsf,!use_system_font,BORDER,FLAVOR_DPI=XXHDPI,KEYBOARD_WIDTH_CATEGORY=NORMAL,KEY_BORDER_SHAPE=1,LIGHT_THEME=false,PHYSICAL_DIAGONAL=6.0649586,POPUP,SCREEN_SHORTEST_WIDTH=411,SCREEN_SHORTEST_WIDTH_NO_SCALE=411,SW400DP,XXHDPI,bottom4dp,enable_popup_on_keypress=true,keyboard_redesign_google_sans=true,non_linear_scale,noshadow,overlay_builtin_dynamic_color_dark_base.binarypb:gm3-dark-ff0d0e12-ffb8c6ee-4dd27a30afe06facd02255cbda95da6f,silkpopup, global_locale=en_US, global_density_dpi=420, global_orientation=1}, className=.latin.keyboard.LatinSymbolsKeyboard, resourceIds=[#0x7f17091b], initialStates=0, keyboardViewDefs=[nxl{direction=LOCALE, id=#0x7f0b0226, isScalable=false, layoutId=#0x7f0e0507, type=HEADER, touchable=true, defaultShow=true}, nxl{direction=null, id=#0x7f0b0226, isScalable=true, layoutId=#0x7f0e04ed, type=BODY, touchable=true, defaultShow=true}], persistentStates=0, persistentStatesPrefKey=null, popupBubbleLayoutId=#0x7f0e0606, recentKeyLayoutId=#0x7f0e070c, recentKeyPopupLayoutId=#0x7f0e05f9, recentKeyType=null, rememberRecentKey=NONE, sessionStates=0}, type=WIDGET, helpersCreated={HEADER=nhw@4c4ce4d, BODY=nhw@b357d02}, context.getResources().getConfiguration(): {1.0 257mcc2mnc [en_US,ru_BY] ldltr sw411dp w411dp h914dp 420dpi nrml long compactNeeded port night finger -keyb/v/h -nav/h winConfig={ mBounds=Rect(0, 0 - 1080, 2400) mAppBounds=Rect(0, 0 - 1080, 2400) mMaxBounds=Rect(0, 0 - 1080, 2400) mDisplayRotation=ROTATION_0 mWindowingMode=fullscreen mActivityType=undefined mAlwaysOnTop=undefined mRotation=ROTATION_0} as.3 s.42 fontWeightAdjustment=0}
03-21 20:53:08.563  3073  3073 I BaseKeyboardSizeHelper: BaseKeyboardSizeHelper.calculateMaxKeyboardBodyHeight():73 leave 281 height for app when ime window height:2181, header height:116 and isFullscreenMode:false, so the max keyboard body height is:1784
03-21 20:53:08.579  3073  3073 I GoogleInputMethodService: GoogleInputMethodService$1.onKeyboardViewShown():331 onKeyboardViewShown: keyboardType=symbol, keyboardViewType=HEADER keyboardView=com.google.android.libraries.inputmethod.widgets.SoftKeyboardView{6e04319 V.E...... ........ 0,0-1080,116 #7f0b0394 app:id/0_resource_name_obfuscated}
03-21 20:53:08.579  3073  3073 I BaseKeyboardSizeHelper: BaseKeyboardSizeHelper.calculateMaxKeyboardBodyHeight():73 leave 281 height for app when ime window height:2181, header height:116 and isFullscreenMode:false, so the max keyboard body height is:1784
03-21 20:53:08.579  3073  3073 I GoogleInputMethodService: GoogleInputMethodService$1.onKeyboardViewShown():331 onKeyboardViewShown: keyboardType=symbol, keyboardViewType=BODY keyboardView=com.google.android.libraries.inputmethod.widgets.SoftKeyboardView{1d88045 V.E...... ........ 0,0-1080,764}
03-21 20:53:08.580  3073  3073 I BaseKeyboardSizeHelper: BaseKeyboardSizeHelper.calculateMaxKeyboardBodyHeight():73 leave 281 height for app when ime window height:2181, header height:116 and isFullscreenMode:false, so the max keyboard body height is:1784
03-21 20:53:08.580   852   992 I hwcomposer: [HWCDisplay] [Display_0 (type:1)] fps:3.521996,dur:1419.65,max:430.04,min:69.88  
03-21 20:53:08.580  3073  3073 I NewLanguagePromptExtension: NewLanguagePromptExtension$1.onKeyboardViewShown():88 Not show new language banner: not prime keyboard, or the extension not activated.
03-21 20:53:08.603  3073  3073 I KeyboardModeUtils: KeyboardModeUtils.getKeyboardBottomOffset():435 inch: 0.000000 ydpi: 409.127014 adjustKeyboardBottomByDisplaySize: false currentDensityDpi: 420 defaultDensityDpi: 420 keyboardBottomToScreenPx: 0 keyboardBottomToNavBarPx: -126 navBarHeight: 126
03-21 20:53:08.604  3073  3073 I BaseKeyboardSizeHelper: BaseKeyboardSizeHelper.calculateMaxKeyboardBodyHeight():73 leave 281 height for app when ime window height:2181, header height:116 and isFullscreenMode:false, so the max keyboard body height is:1784
03-21 20:53:08.604  3073  3073 I BaseKeyboardSizeHelper: BaseKeyboardSizeHelper.calculateMaxKeyboardBodyHeight():73 leave 281 height for app when ime window height:2181, header height:116 and isFullscreenMode:false, so the max keyboard body height is:1784
03-21 20:53:08.604  3073  3073 I KeyboardModeUtils: KeyboardModeUtils.getKeyboardBottomOffset():435 inch: 0.000000 ydpi: 409.127014 adjustKeyboardBottomByDisplaySize: false currentDensityDpi: 420 defaultDensityDpi: 420 keyboardBottomToScreenPx: 0 keyboardBottomToNavBarPx: -126 navBarHeight: 126
03-21 20:53:08.604  3073  3073 I BaseKeyboardSizeHelper: BaseKeyboardSizeHelper.calculateMaxKeyboardBodyHeight():73 leave 281 height for app when ime window height:2181, header height:116 and isFullscreenMode:false, so the max keyboard body height is:1784
03-21 20:53:08.604  3073  3073 I BaseKeyboardSizeHelper: BaseKeyboardSizeHelper.calculateMaxKeyboardBodyHeight():73 leave 281 height for app when ime window height:2181, header height:116 and isFullscreenMode:false, so the max keyboard body height is:1784
03-21 20:53:08.614   625  2778 W libperfmgr: Failed to write to node: /dev/stune/top-app/schedtune.boost with value: 50, fd: -1
03-21 20:53:08.614   625  2778 W libperfmgr: Failed to write to node: /proc/sys/kernel/sched_boost with value: 2, fd: -1
03-21 20:53:08.690   881  2016 I WifiHAL : feature_set=0x8488141a
03-21 20:53:08.691  1587  1927 I HalDevMgr: bestIfaceCreationProposal is null, requestIface=STA, existingIface=[name=wlan0 type=STA]
03-21 20:53:08.718   852  1054 I hwcomposer: [HWC] (0)fire a callback of refresh to SF[4]  
03-21 20:53:08.721   625  2778 W libperfmgr: Failed to write to node: /dev/stune/top-app/schedtune.boost with value: 50, fd: -1
03-21 20:53:08.721   625  2778 W libperfmgr: Failed to write to node: /proc/sys/kernel/sched_boost with value: 2, fd: -1
03-21 20:53:08.799   625  2778 W libperfmgr: Failed to write to node: /dev/stune/top-app/schedtune.boost with value: 50, fd: -1
03-21 20:53:08.799   625  2778 W libperfmgr: Failed to write to node: /proc/sys/kernel/sched_boost with value: 2, fd: -1
03-21 20:53:08.864   625  2778 W libperfmgr: Failed to write to node: /dev/stune/top-app/schedtune.boost with value: 10, fd: -1
03-21 20:53:08.864   625  2778 W libperfmgr: Failed to write to node: /proc/sys/kernel/sched_boost with value: 0, fd: -1
03-21 20:53:09.162   852  1054 I hwcomposer: [HWC] (0)fire a callback of refresh to SF[4]  
03-21 20:53:09.166   625  2778 W libperfmgr: Failed to write to node: /dev/stune/top-app/schedtune.boost with value: 10, fd: -1
03-21 20:53:09.166   625  2778 W libperfmgr: Failed to write to node: /proc/sys/kernel/sched_boost with value: 0, fd: -1
03-21 20:53:09.243   625  2778 W libperfmgr: Failed to write to node: /dev/stune/top-app/schedtune.boost with value: 10, fd: -1
03-21 20:53:09.243   625  2778 W libperfmgr: Failed to write to node: /proc/sys/kernel/sched_boost with value: 0, fd: -1
03-21 20:53:09.446  1587  1680 W libprocessgroup: SetCgroup::ExecuteForProcess: failed to open /dev/stune/background/cgroup.procs: No such file or directory
03-21 20:53:09.638   852  1054 I hwcomposer: [HWC] (0)fire a callback of refresh to SF[4]  
03-21 20:53:09.644   625  2778 W libperfmgr: Failed to write to node: /dev/stune/top-app/schedtune.boost with value: 10, fd: -1
03-21 20:53:09.644   625  2778 W libperfmgr: Failed to write to node: /proc/sys/kernel/sched_boost with value: 0, fd: -1
03-21 20:53:09.649   852   992 I hwcomposer: [HWCDisplay] [Display_0 (type:1)] fps:10.288526,dur:1069.15,max:408.24,min:10.69  
03-21 20:53:09.719   625  2778 W libperfmgr: Failed to write to node: /dev/stune/top-app/schedtune.boost with value: 10, fd: -1
03-21 20:53:09.719   625  2778 W libperfmgr: Failed to write to node: /proc/sys/kernel/sched_boost with value: 0, fd: -1
03-21 20:53:10.138   852  1054 I hwcomposer: [HWC] (0)fire a callback of refresh to SF[4]  
03-21 20:53:10.144   625  2778 W libperfmgr: Failed to write to node: /dev/stune/top-app/schedtune.boost with value: 10, fd: -1
03-21 20:53:10.144   625  2778 W libperfmgr: Failed to write to node: /proc/sys/kernel/sched_boost with value: 0, fd: -1
03-21 20:53:10.219   625  2778 W libperfmgr: Failed to write to node: /dev/stune/top-app/schedtune.boost with value: 10, fd: -1
03-21 20:53:10.219   625  2778 W libperfmgr: Failed to write to node: /proc/sys/kernel/sched_boost with value: 0, fd: -1
03-21 20:53:10.638   852  1054 I hwcomposer: [HWC] (0)fire a callback of refresh to SF[4]  
03-21 20:53:10.643   625  2778 W libperfmgr: Failed to write to node: /dev/stune/top-app/schedtune.boost with value: 10, fd: -1
03-21 20:53:10.644   625  2778 W libperfmgr: Failed to write to node: /proc/sys/kernel/sched_boost with value: 0, fd: -1
03-21 20:53:10.719   625  2778 W libperfmgr: Failed to write to node: /dev/stune/top-app/schedtune.boost with value: 10, fd: -1
03-21 20:53:10.719   625  2778 W libperfmgr: Failed to write to node: /proc/sys/kernel/sched_boost with value: 0, fd: -1
03-21 20:53:10.790  1587  1910 I ImeTracker: system_server:4eb33f54: onTimeout at PHASE_WM_GET_CONTROL_WITH_LEASH
03-21 20:53:11.079   852   992 I hwcomposer: [HWCDisplay] [Display_0 (type:1)] fps:3.496513,dur:1430.00,max:430.33,min:69.52  
03-21 20:53:11.138   852  1054 I hwcomposer: [HWC] (0)fire a callback of refresh to SF[4]  
03-21 20:53:11.143   625  2778 W libperfmgr: Failed to write to node: /dev/stune/top-app/schedtune.boost with value: 10, fd: -1
03-21 20:53:11.143   625  2778 W libperfmgr: Failed to write to node: /proc/sys/kernel/sched_boost with value: 0, fd: -1
03-21 20:53:11.219   625  2778 W libperfmgr: Failed to write to node: /dev/stune/top-app/schedtune.boost with value: 10, fd: -1
03-21 20:53:11.219   625  2778 W libperfmgr: Failed to write to node: /proc/sys/kernel/sched_boost with value: 0, fd: -1
03-21 20:53:11.638   852  1054 I hwcomposer: [HWC] (0)fire a callback of refresh to SF[4]  
03-21 20:53:11.643   625  2778 W libperfmgr: Failed to write to node: /dev/stune/top-app/schedtune.boost with value: 10, fd: -1
03-21 20:53:11.643   625  2778 W libperfmgr: Failed to write to node: /proc/sys/kernel/sched_boost with value: 0, fd: -1
03-21 20:53:11.701   881  2016 I WifiHAL : feature_set=0x8488141a
03-21 20:53:11.701  1587  1927 I HalDevMgr: bestIfaceCreationProposal is null, requestIface=STA, existingIface=[name=wlan0 type=STA]
03-21 20:53:11.719   625  2778 W libperfmgr: Failed to write to node: /dev/stune/top-app/schedtune.boost with value: 10, fd: -1
03-21 20:53:11.720   625  2778 W libperfmgr: Failed to write to node: /proc/sys/kernel/sched_boost with value: 0, fd: -1
03-21 20:53:12.142   852  1054 I hwcomposer: [HWC] (0)fire a callback of refresh to SF[4]  
03-21 20:53:12.154   625  2778 W libperfmgr: Failed to write to node: /dev/stune/top-app/schedtune.boost with value: 10, fd: -1
03-21 20:53:12.154   625  2778 W libperfmgr: Failed to write to node: /proc/sys/kernel/sched_boost with value: 0, fd: -1
03-21 20:53:12.159   852   992 I hwcomposer: [HWCDisplay] [Display_0 (type:1)] fps:4.628107,dur:1080.36,max:430.35,min:69.48  
03-21 20:53:12.223   625  2778 W libperfmgr: Failed to write to node: /dev/stune/top-app/schedtune.boost with value: 10, fd: -1
03-21 20:53:12.224   625  2778 W libperfmgr: Failed to write to node: /proc/sys/kernel/sched_boost with value: 0, fd: -1
03-21 20:53:12.638   852  1054 I hwcomposer: [HWC] (0)fire a callback of refresh to SF[4]  
03-21 20:53:12.643   625  2778 W libperfmgr: Failed to write to node: /dev/stune/top-app/schedtune.boost with value: 10, fd: -1
03-21 20:53:12.643   625  2778 W libperfmgr: Failed to write to node: /proc/sys/kernel/sched_boost with value: 0, fd: -1
03-21 20:53:12.719   625  2778 W libperfmgr: Failed to write to node: /dev/stune/top-app/schedtune.boost with value: 10, fd: -1
03-21 20:53:12.719   625  2778 W libperfmgr: Failed to write to node: /proc/sys/kernel/sched_boost with value: 0, fd: -1
03-21 20:53:13.138   852  1054 I hwcomposer: [HWC] (0)fire a callback of refresh to SF[4]  
03-21 20:53:13.143   625  2778 W libperfmgr: Failed to write to node: /dev/stune/top-app/schedtune.boost with value: 10, fd: -1
03-21 20:53:13.143   625  2778 W libperfmgr: Failed to write to node: /proc/sys/kernel/sched_boost with value: 0, fd: -1
03-21 20:53:13.219   625  2778 W libperfmgr: Failed to write to node: /dev/stune/top-app/schedtune.boost with value: 10, fd: -1
03-21 20:53:13.219   625  2778 W libperfmgr: Failed to write to node: /proc/sys/kernel/sched_boost with value: 0, fd: -1
03-21 20:53:13.419 28194 28194 W libbinder.BackendUnifiedServiceManager: Thread Pool max thread count is 0. Cannot cache binder as linkToDeath cannot be implemented. serviceName: deviceidle
03-21 20:53:13.435 28196 28196 W libbinder.BackendUnifiedServiceManager: Thread Pool max thread count is 0. Cannot cache binder as linkToDeath cannot be implemented. serviceName: battery
03-21 20:53:13.451 28198 28198 W libbinder.BackendUnifiedServiceManager: Thread Pool max thread count is 0. Cannot cache binder as linkToDeath cannot be implemented. serviceName: deviceidle
03-21 20:53:13.477 28201 28201 W libbinder.BackendUnifiedServiceManager: Thread Pool max thread count is 0. Cannot cache binder as linkToDeath cannot be implemented. serviceName: activity
03-21 20:53:13.484  1587  7863 I ImeTracker: system_server:6a23c842: onRequestShow at ORIGIN_SERVER reason CONTROLS_CHANGED fromUser false
03-21 20:53:13.542 28210 28210 W libbinder.BackendUnifiedServiceManager: Thread Pool max thread count is 0. Cannot cache binder as linkToDeath cannot be implemented. serviceName: battery
03-21 20:53:13.578   852   992 I hwcomposer: [HWCDisplay] [Display_0 (type:1)] fps:3.524046,dur:1418.82,max:430.30,min:69.52  
03-21 20:53:13.638   852  1054 I hwcomposer: [HWC] (0)fire a callback of refresh to SF[4]  
03-21 20:53:13.642   625  2778 W libperfmgr: Failed to write to node: /dev/stune/top-app/schedtune.boost with value: 10, fd: -1
03-21 20:53:13.643   625  2778 W libperfmgr: Failed to write to node: /proc/sys/kernel/sched_boost with value: 0, fd: -1
03-21 20:53:13.719   625  2778 W libperfmgr: Failed to write to node: /dev/stune/top-app/schedtune.boost with value: 10, fd: -1
03-21 20:53:13.719   625  2778 W libperfmgr: Failed to write to node: /proc/sys/kernel/sched_boost with value: 0, fd: -1
03-21 20:53:13.994   852  1054 I hwcomposer: [HWC] (0)fire a callback of refresh to SF[4]  
03-21 20:53:13.998   625  2778 W libperfmgr: Failed to write to node: /dev/stune/top-app/schedtune.boost with value: 10, fd: -1
03-21 20:53:13.998   625  2778 W libperfmgr: Failed to write to node: /proc/sys/kernel/sched_boost with value: 0, fd: -1
03-21 20:53:14.021   625  2778 W libperfmgr: Failed to write to node: /dev/stune/top-app/schedtune.boost with value: 10, fd: -1
03-21 20:53:14.021   625  2778 W libperfmgr: Failed to write to node: /proc/sys/kernel/sched_boost with value: 0, fd: -1
03-21 20:53:14.151 26664 26752 E ReactNativeJS: 'API Error Response:', '<html>\r\n<head><title>404 Not Found</title></head>\r\n<body>\r\n<center><h1>404 Not Found</h1></center>\r\n<hr><center>nginx/1.25.5</center>\r\n</body>\r\n</html>\r\n'
03-21 20:53:14.187 26664 26752 E ReactNativeJS: 'Login error:', [AxiosError: Request failed with status code 404]
03-21 20:53:14.198 26664 26664 W WindowOnBackDispatcher: OnBackInvokedCallback is not enabled for the application.
03-21 20:53:14.198 26664 26664 W WindowOnBackDispatcher: Set 'android:enableOnBackInvokedCallback="true"' in the application manifest.
03-21 20:53:14.265  1587  1657 I ImeTracker: system_server:432a4793: onRequestShow at ORIGIN_SERVER reason CONTROLS_CHANGED fromUser false
03-21 20:53:14.279   914   988 E surfaceflinger: == MALI DEBUG ===eglp_winsys_populate_image_templates ==12288
03-21 20:53:14.285   625  2778 W libperfmgr: Failed to write to node: /dev/stune/top-app/schedtune.boost with value: 50, fd: -1
03-21 20:53:14.285   625  2778 W libperfmgr: Failed to write to node: /proc/sys/kernel/sched_boost with value: 2, fd: -1
03-21 20:53:14.291   914   988 E surfaceflinger: == MALI DEBUG ===eglp_winsys_populate_image_templates ==12288
03-21 20:53:14.292 26664 26664 I ImeTracker: system_server:432a4793: onCancelled at PHASE_CLIENT_ON_CONTROLS_CHANGED
03-21 20:53:14.299   914   988 E surfaceflinger: == MALI DEBUG ===eglp_winsys_populate_image_templates ==12288
03-21 20:53:14.305   914   988 E surfaceflinger: == MALI DEBUG ===eglp_winsys_populate_image_templates ==12288
03-21 20:53:14.447   625  2778 W libperfmgr: Failed to write to node: /dev/stune/top-app/schedtune.boost with value: 10, fd: -1
03-21 20:53:14.447   625  2778 W libperfmgr: Failed to write to node: /proc/sys/kernel/sched_boost with value: 0, fd: -1
03-21 20:53:14.506   852  1054 I hwcomposer: [HWC] (0)fire a callback of refresh to SF[4]  
03-21 20:53:14.523   625  2778 W libperfmgr: Failed to write to node: /dev/stune/top-app/schedtune.boost with value: 10, fd: -1
03-21 20:53:14.523   625  2778 W libperfmgr: Failed to write to node: /proc/sys/kernel/sched_boost with value: 0, fd: -1
03-21 20:53:14.588   625  2778 W libperfmgr: Failed to write to node: /dev/stune/top-app/schedtune.boost with value: 10, fd: -1
03-21 20:53:14.588   625  2778 W libperfmgr: Failed to write to node: /proc/sys/kernel/sched_boost with value: 0, fd: -1
03-21 20:53:14.715   881  2016 I WifiHAL : feature_set=0x8488141a
03-21 20:53:14.717  1587  1927 I HalDevMgr: bestIfaceCreationProposal is null, requestIface=STA, existingIface=[name=wlan0 type=STA]
03-21 20:53:15.088   625  2778 W libperfmgr: Failed to write to node: /dev/stune/top-app/schedtune.boost with value: 10, fd: -1
03-21 20:53:15.088   625  2778 W libperfmgr: Failed to write to node: /proc/sys/kernel/sched_boost with value: 0, fd: -1
03-21 20:53:15.115 26664 26679 E com.rnat: mali-debug: still pending callback,wait...
03-21 20:53:15.122   852   992 I hwcomposer: [HWCDisplay] [Display_0 (type:1)] fps:27.851999,dur:1543.87,max:595.68,min:11.01  
03-21 20:53:15.128 26664 26664 W WindowOnBackDispatcher: OnBackInvokedCallback is not enabled for the application.
03-21 20:53:15.128 26664 26664 W WindowOnBackDispatcher: Set 'android:enableOnBackInvokedCallback="true"' in the application manifest.
03-21 20:53:15.130   625  2778 W libperfmgr: Failed to write to node: /dev/stune/top-app/schedtune.boost with value: 50, fd: -1
03-21 20:53:15.130   625  2778 W libperfmgr: Failed to write to node: /proc/sys/kernel/sched_boost with value: 2, fd: -1
03-21 20:53:15.141  1587  1657 I ImeTracker: system_server:f59c3643: onRequestShow at ORIGIN_SERVER reason CONTROLS_CHANGED fromUser false
03-21 20:53:15.143 26664 26664 I ImeTracker: system_server:f59c3643: onCancelled at PHASE_CLIENT_ON_CONTROLS_CHANGED
03-21 20:53:15.261   844   878 I netd    : tetherGetStats() -> {[]} <0.97ms>
03-21 20:53:15.269   543   543 W vold    : Cannot find dev sysfs path
03-21 20:53:15.269  1587 28220 W StorageManagerService: Failed to get storage lifetime
03-21 20:53:15.269  1587 28220 I StorageManagerService: Turn off gc_urgent based on checking lifetime and charge status
03-21 20:53:15.269  1587 28220 I StorageManagerService: Set smart idle maintenance: latest write amount: 179, average write amount: 0, min segment threshold: 512, dirty reclaim rate: 0.5, segment reclaim weight: 2.0, period(min): 60, min gc sleep time(ms): 5000, target dirty ratio: 100
03-21 20:53:15.270   543   543 I vold    : Enough free segments: 101288
03-21 20:53:15.271  1587 28220 I SmartStorageMaintIdler: Got smart storage maintenance service completion callback
03-21 20:53:15.272  1587  1673 I ActivityManager: Start proc 28221:com.google.android.partnersetup/u0a292 for service {com.google.android.partnersetup/com.google.android.partnersetup.InstalledAppJobService}
03-21 20:53:15.286 28221 28221 I Zygote  : Process 28221 created for com.google.android.partnersetup
03-21 20:53:15.287 28221 28221 I id.partnersetup: Using CollectorTypeCMC GC.
03-21 20:53:15.290   625  2778 W libperfmgr: Failed to write to node: /dev/stune/top-app/schedtune.boost with value: 10, fd: -1
03-21 20:53:15.290   625  2778 W libperfmgr: Failed to write to node: /proc/sys/kernel/sched_boost with value: 0, fd: -1
03-21 20:53:15.310   852  1054 I hwcomposer: [HWC] (0)fire a callback of refresh to SF[4]  
03-21 20:53:15.310 28221 28221 W id.partnersetup: Failed to find entry 'classes.dex': Entry not found
03-21 20:53:15.311 28221 28221 W id.partnersetup: Failed to find entry 'classes.dex': Entry not found
03-21 20:53:15.311 28221 28221 W id.partnersetup: Failed to find entry 'classes.dex': Entry not found
03-21 20:53:15.319   625  2778 W libperfmgr: Failed to write to node: /dev/stune/top-app/schedtune.boost with value: 10, fd: -1
03-21 20:53:15.319   625  2778 W libperfmgr: Failed to write to node: /proc/sys/kernel/sched_boost with value: 0, fd: -1
03-21 20:53:15.363 28221 28221 W id.partnersetup: Method void vf.c(android.app.Activity) failed lock verification and will run slower.
03-21 20:53:15.363 28221 28221 W id.partnersetup: Common causes for lock verification issues are non-optimized dex code
03-21 20:53:15.363 28221 28221 W id.partnersetup: and incorrect proguard optimizations.
03-21 20:53:15.367 28221 28221 W JobInfo : Job 'com.google.android.partnersetup/.PhenotypeJobService#1' has a deadline with no functional constraints. The deadline won't improve job execution latency. Consider removing the deadline.
03-21 20:53:15.368  1587  7870 W JobInfo : Job 'com.google.android.partnersetup/.PhenotypeJobService#1' has a deadline with no functional constraints. The deadline won't improve job execution latency. Consider removing the deadline.
03-21 20:53:15.375  1587  1680 W libprocessgroup: SetCgroup::ExecuteForProcess: failed to open /dev/stune/background/cgroup.procs: No such file or directory
03-21 20:53:15.391   625  2778 W libperfmgr: Failed to write to node: /dev/stune/top-app/schedtune.boost with value: 10, fd: -1
03-21 20:53:15.391   625  2778 W libperfmgr: Failed to write to node: /proc/sys/kernel/sched_boost with value: 0, fd: -1
03-21 20:53:15.391 28221 28235 W JobInfo : Job 'com.google.android.partnersetup/.InstalledAppJobService#4096' has a deadline with no functional constraints. The deadline won't improve job execution latency. Consider removing the deadline.
03-21 20:53:15.391  1587  7870 W JobInfo : Job 'com.google.android.partnersetup/.InstalledAppJobService#4096' has a deadline with no functional constraints. The deadline won't improve job execution latency. Consider removing the deadline.
03-21 20:53:15.394 28221 28221 W JobInfo : Job 'com.google.android.partnersetup/.InstalledAppJobService#4096' has a deadline with no functional constraints. The deadline won't improve job execution latency. Consider removing the deadline.
03-21 20:53:15.394  1587  7870 W JobInfo : Job 'com.google.android.partnersetup/.InstalledAppJobService#4096' has a deadline with no functional constraints. The deadline won't improve job execution latency. Consider removing the deadline.
03-21 20:53:15.397  1587  7870 W JobScheduler: Job didn't exist in JobStore: d791976 #u0a292/4096 com.google.android.partnersetup/.InstalledAppJobService
03-21 20:53:15.482  1587  1680 W libprocessgroup: SetCgroup::ExecuteForProcess: failed to open /dev/stune/background/cgroup.procs: No such file or directory
03-21 20:53:15.538 28221 28221 I GooglePartnerSetup: Phenotype client.register successes
03-21 20:53:15.538 28221 28221 W JobInfo : Job 'com.google.android.partnersetup/.PhenotypeJobService#2' has a deadline with no functional constraints. The deadline won't improve job execution latency. Consider removing the deadline.
03-21 20:53:15.539  1587  7870 W JobInfo : Job 'com.google.android.partnersetup/.PhenotypeJobService#2' has a deadline with no functional constraints. The deadline won't improve job execution latency. Consider removing the deadline.
03-21 20:53:15.653  1587  1680 W libprocessgroup: SetCgroup::ExecuteForProcess: failed to open /dev/stune/background/cgroup.procs: No such file or directory
03-21 20:53:15.671 28221 28235 I GooglePartnerSetup: Phenotype commit successes
03-21 20:53:15.672 28221 28235 W JobInfo : Job 'com.google.android.partnersetup/.ClientIdJobService#8192' has a deadline with no functional constraints. The deadline won't improve job execution latency. Consider removing the deadline.
03-21 20:53:15.673  1587  7870 W JobInfo : Job 'com.google.android.partnersetup/.ClientIdJobService#8192' has a deadline with no functional constraints. The deadline won't improve job execution latency. Consider removing the deadline.
03-21 20:53:15.738   852  1054 I hwcomposer: [HWC] (0)fire a callback of refresh to SF[4]  
03-21 20:53:15.742   625  2778 W libperfmgr: Failed to write to node: /dev/stune/top-app/schedtune.boost with value: 10, fd: -1
03-21 20:53:15.742   625  2778 W libperfmgr: Failed to write to node: /proc/sys/kernel/sched_boost with value: 0, fd: -1
03-21 20:53:15.790  1587  1680 W libprocessgroup: SetCgroup::ExecuteForProcess: failed to open /dev/stune/background/cgroup.procs: No such file or directory
03-21 20:53:15.819   625  2778 W libperfmgr: Failed to write to node: /dev/stune/top-app/schedtune.boost with value: 10, fd: -1
03-21 20:53:15.820   625  2778 W libperfmgr: Failed to write to node: /proc/sys/kernel/sched_boost with value: 0, fd: -1
03-21 20:53:15.921 17868 17910 W cr_ChildProcessConn: onServiceDisconnected (crash or killed by oom): pid=24625 bindings:W  S
03-21 20:53:15.921 23431 23431 I Finsky  : [2] Memory trim requested to level 40
03-21 20:53:15.921 23431 23431 I Finsky  : [2] Flushing in-memory image cache
03-21 20:53:15.922 23431 23431 I Finsky  : [2] Memory trim requested to level 40
03-21 20:53:15.922 23431 23431 I Finsky  : [2] Flushing in-memory image cache
03-21 20:53:15.932 17868 17868 E chromium: [ERROR:content/browser/gpu/gpu_process_host.cc:996] GPU process exited unexpectedly: exit_code=0
03-21 20:53:15.932 17868 17868 W chromium: [WARNING:content/browser/gpu/gpu_process_host.cc:1438] The GPU process has crashed 2 time(s)
03-21 20:53:15.932 17868 17868 W chromium: [WARNING:chrome/browser/android/compositor/compositor_view.cc:385] Child process died (type=9) pid=24625)
03-21 20:53:15.933 27882 27882 I cr_ChildProcessService: Destroying ChildProcessService pid=27882
03-21 20:53:15.940 27882 27882 I ileged_process2: System.exit called, status: 0
03-21 20:53:15.940 27882 27882 I AndroidRuntime: VM exiting with result code 0, cleanup skipped.
03-21 20:53:15.943  1587  1680 W libprocessgroup: SetCgroup::ExecuteForProcess: failed to open /dev/stune/background/cgroup.procs: No such file or directory
03-21 20:53:15.944 23431 23431 I Finsky  : [2] Memory trim requested to level 40
03-21 20:53:15.944 23431 23431 I Finsky  : [2] Flushing in-memory image cache
03-21 20:53:15.946 17868 17910 I cr_BindingManager: onTrimMemory: level=40, size=0
03-21 20:53:15.946 17868 17910 I cr_BindingManager: onTrimMemory: level=40, size=0
03-21 20:53:15.946 17868 17910 I cr_BindingManager: onTrimMemory: level=40, size=0
03-21 20:53:15.961   845   845 I Zygote  : Process 27882 exited cleanly (0)
03-21 20:53:15.966  1587  7863 I ActivityManager: Process com.android.chrome:privileged_process2 (pid 27882) has died: fg  SVC 
03-21 20:53:15.967  1587  1674 I libprocessgroup: Removed cgroup /sys/fs/cgroup/apps/uid_10313/pid_27882
03-21 20:53:16.177   852   992 I hwcomposer: [HWCDisplay] [Display_0 (type:1)] fps:14.213415,dur:1055.34,max:430.08,min:11.00  
03-21 20:53:16.238   852  1054 I hwcomposer: [HWC] (0)fire a callback of refresh to SF[4]  
03-21 20:53:16.242   625  2778 W libperfmgr: Failed to write to node: /dev/stune/top-app/schedtune.boost with value: 10, fd: -1
03-21 20:53:16.242   625  2778 W libperfmgr: Failed to write to node: /proc/sys/kernel/sched_boost with value: 0, fd: -1
03-21 20:53:16.319   625  2778 W libperfmgr: Failed to write to node: /dev/stune/top-app/schedtune.boost with value: 10, fd: -1
03-21 20:53:16.319   625  2778 W libperfmgr: Failed to write to node: /proc/sys/kernel/sched_boost with value: 0, fd: -1
03-21 20:53:16.738   852  1054 I hwcomposer: [HWC] (0)fire a callback of refresh to SF[4]  
03-21 20:53:16.742   625  2778 W libperfmgr: Failed to write to node: /dev/stune/top-app/schedtune.boost with value: 10, fd: -1
03-21 20:53:16.742   625  2778 W libperfmgr: Failed to write to node: /proc/sys/kernel/sched_boost with value: 0, fd: -1
03-21 20:53:16.819   625  2778 W libperfmgr: Failed to write to node: /dev/stune/top-app/schedtune.boost with value: 10, fd: -1
03-21 20:53:16.820   625  2778 W libperfmgr: Failed to write to node: /proc/sys/kernel/sched_boost with value: 0, fd: -1
03-21 20:53:17.145  1587  1910 I ImeTracker: system_server:fc2cd495: onTimeout at PHASE_WM_GET_CONTROL_WITH_LEASH
03-21 20:53:17.238   852  1054 I hwcomposer: [HWC] (0)fire a callback of refresh to SF[4]  
03-21 20:53:17.241   625  2778 W libperfmgr: Failed to write to node: /dev/stune/top-app/schedtune.boost with value: 10, fd: -1
03-21 20:53:17.242   625  2778 W libperfmgr: Failed to write to node: /proc/sys/kernel/sched_boost with value: 0, fd: -1
03-21 20:53:17.247   852   992 I hwcomposer: [HWCDisplay] [Display_0 (type:1)] fps:4.675716,dur:1069.36,max:430.48,min:69.36  
03-21 20:53:17.319   625  2778 W libperfmgr: Failed to write to node: /dev/stune/top-app/schedtune.boost with value: 10, fd: -1
03-21 20:53:17.319   625  2778 W libperfmgr: Failed to write to node: /proc/sys/kernel/sched_boost with value: 0, fd: -1
03-21 20:53:17.728   881  2016 I WifiHAL : feature_set=0x8488141a
03-21 20:53:17.729  1587  1927 I HalDevMgr: bestIfaceCreationProposal is null, requestIface=STA, existingIface=[name=wlan0 type=STA]
03-21 20:53:17.770   852  1054 I hwcomposer: [HWC] (0)fire a callback of refresh to SF[4]  
03-21 20:53:17.774   625  2778 W libperfmgr: Failed to write to node: /dev/stune/top-app/schedtune.boost with value: 10, fd: -1
03-21 20:53:17.774   625  2778 W libperfmgr: Failed to write to node: /proc/sys/kernel/sched_boost with value: 0, fd: -1
03-21 20:53:17.851   625  2778 W libperfmgr: Failed to write to node: /dev/stune/top-app/schedtune.boost with value: 10, fd: -1
03-21 20:53:17.851   625  2778 W libperfmgr: Failed to write to node: /proc/sys/kernel/sched_boost with value: 0, fd: -1
03-21 20:53:18.238   852  1054 I hwcomposer: [HWC] (0)fire a callback of refresh to SF[4]  
03-21 20:53:18.252   625  2778 W libperfmgr: Failed to write to node: /dev/stune/top-app/schedtune.boost with value: 10, fd: -1
03-21 20:53:18.252   625  2778 W libperfmgr: Failed to write to node: /proc/sys/kernel/sched_boost with value: 0, fd: -1
03-21 20:53:18.258   852   992 I hwcomposer: [HWCDisplay] [Display_0 (type:1)] fps:4.945611,dur:1011.00,max:430.17,min:33.34  
03-21 20:53:18.319   625  2778 W libperfmgr: Failed to write to node: /dev/stune/top-app/schedtune.boost with value: 10, fd: -1
03-21 20:53:18.319   625  2778 W libperfmgr: Failed to write to node: /proc/sys/kernel/sched_boost with value: 0, fd: -1
03-21 20:53:18.734   852  1054 I hwcomposer: [HWC] (0)fire a callback of refresh to SF[4]  
03-21 20:53:18.741   625  2778 W libperfmgr: Failed to write to node: /dev/stune/top-app/schedtune.boost with value: 10, fd: -1
03-21 20:53:18.741   625  2778 W libperfmgr: Failed to write to node: /proc/sys/kernel/sched_boost with value: 0, fd: -1
03-21 20:53:18.815   625  2778 W libperfmgr: Failed to write to node: /dev/stune/top-app/schedtune.boost with value: 10, fd: -1
03-21 20:53:18.815   625  2778 W libperfmgr: Failed to write to node: /proc/sys/kernel/sched_boost with value: 0, fd: -1
03-21 20:53:19.234   852  1054 I hwcomposer: [HWC] (0)fire a callback of refresh to SF[4]  
03-21 20:53:19.240   625  2778 W libperfmgr: Failed to write to node: /dev/stune/top-app/schedtune.boost with value: 10, fd: -1
03-21 20:53:19.240   625  2778 W libperfmgr: Failed to write to node: /proc/sys/kernel/sched_boost with value: 0, fd: -1
03-21 20:53:19.316   625  2778 W libperfmgr: Failed to write to node: /dev/stune/top-app/schedtune.boost with value: 10, fd: -1
03-21 20:53:19.316   625  2778 W libperfmgr: Failed to write to node: /proc/sys/kernel/sched_boost with value: 0, fd: -1
03-21 20:53:19.343   852   992 I hwcomposer: [HWCDisplay] [Display_0 (type:1)] fps:4.607368,dur:1085.22,max:429.97,min:69.89  
03-21 20:53:19.374   877   924 E Situation: processEvent, handle:26, flush_action:0
03-21 20:53:19.375   625  2778 W libperfmgr: Failed to write to node: /dev/stune/top-app/schedtune.boost with value: 50, fd: -1
03-21 20:53:19.375   625  2778 W libperfmgr: Failed to write to node: /proc/sys/kernel/sched_boost with value: 2, fd: -1
03-21 20:53:19.376  2437  2437 I RotationButtonController: onRotationProposal(rotation=3)
03-21 20:53:19.400   914   988 E surfaceflinger: == MALI DEBUG ===eglp_winsys_populate_image_templates ==12288
03-21 20:53:19.402   914   988 E surfaceflinger: == MALI DEBUG ===eglp_winsys_populate_image_templates ==12288
03-21 20:53:19.417   914   988 E surfaceflinger: == MALI DEBUG ===eglp_winsys_populate_image_templates ==12288
03-21 20:53:19.428   914   988 E surfaceflinger: == MALI DEBUG ===eglp_winsys_populate_image_templates ==12288
03-21 20:53:19.525   625  2778 W libperfmgr: Failed to write to node: /dev/stune/top-app/schedtune.boost with value: 10, fd: -1
03-21 20:53:19.525   625  2778 W libperfmgr: Failed to write to node: /proc/sys/kernel/sched_boost with value: 0, fd: -1
03-21 20:53:19.758 28241 28241 W libbinder.BackendUnifiedServiceManager: Thread Pool max thread count is 0. Cannot cache binder as linkToDeath cannot be implemented. serviceName: deviceidle
03-21 20:53:19.785 28243 28243 W libbinder.BackendUnifiedServiceManager: Thread Pool max thread count is 0. Cannot cache binder as linkToDeath cannot be implemented. serviceName: battery
03-21 20:53:19.801 28245 28245 W libbinder.BackendUnifiedServiceManager: Thread Pool max thread count is 0. Cannot cache binder as linkToDeath cannot be implemented. serviceName: deviceidle
03-21 20:53:19.825 28248 28248 W libbinder.BackendUnifiedServiceManager: Thread Pool max thread count is 0. Cannot cache binder as linkToDeath cannot be implemented. serviceName: activity
03-21 20:53:19.832  1587  7863 I ImeTracker: system_server:f64eb1ff: onRequestShow at ORIGIN_SERVER reason CONTROLS_CHANGED fromUser false
03-21 20:53:19.874 28257 28257 W libbinder.BackendUnifiedServiceManager: Thread Pool max thread count is 0. Cannot cache binder as linkToDeath cannot be implemented. serviceName: battery
03-21 20:53:20.026   625  2778 W libperfmgr: Failed to write to node: /dev/stune/top-app/schedtune.boost with value: 10, fd: -1
03-21 20:53:20.026   625  2778 W libperfmgr: Failed to write to node: /proc/sys/kernel/sched_boost with value: 0, fd: -1
03-21 20:53:20.354   852   992 I hwcomposer: [HWCDisplay] [Display_0 (type:1)] fps:87.067337,dur:1010.71,max:44.35,min:11.02  
03-21 20:53:20.526   625  2778 W libperfmgr: Failed to write to node: /dev/stune/top-app/schedtune.boost with value: 10, fd: -1
03-21 20:53:20.526   625  2778 W libperfmgr: Failed to write to node: /proc/sys/kernel/sched_boost with value: 0, fd: -1
03-21 20:53:20.743   881  2016 I WifiHAL : feature_set=0x8488141a
03-21 20:53:20.744  1587  1927 I HalDevMgr: bestIfaceCreationProposal is null, requestIface=STA, existingIface=[name=wlan0 type=STA]
03-21 20:53:21.027   625  2778 W libperfmgr: Failed to write to node: /dev/stune/top-app/schedtune.boost with value: 10, fd: -1
03-21 20:53:21.027   625  2778 W libperfmgr: Failed to write to node: /proc/sys/kernel/sched_boost with value: 0, fd: -1
03-21 20:53:21.364   852   992 I hwcomposer: [HWCDisplay] [Display_0 (type:1)] fps:90.027321,dur:1010.80,max:11.18,min:11.04  
03-21 20:53:21.527   625  2778 W libperfmgr: Failed to write to node: /dev/stune/top-app/schedtune.boost with value: 10, fd: -1
03-21 20:53:21.527   625  2778 W libperfmgr: Failed to write to node: /proc/sys/kernel/sched_boost with value: 0, fd: -1
03-21 20:53:22.027   625  2778 W libperfmgr: Failed to write to node: /dev/stune/top-app/schedtune.boost with value: 10, fd: -1
03-21 20:53:22.027   625  2778 W libperfmgr: Failed to write to node: /proc/sys/kernel/sched_boost with value: 0, fd: -1
03-21 20:53:22.375   852   992 I hwcomposer: [HWCDisplay] [Display_0 (type:1)] fps:89.039520,dur:1010.79,max:22.20,min:10.81  
03-21 20:53:22.528   625  2778 W libperfmgr: Failed to write to node: /dev/stune/top-app/schedtune.boost with value: 10, fd: -1
03-21 20:53:22.528   625  2778 W libperfmgr: Failed to write to node: /proc/sys/kernel/sched_boost with value: 0, fd: -1
03-21 20:53:23.028   625  2778 W libperfmgr: Failed to write to node: /dev/stune/top-app/schedtune.boost with value: 10, fd: -1
03-21 20:53:23.028   625  2778 W libperfmgr: Failed to write to node: /proc/sys/kernel/sched_boost with value: 0, fd: -1
03-21 20:53:23.386   852   992 I hwcomposer: [HWCDisplay] [Display_0 (type:1)] fps:90.028862,dur:1010.79,max:11.48,min:10.75  
03-21 20:53:23.487  1587  1910 I ImeTracker: system_server:6a23c842: onTimeout at PHASE_WM_GET_CONTROL_WITH_LEASH
03-21 20:53:23.528   625  2778 W libperfmgr: Failed to write to node: /dev/stune/top-app/schedtune.boost with value: 10, fd: -1
03-21 20:53:23.528   625  2778 W libperfmgr: Failed to write to node: /proc/sys/kernel/sched_boost with value: 0, fd: -1
03-21 20:53:23.757   881  2016 I WifiHAL : feature_set=0x8488141a
03-21 20:53:23.758  1587  1927 I HalDevMgr: bestIfaceCreationProposal is null, requestIface=STA, existingIface=[name=wlan0 type=STA]
03-21 20:53:23.834   852  1054 I hwcomposer: [HWC] (0)fire a callback of refresh to SF[4]  
03-21 20:53:23.840   625  2778 W libperfmgr: Failed to write to node: /dev/stune/top-app/schedtune.boost with value: 10, fd: -1
03-21 20:53:23.840   625  2778 W libperfmgr: Failed to write to node: /proc/sys/kernel/sched_boost with value: 0, fd: -1
03-21 20:53:23.915   625  2778 W libperfmgr: Failed to write to node: /dev/stune/top-app/schedtune.boost with value: 10, fd: -1
03-21 20:53:23.915   625  2778 W libperfmgr: Failed to write to node: /proc/sys/kernel/sched_boost with value: 0, fd: -1
03-21 20:53:24.234   852  1054 I hwcomposer: [HWC] (0)fire a callback of refresh to SF[4]  
03-21 20:53:24.239   625  2778 W libperfmgr: Failed to write to node: /dev/stune/top-app/schedtune.boost with value: 10, fd: -1
03-21 20:53:24.239   625  2778 W libperfmgr: Failed to write to node: /proc/sys/kernel/sched_boost with value: 0, fd: -1
03-21 20:53:24.315   625  2778 W libperfmgr: Failed to write to node: /dev/stune/top-app/schedtune.boost with value: 10, fd: -1
03-21 20:53:24.316   625  2778 W libperfmgr: Failed to write to node: /proc/sys/kernel/sched_boost with value: 0, fd: -1
03-21 20:53:24.419   852   992 I hwcomposer: [HWCDisplay] [Display_0 (type:1)] fps:36.781937,dur:1033.12,max:330.87,min:11.07  
03-21 20:53:24.484  3073 26851 I DailyPingWorker: DailyPingWorker.<init>():45 Initialized DailyPingWorker.
03-21 20:53:24.490  3073  3073 I DailyPingWorker: DailyPingWorker.startWorkInner():63 Completed work: WORK_ID = daily_ping_work
03-21 20:53:24.491  3073 26851 I WM-WorkerWrapper: Worker result SUCCESS for Work [ id=fd622247-9975-4c31-a880-6ef497225faa, tags={ com.google.android.libraries.inputmethod.dailyping.DailyPingWorker,daily_ping_work } ]
03-21 20:53:24.534   852  1054 I hwcomposer: [HWC] (0)fire a callback of refresh to SF[4]  
03-21 20:53:24.539   625  2778 W libperfmgr: Failed to write to node: /dev/stune/top-app/schedtune.boost with value: 10, fd: -1
03-21 20:53:24.539   625  2778 W libperfmgr: Failed to write to node: /proc/sys/kernel/sched_boost with value: 0, fd: -1
03-21 20:53:24.615   625  2778 W libperfmgr: Failed to write to node: /dev/stune/top-app/schedtune.boost with value: 10, fd: -1
03-21 20:53:24.616   625  2778 W libperfmgr: Failed to write to node: /proc/sys/kernel/sched_boost with value: 0, fd: -1
03-21 20:53:24.734   852  1054 I hwcomposer: [HWC] (0)fire a callback of refresh to SF[4]  
03-21 20:53:24.739   625  2778 W libperfmgr: Failed to write to node: /dev/stune/top-app/schedtune.boost with value: 10, fd: -1
03-21 20:53:24.739   625  2778 W libperfmgr: Failed to write to node: /proc/sys/kernel/sched_boost with value: 0, fd: -1
03-21 20:53:24.815   625  2778 W libperfmgr: Failed to write to node: /dev/stune/top-app/schedtune.boost with value: 10, fd: -1
03-21 20:53:24.816   625  2778 W libperfmgr: Failed to write to node: /proc/sys/kernel/sched_boost with value: 0, fd: -1
03-21 20:53:25.234   852  1054 I hwcomposer: [HWC] (0)fire a callback of refresh to SF[4]  
03-21 20:53:25.239   625  2778 W libperfmgr: Failed to write to node: /dev/stune/top-app/schedtune.boost with value: 10, fd: -1
03-21 20:53:25.239   625  2778 W libperfmgr: Failed to write to node: /proc/sys/kernel/sched_boost with value: 0, fd: -1
03-21 20:53:25.315   625  2778 W libperfmgr: Failed to write to node: /dev/stune/top-app/schedtune.boost with value: 10, fd: -1
03-21 20:53:25.315   625  2778 W libperfmgr: Failed to write to node: /proc/sys/kernel/sched_boost with value: 0, fd: -1
03-21 20:53:25.674   852   992 I hwcomposer: [HWCDisplay] [Display_0 (type:1)] fps:8.763196,dur:1255.25,max:430.49,min:11.01  
03-21 20:53:25.734   852  1054 I hwcomposer: [HWC] (0)fire a callback of refresh to SF[4]  
03-21 20:53:25.739   625  2778 W libperfmgr: Failed to write to node: /dev/stune/top-app/schedtune.boost with value: 10, fd: -1
03-21 20:53:25.739   625  2778 W libperfmgr: Failed to write to node: /proc/sys/kernel/sched_boost with value: 0, fd: -1
03-21 20:53:25.815   625  2778 W libperfmgr: Failed to write to node: /dev/stune/top-app/schedtune.boost with value: 10, fd: -1
03-21 20:53:25.815   625  2778 W libperfmgr: Failed to write to node: /proc/sys/kernel/sched_boost with value: 0, fd: -1
03-21 20:53:26.090 28268 28268 W libbinder.BackendUnifiedServiceManager: Thread Pool max thread count is 0. Cannot cache binder as linkToDeath cannot be implemented. serviceName: deviceidle
03-21 20:53:26.107 28270 28270 W libbinder.BackendUnifiedServiceManager: Thread Pool max thread count is 0. Cannot cache binder as linkToDeath cannot be implemented. serviceName: battery
03-21 20:53:26.133 28272 28272 W libbinder.BackendUnifiedServiceManager: Thread Pool max thread count is 0. Cannot cache binder as linkToDeath cannot be implemented. serviceName: deviceidle
03-21 20:53:26.160 28275 28275 W libbinder.BackendUnifiedServiceManager: Thread Pool max thread count is 0. Cannot cache binder as linkToDeath cannot be implemented. serviceName: activity
03-21 20:53:26.168  1587  7863 I ImeTracker: system_server:179724d7: onRequestShow at ORIGIN_SERVER reason CONTROLS_CHANGED fromUser false
03-21 20:53:26.213 28284 28284 W libbinder.BackendUnifiedServiceManager: Thread Pool max thread count is 0. Cannot cache binder as linkToDeath cannot be implemented. serviceName: battery
03-21 20:53:26.234   852  1054 I hwcomposer: [HWC] (0)fire a callback of refresh to SF[4]  
03-21 20:53:26.237   625  2778 W libperfmgr: Failed to write to node: /dev/stune/top-app/schedtune.boost with value: 10, fd: -1
03-21 20:53:26.238   625  2778 W libperfmgr: Failed to write to node: /proc/sys/kernel/sched_boost with value: 0, fd: -1
03-21 20:53:26.315   625  2778 W libperfmgr: Failed to write to node: /dev/stune/top-app/schedtune.boost with value: 10, fd: -1
03-21 20:53:26.315   625  2778 W libperfmgr: Failed to write to node: /proc/sys/kernel/sched_boost with value: 0, fd: -1
03-21 20:53:26.734   852  1054 I hwcomposer: [HWC] (0)fire a callback of refresh to SF[4]  
03-21 20:53:26.738   625  2778 W libperfmgr: Failed to write to node: /dev/stune/top-app/schedtune.boost with value: 10, fd: -1
03-21 20:53:26.738   625  2778 W libperfmgr: Failed to write to node: /proc/sys/kernel/sched_boost with value: 0, fd: -1
03-21 20:53:26.744   852   992 I hwcomposer: [HWCDisplay] [Display_0 (type:1)] fps:4.675025,dur:1069.51,max:432.99,min:66.90  
03-21 20:53:26.773   881  2016 I WifiHAL : feature_set=0x8488141a
03-21 20:53:26.774  1587  1927 I HalDevMgr: bestIfaceCreationProposal is null, requestIface=STA, existingIface=[name=wlan0 type=STA]
03-21 20:53:26.815   625  2778 W libperfmgr: Failed to write to node: /dev/stune/top-app/schedtune.boost with value: 10, fd: -1
03-21 20:53:26.815   625  2778 W libperfmgr: Failed to write to node: /proc/sys/kernel/sched_boost with value: 0, fd: -1
03-21 20:53:27.078   852  1054 I hwcomposer: [HWC] (0)fire a callback of refresh to SF[4]  
03-21 20:53:27.082   625  2778 W libperfmgr: Failed to write to node: /dev/stune/top-app/schedtune.boost with value: 10, fd: -1
03-21 20:53:27.082   625  2778 W libperfmgr: Failed to write to node: /proc/sys/kernel/sched_boost with value: 0, fd: -1
03-21 20:53:27.160   625  2778 W libperfmgr: Failed to write to node: /dev/stune/top-app/schedtune.boost with value: 10, fd: -1
03-21 20:53:27.160   625  2778 W libperfmgr: Failed to write to node: /proc/sys/kernel/sched_boost with value: 0, fd: -1
03-21 20:53:27.238   852  1054 I hwcomposer: [HWC] (0)fire a callback of refresh to SF[4]  
03-21 20:53:27.249   625  2778 W libperfmgr: Failed to write to node: /dev/stune/top-app/schedtune.boost with value: 10, fd: -1
03-21 20:53:27.249   625  2778 W libperfmgr: Failed to write to node: /proc/sys/kernel/sched_boost with value: 0, fd: -1
03-21 20:53:27.319   625  2778 W libperfmgr: Failed to write to node: /dev/stune/top-app/schedtune.boost with value: 10, fd: -1
03-21 20:53:27.319   625  2778 W libperfmgr: Failed to write to node: /proc/sys/kernel/sched_boost with value: 0, fd: -1
03-21 20:53:27.734   852  1054 I hwcomposer: [HWC] (0)fire a callback of refresh to SF[4]  
03-21 20:53:27.738   625  2778 W libperfmgr: Failed to write to node: /dev/stune/top-app/schedtune.boost with value: 10, fd: -1
03-21 20:53:27.738   625  2778 W libperfmgr: Failed to write to node: /proc/sys/kernel/sched_boost with value: 0, fd: -1
03-21 20:53:27.815   625  2778 W libperfmgr: Failed to write to node: /dev/stune/top-app/schedtune.boost with value: 10, fd: -1
03-21 20:53:27.815   625  2778 W libperfmgr: Failed to write to node: /proc/sys/kernel/sched_boost with value: 0, fd: -1
03-21 20:53:28.173   852   992 I hwcomposer: [HWCDisplay] [Display_0 (type:1)] fps:4.896215,dur:1429.68,max:430.43,min:69.36  
03-21 20:53:28.234   852  1054 I hwcomposer: [HWC] (0)fire a callback of refresh to SF[4]  
03-21 20:53:28.238   625  2778 W libperfmgr: Failed to write to node: /dev/stune/top-app/schedtune.boost with value: 10, fd: -1
03-21 20:53:28.238   625  2778 W libperfmgr: Failed to write to node: /proc/sys/kernel/sched_boost with value: 0, fd: -1
03-21 20:53:28.315   625  2778 W libperfmgr: Failed to write to node: /dev/stune/top-app/schedtune.boost with value: 10, fd: -1
03-21 20:53:28.315   625  2778 W libperfmgr: Failed to write to node: /proc/sys/kernel/sched_boost with value: 0, fd: -1
03-21 20:53:28.742   852  1054 I hwcomposer: [HWC] (0)fire a callback of refresh to SF[4]  
03-21 20:53:28.753   625  2778 W libperfmgr: Failed to write to node: /dev/stune/top-app/schedtune.boost with value: 10, fd: -1
03-21 20:53:28.753   625  2778 W libperfmgr: Failed to write to node: /proc/sys/kernel/sched_boost with value: 0, fd: -1
03-21 20:53:28.823   625  2778 W libperfmgr: Failed to write to node: /dev/stune/top-app/schedtune.boost with value: 10, fd: -1
03-21 20:53:28.823   625  2778 W libperfmgr: Failed to write to node: /proc/sys/kernel/sched_boost with value: 0, fd: -1
03-21 20:53:29.184   852   992 I hwcomposer: [HWCDisplay] [Display_0 (type:1)] fps:3.957243,dur:1010.80,max:441.51,min:69.48  
03-21 20:53:29.242   852  1054 I hwcomposer: [HWC] (0)fire a callback of refresh to SF[4]  
03-21 20:53:29.248   625  2778 W libperfmgr: Failed to write to node: /dev/stune/top-app/schedtune.boost with value: 10, fd: -1
03-21 20:53:29.248   625  2778 W libperfmgr: Failed to write to node: /proc/sys/kernel/sched_boost with value: 0, fd: -1
03-21 20:53:29.323   625  2778 W libperfmgr: Failed to write to node: /dev/stune/top-app/schedtune.boost with value: 10, fd: -1
03-21 20:53:29.323   625  2778 W libperfmgr: Failed to write to node: /proc/sys/kernel/sched_boost with value: 0, fd: -1
03-21 20:53:29.742   852  1054 I hwcomposer: [HWC] (0)fire a callback of refresh to SF[4]  
03-21 20:53:29.748   625  2778 W libperfmgr: Failed to write to node: /dev/stune/top-app/schedtune.boost with value: 10, fd: -1
03-21 20:53:29.748   625  2778 W libperfmgr: Failed to write to node: /proc/sys/kernel/sched_boost with value: 0, fd: -1
03-21 20:53:29.782   881  2016 I WifiHAL : feature_set=0x8488141a
03-21 20:53:29.782  1587  1927 I HalDevMgr: bestIfaceCreationProposal is null, requestIface=STA, existingIface=[name=wlan0 type=STA]
03-21 20:53:29.823   625  2778 W libperfmgr: Failed to write to node: /dev/stune/top-app/schedtune.boost with value: 10, fd: -1
03-21 20:53:29.823   625  2778 W libperfmgr: Failed to write to node: /proc/sys/kernel/sched_boost with value: 0, fd: -1
03-21 20:53:29.835  1587  1910 I ImeTracker: system_server:f64eb1ff: onTimeout at PHASE_WM_GET_CONTROL_WITH_LEASH
03-21 20:53:30.242   852  1054 I hwcomposer: [HWC] (0)fire a callback of refresh to SF[4]  
03-21 20:53:30.248   625  2778 W libperfmgr: Failed to write to node: /dev/stune/top-app/schedtune.boost with value: 10, fd: -1
03-21 20:53:30.248   625  2778 W libperfmgr: Failed to write to node: /proc/sys/kernel/sched_boost with value: 0, fd: -1
03-21 20:53:30.254   852   992 I hwcomposer: [HWCDisplay] [Display_0 (type:1)] fps:4.674895,dur:1069.54,max:430.43,min:69.42  
03-21 20:53:30.323   625  2778 W libperfmgr: Failed to write to node: /dev/stune/top-app/schedtune.boost with value: 10, fd: -1
03-21 20:53:30.323   625  2778 W libperfmgr: Failed to write to node: /proc/sys/kernel/sched_boost with value: 0, fd: -1
03-21 20:53:30.742   852  1054 I hwcomposer: [HWC] (0)fire a callback of refresh to SF[4]  
03-21 20:53:30.748   625  2778 W libperfmgr: Failed to write to node: /dev/stune/top-app/schedtune.boost with value: 10, fd: -1
03-21 20:53:30.748   625  2778 W libperfmgr: Failed to write to node: /proc/sys/kernel/sched_boost with value: 0, fd: -1
03-21 20:53:30.823   625  2778 W libperfmgr: Failed to write to node: /dev/stune/top-app/schedtune.boost with value: 10, fd: -1
03-21 20:53:30.823   625  2778 W libperfmgr: Failed to write to node: /proc/sys/kernel/sched_boost with value: 0, fd: -1
03-21 20:53:31.242   852  1054 I hwcomposer: [HWC] (0)fire a callback of refresh to SF[4]  
03-21 20:53:31.248   625  2778 W libperfmgr: Failed to write to node: /dev/stune/top-app/schedtune.boost with value: 10, fd: -1
03-21 20:53:31.248   625  2778 W libperfmgr: Failed to write to node: /proc/sys/kernel/sched_boost with value: 0, fd: -1
03-21 20:53:31.323   625  2778 W libperfmgr: Failed to write to node: /dev/stune/top-app/schedtune.boost with value: 10, fd: -1
03-21 20:53:31.323   625  2778 W libperfmgr: Failed to write to node: /proc/sys/kernel/sched_boost with value: 0, fd: -1
03-21 20:53:31.684   852   992 I hwcomposer: [HWCDisplay] [Display_0 (type:1)] fps:3.497339,dur:1429.66,max:430.19,min:69.68  
03-21 20:53:31.742   852  1054 I hwcomposer: [HWC] (0)fire a callback of refresh to SF[4]  
03-21 20:53:31.748   625  2778 W libperfmgr: Failed to write to node: /dev/stune/top-app/schedtune.boost with value: 10, fd: -1
03-21 20:53:31.748   625  2778 W libperfmgr: Failed to write to node: /proc/sys/kernel/sched_boost with value: 0, fd: -1
03-21 20:53:31.823   625  2778 W libperfmgr: Failed to write to node: /dev/stune/top-app/schedtune.boost with value: 10, fd: -1
03-21 20:53:31.823   625  2778 W libperfmgr: Failed to write to node: /proc/sys/kernel/sched_boost with value: 0, fd: -1
03-21 20:53:32.242   852  1054 I hwcomposer: [HWC] (0)fire a callback of refresh to SF[4]  
03-21 20:53:32.247   625  2778 W libperfmgr: Failed to write to node: /dev/stune/top-app/schedtune.boost with value: 10, fd: -1
03-21 20:53:32.247   625  2778 W libperfmgr: Failed to write to node: /proc/sys/kernel/sched_boost with value: 0, fd: -1
03-21 20:53:32.324   625  2778 W libperfmgr: Failed to write to node: /dev/stune/top-app/schedtune.boost with value: 10, fd: -1
03-21 20:53:32.324   625  2778 W libperfmgr: Failed to write to node: /proc/sys/kernel/sched_boost with value: 0, fd: -1
03-21 20:53:32.432 28293 28293 W libbinder.BackendUnifiedServiceManager: Thread Pool max thread count is 0. Cannot cache binder as linkToDeath cannot be implemented. serviceName: deviceidle
03-21 20:53:32.448 28295 28295 W libbinder.BackendUnifiedServiceManager: Thread Pool max thread count is 0. Cannot cache binder as linkToDeath cannot be implemented. serviceName: battery
03-21 20:53:32.476 28297 28297 W libbinder.BackendUnifiedServiceManager: Thread Pool max thread count is 0. Cannot cache binder as linkToDeath cannot be implemented. serviceName: deviceidle
03-21 20:53:32.508 28300 28300 W libbinder.BackendUnifiedServiceManager: Thread Pool max thread count is 0. Cannot cache binder as linkToDeath cannot be implemented. serviceName: activity
03-21 20:53:32.513  1587  8672 I ImeTracker: system_server:2963bdc: onRequestShow at ORIGIN_SERVER reason CONTROLS_CHANGED fromUser false
03-21 20:53:32.570 28309 28309 W libbinder.BackendUnifiedServiceManager: Thread Pool max thread count is 0. Cannot cache binder as linkToDeath cannot be implemented. serviceName: battery
03-21 20:53:32.742   852  1054 I hwcomposer: [HWC] (0)fire a callback of refresh to SF[4]  
03-21 20:53:32.748   625  2778 W libperfmgr: Failed to write to node: /dev/stune/top-app/schedtune.boost with value: 10, fd: -1
03-21 20:53:32.748   625  2778 W libperfmgr: Failed to write to node: /proc/sys/kernel/sched_boost with value: 0, fd: -1
03-21 20:53:32.753   852   992 I hwcomposer: [HWCDisplay] [Display_0 (type:1)] fps:4.677193,dur:1069.02,max:430.08,min:69.33  
03-21 20:53:32.796   881  2016 I WifiHAL : feature_set=0x8488141a
03-21 20:53:32.797  1587  1927 I HalDevMgr: bestIfaceCreationProposal is null, requestIface=STA, existingIface=[name=wlan0 type=STA]
03-21 20:53:32.824   625  2778 W libperfmgr: Failed to write to node: /dev/stune/top-app/schedtune.boost with value: 10, fd: -1
03-21 20:53:32.824   625  2778 W libperfmgr: Failed to write to node: /proc/sys/kernel/sched_boost with value: 0, fd: -1
03-21 20:53:33.290   852  1054 I hwcomposer: [HWC] (0)fire a callback of refresh to SF[4]  
03-21 20:53:33.305   625  2778 W libperfmgr: Failed to write to node: /dev/stune/top-app/schedtune.boost with value: 10, fd: -1
03-21 20:53:33.305   625  2778 W libperfmgr: Failed to write to node: /proc/sys/kernel/sched_boost with value: 0, fd: -1
03-21 20:53:33.371   625  2778 W libperfmgr: Failed to write to node: /dev/stune/top-app/schedtune.boost with value: 10, fd: -1
03-21 20:53:33.371   625  2778 W libperfmgr: Failed to write to node: /proc/sys/kernel/sched_boost with value: 0, fd: -1
03-21 20:53:33.371  3073  3073 W TooltipLifecycleManager: TooltipLifecycleManager.dismissTooltips():153 Tooltip with id SUGGESTION_VIEW_EDU_MINI_DIALOG not found in tooltipManager.
03-21 20:53:33.377  1587  8672 W PresentationStatsEventLogger: Bad view state for: 1073741825, state: ViewState: [id=1073741856@1112969336, state:c008, currentValue:android.view.autofill.AutofillValue@53ab3b37]
03-21 20:53:33.510   852  1054 I hwcomposer: [HWC] (0)fire a callback of refresh to SF[4]  
03-21 20:53:33.514   625  2778 W libperfmgr: Failed to write to node: /dev/stune/top-app/schedtune.boost with value: 10, fd: -1
03-21 20:53:33.514   625  2778 W libperfmgr: Failed to write to node: /proc/sys/kernel/sched_boost with value: 0, fd: -1
03-21 20:53:33.591   625  2778 W libperfmgr: Failed to write to node: /dev/stune/top-app/schedtune.boost with value: 10, fd: -1
03-21 20:53:33.591   625  2778 W libperfmgr: Failed to write to node: /proc/sys/kernel/sched_boost with value: 0, fd: -1
03-21 20:53:33.805   852   992 I hwcomposer: [HWCDisplay] [Display_0 (type:1)] fps:8.550778,dur:1052.54,max:430.57,min:10.97  
03-21 20:53:33.875  3073  3073 W TooltipLifecycleManager: TooltipLifecycleManager.dismissTooltips():153 Tooltip with id SUGGESTION_VIEW_EDU_MINI_DIALOG not found in tooltipManager.
03-21 20:53:33.878   852  1054 I hwcomposer: [HWC] (0)fire a callback of refresh to SF[4]  
03-21 20:53:33.882  1587  8672 W PresentationStatsEventLogger: Bad view state for: 1073741825, state: ViewState: [id=1073741856@1112969336, state:c008, currentValue:android.view.autofill.AutofillValue@21bc334b]
03-21 20:53:33.892   625  2778 W libperfmgr: Failed to write to node: /dev/stune/top-app/schedtune.boost with value: 10, fd: -1
03-21 20:53:33.892   625  2778 W libperfmgr: Failed to write to node: /proc/sys/kernel/sched_boost with value: 0, fd: -1
03-21 20:53:33.903   625  2778 W libperfmgr: Failed to write to node: /dev/stune/top-app/schedtune.boost with value: 10, fd: -1
03-21 20:53:33.903   625  2778 W libperfmgr: Failed to write to node: /proc/sys/kernel/sched_boost with value: 0, fd: -1
03-21 20:53:34.010   852  1054 I hwcomposer: [HWC] (0)fire a callback of refresh to SF[4]  
03-21 20:53:34.013   625  2778 W libperfmgr: Failed to write to node: /dev/stune/top-app/schedtune.boost with value: 10, fd: -1
03-21 20:53:34.014   625  2778 W libperfmgr: Failed to write to node: /proc/sys/kernel/sched_boost with value: 0, fd: -1
03-21 20:53:34.091   625  2778 W libperfmgr: Failed to write to node: /dev/stune/top-app/schedtune.boost with value: 10, fd: -1
03-21 20:53:34.091   625  2778 W libperfmgr: Failed to write to node: /proc/sys/kernel/sched_boost with value: 0, fd: -1
03-21 20:53:34.466   852  1054 I hwcomposer: [HWC] (0)fire a callback of refresh to SF[4]  
03-21 20:53:34.480   625  2778 W libperfmgr: Failed to write to node: /dev/stune/top-app/schedtune.boost with value: 10, fd: -1
03-21 20:53:34.480   625  2778 W libperfmgr: Failed to write to node: /proc/sys/kernel/sched_boost with value: 0, fd: -1
03-21 20:53:34.547   625  2778 W libperfmgr: Failed to write to node: /dev/stune/top-app/schedtune.boost with value: 10, fd: -1
03-21 20:53:34.547   625  2778 W libperfmgr: Failed to write to node: /proc/sys/kernel/sched_boost with value: 0, fd: -1
03-21 20:53:34.905   852   992 I hwcomposer: [HWCDisplay] [Display_0 (type:1)] fps:8.184259,dur:1099.67,max:418.71,min:9.59  
03-21 20:53:34.966   852  1054 I hwcomposer: [HWC] (0)fire a callback of refresh to SF[4]  
03-21 20:53:34.980   625  2778 W libperfmgr: Failed to write to node: /dev/stune/top-app/schedtune.boost with value: 10, fd: -1
03-21 20:53:34.980   625  2778 W libperfmgr: Failed to write to node: /proc/sys/kernel/sched_boost with value: 0, fd: -1
03-21 20:53:35.047   625  2778 W libperfmgr: Failed to write to node: /dev/stune/top-app/schedtune.boost with value: 10, fd: -1
03-21 20:53:35.047   625  2778 W libperfmgr: Failed to write to node: /proc/sys/kernel/sched_boost with value: 0, fd: -1
03-21 20:53:35.478   852  1054 I hwcomposer: [HWC] (0)fire a callback of refresh to SF[4]  
03-21 20:53:35.491   625  2778 W libperfmgr: Failed to write to node: /dev/stune/top-app/schedtune.boost with value: 10, fd: -1
03-21 20:53:35.491   625  2778 W libperfmgr: Failed to write to node: /proc/sys/kernel/sched_boost with value: 0, fd: -1
03-21 20:53:35.559   625  2778 W libperfmgr: Failed to write to node: /dev/stune/top-app/schedtune.boost with value: 10, fd: -1
03-21 20:53:35.559   625  2778 W libperfmgr: Failed to write to node: /proc/sys/kernel/sched_boost with value: 0, fd: -1
03-21 20:53:35.810   881  2016 I WifiHAL : feature_set=0x8488141a
03-21 20:53:35.811  1587  1927 I HalDevMgr: bestIfaceCreationProposal is null, requestIface=STA, existingIface=[name=wlan0 type=STA]
03-21 20:53:35.916   852   992 I hwcomposer: [HWCDisplay] [Display_0 (type:1)] fps:4.946549,dur:1010.81,max:419.11,min:11.07  
03-21 20:53:35.974   852  1054 I hwcomposer: [HWC] (0)fire a callback of refresh to SF[4]  
03-21 20:53:35.980   625  2778 W libperfmgr: Failed to write to node: /dev/stune/top-app/schedtune.boost with value: 10, fd: -1
03-21 20:53:35.980   625  2778 W libperfmgr: Failed to write to node: /proc/sys/kernel/sched_boost with value: 0, fd: -1
03-21 20:53:36.055   625  2778 W libperfmgr: Failed to write to node: /dev/stune/top-app/schedtune.boost with value: 10, fd: -1
03-21 20:53:36.055   625  2778 W libperfmgr: Failed to write to node: /proc/sys/kernel/sched_boost with value: 0, fd: -1
03-21 20:53:36.170  1587  1910 I ImeTracker: system_server:179724d7: onTimeout at PHASE_WM_GET_CONTROL_WITH_LEASH
03-21 20:53:36.474   852  1054 I hwcomposer: [HWC] (0)fire a callback of refresh to SF[4]  
03-21 20:53:36.479   625  2778 W libperfmgr: Failed to write to node: /dev/stune/top-app/schedtune.boost with value: 10, fd: -1
03-21 20:53:36.480   625  2778 W libperfmgr: Failed to write to node: /proc/sys/kernel/sched_boost with value: 0, fd: -1
03-21 20:53:36.555   625  2778 W libperfmgr: Failed to write to node: /dev/stune/top-app/schedtune.boost with value: 10, fd: -1
03-21 20:53:36.555   625  2778 W libperfmgr: Failed to write to node: /proc/sys/kernel/sched_boost with value: 0, fd: -1
03-21 20:53:36.974   852  1054 I hwcomposer: [HWC] (0)fire a callback of refresh to SF[4]  
03-21 20:53:36.980   625  2778 W libperfmgr: Failed to write to node: /dev/stune/top-app/schedtune.boost with value: 10, fd: -1
03-21 20:53:36.980   625  2778 W libperfmgr: Failed to write to node: /proc/sys/kernel/sched_boost with value: 0, fd: -1
03-21 20:53:36.985   852   992 I hwcomposer: [HWCDisplay] [Display_0 (type:1)] fps:4.675489,dur:1069.41,max:430.25,min:69.56  
03-21 20:53:37.055   625  2778 W libperfmgr: Failed to write to node: /dev/stune/top-app/schedtune.boost with value: 10, fd: -1
03-21 20:53:37.055   625  2778 W libperfmgr: Failed to write to node: /proc/sys/kernel/sched_boost with value: 0, fd: -1
03-21 20:53:37.478   852  1054 I hwcomposer: [HWC] (0)fire a callback of refresh to SF[4]  
03-21 20:53:37.491   625  2778 W libperfmgr: Failed to write to node: /dev/stune/top-app/schedtune.boost with value: 10, fd: -1
03-21 20:53:37.491   625  2778 W libperfmgr: Failed to write to node: /proc/sys/kernel/sched_boost with value: 0, fd: -1
03-21 20:53:37.559   625  2778 W libperfmgr: Failed to write to node: /dev/stune/top-app/schedtune.boost with value: 10, fd: -1
03-21 20:53:37.560   625  2778 W libperfmgr: Failed to write to node: /proc/sys/kernel/sched_boost with value: 0, fd: -1
03-21 20:53:37.852   877   924 E Situation: processEvent, handle:26, flush_action:0
03-21 20:53:37.854   625  2778 W libperfmgr: Failed to write to node: /dev/stune/top-app/schedtune.boost with value: 50, fd: -1
03-21 20:53:37.854   625  2778 W libperfmgr: Failed to write to node: /proc/sys/kernel/sched_boost with value: 2, fd: -1
03-21 20:53:37.855  2437  2437 I RotationButtonController: onRotationProposal(rotation=1)
03-21 20:53:37.876   914   988 E surfaceflinger: == MALI DEBUG ===eglp_winsys_populate_image_templates ==12288
03-21 20:53:37.879   914   988 E surfaceflinger: == MALI DEBUG ===eglp_winsys_populate_image_templates ==12288
03-21 20:53:37.890   914   988 E surfaceflinger: == MALI DEBUG ===eglp_winsys_populate_image_templates ==12288
03-21 20:53:37.901   914   988 E surfaceflinger: == MALI DEBUG ===eglp_winsys_populate_image_templates ==12288
03-21 20:53:37.992   852   992 I hwcomposer: [HWCDisplay] [Display_0 (type:1)] fps:13.896661,dur:1007.44,max:430.11,min:10.94  
03-21 20:53:38.004   625  2778 W libperfmgr: Failed to write to node: /dev/stune/top-app/schedtune.boost with value: 10, fd: -1
03-21 20:53:38.004   625  2778 W libperfmgr: Failed to write to node: /proc/sys/kernel/sched_boost with value: 0, fd: -1
03-21 20:53:38.329   877   924 E Situation: processEvent, handle:26, flush_action:0
03-21 20:53:38.330   625  2778 W libperfmgr: Failed to write to node: /dev/stune/top-app/schedtune.boost with value: 50, fd: -1
03-21 20:53:38.330   625  2778 W libperfmgr: Failed to write to node: /proc/sys/kernel/sched_boost with value: 2, fd: -1
03-21 20:53:38.480   625  2778 W libperfmgr: Failed to write to node: /dev/stune/top-app/schedtune.boost with value: 10, fd: -1
03-21 20:53:38.480   625  2778 W libperfmgr: Failed to write to node: /proc/sys/kernel/sched_boost with value: 0, fd: -1
03-21 20:53:38.486   852  1054 I hwcomposer: [HWC] (0)fire a callback of refresh to SF[4]  
03-21 20:53:38.490   625  2778 W libperfmgr: Failed to write to node: /dev/stune/top-app/schedtune.boost with value: 10, fd: -1
03-21 20:53:38.490   625  2778 W libperfmgr: Failed to write to node: /proc/sys/kernel/sched_boost with value: 0, fd: -1
03-21 20:53:38.567   625  2778 W libperfmgr: Failed to write to node: /dev/stune/top-app/schedtune.boost with value: 10, fd: -1
03-21 20:53:38.567   625  2778 W libperfmgr: Failed to write to node: /proc/sys/kernel/sched_boost with value: 0, fd: -1
03-21 20:53:38.751  1587  8672 I InputDispatcher: Channel [Gesture Monitor] edge-swipe is stealing input gesture for device 4 from [dbf142e com.rnat/com.rnat.MainActivity, [Gesture Monitor] swipe-up]
03-21 20:53:38.752 26664 26664 W unknown:ReactNative: Can't cancel already finished gesture. Is a child View trying to start a gesture from an UP/CANCEL event?
03-21 20:53:38.753 26664 26664 I ImeTracker: com.rnat:aabc0a60: onRequestUser at ORIGIN_CLIENT reason CONTROL_WINDOW_INSETS_ANIMATION fromUser false
03-21 20:53:38.762 26664 26664 I ImeTracker: com.rnat:aabc0a60: onDispatched
03-21 20:53:38.774   914   988 E surfaceflinger: == MALI DEBUG ===eglp_winsys_populate_image_templates ==12288
03-21 20:53:38.778   914   988 E surfaceflinger: == MALI DEBUG ===eglp_winsys_populate_image_templates ==12288
03-21 20:53:38.787 28319 28319 W libbinder.BackendUnifiedServiceManager: Thread Pool max thread count is 0. Cannot cache binder as linkToDeath cannot be implemented. serviceName: deviceidle
03-21 20:53:38.789   914   988 E surfaceflinger: == MALI DEBUG ===eglp_winsys_populate_image_templates ==12288
03-21 20:53:38.800   914   988 E surfaceflinger: == MALI DEBUG ===eglp_winsys_populate_image_templates ==12288
03-21 20:53:38.807 28322 28322 W libbinder.BackendUnifiedServiceManager: Thread Pool max thread count is 0. Cannot cache binder as linkToDeath cannot be implemented. serviceName: battery
03-21 20:53:38.823   881  2016 I WifiHAL : feature_set=0x8488141a
03-21 20:53:38.824  1587  1927 I HalDevMgr: bestIfaceCreationProposal is null, requestIface=STA, existingIface=[name=wlan0 type=STA]
03-21 20:53:38.831 28324 28324 W libbinder.BackendUnifiedServiceManager: Thread Pool max thread count is 0. Cannot cache binder as linkToDeath cannot be implemented. serviceName: deviceidle
03-21 20:53:38.841   625  2778 W libperfmgr: Failed to write to node: /dev/stune/top-app/schedtune.boost with value: 50, fd: -1
03-21 20:53:38.841   625  2778 W libperfmgr: Failed to write to node: /proc/sys/kernel/sched_boost with value: 2, fd: -1
03-21 20:53:38.852 28327 28327 W libbinder.BackendUnifiedServiceManager: Thread Pool max thread count is 0. Cannot cache binder as linkToDeath cannot be implemented. serviceName: activity
03-21 20:53:38.860  1587  7863 I ImeTracker: system_server:25250083: onRequestShow at ORIGIN_SERVER reason CONTROLS_CHANGED fromUser false
03-21 20:53:38.898 28336 28336 W libbinder.BackendUnifiedServiceManager: Thread Pool max thread count is 0. Cannot cache binder as linkToDeath cannot be implemented. serviceName: battery
03-21 20:53:38.951 26664 26664 I ImeTracker: com.rnat:aabc0a60: onUserFinished hidden
03-21 20:53:38.951  1587  7863 I ImeTracker: system_server:b8578349: onRequestHide at ORIGIN_SERVER reason IME_REQUESTED_CHANGED_LISTENER fromUser false
03-21 20:53:38.953  3073  3073 I GoogleInputMethodService: GoogleInputMethodService.onFinishInputView():1602 onFinishInputView(false)
03-21 20:53:38.954  3073  3073 W TooltipLifecycleManager: TooltipLifecycleManager.dismissTooltips():153 Tooltip with id SUGGESTION_VIEW_EDU_MINI_DIALOG not found in tooltipManager.
03-21 20:53:38.954  3073  3073 I GlobeKeyExtension: GlobeKeyExtension.onDeactivate():153 
03-21 20:53:38.954  3073  3073 W TooltipLifecycleManager: TooltipLifecycleManager.dismissTooltips():153 Tooltip with id spell_check_add_to_dictionary not found in tooltipManager.
03-21 20:53:38.954  3073  3073 I VoiceInputManagerWrapper: VoiceInputManagerWrapper.shutdown():131 shutdown()
03-21 20:53:38.954  3073  3073 I KeyboardViewController: KeyboardViewController.clearSubViewControllerInternal():455 Clears keyboard sub view controller for keyboardType: symbol, viewType: HEADER, viewId: 2131432693(#0x7f0b14f5),which has not been set.
03-21 20:53:38.955  3073  3073 I AndroidIME: AbstractIme.onDeactivate():213 PasswordIme.onDeactivate()
03-21 20:53:38.955  3073  3073 I PrimesLoggerHolder: FrameMetricServiceImpl.stopAsFuture():213 Measurement not found: OnConfigurationChanged
03-21 20:53:38.955  3073  3073 W TooltipLifecycleManager: TooltipLifecycleManager.dismissTooltips():153 Tooltip with id undo_access_point_promotion_banner not found in tooltipManager.
03-21 20:53:38.956  3073  3073 I ImeTracker: system_server:b8578349: onHidden
03-21 20:53:38.961   844   878 I netd    : tetherGetStats() -> {[]} <1.45ms>
03-21 20:53:38.962  3073  3073 I KeyboardModeUtils: KeyboardModeUtils.getKeyboardBottomOffset():435 inch: 0.000000 ydpi: 409.127014 adjustKeyboardBottomByDisplaySize: false currentDensityDpi: 420 defaultDensityDpi: 420 keyboardBottomToScreenPx: 0 keyboardBottomToNavBarPx: -126 navBarHeight: 126
03-21 20:53:38.962  3073  3073 I BaseKeyboardSizeHelper: BaseKeyboardSizeHelper.calculateMaxKeyboardBodyHeight():73 leave 281 height for app when ime window height:2181, header height:116 and isFullscreenMode:false, so the max keyboard body height is:1784
03-21 20:53:38.962  3073  3073 I BaseKeyboardSizeHelper: BaseKeyboardSizeHelper.calculateMaxKeyboardBodyHeight():73 leave 281 height for app when ime window height:2181, header height:116 and isFullscreenMode:false, so the max keyboard body height is:1784
03-21 20:53:38.967  1587  1657 I ImeTracker: system_server:df6bb26e: onRequestShow at ORIGIN_SERVER reason CONTROLS_CHANGED fromUser false
03-21 20:53:38.969 26664 26664 I ImeTracker: system_server:df6bb26e: onCancelled at PHASE_CLIENT_ON_CONTROLS_CHANGED
03-21 20:53:39.003   852   992 I hwcomposer: [HWCDisplay] [Display_0 (type:1)] fps:61.334099,dur:1010.86,max:274.09,min:10.99  
03-21 20:53:39.091   625  2778 W libperfmgr: Failed to write to node: /dev/stune/top-app/schedtune.boost with value: 10, fd: -1
03-21 20:53:39.091   625  2778 W libperfmgr: Failed to write to node: /proc/sys/kernel/sched_boost with value: 0, fd: -1
03-21 20:53:39.210   852  1054 I hwcomposer: [HWC] (0)fire a callback of refresh to SF[4]  
03-21 20:53:39.223   625  2778 W libperfmgr: Failed to write to node: /dev/stune/top-app/schedtune.boost with value: 10, fd: -1
03-21 20:53:39.224   625  2778 W libperfmgr: Failed to write to node: /proc/sys/kernel/sched_boost with value: 0, fd: -1
03-21 20:53:39.291   625  2778 W libperfmgr: Failed to write to node: /dev/stune/top-app/schedtune.boost with value: 10, fd: -1
03-21 20:53:39.291   625  2778 W libperfmgr: Failed to write to node: /proc/sys/kernel/sched_boost with value: 0, fd: -1
03-21 20:53:39.460  3073  3073 W TooltipLifecycleManager: TooltipLifecycleManager.dismissTooltips():153 Tooltip with id undo_access_point_promotion_banner not found in tooltipManager.
03-21 20:53:39.470  1587  8672 I ImeTracker: system_server:3df13d98: onRequestHide at ORIGIN_SERVER reason IME_REQUESTED_CHANGED_LISTENER fromUser false
03-21 20:53:39.470  1587  1655 I ImeTracker: system_server:3df13d98: onCancelled at PHASE_SERVER_SHOULD_HIDE
03-21 20:53:39.474   852  1054 I hwcomposer: [HWC] (0)fire a callback of refresh to SF[4]  
03-21 20:53:39.481   625  2778 W libperfmgr: Failed to write to node: /dev/stune/top-app/schedtune.boost with value: 10, fd: -1
03-21 20:53:39.481   625  2778 W libperfmgr: Failed to write to node: /proc/sys/kernel/sched_boost with value: 0, fd: -1
03-21 20:53:39.495   625  2778 W libperfmgr: Failed to write to node: /dev/stune/top-app/schedtune.boost with value: 10, fd: -1
03-21 20:53:39.495   625  2778 W libperfmgr: Failed to write to node: /proc/sys/kernel/sched_boost with value: 0, fd: -1
03-21 20:53:39.566   852  1054 I hwcomposer: [HWC] (0)fire a callback of refresh to SF[4]  
03-21 20:53:39.579   625  2778 W libperfmgr: Failed to write to node: /dev/stune/top-app/schedtune.boost with value: 10, fd: -1
03-21 20:53:39.579   625  2778 W libperfmgr: Failed to write to node: /proc/sys/kernel/sched_boost with value: 0, fd: -1
03-21 20:53:39.590   625  2778 W libperfmgr: Failed to write to node: /dev/stune/top-app/schedtune.boost with value: 10, fd: -1
03-21 20:53:39.590   625  2778 W libperfmgr: Failed to write to node: /proc/sys/kernel/sched_boost with value: 0, fd: -1
03-21 20:53:39.654   852  1054 I hwcomposer: [HWC] (0)fire a callback of refresh to SF[4]  
03-21 20:53:39.667   625  2778 W libperfmgr: Failed to write to node: /dev/stune/top-app/schedtune.boost with value: 10, fd: -1
03-21 20:53:39.667   625  2778 W libperfmgr: Failed to write to node: /proc/sys/kernel/sched_boost with value: 0, fd: -1
03-21 20:53:39.703  1587  8672 W PresentationStatsEventLogger: Bad view state for: 1073741825, state: ViewState: [id=1073741861@1112969336, state:1, currentValue:android.view.autofill.AutofillValue@1]
03-21 20:53:39.715  1587  8672 W PresentationStatsEventLogger: Bad view state for: 1073741825, state: ViewState: [id=1073741862@1112969336, state:1, currentValue:android.view.autofill.AutofillValue@1]
03-21 20:53:39.717  1587  8672 W PresentationStatsEventLogger: Bad view state for: 1073741825, state: ViewState: [id=1073741863@1112969336, state:1, currentValue:android.view.autofill.AutofillValue@1]
03-21 20:53:39.726  1587  8672 W PresentationStatsEventLogger: Bad view state for: 1073741825, state: ViewState: [id=1073741864@1112969336, state:1, currentValue:android.view.autofill.AutofillValue@1]
03-21 20:53:39.730  1587  8672 W PresentationStatsEventLogger: Bad view state for: 1073741825, state: ViewState: [id=1073741865@1112969336, state:1, currentValue:android.view.autofill.AutofillValue@1]
03-21 20:53:39.735   625  2778 W libperfmgr: Failed to write to node: /dev/stune/top-app/schedtune.boost with value: 10, fd: -1
03-21 20:53:39.735   625  2778 W libperfmgr: Failed to write to node: /proc/sys/kernel/sched_boost with value: 0, fd: -1
03-21 20:53:39.737  1587  8672 W PresentationStatsEventLogger: Bad view state for: 1073741825, state: ViewState: [id=1073741866@1112969336, state:1, currentValue:android.view.autofill.AutofillValue@1]
03-21 20:53:39.739  1587  8672 W PresentationStatsEventLogger: Bad view state for: 1073741825, state: ViewState: [id=1073741867@1112969336, state:1, currentValue:android.view.autofill.AutofillValue@1]
03-21 20:53:39.746  1587  8672 W PresentationStatsEventLogger: Bad view state for: 1073741825, state: ViewState: [id=1073741868@1112969336, state:1, currentValue:android.view.autofill.AutofillValue@1]
03-21 20:53:39.761 26664 26753 W unknown:ReactNative: Attempt to set local data for view with unknown tag: -1
03-21 20:53:39.761 26664 26753 W unknown:ReactNative: Attempt to set local data for view with unknown tag: -1
03-21 20:53:39.761 26664 26753 W unknown:ReactNative: Attempt to set local data for view with unknown tag: -1
03-21 20:53:39.772 26664 26753 W unknown:ReactNative: Attempt to set local data for view with unknown tag: -1
03-21 20:53:39.772 26664 26753 W unknown:ReactNative: Attempt to set local data for view with unknown tag: -1
03-21 20:53:39.772 26664 26753 W unknown:ReactNative: Attempt to set local data for view with unknown tag: -1
03-21 20:53:39.772 26664 26753 W unknown:ReactNative: Attempt to set local data for view with unknown tag: -1
03-21 20:53:39.772 26664 26753 W unknown:ReactNative: Attempt to set local data for view with unknown tag: -1
03-21 20:53:39.773 26664 26753 W unknown:ReactNative: Attempt to set local data for view with unknown tag: -1
03-21 20:53:39.773 26664 26753 W unknown:ReactNative: Attempt to set local data for view with unknown tag: -1
03-21 20:53:39.773 26664 26753 W unknown:ReactNative: Attempt to set local data for view with unknown tag: -1
03-21 20:53:39.773 26664 26753 W unknown:ReactNative: Attempt to set local data for view with unknown tag: -1
03-21 20:53:39.781 26664 26664 W [RNScreens]: topInsetEnabled prop is not available on Android
03-21 20:53:39.795 26664 26664 I ImeTracker: com.rnat:ebcf6fa4: onRequestHide at ORIGIN_CLIENT reason HIDE_SOFT_INPUT fromUser false
03-21 20:53:39.796 26664 26664 I ImeTracker: com.rnat:ebcf6fa4: onCancelled at PHASE_CLIENT_ALREADY_HIDDEN
03-21 20:53:39.910   852  1054 I hwcomposer: [HWC] (0)fire a callback of refresh to SF[4]  
03-21 20:53:39.915   625  2778 W libperfmgr: Failed to write to node: /dev/stune/top-app/schedtune.boost with value: 10, fd: -1
03-21 20:53:39.915   625  2778 W libperfmgr: Failed to write to node: /proc/sys/kernel/sched_boost with value: 0, fd: -1
03-21 20:53:39.923   625  2778 W libperfmgr: Failed to write to node: /dev/stune/top-app/schedtune.boost with value: 10, fd: -1
03-21 20:53:39.923   625  2778 W libperfmgr: Failed to write to node: /proc/sys/kernel/sched_boost with value: 0, fd: -1
03-21 20:53:40.014   852   992 I hwcomposer: [HWCDisplay] [Display_0 (type:1)] fps:30.665966,dur:1010.89,max:185.59,min:7.21  
03-21 20:53:40.243 26664 26664 I ImeTracker: com.rnat:5bddfc2b: onRequestHide at ORIGIN_CLIENT reason HIDE_SOFT_INPUT_CLOSE_CURRENT_SESSION fromUser false
03-21 20:53:40.243 26664 26664 I ImeTracker: com.rnat:5bddfc2b: onCancelled at PHASE_CLIENT_ALREADY_HIDDEN
03-21 20:53:40.285  1587  1653 I SaveUi  : Showing save dialog: Save password to Google Password Manager?
03-21 20:53:40.366   914   988 E surfaceflinger: == MALI DEBUG ===eglp_winsys_populate_image_templates ==12288
03-21 20:53:40.372   914   988 E surfaceflinger: == MALI DEBUG ===eglp_winsys_populate_image_templates ==12288
03-21 20:53:40.377   914   988 E surfaceflinger: == MALI DEBUG ===eglp_winsys_populate_image_templates ==12288
03-21 20:53:40.378   625  2778 W libperfmgr: Failed to write to node: /dev/stune/top-app/schedtune.boost with value: 50, fd: -1
03-21 20:53:40.378   625  2778 W libperfmgr: Failed to write to node: /proc/sys/kernel/sched_boost with value: 2, fd: -1
03-21 20:53:40.385   914   988 E surfaceflinger: == MALI DEBUG ===eglp_winsys_populate_image_templates ==12288
03-21 20:53:40.538   625  2778 W libperfmgr: Failed to write to node: /dev/stune/top-app/schedtune.boost with value: 10, fd: -1
03-21 20:53:40.538   625  2778 W libperfmgr: Failed to write to node: /proc/sys/kernel/sched_boost with value: 0, fd: -1
03-21 20:53:40.610   852  1054 I hwcomposer: [HWC] (0)fire a callback of refresh to SF[4]  
03-21 20:53:40.623   625  2778 W libperfmgr: Failed to write to node: /dev/stune/top-app/schedtune.boost with value: 10, fd: -1
03-21 20:53:40.623   625  2778 W libperfmgr: Failed to write to node: /proc/sys/kernel/sched_boost with value: 0, fd: -1
03-21 20:53:40.691   625  2778 W libperfmgr: Failed to write to node: /dev/stune/top-app/schedtune.boost with value: 10, fd: -1
03-21 20:53:40.692   625  2778 W libperfmgr: Failed to write to node: /proc/sys/kernel/sched_boost with value: 0, fd: -1
03-21 20:53:41.192   625  2778 W libperfmgr: Failed to write to node: /dev/stune/top-app/schedtune.boost with value: 10, fd: -1
03-21 20:53:41.192   625  2778 W libperfmgr: Failed to write to node: /proc/sys/kernel/sched_boost with value: 0, fd: -1
03-21 20:53:41.391   852   992 I hwcomposer: [HWCDisplay] [Display_0 (type:1)] fps:34.124771,dur:1377.30,max:762.72,min:11.03  
03-21 20:53:41.693   625  2778 W libperfmgr: Failed to write to node: /dev/stune/top-app/schedtune.boost with value: 10, fd: -1
03-21 20:53:41.693   625  2778 W libperfmgr: Failed to write to node: /proc/sys/kernel/sched_boost with value: 0, fd: -1
03-21 20:53:41.718   852  1054 I hwcomposer: [HWC] (0)fire a callback of refresh to SF[4]  
03-21 20:53:41.723   625  2778 W libperfmgr: Failed to write to node: /dev/stune/top-app/schedtune.boost with value: 10, fd: -1
03-21 20:53:41.723   625  2778 W libperfmgr: Failed to write to node: /proc/sys/kernel/sched_boost with value: 0, fd: -1
03-21 20:53:41.799   625  2778 W libperfmgr: Failed to write to node: /dev/stune/top-app/schedtune.boost with value: 10, fd: -1
03-21 20:53:41.799   625  2778 W libperfmgr: Failed to write to node: /proc/sys/kernel/sched_boost with value: 0, fd: -1
03-21 20:53:41.835   881  2016 I WifiHAL : feature_set=0x8488141a
03-21 20:53:41.836  1587  1927 I HalDevMgr: bestIfaceCreationProposal is null, requestIface=STA, existingIface=[name=wlan0 type=STA]
03-21 20:53:42.221  2237  2237 E SatelliteController: registerForSatelliteModemStateChanged: mSatelliteSessionController is not initialized yet
03-21 20:53:42.235  2237  2237 E SatelliteController: registerForSatelliteModemStateChanged: mSatelliteSessionController is not initialized yet
03-21 20:53:42.242  2237  2378 E SatelliteController: notifyNtnEligibility: mSatellitePhone is null
03-21 20:53:42.242   852  1054 I hwcomposer: [HWC] (0)fire a callback of refresh to SF[4]  
03-21 20:53:42.253  1587  7870 W ContextImpl: Calling a method in the system process without a qualified user: android.app.ContextImpl.sendBroadcastMultiplePermissions:1358 android.content.Context.sendBroadcastMultiplePermissions:2796 com.android.server.TelephonyRegistry.broadcastServiceStateChanged:4172 com.android.server.TelephonyRegistry.notifyServiceStateForPhoneId:1848 com.android.internal.telephony.ITelephonyRegistry$Stub.onTransact:613 
03-21 20:53:42.256   625  2778 W libperfmgr: Failed to write to node: /dev/stune/top-app/schedtune.boost with value: 10, fd: -1
03-21 20:53:42.256   625  2778 W libperfmgr: Failed to write to node: /proc/sys/kernel/sched_boost with value: 0, fd: -1
03-21 20:53:42.256  1587  7870 W ContextImpl: Calling a method in the system process without a qualified user: android.app.ContextImpl.sendBroadcastMultiplePermissions:1391 com.android.server.TelephonyRegistry.broadcastServiceStateChanged:4177 com.android.server.TelephonyRegistry.notifyServiceStateForPhoneId:1848 com.android.internal.telephony.ITelephonyRegistry$Stub.onTransact:613 android.os.Binder.execTransactInternal:1473 
03-21 20:53:42.261  1587  7870 W ContextImpl: Calling a method in the system process without a qualified user: android.app.ContextImpl.sendBroadcastMultiplePermissions:1391 com.android.server.TelephonyRegistry.broadcastServiceStateChanged:4186 com.android.server.TelephonyRegistry.notifyServiceStateForPhoneId:1848 com.android.internal.telephony.ITelephonyRegistry$Stub.onTransact:613 android.os.Binder.execTransactInternal:1473 
03-21 20:53:42.264  1587  7870 W ContextImpl: Calling a method in the system process without a qualified user: android.app.ContextImpl.sendBroadcastMultiplePermissions:1391 com.android.server.TelephonyRegistry.broadcastServiceStateChanged:4192 com.android.server.TelephonyRegistry.notifyServiceStateForPhoneId:1848 com.android.internal.telephony.ITelephonyRegistry$Stub.onTransact:613 android.os.Binder.execTransactInternal:1473 
03-21 20:53:42.273  1587  1680 W libprocessgroup: SetCgroup::ExecuteForProcess: failed to open /dev/stune/background/cgroup.procs: No such file or directory
03-21 20:53:42.273   844   878 I netd    : tetherGetStats() -> {[]} <0.94ms>
03-21 20:53:42.275  2237  2237 I Telephony: TelecomAccountRegistry$TelecomAccountTelephonyCallback: TelecomAccountRegistry: onServiceStateChanged: newState=0, mServiceState=0
03-21 20:53:42.275  2237  2237 W Telephony: registerMmTelCapabilityCallback: registration failed, no ImsService available. Exception: code: 1
03-21 20:53:42.277  2237  2237 I Telephony: isRttCurrentlySupported -- regular acct, hasVoiceAvailability: false
03-21 20:53:42.277  2237  2237 I Telephony:  isRttSupported: false
03-21 20:53:42.277  2237  2237 I Telephony:  alwaysAllowWhileRoaming: false
03-21 20:53:42.277  2237  2237 I Telephony:  isRoaming: false
03-21 20:53:42.277  2237  2237 I Telephony:  isOnWfc: false
03-21 20:53:42.323   625  2778 W libperfmgr: Failed to write to node: /dev/stune/top-app/schedtune.boost with value: 10, fd: -1
03-21 20:53:42.323   625  2778 W libperfmgr: Failed to write to node: /proc/sys/kernel/sched_boost with value: 0, fd: -1
03-21 20:53:42.519  1587  1910 I ImeTracker: system_server:2963bdc: onTimeout at PHASE_WM_GET_CONTROL_WITH_LEASH
03-21 20:53:42.624   852   992 I hwcomposer: [HWCDisplay] [Display_0 (type:1)] fps:41.363117,dur:1232.98,max:361.62,min:11.02  
03-21 20:53:42.628  1587  1587 W FillRequestEventLogger: Shouldn't be logging AutofillFillRequestReported again for same event
03-21 20:53:42.628  1587  1587 W FillResponseEventLogger: Shouldn't be logging AutofillFillRequestReported again for same event
03-21 20:53:42.628  1587  1587 W PresentationStatsEventLogger: Shouldn't be logging AutofillPresentationEventReported again for same event
03-21 20:53:42.640  2458  2458 I HatsManager: Hats not shown - not enabled or fail sample check [CONTEXT service_id=177 ]
03-21 20:53:42.641 26664 26664 W AutofillManager: setSaveUiState(1112969336, false) called on existing session 1112969336; cancelling it
03-21 20:53:42.643   625  2778 W libperfmgr: Failed to write to node: /dev/stune/top-app/schedtune.boost with value: 50, fd: -1
03-21 20:53:42.643   625  2778 W libperfmgr: Failed to write to node: /proc/sys/kernel/sched_boost with value: 2, fd: -1
03-21 20:53:42.646  2458 28350 I HatsManager: Hats not shown - not enabled or fail sample check [CONTEXT service_id=177 ]
03-21 20:53:42.654  1587  3186 W ProcessStats: Tracking association SourceState{fbd0e38 com.google.android.gms.persistent/10300 BFgs #17446} whose proc state 4 is better than process ProcessState{b944812 com.google.android.gms/10300 pkg=com.google.android.gms} proc state 14 (11 skipped)
03-21 20:53:42.662  1587  1910 I ImeTracker: com.rnat:760dcebe: onRequestHide at ORIGIN_SERVER reason HIDE_SAME_WINDOW_FOCUSED_WITHOUT_EDITOR fromUser false
03-21 20:53:42.662 26664 26664 I ImeTracker: com.rnat:760dcebe: onCancelled at PHASE_CLIENT_ALREADY_HIDDEN
03-21 20:53:42.663  3073  3073 I GoogleInputMethodService: GoogleInputMethodService.onFinishInput():2114 
03-21 20:53:42.663  3073  3073 I Module  : DeviceLockedStatusModuleProvider$Module.updateDeviceLockedStatus():103 repeatCheckTimes = 0, locked = false
03-21 20:53:42.664  3073  3073 I GoogleInputMethodService: GoogleInputMethodService.onStartInput():1385 onStartInput(EditorInfo{EditorInfo{packageName=com.rnat, inputType=0, inputTypeString=NULL, enableLearning=false, autoCorrection=false, autoComplete=false, imeOptions=0, privateImeOptions=null, actionName=UNSPECIFIED, actionLabel=null, initialSelStart=-1, initialSelEnd=-1, initialCapsMode=0, label=null, fieldId=0, fieldName=null, extras=null, hintText=null, hintLocales=[]}}, false)
03-21 20:53:42.664  3073  3073 I AndroidIME: LatinIMEBase.updateInputViewCoverNavigation():314 Update input view padding, extendsTouchBelowSpace=true, bottom inset=126
03-21 20:53:42.664  3073  3073 I HardKeyTracker: HardKeyTracker.registerKeySequence():178 Register key sequence oum{labelResId=0, callback=ctk@dbb4b6a, lastModifier=0, keyCodes=[57, 57], actions=[1, 0]}
03-21 20:53:42.664  3073  3073 I HardKeyTracker: HardKeyTracker.registerKeySequence():178 Register key sequence oum{labelResId=0, callback=ctk@7b5985b, lastModifier=0, keyCodes=[58, 58], actions=[1, 0]}
03-21 20:53:42.665  3073  3073 I Module  : DeviceLockedStatusModuleProvider$Module.updateDeviceLockedStatus():103 repeatCheckTimes = 1, locked = false
03-21 20:53:42.665  1587  7870 W PackageConfigPersister: App-specific configuration not found for packageName: com.rnat and userId: 0
03-21 20:53:42.666 23481 23565 I SyncManager: (REDACTED) Executing sync(type=%s%s)
03-21 20:53:42.673 23481 23565 I SyncManager: (REDACTED) Executing sync(type=%s) finished in %s
03-21 20:53:42.682 23481 23565 I SyncManager: Executing syncInBackground [CONTEXT service_id=80 ]
03-21 20:53:42.695  1587  1680 W libprocessgroup: SetCgroup::ExecuteForProcess: failed to open /dev/stune/background/cgroup.procs: No such file or directory
03-21 20:53:42.706 23481 28352 E ActivityThread: Failed to find provider info for subscribedfeeds
03-21 20:53:42.706 23481 28352 E ActivityThread: Failed to find provider info for subscribedfeeds
03-21 20:53:42.706 23481 28352 I SyncAdapter: Executing sync via SyncAdapter. [CONTEXT service_id=80 ]
03-21 20:53:42.706 23481 28352 I SyncManager: (REDACTED) Executing sync(type=%s%s)
03-21 20:53:42.708 23481 28352 I SyncManager: (REDACTED) Syncing data type %s
03-21 20:53:42.737 27982 27986 W .android.gms.ui: userfaultfd: MOVE ioctl seems unsupported: Try again
03-21 20:53:42.747   844 28355 I resolv  : GetAddrInfoHandler::run: {102 786534 102 983142 10300 0}
03-21 20:53:42.748   844 28356 I resolv  : res_nmkquery: (QUERY, IN, A)
03-21 20:53:42.764   844 28356 I resolv  : res_nsend: used send_dg 119 terrno: 0
03-21 20:53:42.764   844 28356 I resolv  : doQuery: rcode=0, ancount=4, return value=119
03-21 20:53:42.804   625  2778 W libperfmgr: Failed to write to node: /dev/stune/top-app/schedtune.boost with value: 10, fd: -1
03-21 20:53:42.804   625  2778 W libperfmgr: Failed to write to node: /proc/sys/kernel/sched_boost with value: 0, fd: -1
03-21 20:53:42.804 23481 24745 W ProviderHelper: Unknown dynamite feature providerinstaller.dynamite
03-21 20:53:42.804 23481 24745 I DynamiteModule: Considering local module com.google.android.gms.providerinstaller.dynamite:1 and remote module com.google.android.gms.providerinstaller.dynamite:0
03-21 20:53:42.804 23481 24745 I DynamiteModule: Selected local version of com.google.android.gms.providerinstaller.dynamite
03-21 20:53:42.817 23481 24745 W Conscrypt: Could not set socket write timeout: java.net.SocketException: Socket closed
03-21 20:53:42.818 23481 24745 W Conscrypt: 	at com.google.android.gms.org.conscrypt.Platform.setSocketWriteTimeout(:com.google.android.gms@261035035@26.10.35 (260400-885717106):204)
03-21 20:53:42.818 23481 24745 W Conscrypt: 	at com.google.android.gms.org.conscrypt.ConscryptFileDescriptorSocket.setSoWriteTimeout(:com.google.android.gms@261035035@26.10.35 (260400-885717106):4)
03-21 20:53:42.874   852  1054 I hwcomposer: [HWC] (0)fire a callback of refresh to SF[4]  
03-21 20:53:42.877   625  2778 W libperfmgr: Failed to write to node: /dev/stune/top-app/schedtune.boost with value: 10, fd: -1
03-21 20:53:42.877   625  2778 W libperfmgr: Failed to write to node: /proc/sys/kernel/sched_boost with value: 0, fd: -1
03-21 20:53:42.898 23481 24745 W Conscrypt: Could not set socket write timeout: java.net.SocketException: Socket closed
03-21 20:53:42.898 23481 24745 W Conscrypt: 	at com.google.android.gms.org.conscrypt.Platform.setSocketWriteTimeout(:com.google.android.gms@261035035@26.10.35 (260400-885717106):204)
03-21 20:53:42.898 23481 24745 W Conscrypt: 	at com.google.android.gms.org.conscrypt.ConscryptFileDescriptorSocket.setSoWriteTimeout(:com.google.android.gms@261035035@26.10.35 (260400-885717106):4)
03-21 20:53:42.955   625  2778 W libperfmgr: Failed to write to node: /dev/stune/top-app/schedtune.boost with value: 10, fd: -1
03-21 20:53:42.955   625  2778 W libperfmgr: Failed to write to node: /proc/sys/kernel/sched_boost with value: 0, fd: -1
03-21 20:53:43.008 23481 25734 W gera    : Primes not initialized, returning default (no-op) Primes instance which will ignore all calls. Please call Primes.initialize(...) before using any Primes API.
03-21 20:53:43.039 23481 25734 W Conscrypt: Could not set socket write timeout: java.net.SocketException: Socket closed
03-21 20:53:43.039 23481 25734 W Conscrypt: 	at com.google.android.gms.org.conscrypt.Platform.setSocketWriteTimeout(:com.google.android.gms@261035035@26.10.35 (260400-885717106):204)
03-21 20:53:43.039 23481 25734 W Conscrypt: 	at com.google.android.gms.org.conscrypt.ConscryptFileDescriptorSocket.setSoWriteTimeout(:com.google.android.gms@261035035@26.10.35 (260400-885717106):4)
03-21 20:53:43.110 23481 25734 W Conscrypt: Could not set socket write timeout: java.net.SocketException: Socket closed
03-21 20:53:43.110 23481 25734 W Conscrypt: 	at com.google.android.gms.org.conscrypt.Platform.setSocketWriteTimeout(:com.google.android.gms@261035035@26.10.35 (260400-885717106):204)
03-21 20:53:43.110 23481 25734 W Conscrypt: 	at com.google.android.gms.org.conscrypt.ConscryptFileDescriptorSocket.setSoWriteTimeout(:com.google.android.gms@261035035@26.10.35 (260400-885717106):4)
03-21 20:53:43.218  1587  7870 W ActivityManager: Unable to start service Intent { act=android.intent.action.MAIN xflg=0x4 pkg=com.google.android.gms (has extras) } U=0: not found
03-21 20:53:43.219  1587  7870 W ActivityManager: Unable to start service Intent { act=android.intent.action.MAIN xflg=0x4 pkg=com.google.android.gms (has extras) } U=0: not found
03-21 20:53:43.223  1587  7870 W ActivityManager: Unable to start service Intent { act=android.intent.action.MAIN xflg=0x4 pkg=com.google.android.gms (has extras) } U=0: not found
03-21 20:53:43.246 23481 28352 I SyncManager: (REDACTED) Executing sync(type=%s) finished in %s
03-21 20:53:43.246 23481 28360 I SyncIntentOperation: (REDACTED) Handling the intent: %s.
